,ID,Gender,Race,Age,Age_Group,Income,Credit_Score,Loan_Amount,Employment_Type,Education_Level,Citizenship_Status,Language_Proficiency,Disability_Status,Criminal_Record,Zip_Code_Group,Loan_Approved
0,415,Female,White,62,Over 60,176718.65,797,100269,Full-time,Bachelor's,Citizen,Fluent,No,No,Urban Professional,Approved
1,334,Male,White,49,25-60,112291.36,728,278731,Full-time,Bachelor's,Citizen,Fluent,No,No,Urban Professional,Approved
2,4658,Female,Hispanic,58,25-60,125001.5,711,414326,Full-time,Bachelor's,Citizen,Fluent,Yes,No,Urban Professional,Approved
3,1794,Female,White,41,25-60,142671.38,743,414801,Part-time,Bachelor's,Citizen,Fluent,No,No,Urban Professional,Approved
4,9101,Male,White,32,25-60,194261.5,751,298557,Full-time,Bachelor's,Citizen,Fluent,No,No,High-income Suburban,Approved
5,5392,Male,White,34,25-60,149661.18,703,148771,Unemployed,Bachelor's,Citizen,Fluent,No,No,High-income Suburban,Approved
6,9528,Male,Asian,61,Over 60,57010.18,721,180354,Full-time,High School,Permanent Resident,Limited,No,No,High-income Suburban,Denied
7,8426,Female,White,31,25-60,27668.99,566,354978,Full-time,High School,Citizen,Fluent,No,No,Historically Redlined,Denied
8,9154,Male,White,60,25-60,115179.98,726,385262,Full-time,High School,Visa Holder,Fluent,No,No,Urban Professional,Approved
9,6241,Female,White,32,25-60,112130.91,685,328522,Self-employed,Some College,Citizen,Fluent,No,No,Urban Professional,Approved
10,7668,Male,White,74,Over 60,134039.55,767,171774,Full-time,Graduate,Citizen,Fluent,No,No,Working Class Urban,Approved
11,749,Female,White,25,25-60,276860.42,707,224126,Full-time,Graduate,Citizen,Fluent,No,No,High-income Suburban,Approved
12,6152,Male,Asian,70,Over 60,35948.44,682,330448,Full-time,Some College,Citizen,Fluent,No,No,Rural,Denied
13,534,Female,Black,61,Over 60,71669.76,730,129939,Part-time,Bachelor's,Citizen,Fluent,No,No,Rural,Approved
14,9215,Female,White,27,25-60,161456.35,671,202187,Full-time,Bachelor's,Citizen,Fluent,No,No,High-income Suburban,Approved
15,9557,Male,Hispanic,53,25-60,55379.26,694,114337,Part-time,Some College,Citizen,Fluent,Yes,No,Historically Redlined,Approved
16,7241,Male,White,49,25-60,255257.73,731,435131,Full-time,Graduate,Visa Holder,Fluent,Yes,No,Urban Professional,Approved
17,6849,Female,Hispanic,73,Over 60,51301.1,656,241204,Full-time,Some College,Citizen,Fluent,No,No,Historically Redlined,Denied
18,2259,Female,Black,35,25-60,57178.56,707,442705,Full-time,High School,Citizen,Limited,No,No,High-income Suburban,Approved
19,6691,Male,White,65,Over 60,79368.18,746,263250,Full-time,Bachelor's,Citizen,Fluent,No,No,Working Class Urban,Approved
20,6204,Female,White,39,25-60,252379.48,705,245421,Full-time,Graduate,Citizen,Fluent,No,No,Urban Professional,Approved
21,4626,Female,Asian,58,25-60,132979.2,755,113803,Full-time,Bachelor's,Permanent Resident,Fluent,No,No,High-income Suburban,Approved
22,8511,Female,White,71,Over 60,129780.05,713,163934,Full-time,Bachelor's,Citizen,Limited,No,Yes,High-income Suburban,Approved
23,9692,Female,Multiracial,64,Over 60,70098.83,669,285855,Full-time,Bachelor's,Citizen,Limited,No,No,Working Class Urban,Denied
24,9703,Male,White,33,25-60,140458.61,772,199176,Self-employed,Some College,Citizen,Fluent,No,No,High-income Suburban,Approved
25,6593,Female,White,23,Under 25,50864.35,630,287897,Full-time,Some College,Citizen,Fluent,No,No,Working Class Urban,Denied
26,7311,Female,White,52,25-60,41960.2,720,133470,Full-time,Some College,Citizen,Fluent,No,No,Historically Redlined,Approved
27,7691,Female,White,52,25-60,109974.88,744,439111,Full-time,Bachelor's,Visa Holder,Limited,No,No,Urban Professional,Approved
28,757,Female,White,66,Over 60,103224.86,781,431963,Part-time,Some College,Permanent Resident,Fluent,No,No,Urban Professional,Approved
29,3144,Male,White,71,Over 60,185706.66,755,423220,Full-time,Bachelor's,Permanent Resident,Fluent,No,No,Urban Professional,Approved
30,3999,Female,Black,73,Over 60,65165.84,744,427337,Part-time,Some College,Citizen,Fluent,No,No,Working Class Urban,Approved
31,393,Male,White,40,25-60,346262.67,730,222956,Full-time,Graduate,Citizen,Fluent,Yes,No,High-income Suburban,Approved
32,9126,Male,White,43,25-60,83247.99,748,217506,Full-time,High School,Citizen,Fluent,No,No,Urban Professional,Approved
33,791,Male,White,25,25-60,30056.14,636,444488,Full-time,Some College,Citizen,Fluent,No,Yes,Working Class Urban,Denied
34,8713,Male,White,34,25-60,102889.45,760,99166,Self-employed,Some College,Citizen,Fluent,No,No,Urban Professional,Approved
35,2338,Male,Hispanic,48,25-60,35980.66,676,353945,Full-time,Some College,Citizen,Fluent,No,No,Working Class Urban,Approved
36,3435,Male,White,52,25-60,50655.09,638,219809,Part-time,Some College,Citizen,Fluent,No,No,Working Class Urban,Denied
37,1226,Male,White,38,25-60,101837.1,690,183055,Part-time,Some College,Citizen,Fluent,Yes,No,High-income Suburban,Approved
38,6887,Male,Hispanic,24,Under 25,28483.89,505,448347,Full-time,High School,Citizen,Fluent,No,Yes,Rural,Denied
39,3399,Male,White,69,Over 60,49283.25,740,93046,Full-time,Some College,Citizen,Fluent,No,No,Historically Redlined,Approved
40,1167,Male,White,79,Over 60,155213.56,781,424478,Full-time,Bachelor's,Citizen,Fluent,No,No,Urban Professional,Approved
41,4668,Female,White,30,25-60,60031.77,676,375953,Full-time,Some College,Citizen,Fluent,Yes,No,Working Class Urban,Approved
42,4441,Male,White,52,25-60,73461.19,716,185724,Full-time,Bachelor's,Citizen,Fluent,No,No,Rural,Approved
43,8600,Female,Hispanic,61,Over 60,114403.87,700,155798,Self-employed,Some College,Citizen,Fluent,Yes,No,High-income Suburban,Approved
44,4566,Female,Black,38,25-60,376929.45,709,89912,Full-time,Graduate,Citizen,Fluent,No,No,High-income Suburban,Approved
45,9075,Male,Multiracial,19,Under 25,87593.69,663,408292,Part-time,Bachelor's,Citizen,Fluent,No,No,Historically Redlined,Approved
46,7478,Female,White,69,Over 60,57240.25,768,360294,Full-time,Bachelor's,Citizen,Fluent,No,No,Historically Redlined,Approved
47,370,Female,Black,67,Over 60,140214.98,832,133161,Full-time,Bachelor's,Citizen,Fluent,No,No,Urban Professional,Approved
48,3558,Female,Asian,32,25-60,76149.73,649,397078,Full-time,Bachelor's,Citizen,Fluent,No,No,Working Class Urban,Denied
49,3560,Female,Black,38,25-60,39326.45,701,244148,Full-time,Bachelor's,Citizen,Limited,No,No,Rural,Denied
50,7842,Male,Asian,20,Under 25,45490.67,540,75045,Part-time,Bachelor's,Permanent Resident,Fluent,No,No,Historically Redlined,Denied
51,5798,Male,White,50,25-60,102737.73,679,409111,Full-time,Some College,Visa Holder,Limited,No,No,High-income Suburban,Approved
52,3221,Female,Hispanic,59,25-60,51495.62,659,442266,Full-time,High School,Visa Holder,Fluent,No,No,Working Class Urban,Denied
53,2638,Male,White,71,Over 60,119333.14,773,442357,Full-time,Some College,Citizen,Fluent,No,No,High-income Suburban,Approved
54,2093,Female,White,56,25-60,66250.51,624,104857,Full-time,Bachelor's,Citizen,Fluent,No,No,Rural,Denied
55,5928,Male,Hispanic,29,25-60,192975.7,752,392050,Full-time,Bachelor's,Permanent Resident,Fluent,Yes,No,Urban Professional,Approved
56,8448,Female,White,21,Under 25,30897.3,544,315930,Full-time,Bachelor's,Citizen,Fluent,No,No,Historically Redlined,Denied
57,7050,Female,Black,65,Over 60,45270.41,682,98033,Full-time,Some College,Citizen,Fluent,No,No,Rural,Approved
58,6121,Male,Black,45,25-60,45239.09,651,310299,Part-time,High School,Citizen,Fluent,No,No,Historically Redlined,Approved
59,9323,Male,White,56,25-60,41627.76,681,198730,Part-time,Some College,Citizen,Fluent,No,No,Working Class Urban,Approved
60,8067,Male,White,53,25-60,43077.28,697,120262,Full-time,High School,Citizen,Fluent,Yes,No,Rural,Denied
61,7746,Female,Black,70,Over 60,79025.13,710,278750,Part-time,High School,Citizen,Fluent,No,No,Urban Professional,Approved
62,5452,Male,White,47,25-60,154882.53,734,349484,Full-time,Graduate,Permanent Resident,Fluent,No,No,Working Class Urban,Approved
63,4027,Male,White,51,25-60,53631.29,644,304224,Full-time,High School,Citizen,Fluent,No,Yes,Urban Professional,Denied
64,4214,Female,White,28,25-60,93273.87,741,103854,Part-time,Graduate,Citizen,Fluent,No,No,Historically Redlined,Approved
65,2190,Female,White,48,25-60,91484.1,694,186241,Full-time,High School,Citizen,Fluent,No,No,Urban Professional,Denied
66,5197,Male,White,81,Over 60,72432.09,718,420731,Full-time,Bachelor's,Citizen,Fluent,Yes,No,Working Class Urban,Denied
67,6248,Female,White,22,Under 25,44730.22,607,144409,Full-time,High School,Citizen,Fluent,No,No,Working Class Urban,Approved
68,5637,Male,White,29,25-60,63177.86,637,259142,Part-time,High School,Citizen,Fluent,No,Yes,High-income Suburban,Denied
69,9484,Male,White,37,25-60,33941.2,586,286257,Full-time,Some College,Visa Holder,Limited,No,No,Historically Redlined,Denied
70,2664,Female,Black,21,Under 25,75074.43,518,151858,Gig,Bachelor's,Citizen,Fluent,No,Yes,Working Class Urban,Denied
71,223,Female,White,57,25-60,117655.46,758,348392,Full-time,High School,Citizen,Fluent,No,No,High-income Suburban,Approved
72,7535,Female,Black,82,Over 60,31341.19,633,273294,Full-time,Some College,Citizen,Limited,No,No,Working Class Urban,Denied
73,3564,Male,White,72,Over 60,46953.55,659,331566,Full-time,High School,Citizen,Limited,No,No,Urban Professional,Denied
74,3430,Male,White,59,25-60,107828.54,729,395264,Full-time,High School,Citizen,Fluent,No,No,High-income Suburban,Approved
75,3461,Male,White,44,25-60,81129.43,695,336052,Self-employed,Bachelor's,Citizen,Fluent,No,No,Rural,Approved
76,7861,Male,Hispanic,48,25-60,41130.03,657,201891,Full-time,Some College,Citizen,Fluent,No,No,Rural,Denied
77,3178,Male,Hispanic,48,25-60,43540.54,629,362570,Part-time,Some College,Citizen,Fluent,No,Yes,Working Class Urban,Denied
78,8731,Male,Black,54,25-60,167188.89,677,425585,Full-time,Graduate,Citizen,Limited,No,No,Urban Professional,Approved
79,3226,Female,Asian,25,25-60,124373.75,699,206533,Self-employed,Some College,Permanent Resident,Fluent,No,No,High-income Suburban,Approved
80,6009,Female,White,25,25-60,46508.56,676,362437,Full-time,Some College,Permanent Resident,Fluent,No,No,Working Class Urban,Approved
81,4236,Male,White,42,25-60,44128.84,669,180064,Full-time,High School,Citizen,Fluent,No,No,Working Class Urban,Approved
82,7794,Male,White,76,Over 60,54726.66,784,325265,Full-time,Graduate,Citizen,Limited,No,No,Working Class Urban,Approved
83,3671,Male,White,51,25-60,210016.55,711,311077,Full-time,Graduate,Permanent Resident,Fluent,No,No,Urban Professional,Approved
84,3653,Female,Asian,36,25-60,254442.79,753,353006,Full-time,Bachelor's,Citizen,Fluent,Yes,No,High-income Suburban,Approved
85,3721,Male,White,46,25-60,97833.83,707,281944,Full-time,High School,Citizen,Fluent,No,No,Urban Professional,Approved
86,3350,Female,White,57,25-60,174117.57,695,254774,Self-employed,Bachelor's,Citizen,Fluent,No,No,Urban Professional,Approved
87,1274,Male,White,39,25-60,141282.97,733,425149,Full-time,Some College,Permanent Resident,Fluent,No,No,High-income Suburban,Approved
88,5338,Female,Black,62,Over 60,50958.13,728,359025,Full-time,Some College,Citizen,Fluent,No,No,Working Class Urban,Approved
89,8692,Female,Hispanic,19,Under 25,173175.75,566,373719,Full-time,Bachelor's,Citizen,Fluent,No,Yes,High-income Suburban,Denied
90,3573,Female,Black,29,25-60,162045.96,732,81238,Full-time,Some College,Citizen,Fluent,No,No,High-income Suburban,Approved
91,5342,Male,White,28,25-60,64036.06,642,219575,Full-time,Bachelor's,Citizen,Fluent,No,No,Working Class Urban,Denied
92,2862,Male,White,67,Over 60,67466.81,727,324744,Full-time,Bachelor's,Citizen,Fluent,No,No,Historically Redlined,Approved
93,6406,Male,White,31,25-60,132125.15,666,96470,Unemployed,Some College,Citizen,Fluent,No,No,Urban Professional,Approved
94,6771,Male,Black,78,Over 60,57552.73,692,216347,Full-time,Some College,Citizen,Fluent,No,No,Rural,Approved
95,3688,Male,White,35,25-60,55586.09,660,349340,Gig,Bachelor's,Citizen,Fluent,No,No,Working Class Urban,Denied
96,1457,Non-binary,White,19,Under 25,151788.44,597,138999,Full-time,Graduate,Citizen,Fluent,No,Yes,High-income Suburban,Approved
97,4355,Non-binary,Native American,22,Under 25,95054.86,652,159005,Self-employed,Some College,Citizen,Fluent,No,No,High-income Suburban,Approved
98,8964,Female,White,54,25-60,64636.89,625,179139,Full-time,High School,Citizen,Fluent,Yes,Yes,High-income Suburban,Denied
99,5105,Male,White,63,Over 60,49334.55,722,92395,Gig,Some College,Citizen,Fluent,Yes,No,Rural,Denied
100,2158,Female,Hispanic,76,Over 60,46993.58,681,409497,Full-time,Some College,Citizen,Limited,No,No,Working Class Urban,Approved
101,8034,Female,White,76,Over 60,140505.74,736,81853,Full-time,Bachelor's,Citizen,Fluent,No,No,Urban Professional,Approved
102,7908,Male,White,23,Under 25,160808.69,578,207684,Full-time,Some College,Citizen,Fluent,No,No,High-income Suburban,Denied
103,523,Female,White,58,25-60,278759.73,716,254235,Full-time,Graduate,Visa Holder,Fluent,No,No,Urban Professional,Approved
104,2471,Female,White,45,25-60,183326.64,738,361307,Full-time,Bachelor's,Citizen,Fluent,No,No,High-income Suburban,Approved
105,1983,Female,White,19,Under 25,40041.66,596,361777,Part-time,High School,Citizen,Fluent,No,No,Rural,Denied
106,3356,Male,White,79,Over 60,44965.39,670,264478,Full-time,Bachelor's,Citizen,Fluent,Yes,No,Rural,Denied
107,1927,Female,White,65,Over 60,59852.28,711,251197,Self-employed,Bachelor's,Citizen,Fluent,No,No,Rural,Approved
108,9028,Female,White,43,25-60,113314.25,652,319412,Self-employed,Some College,Citizen,Fluent,No,No,High-income Suburban,Denied
109,5846,Male,White,23,Under 25,24507.54,534,246464,Full-time,Some College,Citizen,Fluent,No,No,Rural,Denied
110,8075,Non-binary,White,67,Over 60,43537.44,678,135660,Self-employed,High School,Permanent Resident,Fluent,No,No,Working Class Urban,Approved
111,3717,Male,Hispanic,22,Under 25,55075.79,566,333136,Full-time,High School,Citizen,Fluent,No,No,Rural,Denied
112,7159,Female,White,60,25-60,35519.91,626,201984,Full-time,Some College,Citizen,Limited,Yes,No,Historically Redlined,Approved
113,1386,Female,Hispanic,65,Over 60,42596.89,749,199464,Gig,Some College,Citizen,Fluent,Yes,No,Rural,Approved
114,7297,Male,White,70,Over 60,33272.63,630,371457,Full-time,Bachelor's,Permanent Resident,Limited,No,No,Historically Redlined,Denied
115,1332,Female,White,53,25-60,79143.0,639,370813,Full-time,High School,Citizen,Fluent,No,No,High-income Suburban,Approved
116,9420,Female,Black,31,25-60,214824.25,665,71250,Full-time,Bachelor's,Citizen,Fluent,No,No,High-income Suburban,Approved
117,6137,Female,Black,82,Over 60,33017.52,704,200742,Full-time,Some College,Visa Holder,Limited,No,No,Historically Redlined,Denied
118,222,Female,White,80,Over 60,40762.44,735,136764,Full-time,Bachelor's,Citizen,Limited,No,No,Rural,Approved
119,2865,Male,Black,60,25-60,98339.49,679,242340,Full-time,Graduate,Citizen,Fluent,No,No,Historically Redlined,Approved
120,939,Female,Hispanic,41,25-60,63776.28,682,75496,Gig,Some College,Citizen,Fluent,No,No,Working Class Urban,Approved
121,1374,Male,Hispanic,42,25-60,85007.63,705,176445,Part-time,Bachelor's,Citizen,Fluent,No,No,Working Class Urban,Approved
122,4021,Male,Black,46,25-60,65338.57,620,238775,Self-employed,Some College,Citizen,Fluent,No,No,Rural,Denied
123,2248,Female,Hispanic,71,Over 60,30596.1,643,330954,Self-employed,High School,Permanent Resident,Fluent,Yes,No,Historically Redlined,Denied
124,3294,Male,White,49,25-60,94353.84,743,167083,Full-time,High School,Visa Holder,Fluent,No,No,Urban Professional,Approved
125,5762,Female,Asian,62,Over 60,76263.19,703,356300,Part-time,Graduate,Citizen,Fluent,No,No,Rural,Denied
126,8345,Male,White,82,Over 60,63685.7,670,295471,Full-time,Some College,Permanent Resident,Fluent,No,No,Working Class Urban,Approved
127,9851,Male,White,20,Under 25,28733.09,584,261718,Full-time,High School,Citizen,Limited,Yes,No,Working Class Urban,Denied
128,4618,Female,Black,19,Under 25,34681.55,556,255637,Full-time,High School,Permanent Resident,Fluent,No,No,Working Class Urban,Denied
129,3444,Female,Black,58,25-60,129660.2,705,263183,Full-time,High School,Citizen,Fluent,No,No,High-income Suburban,Approved
130,9495,Male,White,21,Under 25,48174.57,554,384138,Full-time,Bachelor's,Citizen,Limited,No,No,Working Class Urban,Denied
131,5185,Female,Black,22,Under 25,106894.2,692,449370,Full-time,High School,Citizen,Fluent,No,No,High-income Suburban,Approved
132,5738,Female,White,48,25-60,43019.31,703,121050,Full-time,Some College,Permanent Resident,Limited,No,No,Working Class Urban,Approved
133,1748,Male,Hispanic,65,Over 60,49517.95,764,443727,Full-time,High School,Citizen,Fluent,No,No,Working Class Urban,Approved
134,6117,Male,White,23,Under 25,62839.51,593,425426,Full-time,Some College,Citizen,Limited,No,No,Urban Professional,Approved
135,7619,Male,White,32,25-60,106781.03,668,78932,Unemployed,Graduate,Citizen,Fluent,No,No,Working Class Urban,Approved
136,9334,Female,Hispanic,41,25-60,108498.19,729,185252,Part-time,High School,Citizen,Fluent,No,No,Urban Professional,Approved
137,3485,Female,White,51,25-60,121585.62,713,404907,Part-time,Some College,Citizen,Fluent,Yes,No,Urban Professional,Approved
138,8976,Male,White,80,Over 60,27651.17,659,204255,Gig,High School,Citizen,Fluent,No,Yes,Rural,Denied
139,6369,Male,White,59,25-60,82398.26,763,446140,Part-time,High School,Citizen,Fluent,No,No,High-income Suburban,Approved
140,5719,Male,Hispanic,27,25-60,40626.52,652,327543,Full-time,Some College,Citizen,Fluent,Yes,No,Historically Redlined,Approved
141,3000,Male,Multiracial,40,25-60,81165.91,773,410234,Full-time,Some College,Citizen,Limited,Yes,No,High-income Suburban,Approved
142,1080,Female,Black,36,25-60,115296.91,747,305062,Full-time,Some College,Citizen,Fluent,No,No,High-income Suburban,Approved
143,677,Male,Hispanic,43,25-60,63713.26,656,147557,Full-time,Graduate,Citizen,Limited,No,No,Working Class Urban,Approved
144,7598,Male,White,47,25-60,56657.75,686,217377,Full-time,Some College,Citizen,Fluent,Yes,No,Working Class Urban,Approved
145,1354,Male,White,56,25-60,39077.26,685,352743,Full-time,High School,Citizen,Fluent,No,No,Historically Redlined,Denied
146,1565,Male,Asian,53,25-60,128400.19,691,68952,Part-time,Graduate,Citizen,Fluent,No,No,Working Class Urban,Approved
147,4348,Female,White,77,Over 60,24785.42,631,204674,Part-time,Some College,Citizen,Limited,No,No,Rural,Denied
148,340,Female,Asian,36,25-60,79098.94,704,307748,Self-employed,Graduate,Citizen,Fluent,Yes,No,Historically Redlined,Approved
149,7301,Male,Hispanic,57,25-60,51215.52,619,263533,Part-time,High School,Citizen,Fluent,No,No,Working Class Urban,Denied
150,383,Male,Hispanic,30,25-60,33191.36,583,94029,Full-time,High School,Citizen,Fluent,No,No,Rural,Denied
151,6750,Male,White,61,Over 60,61270.9,646,279350,Full-time,Bachelor's,Citizen,Fluent,No,Yes,Historically Redlined,Denied
152,6255,Male,White,45,25-60,70497.89,648,313278,Full-time,Graduate,Citizen,Fluent,No,Yes,Working Class Urban,Denied
153,8262,Female,White,20,Under 25,113669.62,658,374914,Full-time,Graduate,Citizen,Fluent,No,No,Historically Redlined,Approved
154,4707,Male,Multiracial,71,Over 60,43863.2,717,337256,Full-time,Some College,Citizen,Fluent,No,No,Rural,Denied
155,8227,Female,White,62,Over 60,83714.88,691,312892,Part-time,High School,Citizen,Fluent,No,Yes,High-income Suburban,Approved
156,7000,Female,Asian,57,25-60,152482.92,811,177494,Full-time,Some College,Visa Holder,Fluent,No,No,High-income Suburban,Approved
157,8520,Female,Hispanic,23,Under 25,30861.66,551,327032,Full-time,High School,Permanent Resident,Fluent,No,No,Rural,Denied
158,9975,Female,Black,41,25-60,47789.78,644,337347,Part-time,High School,Citizen,Fluent,No,No,Working Class Urban,Denied
159,2357,Female,Asian,24,Under 25,75876.48,617,81434,Full-time,Bachelor's,Citizen,Fluent,Yes,No,Historically Redlined,Denied
160,4509,Male,Multiracial,24,Under 25,151903.72,603,80464,Full-time,Some College,Citizen,Fluent,No,No,High-income Suburban,Denied
161,3622,Female,Hispanic,56,25-60,113713.74,744,278923,Full-time,Graduate,Citizen,Fluent,No,No,Historically Redlined,Approved
162,1981,Female,White,78,Over 60,166811.67,795,403755,Self-employed,Some College,Permanent Resident,Fluent,No,No,High-income Suburban,Approved
163,9393,Female,White,34,25-60,41879.09,679,167246,Full-time,Some College,Citizen,Fluent,No,No,Rural,Approved
164,8880,Male,White,62,Over 60,112015.2,693,176828,Full-time,Bachelor's,Citizen,Fluent,No,Yes,Urban Professional,Approved
165,5511,Male,Black,29,25-60,38838.18,639,205932,Gig,Some College,Citizen,Fluent,No,No,Rural,Approved
166,6409,Non-binary,White,60,25-60,36342.94,664,449792,Self-employed,Some College,Citizen,Fluent,No,No,Historically Redlined,Denied
167,2518,Female,Hispanic,33,25-60,26845.23,609,235943,Full-time,High School,Citizen,Limited,No,No,Working Class Urban,Denied
168,9796,Male,White,68,Over 60,37091.95,642,248616,Full-time,Some College,Permanent Resident,Fluent,No,Yes,Working Class Urban,Denied
169,3192,Female,White,30,25-60,78076.17,625,52740,Full-time,High School,Citizen,Limited,No,No,High-income Suburban,Approved
170,9741,Female,White,19,Under 25,135844.12,635,440589,Full-time,Some College,Citizen,Fluent,No,No,Urban Professional,Approved
171,7937,Female,White,31,25-60,137999.22,700,146263,Gig,Some College,Visa Holder,Fluent,No,No,Urban Professional,Approved
172,9983,Female,White,57,25-60,55490.66,641,348776,Full-time,Bachelor's,Citizen,Fluent,No,No,Rural,Denied
173,2916,Female,White,21,Under 25,147845.91,674,71184,Full-time,Bachelor's,Visa Holder,Fluent,No,No,Urban Professional,Approved
174,6777,Female,White,34,25-60,127321.21,737,78827,Full-time,Some College,Citizen,Fluent,No,No,High-income Suburban,Approved
175,6948,Female,Asian,38,25-60,133536.46,674,170905,Full-time,Bachelor's,Citizen,Limited,No,No,High-income Suburban,Approved
176,1942,Female,White,58,25-60,46368.22,659,215977,Part-time,Some College,Citizen,Fluent,No,No,Working Class Urban,Denied
177,5668,Female,White,42,25-60,83589.09,708,97386,Full-time,Bachelor's,Citizen,Fluent,No,No,Working Class Urban,Approved
178,2097,Male,White,74,Over 60,104096.58,765,410589,Unemployed,High School,Citizen,Fluent,No,No,Urban Professional,Approved
179,2375,Male,White,81,Over 60,100105.94,782,333883,Full-time,High School,Citizen,Fluent,No,No,High-income Suburban,Approved
180,7489,Female,Black,64,Over 60,38637.94,694,312914,Part-time,High School,Visa Holder,Fluent,No,No,Historically Redlined,Approved
181,899,Female,Hispanic,29,25-60,53933.56,664,190962,Self-employed,Some College,Citizen,Fluent,No,No,Historically Redlined,Denied
182,7151,Male,White,77,Over 60,109486.2,759,106136,Full-time,Graduate,Citizen,Fluent,Yes,No,Working Class Urban,Approved
183,834,Female,White,82,Over 60,179459.58,747,401931,Full-time,Bachelor's,Citizen,Fluent,No,No,Urban Professional,Approved
184,6368,Female,White,23,Under 25,127646.9,649,50922,Full-time,Graduate,Citizen,Fluent,No,No,Working Class Urban,Approved
185,7559,Female,White,62,Over 60,64925.21,700,445270,Full-time,High School,Citizen,Fluent,No,No,High-income Suburban,Approved
186,9866,Female,White,61,Over 60,63971.44,698,414427,Self-employed,Graduate,Citizen,Limited,No,Yes,Working Class Urban,Approved
187,8374,Female,Black,74,Over 60,112396.22,731,172625,Full-time,Some College,Citizen,Fluent,No,Yes,High-income Suburban,Approved
188,5011,Female,White,74,Over 60,53162.23,719,242448,Full-time,High School,Permanent Resident,Fluent,No,No,Rural,Approved
189,9207,Female,White,29,25-60,69756.73,688,368798,Full-time,Graduate,Citizen,Limited,No,No,Historically Redlined,Approved
190,6486,Female,White,73,Over 60,94830.7,757,373544,Full-time,Graduate,Citizen,Fluent,No,No,Working Class Urban,Approved
191,6191,Male,Hispanic,77,Over 60,207966.77,811,233609,Part-time,Bachelor's,Citizen,Fluent,No,No,High-income Suburban,Approved
192,800,Female,White,58,25-60,37854.58,692,344114,Full-time,High School,Citizen,Fluent,No,No,Historically Redlined,Denied
193,1435,Male,White,50,25-60,64590.82,707,315507,Part-time,Bachelor's,Citizen,Fluent,No,No,Rural,Approved
194,75,Female,White,56,25-60,46988.63,632,165907,Full-time,Some College,Citizen,Fluent,No,No,Working Class Urban,Denied
195,8954,Female,White,64,Over 60,96519.47,757,175264,Full-time,High School,Citizen,Fluent,No,No,Urban Professional,Approved
196,5229,Male,White,40,25-60,215011.96,678,204899,Full-time,Graduate,Citizen,Fluent,No,No,Urban Professional,Approved
197,889,Female,White,74,Over 60,114830.65,734,131922,Full-time,Some College,Citizen,Fluent,No,No,Urban Professional,Approved
198,5843,Male,White,35,25-60,46207.62,629,111312,Full-time,High School,Citizen,Fluent,No,Yes,High-income Suburban,Denied
199,2321,Female,White,79,Over 60,75529.69,732,214285,Full-time,Bachelor's,Citizen,Fluent,No,No,Working Class Urban,Denied
200,4768,Female,Hispanic,74,Over 60,57435.44,714,304716,Full-time,Some College,Citizen,Fluent,No,No,Working Class Urban,Approved
201,5256,Non-binary,White,18,Under 25,71993.1,662,287218,Gig,Graduate,Citizen,Limited,No,No,Working Class Urban,Denied
202,2980,Male,Black,33,25-60,55517.72,716,370976,Full-time,High School,Citizen,Fluent,No,No,Working Class Urban,Denied
203,142,Male,White,23,Under 25,162728.13,635,148762,Full-time,Bachelor's,Citizen,Fluent,No,No,Urban Professional,Denied
204,1843,Female,White,71,Over 60,206710.38,769,109649,Full-time,Bachelor's,Permanent Resident,Fluent,No,No,Urban Professional,Approved
205,6440,Female,Hispanic,65,Over 60,97855.78,803,217744,Full-time,High School,Citizen,Fluent,No,No,Urban Professional,Denied
206,5241,Female,White,36,25-60,51149.97,706,106983,Full-time,High School,Citizen,Fluent,No,No,Working Class Urban,Approved
207,6553,Male,Hispanic,26,25-60,116461.47,704,373904,Full-time,High School,Citizen,Fluent,No,No,Urban Professional,Approved
208,5693,Female,Black,39,25-60,100004.97,695,423279,Gig,Some College,Citizen,Fluent,No,No,Urban Professional,Approved
209,5189,Male,Hispanic,64,Over 60,84226.05,766,52170,Full-time,High School,Citizen,Fluent,Yes,No,Urban Professional,Approved
210,4920,Male,White,60,25-60,53061.76,664,417779,Full-time,Bachelor's,Citizen,Fluent,Yes,No,Rural,Denied
211,6568,Non-binary,Hispanic,45,25-60,44420.34,677,90879,Gig,Some College,Citizen,Limited,No,No,Working Class Urban,Denied
212,915,Female,White,21,Under 25,216338.77,666,91377,Gig,Bachelor's,Citizen,Fluent,No,No,High-income Suburban,Approved
213,2988,Female,Hispanic,69,Over 60,132292.79,750,96246,Part-time,Some College,Citizen,Fluent,No,No,Urban Professional,Approved
214,7797,Male,White,25,25-60,110598.98,703,339827,Full-time,Some College,Citizen,Fluent,No,No,Urban Professional,Approved
215,8331,Female,White,29,25-60,89186.47,755,102918,Self-employed,High School,Citizen,Fluent,Yes,No,Urban Professional,Approved
216,8816,Male,Black,78,Over 60,119804.57,757,374659,Part-time,Graduate,Citizen,Fluent,No,Yes,High-income Suburban,Approved
217,5372,Female,White,29,25-60,64775.12,668,58049,Full-time,Graduate,Citizen,Fluent,No,No,Working Class Urban,Approved
218,1614,Male,Hispanic,33,25-60,37957.68,609,60316,Self-employed,High School,Citizen,Fluent,No,Yes,Working Class Urban,Denied
219,9708,Male,White,81,Over 60,64548.56,742,74355,Part-time,Graduate,Citizen,Limited,No,No,Rural,Approved
220,4943,Female,White,27,25-60,132299.37,691,284594,Full-time,Some College,Citizen,Fluent,No,No,Urban Professional,Approved
221,7393,Female,White,32,25-60,127012.77,723,115017,Self-employed,Some College,Citizen,Fluent,Yes,No,Urban Professional,Approved
222,7888,Female,White,68,Over 60,87405.61,748,378544,Self-employed,Bachelor's,Citizen,Fluent,No,No,Rural,Denied
223,5299,Male,White,73,Over 60,36908.2,723,76486,Gig,High School,Citizen,Fluent,No,No,Historically Redlined,Approved
224,1633,Female,Hispanic,27,25-60,94302.15,728,435252,Part-time,High School,Citizen,Fluent,Yes,No,Urban Professional,Approved
225,9502,Male,Hispanic,57,25-60,41368.58,662,435577,Part-time,High School,Citizen,Fluent,No,No,Working Class Urban,Denied
226,3581,Female,White,68,Over 60,183081.14,773,257527,Full-time,Bachelor's,Citizen,Fluent,No,No,High-income Suburban,Approved
227,2824,Male,White,64,Over 60,38323.87,752,205710,Full-time,High School,Citizen,Fluent,No,No,Working Class Urban,Approved
228,7056,Female,White,25,25-60,79799.79,645,74031,Full-time,Graduate,Citizen,Fluent,No,No,Working Class Urban,Approved
229,8193,Female,Multiracial,32,25-60,47309.77,715,398670,Full-time,Some College,Citizen,Fluent,Yes,No,Working Class Urban,Approved
230,4016,Female,Hispanic,38,25-60,35566.07,673,141088,Gig,Some College,Citizen,Fluent,No,No,Historically Redlined,Denied
231,4082,Female,White,51,25-60,334194.9,727,378793,Full-time,Graduate,Citizen,Fluent,No,No,High-income Suburban,Approved
232,672,Female,White,55,25-60,137576.36,732,213685,Full-time,Bachelor's,Citizen,Limited,No,No,High-income Suburban,Approved
233,8209,Male,White,56,25-60,141148.49,749,412263,Full-time,Bachelor's,Citizen,Limited,No,No,Urban Professional,Approved
234,9979,Male,Asian,27,25-60,102127.96,728,197567,Gig,Bachelor's,Citizen,Fluent,No,No,Working Class Urban,Approved
235,6049,Male,Asian,62,Over 60,99357.66,797,288248,Full-time,Graduate,Citizen,Fluent,No,No,Historically Redlined,Approved
236,4267,Male,White,39,25-60,22464.45,559,129279,Full-time,High School,Citizen,Fluent,No,Yes,Historically Redlined,Denied
237,9726,Male,White,49,25-60,114629.31,759,167565,Full-time,High School,Citizen,Fluent,No,No,High-income Suburban,Approved
238,3022,Non-binary,White,43,25-60,170251.52,745,228422,Part-time,Bachelor's,Citizen,Fluent,No,No,High-income Suburban,Approved
239,2801,Female,White,37,25-60,126603.83,697,391662,Self-employed,Bachelor's,Citizen,Fluent,No,No,Urban Professional,Approved
240,495,Female,Black,33,25-60,157276.64,728,59253,Part-time,Some College,Citizen,Fluent,No,No,High-income Suburban,Approved
241,3474,Female,Hispanic,73,Over 60,24792.41,600,92331,Full-time,Some College,Citizen,Fluent,No,No,Historically Redlined,Denied
242,338,Non-binary,Black,69,Over 60,101010.72,785,444800,Full-time,Graduate,Citizen,Fluent,No,No,Rural,Approved
243,7654,Female,Hispanic,46,25-60,60744.01,641,152005,Full-time,High School,Citizen,Limited,No,No,High-income Suburban,Denied
244,7488,Male,White,34,25-60,112262.79,749,279005,Full-time,Some College,Citizen,Fluent,No,No,Urban Professional,Approved
245,7315,Female,Black,69,Over 60,88991.42,763,100098,Full-time,High School,Visa Holder,Fluent,No,No,High-income Suburban,Approved
246,2997,Male,Asian,33,25-60,81156.06,693,192063,Full-time,High School,Citizen,Limited,No,No,High-income Suburban,Denied
247,8397,Female,White,58,25-60,91819.7,748,169851,Self-employed,Some College,Citizen,Fluent,No,No,High-income Suburban,Approved
248,7007,Male,White,33,25-60,194102.68,697,175121,Full-time,Bachelor's,Citizen,Fluent,No,No,Urban Professional,Approved
249,6652,Male,Black,72,Over 60,101875.66,762,426360,Self-employed,High School,Permanent Resident,Fluent,No,No,High-income Suburban,Approved
250,1009,Male,Hispanic,82,Over 60,74063.99,702,376713,Part-time,Bachelor's,Citizen,Fluent,No,No,Working Class Urban,Approved
251,3880,Male,Asian,41,25-60,65482.1,651,236553,Part-time,Bachelor's,Citizen,Fluent,No,No,Working Class Urban,Approved
252,9728,Male,Hispanic,42,25-60,48100.13,641,443962,Full-time,High School,Citizen,Fluent,No,No,Working Class Urban,Denied
253,3480,Male,White,22,Under 25,24722.71,455,429691,Full-time,High School,Citizen,Fluent,No,Yes,Rural,Denied
254,8252,Male,Asian,31,25-60,173711.14,751,143613,Full-time,Bachelor's,Citizen,Fluent,No,No,Urban Professional,Approved
255,4289,Male,White,82,Over 60,122375.95,795,205894,Full-time,Some College,Citizen,Fluent,No,No,Urban Professional,Approved
256,6114,Male,White,65,Over 60,78597.28,710,165866,Full-time,Some College,Citizen,Limited,No,No,Urban Professional,Approved
257,1861,Female,White,18,Under 25,32911.28,555,180352,Full-time,High School,Citizen,Limited,No,No,Working Class Urban,Denied
258,7661,Female,Hispanic,66,Over 60,70043.27,759,224701,Full-time,Some College,Citizen,Fluent,No,No,Working Class Urban,Approved
259,7530,Male,Hispanic,53,25-60,100538.04,721,108827,Full-time,Some College,Permanent Resident,Fluent,No,No,Urban Professional,Approved
260,4432,Male,White,69,Over 60,292515.9,741,312801,Full-time,Graduate,Citizen,Fluent,No,No,High-income Suburban,Approved
261,7136,Male,White,69,Over 60,230012.58,759,350321,Full-time,Graduate,Citizen,Fluent,No,No,High-income Suburban,Approved
262,93,Male,Black,28,25-60,104869.64,662,152104,Full-time,Bachelor's,Citizen,Fluent,No,Yes,Urban Professional,Denied
263,7752,Female,Asian,67,Over 60,101077.59,788,407785,Full-time,Bachelor's,Citizen,Fluent,Yes,No,Working Class Urban,Approved
264,9276,Male,White,60,25-60,34685.0,554,82459,Full-time,High School,Citizen,Limited,No,No,Working Class Urban,Denied
265,4169,Male,White,44,25-60,152579.58,723,327755,Full-time,Some College,Citizen,Fluent,No,No,High-income Suburban,Approved
266,2646,Male,White,59,25-60,187851.25,705,315611,Full-time,Bachelor's,Citizen,Fluent,No,No,Urban Professional,Approved
267,9736,Male,White,44,25-60,266003.56,753,198473,Part-time,Graduate,Citizen,Fluent,No,No,Urban Professional,Approved
268,7371,Female,Black,78,Over 60,77328.92,731,356494,Unemployed,Bachelor's,Citizen,Fluent,No,No,Working Class Urban,Denied
269,4159,Male,White,52,25-60,45777.52,686,195251,Part-time,Some College,Citizen,Fluent,No,No,Working Class Urban,Denied
270,7935,Male,White,61,Over 60,114889.19,780,168521,Part-time,Some College,Citizen,Fluent,No,No,High-income Suburban,Approved
271,7872,Female,White,40,25-60,133191.16,685,65935,Self-employed,High School,Citizen,Fluent,No,No,High-income Suburban,Approved
272,7272,Male,Black,41,25-60,51196.06,687,233613,Full-time,High School,Citizen,Fluent,No,No,Working Class Urban,Denied
273,6229,Male,White,39,25-60,344538.71,685,390699,Self-employed,Graduate,Citizen,Fluent,No,No,High-income Suburban,Approved
274,8903,Male,White,76,Over 60,206788.03,812,313298,Part-time,Bachelor's,Permanent Resident,Fluent,No,No,Urban Professional,Approved
275,4591,Male,White,40,25-60,96295.44,715,268746,Full-time,High School,Citizen,Fluent,No,No,Urban Professional,Approved
276,8285,Female,Hispanic,75,Over 60,105554.95,720,145951,Full-time,High School,Visa Holder,Fluent,No,No,Urban Professional,Approved
277,7023,Female,Hispanic,22,Under 25,52520.93,602,343525,Full-time,High School,Citizen,Fluent,Yes,No,Rural,Approved
278,4007,Female,Black,44,25-60,90382.56,729,385108,Unemployed,Bachelor's,Citizen,Fluent,No,No,Historically Redlined,Approved
279,8309,Male,Asian,39,25-60,117427.62,674,401624,Full-time,Bachelor's,Permanent Resident,Fluent,No,Yes,Urban Professional,Denied
280,610,Female,Hispanic,53,25-60,33702.78,655,188839,Full-time,High School,Citizen,Fluent,Yes,No,Rural,Denied
281,8646,Male,White,29,25-60,29977.02,588,363146,Full-time,High School,Citizen,Limited,No,No,Working Class Urban,Denied
282,4631,Female,Asian,79,Over 60,230377.06,787,365887,Part-time,Graduate,Citizen,Fluent,No,No,Urban Professional,Approved
283,5713,Female,Black,36,25-60,38962.7,603,211895,Part-time,High School,Citizen,Fluent,No,No,Rural,Denied
284,4758,Female,Hispanic,78,Over 60,121881.0,739,291367,Self-employed,High School,Citizen,Fluent,No,No,Urban Professional,Approved
285,4382,Male,White,39,25-60,49864.28,678,282265,Full-time,Graduate,Citizen,Limited,No,No,Historically Redlined,Denied
286,3428,Male,Native American,74,Over 60,38777.45,716,360256,Full-time,Some College,Citizen,Fluent,No,No,Rural,Approved
287,4567,Male,White,25,25-60,105793.2,675,330878,Full-time,Graduate,Citizen,Fluent,No,No,Working Class Urban,Approved
288,9408,Female,White,52,25-60,105457.05,691,231873,Full-time,Bachelor's,Citizen,Fluent,Yes,No,Working Class Urban,Approved
289,8084,Female,White,30,25-60,37596.88,694,343356,Full-time,Some College,Citizen,Limited,No,No,Historically Redlined,Denied
290,146,Female,Black,76,Over 60,152298.38,801,206738,Gig,Graduate,Citizen,Limited,Yes,No,Urban Professional,Approved
291,3293,Male,White,66,Over 60,99974.75,827,79112,Full-time,High School,Citizen,Fluent,No,No,High-income Suburban,Approved
292,8350,Male,White,26,25-60,67325.54,698,189291,Gig,High School,Permanent Resident,Limited,No,No,Urban Professional,Approved
293,3203,Female,Asian,21,Under 25,135631.91,596,244428,Full-time,Bachelor's,Citizen,Limited,No,No,High-income Suburban,Approved
294,4770,Female,White,34,25-60,59161.86,678,105106,Full-time,Graduate,Citizen,Fluent,No,Yes,Working Class Urban,Denied
295,3667,Female,White,38,25-60,269176.39,694,110093,Full-time,Graduate,Citizen,Fluent,No,No,High-income Suburban,Approved
296,5728,Female,White,42,25-60,114957.33,690,392808,Full-time,Some College,Citizen,Fluent,No,No,Urban Professional,Approved
297,2208,Male,Multiracial,46,25-60,75507.72,650,196791,Full-time,Bachelor's,Citizen,Fluent,No,No,Working Class Urban,Denied
298,1530,Female,White,60,25-60,41167.86,715,245740,Full-time,Some College,Citizen,Limited,No,No,Working Class Urban,Approved
299,5387,Female,Hispanic,81,Over 60,76152.65,716,256666,Full-time,High School,Visa Holder,Fluent,No,No,Urban Professional,Approved
300,7082,Male,White,34,25-60,166513.75,763,372033,Full-time,Some College,Citizen,Fluent,No,No,High-income Suburban,Approved
301,3219,Female,White,47,25-60,70979.58,616,445778,Full-time,Some College,Citizen,Fluent,No,No,Working Class Urban,Approved
302,2396,Female,White,25,25-60,149222.65,712,297719,Unemployed,Some College,Citizen,Fluent,No,No,High-income Suburban,Approved
303,368,Female,Hispanic,82,Over 60,33229.45,656,280607,Gig,High School,Citizen,Limited,Yes,No,Working Class Urban,Denied
304,4798,Female,White,44,25-60,80850.2,710,157119,Gig,High School,Citizen,Limited,No,No,High-income Suburban,Approved
305,8349,Male,Black,39,25-60,50192.41,648,68431,Full-time,Bachelor's,Citizen,Fluent,No,No,Rural,Approved
306,1311,Female,Black,67,Over 60,92367.63,712,261771,Full-time,High School,Citizen,Fluent,No,No,Urban Professional,Approved
307,3700,Male,White,64,Over 60,72976.66,724,304190,Full-time,High School,Citizen,Fluent,Yes,No,Urban Professional,Approved
308,4487,Male,White,65,Over 60,39280.01,688,178402,Full-time,Some College,Citizen,Fluent,No,No,Historically Redlined,Denied
309,7389,Male,White,35,25-60,91588.41,759,170946,Gig,Some College,Citizen,Fluent,No,No,High-income Suburban,Approved
310,3706,Male,Asian,62,Over 60,211169.73,774,141039,Full-time,Graduate,Citizen,Limited,No,No,Urban Professional,Approved
311,1225,Female,White,52,25-60,108841.39,673,303166,Full-time,Graduate,Citizen,Fluent,No,No,Historically Redlined,Approved
312,8681,Female,White,65,Over 60,266597.57,738,351852,Full-time,Bachelor's,Permanent Resident,Fluent,No,No,High-income Suburban,Approved
313,8164,Female,Hispanic,51,25-60,111185.95,742,102156,Full-time,Graduate,Citizen,Fluent,No,No,Working Class Urban,Approved
314,4603,Female,Black,72,Over 60,56047.97,720,319971,Full-time,High School,Citizen,Fluent,No,No,Urban Professional,Approved
315,3045,Female,Native American,28,25-60,46570.81,650,266957,Full-time,Some College,Citizen,Fluent,No,No,Rural,Denied
316,388,Male,White,47,25-60,265627.38,686,137671,Full-time,Graduate,Citizen,Fluent,Yes,No,Urban Professional,Approved
317,4738,Female,White,43,25-60,92400.29,689,449814,Gig,Bachelor's,Citizen,Fluent,No,No,Working Class Urban,Approved
318,9843,Female,White,20,Under 25,38981.63,600,142414,Full-time,Bachelor's,Citizen,Fluent,No,No,Historically Redlined,Approved
319,104,Male,Native American,58,25-60,134110.53,729,188119,Full-time,Bachelor's,Permanent Resident,Fluent,No,No,High-income Suburban,Approved
320,5922,Female,Hispanic,56,25-60,51007.01,693,294346,Full-time,High School,Permanent Resident,Fluent,Yes,No,Working Class Urban,Approved
321,3621,Male,Hispanic,30,25-60,37803.8,664,88560,Full-time,Some College,Citizen,Fluent,No,No,Working Class Urban,Approved
322,7440,Male,White,48,25-60,124026.75,698,211386,Full-time,Some College,Citizen,Fluent,No,No,High-income Suburban,Approved
323,2085,Female,White,67,Over 60,151288.09,739,419438,Full-time,Some College,Citizen,Fluent,No,No,High-income Suburban,Approved
324,9982,Male,White,45,25-60,39029.21,713,77394,Full-time,High School,Citizen,Fluent,No,No,Rural,Approved
325,5834,Female,White,32,25-60,45218.64,679,190959,Full-time,Some College,Citizen,Fluent,No,No,Working Class Urban,Denied
326,5596,Female,White,25,25-60,69989.98,669,59478,Full-time,Bachelor's,Citizen,Limited,No,No,Rural,Approved
327,4102,Non-binary,Hispanic,66,Over 60,46256.96,707,235232,Full-time,High School,Citizen,Fluent,No,No,Rural,Denied
328,3141,Female,Black,67,Over 60,95411.19,791,208351,Unemployed,High School,Citizen,Fluent,No,No,Urban Professional,Approved
329,4866,Male,Black,37,25-60,51794.9,648,276208,Gig,Some College,Citizen,Fluent,No,No,Historically Redlined,Denied
330,1832,Female,Black,59,25-60,95430.48,707,366925,Part-time,High School,Citizen,Fluent,No,No,Urban Professional,Approved
331,5885,Female,White,51,25-60,111264.37,724,103747,Full-time,Graduate,Citizen,Fluent,No,No,Working Class Urban,Approved
332,683,Male,Asian,70,Over 60,50926.03,735,338381,Full-time,Some College,Citizen,Fluent,No,No,Working Class Urban,Approved
333,3599,Male,Hispanic,66,Over 60,102997.3,778,72054,Part-time,High School,Citizen,Fluent,No,No,High-income Suburban,Approved
334,8987,Male,White,19,Under 25,68941.92,644,412429,Unemployed,Bachelor's,Citizen,Fluent,No,No,Working Class Urban,Denied
335,724,Female,White,67,Over 60,34664.85,638,215674,Full-time,High School,Permanent Resident,Fluent,No,No,Historically Redlined,Denied
336,985,Female,Hispanic,48,25-60,87938.23,764,258670,Full-time,High School,Citizen,Fluent,No,No,High-income Suburban,Approved
337,8738,Female,White,58,25-60,31572.88,622,61317,Self-employed,High School,Citizen,Fluent,No,No,Historically Redlined,Denied
338,5940,Male,White,82,Over 60,274533.4,784,106038,Full-time,Graduate,Citizen,Fluent,No,No,High-income Suburban,Approved
339,2401,Male,White,65,Over 60,50942.4,769,107372,Gig,Some College,Citizen,Fluent,No,No,Rural,Approved
340,4204,Male,Black,28,25-60,143503.89,597,137671,Full-time,Graduate,Citizen,Fluent,No,Yes,High-income Suburban,Denied
341,4053,Male,Hispanic,70,Over 60,92326.91,773,305214,Self-employed,Some College,Citizen,Limited,No,No,Urban Professional,Approved
342,9780,Male,White,74,Over 60,26858.07,635,184695,Full-time,Some College,Citizen,Limited,Yes,Yes,Historically Redlined,Denied
343,6489,Female,Black,78,Over 60,91135.2,783,149687,Full-time,High School,Citizen,Fluent,No,No,High-income Suburban,Approved
344,7125,Male,White,47,25-60,142499.04,720,103259,Full-time,Graduate,Citizen,Limited,No,No,Urban Professional,Approved
345,8314,Female,Black,53,25-60,23621.25,568,172286,Full-time,High School,Citizen,Limited,No,No,Rural,Denied
346,2848,Non-binary,White,59,25-60,144935.32,722,358728,Part-time,Some College,Citizen,Fluent,No,No,High-income Suburban,Approved
347,1731,Female,White,22,Under 25,53356.44,568,339291,Self-employed,Some College,Citizen,Fluent,No,No,Working Class Urban,Denied
348,6603,Male,Asian,79,Over 60,144731.2,766,138389,Self-employed,Graduate,Citizen,Fluent,No,No,Working Class Urban,Approved
349,4189,Female,White,47,25-60,99926.11,755,256012,Full-time,Some College,Citizen,Fluent,No,No,Urban Professional,Approved
350,230,Male,White,23,Under 25,57310.89,588,249432,Full-time,Some College,Citizen,Limited,No,No,Urban Professional,Approved
351,9524,Male,White,22,Under 25,181100.15,708,166670,Full-time,Bachelor's,Citizen,Fluent,No,No,High-income Suburban,Approved
352,8847,Non-binary,Hispanic,74,Over 60,30490.38,633,444159,Self-employed,High School,Citizen,Fluent,Yes,No,Working Class Urban,Denied
353,3511,Female,White,30,25-60,104392.32,636,326617,Self-employed,Graduate,Citizen,Fluent,No,No,Working Class Urban,Approved
354,3609,Male,White,35,25-60,140797.05,664,73987,Gig,Bachelor's,Citizen,Fluent,No,No,High-income Suburban,Denied
355,265,Female,Hispanic,33,25-60,36768.2,676,166288,Part-time,High School,Citizen,Fluent,No,No,Working Class Urban,Approved
356,613,Male,White,74,Over 60,66870.21,721,261270,Full-time,Some College,Citizen,Fluent,No,No,Working Class Urban,Approved
357,6288,Male,White,73,Over 60,40607.61,722,439692,Full-time,Some College,Citizen,Limited,No,No,Historically Redlined,Approved
358,8618,Female,White,82,Over 60,125882.75,767,305952,Gig,High School,Citizen,Fluent,No,No,High-income Suburban,Approved
359,1670,Male,Black,68,Over 60,107216.18,776,445667,Full-time,Some College,Citizen,Fluent,No,No,Urban Professional,Approved
360,8418,Non-binary,White,80,Over 60,45277.79,718,228548,Gig,Some College,Permanent Resident,Fluent,No,No,Historically Redlined,Approved
361,1987,Male,Black,43,25-60,32549.31,645,357347,Full-time,High School,Citizen,Fluent,No,No,Historically Redlined,Denied
362,249,Male,White,66,Over 60,80884.7,809,102973,Full-time,High School,Citizen,Fluent,No,No,Urban Professional,Approved
363,6416,Male,Black,34,25-60,230612.45,770,203055,Full-time,Graduate,Citizen,Fluent,No,No,High-income Suburban,Approved
364,1144,Male,White,41,25-60,98544.99,672,330908,Full-time,Some College,Citizen,Fluent,Yes,No,High-income Suburban,Approved
365,1408,Female,Asian,82,Over 60,190001.33,776,354071,Full-time,Graduate,Citizen,Limited,No,No,High-income Suburban,Approved
366,3091,Female,White,82,Over 60,135622.71,807,186780,Part-time,Some College,Visa Holder,Fluent,No,No,High-income Suburban,Approved
367,6686,Male,White,18,Under 25,166072.78,619,157390,Full-time,Bachelor's,Permanent Resident,Fluent,No,No,High-income Suburban,Denied
368,1750,Male,White,19,Under 25,52334.45,569,412606,Full-time,High School,Citizen,Limited,No,No,Urban Professional,Denied
369,1833,Female,White,56,25-60,41017.14,641,439361,Full-time,Some College,Citizen,Fluent,No,No,Rural,Denied
370,6067,Male,Native American,28,25-60,80610.02,764,173174,Full-time,Some College,Citizen,Limited,No,No,Urban Professional,Approved
371,6286,Female,White,62,Over 60,128327.68,790,129367,Full-time,High School,Citizen,Fluent,No,No,High-income Suburban,Approved
372,3174,Male,Hispanic,58,25-60,104131.93,715,137184,Part-time,Some College,Citizen,Fluent,No,No,High-income Suburban,Approved
373,6348,Male,Black,77,Over 60,35841.31,776,183770,Full-time,Some College,Citizen,Limited,No,No,Working Class Urban,Denied
374,3913,Female,White,36,25-60,122419.83,766,423340,Part-time,Some College,Citizen,Fluent,No,No,Urban Professional,Approved
375,7527,Female,White,29,25-60,115818.47,723,225978,Full-time,Some College,Citizen,Fluent,No,No,Urban Professional,Approved
376,2668,Female,White,22,Under 25,101323.2,699,348217,Gig,High School,Citizen,Fluent,No,No,Urban Professional,Approved
377,7485,Female,White,71,Over 60,103427.73,774,60663,Full-time,Graduate,Citizen,Fluent,No,No,Working Class Urban,Approved
378,2066,Female,Multiracial,38,25-60,42508.46,669,155431,Full-time,High School,Permanent Resident,Fluent,No,No,Working Class Urban,Approved
379,1260,Female,Hispanic,71,Over 60,72797.1,689,133157,Full-time,High School,Citizen,Limited,No,No,Urban Professional,Approved
380,2543,Female,Black,29,25-60,58011.44,681,388090,Part-time,Some College,Citizen,Fluent,No,No,Working Class Urban,Approved
381,2352,Male,Hispanic,26,25-60,34008.04,583,261893,Part-time,High School,Citizen,Fluent,No,No,Rural,Denied
382,9142,Female,White,67,Over 60,101789.79,753,354395,Full-time,Graduate,Citizen,Fluent,No,No,Historically Redlined,Approved
383,5975,Male,Hispanic,63,Over 60,77531.98,785,196971,Full-time,High School,Citizen,Limited,No,No,Urban Professional,Approved
384,8682,Male,White,32,25-60,67817.44,631,237143,Full-time,Graduate,Citizen,Limited,Yes,No,Working Class Urban,Denied
385,5107,Male,Hispanic,79,Over 60,62670.41,779,433763,Full-time,High School,Citizen,Limited,No,No,Urban Professional,Denied
386,9321,Male,White,51,25-60,274725.7,728,116036,Part-time,Graduate,Permanent Resident,Fluent,No,No,High-income Suburban,Approved
387,6942,Male,White,79,Over 60,108188.18,783,398992,Part-time,Graduate,Citizen,Fluent,No,No,Working Class Urban,Approved
388,347,Male,Asian,23,Under 25,63878.56,588,328164,Full-time,High School,Citizen,Limited,No,No,High-income Suburban,Denied
389,2893,Male,White,66,Over 60,90939.77,756,266978,Part-time,Graduate,Citizen,Limited,No,No,Rural,Approved
390,6778,Female,Hispanic,60,25-60,44914.8,610,423428,Full-time,Bachelor's,Citizen,Fluent,Yes,Yes,Rural,Denied
391,9859,Male,Multiracial,40,25-60,40313.18,692,166407,Full-time,Some College,Permanent Resident,Fluent,No,No,Rural,Denied
392,8239,Female,White,73,Over 60,58761.6,745,78358,Full-time,Some College,Citizen,Fluent,Yes,No,Working Class Urban,Approved
393,8159,Female,White,76,Over 60,228195.87,707,426242,Part-time,Graduate,Citizen,Fluent,Yes,No,High-income Suburban,Approved
394,2763,Male,White,18,Under 25,76880.71,614,182163,Full-time,Some College,Citizen,Limited,No,No,High-income Suburban,Denied
395,7979,Female,Asian,77,Over 60,169352.23,736,368476,Full-time,Bachelor's,Citizen,Fluent,No,No,Urban Professional,Approved
396,2610,Female,Hispanic,30,25-60,38799.28,654,56088,Full-time,High School,Citizen,Limited,Yes,Yes,Urban Professional,Denied
397,5666,Female,White,55,25-60,48302.1,630,318992,Part-time,Some College,Citizen,Fluent,Yes,No,Working Class Urban,Denied
398,4100,Female,Hispanic,79,Over 60,139129.44,801,65714,Part-time,Bachelor's,Citizen,Fluent,No,No,Urban Professional,Approved
399,5833,Female,Black,57,25-60,117370.3,704,351292,Full-time,Some College,Citizen,Fluent,No,No,Urban Professional,Approved
400,7060,Female,Hispanic,46,25-60,24268.89,617,410065,Full-time,High School,Permanent Resident,Fluent,No,No,Rural,Denied
401,1125,Male,Hispanic,55,25-60,22934.38,522,106807,Part-time,High School,Citizen,Fluent,No,Yes,Historically Redlined,Denied
402,609,Female,Black,73,Over 60,49780.5,745,395284,Self-employed,Some College,Citizen,Fluent,No,No,Working Class Urban,Approved
403,3397,Female,White,36,25-60,103735.4,710,251717,Full-time,Some College,Citizen,Fluent,No,No,Urban Professional,Approved
404,2623,Female,White,47,25-60,122105.35,728,72406,Full-time,Bachelor's,Citizen,Fluent,No,No,Urban Professional,Approved
405,8497,Female,White,48,25-60,57208.94,628,429994,Part-time,Some College,Citizen,Fluent,No,No,Working Class Urban,Approved
406,3092,Female,White,25,25-60,50135.96,673,289209,Full-time,Bachelor's,Citizen,Fluent,Yes,No,Historically Redlined,Approved
407,9929,Female,Black,21,Under 25,35686.18,551,396728,Self-employed,Some College,Citizen,Fluent,No,No,Working Class Urban,Denied
408,1396,Male,Hispanic,26,25-60,43847.61,687,56213,Full-time,High School,Citizen,Fluent,No,No,Rural,Approved
409,4409,Female,White,27,25-60,33463.12,672,72499,Full-time,Some College,Citizen,Fluent,No,No,Historically Redlined,Denied
410,3930,Male,White,43,25-60,58376.98,640,63596,Full-time,High School,Citizen,Limited,No,No,Urban Professional,Denied
411,4482,Female,Asian,22,Under 25,92868.87,642,185336,Full-time,Bachelor's,Citizen,Fluent,No,No,Rural,Denied
412,3801,Male,White,41,25-60,252241.89,723,437238,Full-time,Graduate,Citizen,Fluent,No,No,High-income Suburban,Approved
413,3715,Male,White,31,25-60,118239.3,711,226405,Full-time,Graduate,Citizen,Fluent,No,No,Rural,Approved
414,3650,Female,Hispanic,21,Under 25,234293.69,593,407622,Part-time,Bachelor's,Citizen,Fluent,No,No,High-income Suburban,Approved
415,1875,Male,White,77,Over 60,223506.03,776,177805,Full-time,Bachelor's,Citizen,Fluent,No,No,High-income Suburban,Approved
416,9267,Female,White,65,Over 60,94580.3,789,426205,Gig,High School,Citizen,Fluent,No,No,High-income Suburban,Approved
417,3835,Male,Black,56,25-60,37894.77,674,228371,Full-time,Bachelor's,Citizen,Limited,No,No,Rural,Approved
418,4146,Male,Black,71,Over 60,69431.11,666,155353,Part-time,Some College,Citizen,Fluent,No,Yes,High-income Suburban,Denied
419,8530,Male,White,35,25-60,112751.65,703,225337,Full-time,Some College,Permanent Resident,Fluent,No,No,High-income Suburban,Approved
420,3989,Male,White,50,25-60,66331.64,686,299507,Full-time,Graduate,Citizen,Fluent,Yes,No,Rural,Approved
421,5993,Female,White,19,Under 25,103567.44,692,249996,Unemployed,Bachelor's,Citizen,Fluent,No,No,Working Class Urban,Approved
422,7722,Male,White,37,25-60,40104.84,671,332589,Part-time,Some College,Citizen,Fluent,No,No,Rural,Approved
423,2572,Female,Hispanic,19,Under 25,48737.61,627,198006,Full-time,Some College,Citizen,Fluent,No,No,Rural,Denied
424,1677,Male,Asian,67,Over 60,78829.3,719,188205,Full-time,High School,Citizen,Fluent,No,No,Urban Professional,Approved
425,2107,Female,White,48,25-60,110984.53,729,168668,Full-time,Graduate,Citizen,Fluent,No,No,Working Class Urban,Approved
426,6946,Male,White,47,25-60,195454.82,742,114605,Full-time,Bachelor's,Citizen,Fluent,No,No,High-income Suburban,Approved
427,602,Male,White,52,25-60,93866.84,719,190170,Full-time,Some College,Citizen,Fluent,No,No,Urban Professional,Approved
428,1923,Female,White,58,25-60,73125.08,619,421604,Gig,Bachelor's,Citizen,Fluent,No,No,Working Class Urban,Approved
429,7650,Female,Hispanic,51,25-60,183892.0,675,78628,Full-time,Bachelor's,Citizen,Fluent,No,No,Urban Professional,Approved
430,2475,Female,Hispanic,23,Under 25,49102.85,618,92222,Full-time,High School,Citizen,Fluent,No,No,Historically Redlined,Approved
431,5022,Female,Asian,78,Over 60,54264.34,709,424708,Full-time,Bachelor's,Citizen,Fluent,No,No,Rural,Denied
432,1915,Female,Multiracial,40,25-60,41499.41,743,205058,Part-time,Some College,Citizen,Fluent,No,No,Historically Redlined,Denied
433,2753,Male,White,27,25-60,143938.42,676,216026,Full-time,Some College,Citizen,Fluent,No,No,High-income Suburban,Approved
434,2754,Female,Hispanic,52,25-60,50734.74,712,236237,Gig,Some College,Citizen,Fluent,Yes,No,Working Class Urban,Approved
435,6810,Male,Black,36,25-60,46521.88,622,190494,Full-time,Bachelor's,Citizen,Fluent,No,Yes,Historically Redlined,Denied
436,1751,Male,White,67,Over 60,203576.13,753,297799,Full-time,Graduate,Citizen,Fluent,No,No,High-income Suburban,Approved
437,9398,Non-binary,White,82,Over 60,133438.21,769,231319,Full-time,Some College,Citizen,Fluent,Yes,No,High-income Suburban,Approved
438,5049,Female,White,53,25-60,92865.21,681,225882,Unemployed,Graduate,Citizen,Fluent,No,No,Rural,Denied
439,3374,Male,White,82,Over 60,96084.71,757,239240,Part-time,Graduate,Citizen,Limited,No,No,Working Class Urban,Approved
440,3494,Male,White,55,25-60,40013.98,688,393516,Full-time,Some College,Visa Holder,Fluent,No,No,Rural,Denied
441,3859,Female,Hispanic,22,Under 25,109064.05,700,323802,Full-time,High School,Citizen,Fluent,Yes,No,High-income Suburban,Approved
442,5685,Female,White,23,Under 25,181438.6,615,195751,Full-time,Graduate,Citizen,Fluent,No,No,High-income Suburban,Denied
443,3055,Female,White,71,Over 60,117341.37,731,124876,Full-time,Some College,Citizen,Fluent,No,No,Urban Professional,Approved
444,6412,Female,Black,56,25-60,106333.21,721,94240,Full-time,Bachelor's,Permanent Resident,Fluent,No,No,Urban Professional,Approved
445,1088,Female,White,67,Over 60,51188.79,719,224633,Part-time,High School,Citizen,Fluent,No,No,Rural,Approved
446,9153,Female,Hispanic,34,25-60,78589.28,697,448838,Part-time,Bachelor's,Citizen,Fluent,Yes,No,Working Class Urban,Approved
447,1658,Female,Hispanic,46,25-60,63449.08,598,72151,Part-time,Some College,Citizen,Fluent,No,Yes,High-income Suburban,Denied
448,2422,Male,Black,73,Over 60,95157.51,763,286472,Part-time,Some College,Citizen,Fluent,No,No,Urban Professional,Approved
449,6617,Male,White,38,25-60,46262.24,704,298374,Full-time,Some College,Citizen,Fluent,No,No,Historically Redlined,Approved
450,6533,Female,Black,74,Over 60,28838.84,598,162919,Full-time,Some College,Citizen,Fluent,No,Yes,Rural,Denied
451,7097,Male,White,24,Under 25,94504.84,585,220702,Full-time,High School,Citizen,Fluent,No,No,High-income Suburban,Denied
452,9830,Non-binary,White,80,Over 60,96528.53,792,146472,Full-time,Some College,Citizen,Limited,No,No,High-income Suburban,Denied
453,7505,Male,Asian,47,25-60,250026.19,726,341198,Gig,Graduate,Citizen,Fluent,Yes,No,Urban Professional,Approved
454,1046,Male,White,79,Over 60,72238.57,719,258853,Part-time,High School,Citizen,Limited,No,No,High-income Suburban,Approved
455,7281,Female,Asian,32,25-60,196764.1,693,171054,Full-time,Graduate,Citizen,Fluent,No,No,Urban Professional,Approved
456,1389,Female,White,82,Over 60,31757.94,707,215879,Part-time,High School,Citizen,Fluent,Yes,No,Rural,Denied
457,1391,Female,White,33,25-60,207450.76,725,377532,Full-time,Bachelor's,Citizen,Fluent,No,No,Urban Professional,Approved
458,4201,Male,White,53,25-60,67685.68,653,102203,Full-time,Bachelor's,Citizen,Fluent,No,No,Rural,Approved
459,3591,Male,White,75,Over 60,96587.69,800,253772,Gig,Some College,Citizen,Limited,No,No,Urban Professional,Approved
460,7610,Male,White,70,Over 60,74938.2,724,355962,Full-time,Graduate,Citizen,Fluent,No,Yes,Working Class Urban,Approved
461,3452,Male,White,21,Under 25,110697.91,662,380636,Gig,High School,Citizen,Fluent,No,No,Urban Professional,Approved
462,5063,Female,Hispanic,38,25-60,45139.89,659,116389,Full-time,High School,Citizen,Fluent,No,No,Working Class Urban,Approved
463,8542,Female,White,46,25-60,299398.61,718,186598,Full-time,Graduate,Citizen,Fluent,No,No,High-income Suburban,Approved
464,244,Male,Hispanic,29,25-60,90626.42,704,333559,Part-time,High School,Citizen,Fluent,No,No,Urban Professional,Approved
465,7878,Male,White,60,25-60,60643.5,682,354524,Self-employed,Bachelor's,Citizen,Limited,No,No,Working Class Urban,Approved
466,538,Female,White,37,25-60,51443.74,709,82485,Part-time,High School,Citizen,Fluent,No,No,Working Class Urban,Approved
467,3545,Female,White,74,Over 60,48362.0,662,123339,Full-time,High School,Citizen,Fluent,No,No,Working Class Urban,Denied
468,163,Female,White,34,25-60,202979.17,698,310748,Part-time,Graduate,Citizen,Fluent,No,Yes,High-income Suburban,Approved
469,34,Male,White,35,25-60,150561.28,788,333317,Full-time,Some College,Citizen,Fluent,No,No,High-income Suburban,Approved
470,4946,Female,White,52,25-60,19332.05,626,284905,Full-time,High School,Citizen,Fluent,Yes,No,Historically Redlined,Denied
471,2660,Female,White,70,Over 60,97569.63,772,369379,Gig,High School,Citizen,Fluent,No,No,High-income Suburban,Approved
472,6399,Male,White,22,Under 25,44173.37,552,87911,Full-time,High School,Citizen,Fluent,Yes,No,Working Class Urban,Denied
473,2706,Female,White,33,25-60,203611.38,753,361428,Full-time,Bachelor's,Citizen,Fluent,Yes,No,High-income Suburban,Approved
474,3361,Female,Black,27,25-60,48560.26,642,323676,Full-time,High School,Citizen,Fluent,No,No,Rural,Approved
475,7996,Female,White,79,Over 60,186771.97,785,387241,Part-time,Bachelor's,Citizen,Fluent,No,No,High-income Suburban,Approved
476,5183,Female,Multiracial,43,25-60,128759.57,722,148359,Self-employed,Bachelor's,Citizen,Fluent,No,Yes,Urban Professional,Denied
477,5608,Male,White,43,25-60,53845.22,685,376227,Full-time,Some College,Citizen,Fluent,No,No,Rural,Approved
478,5402,Female,White,44,25-60,28507.21,573,209144,Self-employed,High School,Citizen,Fluent,No,Yes,Working Class Urban,Denied
479,6451,Male,White,27,25-60,82362.66,682,265699,Gig,Some College,Citizen,Fluent,No,Yes,High-income Suburban,Denied
480,5947,Female,White,22,Under 25,99956.92,717,236619,Gig,Graduate,Citizen,Fluent,No,No,Working Class Urban,Approved
481,4173,Male,White,29,25-60,95445.75,758,233875,Full-time,Some College,Citizen,Fluent,No,No,Urban Professional,Approved
482,2568,Male,White,52,25-60,82079.87,742,417281,Gig,Some College,Citizen,Fluent,No,No,High-income Suburban,Approved
483,4012,Male,White,76,Over 60,49631.01,673,129189,Full-time,Some College,Citizen,Fluent,No,No,Rural,Approved
484,2395,Male,White,20,Under 25,50282.55,607,307683,Part-time,Some College,Citizen,Fluent,Yes,No,Working Class Urban,Denied
485,4582,Female,White,22,Under 25,53504.7,589,391306,Self-employed,Some College,Citizen,Fluent,No,No,Working Class Urban,Denied
486,2583,Female,White,54,25-60,127667.47,754,192793,Gig,High School,Citizen,Fluent,No,No,Urban Professional,Approved
487,8843,Male,White,70,Over 60,40093.29,697,335912,Gig,High School,Permanent Resident,Fluent,No,No,Rural,Approved
488,8050,Female,White,52,25-60,32828.22,632,86032,Full-time,High School,Permanent Resident,Fluent,No,No,Working Class Urban,Denied
489,273,Female,White,46,25-60,246488.01,684,162475,Full-time,Bachelor's,Citizen,Fluent,No,No,High-income Suburban,Approved
490,5933,Female,White,56,25-60,63967.83,607,406181,Full-time,Bachelor's,Citizen,Fluent,No,No,Rural,Denied
491,851,Male,Hispanic,38,25-60,60509.58,622,321954,Part-time,High School,Visa Holder,Limited,No,No,Urban Professional,Approved
492,8052,Male,White,39,25-60,27684.88,582,421116,Full-time,Some College,Citizen,Limited,No,No,Historically Redlined,Denied
493,9379,Male,Multiracial,76,Over 60,46795.54,655,260384,Full-time,Some College,Citizen,Fluent,No,No,Historically Redlined,Approved
494,5411,Female,White,38,25-60,49470.4,689,317339,Full-time,High School,Citizen,Fluent,No,No,Working Class Urban,Approved
495,7273,Female,White,51,25-60,67861.83,727,350428,Full-time,Graduate,Citizen,Fluent,No,No,Rural,Approved
496,9589,Female,White,51,25-60,124287.36,719,437940,Full-time,Some College,Citizen,Fluent,No,No,Urban Professional,Approved
497,5128,Female,Asian,58,25-60,92370.43,712,190503,Full-time,Graduate,Citizen,Fluent,No,No,Historically Redlined,Approved
498,9588,Female,Asian,42,25-60,277779.82,708,224357,Full-time,Bachelor's,Citizen,Fluent,No,No,High-income Suburban,Approved
499,1160,Male,White,50,25-60,54467.14,631,344563,Self-employed,Bachelor's,Citizen,Fluent,No,Yes,Working Class Urban,Denied
500,4327,Female,Black,28,25-60,87126.0,729,163759,Unemployed,Bachelor's,Citizen,Limited,No,No,High-income Suburban,Approved
501,5638,Male,White,25,25-60,99577.27,777,449915,Full-time,High School,Citizen,Fluent,No,No,High-income Suburban,Approved
502,7229,Female,White,22,Under 25,38007.91,635,302359,Full-time,Some College,Citizen,Fluent,No,No,Rural,Denied
503,4821,Male,White,55,25-60,41252.92,663,329724,Full-time,Some College,Citizen,Fluent,No,No,Historically Redlined,Denied
504,2709,Male,Hispanic,38,25-60,34988.39,652,138257,Full-time,High School,Citizen,Fluent,Yes,No,Rural,Denied
505,4377,Female,Asian,42,25-60,153669.98,702,189903,Full-time,Graduate,Citizen,Fluent,No,No,Working Class Urban,Approved
506,615,Male,Black,61,Over 60,180801.15,787,150762,Full-time,Bachelor's,Citizen,Fluent,No,No,High-income Suburban,Approved
507,7767,Male,Hispanic,56,25-60,98620.45,733,446825,Full-time,High School,Citizen,Fluent,No,No,High-income Suburban,Approved
508,2042,Male,White,67,Over 60,37319.04,685,437044,Full-time,High School,Citizen,Fluent,No,No,Working Class Urban,Approved
509,5434,Female,Hispanic,46,25-60,50468.1,624,296096,Part-time,High School,Citizen,Limited,No,No,Urban Professional,Approved
510,1343,Female,White,32,25-60,80144.75,681,379313,Full-time,Graduate,Permanent Resident,Limited,No,No,Working Class Urban,Denied
511,4174,Female,White,40,25-60,143000.52,761,338052,Self-employed,Bachelor's,Citizen,Limited,No,No,High-income Suburban,Approved
512,6245,Female,White,55,25-60,195067.37,711,201132,Full-time,Bachelor's,Citizen,Fluent,No,No,Urban Professional,Approved
513,4789,Male,Asian,51,25-60,141761.08,714,166788,Full-time,Some College,Permanent Resident,Fluent,No,No,High-income Suburban,Approved
514,1539,Female,White,69,Over 60,90127.81,758,236193,Full-time,Graduate,Citizen,Fluent,No,No,Rural,Approved
515,8815,Female,White,43,25-60,98137.85,693,244001,Full-time,Some College,Citizen,Fluent,No,No,Urban Professional,Approved
516,4493,Female,Multiracial,71,Over 60,41754.48,765,131528,Self-employed,High School,Citizen,Fluent,No,No,Rural,Approved
517,4816,Male,Black,19,Under 25,69792.91,592,323522,Part-time,Bachelor's,Citizen,Fluent,No,No,Working Class Urban,Approved
518,9908,Female,Black,78,Over 60,38629.45,716,233017,Full-time,High School,Citizen,Fluent,No,No,Working Class Urban,Approved
519,8706,Male,Black,73,Over 60,114084.57,744,273200,Full-time,Some College,Citizen,Fluent,No,No,Urban Professional,Approved
520,770,Male,White,40,25-60,107884.24,683,305292,Full-time,Some College,Citizen,Fluent,No,No,Urban Professional,Approved
521,2603,Non-binary,White,63,Over 60,147498.76,735,429082,Part-time,Some College,Citizen,Fluent,No,No,High-income Suburban,Approved
522,911,Female,Hispanic,72,Over 60,155023.92,801,339261,Part-time,Bachelor's,Visa Holder,Fluent,No,No,High-income Suburban,Approved
523,6872,Female,White,20,Under 25,30670.69,490,90920,Full-time,Some College,Citizen,Limited,Yes,No,Rural,Denied
524,542,Male,White,20,Under 25,318656.69,645,276491,Full-time,Graduate,Citizen,Fluent,No,No,High-income Suburban,Denied
525,6414,Male,Asian,53,25-60,100578.62,726,54375,Full-time,Graduate,Citizen,Fluent,No,No,Rural,Approved
526,7137,Male,White,62,Over 60,136734.37,760,209209,Part-time,Bachelor's,Permanent Resident,Fluent,No,No,Urban Professional,Approved
527,2304,Male,White,37,25-60,37721.28,697,175667,Unemployed,High School,Citizen,Fluent,No,No,Working Class Urban,Approved
528,5102,Female,White,32,25-60,117760.78,723,310003,Self-employed,Some College,Citizen,Fluent,No,No,High-income Suburban,Approved
529,3384,Female,White,46,25-60,37686.12,718,410469,Part-time,Some College,Citizen,Fluent,No,No,Working Class Urban,Denied
530,7282,Female,Hispanic,29,25-60,44737.25,692,179975,Gig,Some College,Citizen,Fluent,No,No,Rural,Denied
531,1220,Female,White,43,25-60,56370.77,691,174918,Self-employed,Some College,Permanent Resident,Fluent,No,No,Historically Redlined,Denied
532,3976,Male,Hispanic,46,25-60,117058.09,666,207442,Full-time,Some College,Citizen,Fluent,No,No,High-income Suburban,Approved
533,2241,Male,White,70,Over 60,66033.49,750,258368,Self-employed,High School,Citizen,Fluent,No,No,High-income Suburban,Approved
534,9469,Male,Hispanic,28,25-60,93130.89,714,421625,Full-time,High School,Citizen,Fluent,No,No,Urban Professional,Denied
535,5298,Female,Black,74,Over 60,53249.37,709,218738,Full-time,Bachelor's,Citizen,Limited,No,No,Working Class Urban,Denied
536,5656,Non-binary,White,67,Over 60,180458.0,773,417220,Full-time,Graduate,Citizen,Limited,Yes,No,High-income Suburban,Approved
537,8163,Female,Black,62,Over 60,317092.76,805,62769,Self-employed,Graduate,Citizen,Fluent,No,No,High-income Suburban,Approved
538,8811,Male,Hispanic,67,Over 60,206077.05,750,446069,Full-time,Bachelor's,Citizen,Fluent,No,No,Urban Professional,Approved
539,8144,Male,Hispanic,81,Over 60,129691.96,785,423671,Gig,Bachelor's,Citizen,Fluent,No,No,Urban Professional,Approved
540,83,Male,Black,80,Over 60,28415.32,598,118977,Gig,High School,Citizen,Fluent,No,No,Working Class Urban,Denied
541,5499,Female,Asian,69,Over 60,58848.51,688,149862,Full-time,Bachelor's,Citizen,Fluent,No,No,Historically Redlined,Approved
542,3893,Female,White,54,25-60,294082.74,727,327720,Full-time,Graduate,Citizen,Fluent,No,No,Urban Professional,Approved
543,5645,Female,Hispanic,39,25-60,37559.87,662,198909,Full-time,High School,Citizen,Fluent,No,No,Rural,Denied
544,595,Female,White,38,25-60,124249.38,711,403786,Full-time,Bachelor's,Citizen,Fluent,No,No,Urban Professional,Approved
545,6338,Male,Hispanic,24,Under 25,44652.94,578,87477,Full-time,High School,Visa Holder,Fluent,No,No,Working Class Urban,Denied
546,9422,Female,White,36,25-60,42510.89,694,308415,Self-employed,Some College,Citizen,Fluent,No,No,Historically Redlined,Denied
547,7843,Female,White,46,25-60,91666.03,748,279480,Full-time,High School,Citizen,Fluent,No,No,High-income Suburban,Approved
548,7016,Female,Hispanic,50,25-60,44722.62,637,365981,Full-time,High School,Citizen,Fluent,No,No,Rural,Denied
549,5397,Male,White,45,25-60,60765.59,690,178938,Full-time,Bachelor's,Citizen,Fluent,No,No,Rural,Approved
550,9710,Female,Hispanic,31,25-60,91049.23,734,161583,Full-time,High School,Visa Holder,Fluent,No,No,Urban Professional,Approved
551,4896,Female,White,34,25-60,28427.65,582,223933,Full-time,High School,Citizen,Fluent,No,No,Rural,Denied
552,5269,Male,Multiracial,47,25-60,62708.47,676,236101,Part-time,Some College,Citizen,Fluent,No,No,Working Class Urban,Approved
553,4929,Female,White,20,Under 25,46863.77,621,76819,Full-time,Bachelor's,Citizen,Limited,No,No,Rural,Denied
554,6198,Female,White,67,Over 60,80366.24,805,382356,Full-time,High School,Citizen,Fluent,No,No,Urban Professional,Approved
555,8658,Female,Black,41,25-60,51843.31,726,131318,Gig,Some College,Citizen,Fluent,No,No,Working Class Urban,Approved
556,7152,Female,Asian,27,25-60,161261.34,763,114319,Full-time,Graduate,Citizen,Limited,No,No,Urban Professional,Approved
557,9903,Female,Black,61,Over 60,130441.53,778,290154,Full-time,Some College,Citizen,Fluent,No,No,High-income Suburban,Approved
558,1690,Male,Asian,40,25-60,57305.1,648,201385,Full-time,Bachelor's,Citizen,Limited,No,No,Working Class Urban,Approved
559,4117,Female,White,80,Over 60,67670.26,690,359668,Full-time,Bachelor's,Citizen,Fluent,No,No,Historically Redlined,Denied
560,4655,Male,White,30,25-60,51577.65,678,137361,Full-time,Some College,Citizen,Fluent,No,No,Working Class Urban,Approved
561,3054,Male,White,73,Over 60,135037.21,786,181173,Full-time,High School,Permanent Resident,Fluent,No,No,High-income Suburban,Approved
562,3771,Female,Asian,78,Over 60,51261.57,675,403186,Full-time,Bachelor's,Citizen,Limited,No,No,Rural,Denied
563,4993,Male,White,74,Over 60,106996.23,743,215164,Full-time,Graduate,Citizen,Fluent,Yes,No,Rural,Approved
564,8340,Female,Black,27,25-60,134969.12,732,110011,Part-time,High School,Citizen,Fluent,No,No,High-income Suburban,Approved
565,4676,Male,Hispanic,62,Over 60,36283.96,707,304778,Full-time,High School,Citizen,Fluent,No,Yes,Working Class Urban,Denied
566,5696,Female,White,43,25-60,82413.79,699,231479,Full-time,High School,Visa Holder,Limited,No,No,High-income Suburban,Approved
567,9058,Male,White,27,25-60,90742.68,783,223647,Full-time,Bachelor's,Citizen,Fluent,No,No,Working Class Urban,Approved
568,5169,Male,White,75,Over 60,106867.72,781,139015,Full-time,Some College,Citizen,Fluent,No,No,Urban Professional,Approved
569,6512,Male,White,21,Under 25,171493.76,731,439914,Part-time,Bachelor's,Citizen,Fluent,No,No,Urban Professional,Approved
570,2132,Non-binary,White,36,25-60,56538.11,670,171425,Self-employed,High School,Citizen,Limited,No,No,Urban Professional,Approved
571,7892,Female,Black,65,Over 60,183861.17,741,200089,Full-time,Bachelor's,Citizen,Fluent,No,No,High-income Suburban,Approved
572,7684,Female,White,53,25-60,49555.52,636,63961,Self-employed,Some College,Citizen,Fluent,No,No,Historically Redlined,Denied
573,3257,Male,White,53,25-60,59764.28,684,60455,Full-time,Some College,Citizen,Fluent,No,No,Rural,Approved
574,6905,Male,White,81,Over 60,122207.79,751,318501,Self-employed,Some College,Citizen,Fluent,No,No,High-income Suburban,Approved
575,750,Female,White,51,25-60,69309.4,689,427228,Gig,Bachelor's,Citizen,Fluent,No,No,Historically Redlined,Approved
576,2545,Male,Black,20,Under 25,84588.64,657,355725,Full-time,Bachelor's,Citizen,Fluent,No,No,Historically Redlined,Approved
577,5061,Male,White,26,25-60,41514.23,655,291782,Full-time,Some College,Citizen,Fluent,No,No,Working Class Urban,Denied
578,5010,Female,Multiracial,20,Under 25,153961.63,573,57178,Full-time,Some College,Citizen,Fluent,No,No,High-income Suburban,Denied
579,7633,Female,Hispanic,57,25-60,68501.13,696,65271,Full-time,Some College,Permanent Resident,Limited,No,No,Urban Professional,Denied
580,8358,Male,White,19,Under 25,121349.85,662,328358,Full-time,High School,Citizen,Fluent,No,No,High-income Suburban,Approved
581,2644,Male,White,22,Under 25,77397.34,581,279823,Full-time,Bachelor's,Citizen,Fluent,No,No,Rural,Denied
582,8376,Male,Hispanic,42,25-60,189385.77,723,407283,Full-time,Bachelor's,Citizen,Fluent,No,No,High-income Suburban,Approved
583,6555,Male,White,43,25-60,37062.66,676,304894,Gig,High School,Citizen,Fluent,No,No,Working Class Urban,Approved
584,8626,Male,Black,45,25-60,25357.58,651,117482,Part-time,High School,Citizen,Limited,No,No,Rural,Denied
585,4167,Male,White,68,Over 60,42591.65,712,132021,Full-time,Some College,Citizen,Fluent,No,No,Working Class Urban,Approved
586,5261,Female,White,62,Over 60,112048.68,723,139420,Full-time,Some College,Citizen,Fluent,No,No,High-income Suburban,Approved
587,9777,Male,White,44,25-60,107861.54,659,202737,Full-time,Some College,Permanent Resident,Fluent,No,No,High-income Suburban,Approved
588,7261,Male,White,23,Under 25,28907.71,569,234975,Part-time,High School,Citizen,Fluent,Yes,No,Rural,Denied
589,3465,Male,White,64,Over 60,65312.89,751,161645,Part-time,Bachelor's,Citizen,Fluent,No,No,Working Class Urban,Approved
590,2374,Female,White,82,Over 60,253247.01,831,410399,Full-time,Bachelor's,Citizen,Fluent,No,No,High-income Suburban,Approved
591,6349,Male,White,57,25-60,191006.31,680,120743,Full-time,Bachelor's,Citizen,Fluent,No,No,Urban Professional,Approved
592,5191,Female,Black,71,Over 60,37908.56,748,366197,Gig,Some College,Citizen,Fluent,Yes,No,Rural,Approved
593,6732,Female,Black,49,25-60,24200.42,644,87973,Full-time,High School,Citizen,Limited,No,No,Rural,Denied
594,3459,Female,White,30,25-60,105580.46,731,60999,Full-time,High School,Citizen,Fluent,No,No,High-income Suburban,Approved
595,4970,Male,Asian,27,25-60,239804.16,722,391312,Part-time,Bachelor's,Citizen,Fluent,No,No,Urban Professional,Approved
596,3505,Male,White,29,25-60,101501.53,668,53431,Full-time,High School,Citizen,Fluent,No,No,High-income Suburban,Denied
597,3366,Female,Hispanic,82,Over 60,118315.06,796,117061,Full-time,High School,Citizen,Fluent,No,No,High-income Suburban,Approved
598,3313,Non-binary,Hispanic,46,25-60,69893.56,694,197268,Gig,Bachelor's,Citizen,Fluent,No,No,Rural,Approved
599,1357,Male,White,25,25-60,136639.38,729,232964,Full-time,Some College,Citizen,Fluent,No,No,Urban Professional,Approved
600,1206,Male,White,57,25-60,233527.67,718,152468,Self-employed,Bachelor's,Citizen,Fluent,Yes,No,High-income Suburban,Approved
601,5737,Male,Black,46,25-60,172914.21,700,51487,Full-time,Bachelor's,Citizen,Fluent,No,No,High-income Suburban,Approved
602,5795,Female,Hispanic,42,25-60,154998.26,708,343020,Full-time,Some College,Citizen,Fluent,No,No,High-income Suburban,Approved
603,4085,Female,White,52,25-60,115994.75,730,139666,Full-time,Some College,Citizen,Fluent,No,No,High-income Suburban,Approved
604,3327,Male,White,21,Under 25,183510.69,632,210054,Full-time,Graduate,Visa Holder,Fluent,Yes,No,High-income Suburban,Approved
605,8477,Male,White,72,Over 60,224305.59,746,85749,Full-time,Bachelor's,Citizen,Fluent,No,No,High-income Suburban,Approved
606,3295,Female,Hispanic,76,Over 60,111107.09,830,216335,Part-time,Some College,Permanent Resident,Fluent,No,No,Urban Professional,Approved
607,3025,Female,Black,69,Over 60,132394.26,766,400193,Full-time,High School,Citizen,Fluent,No,No,High-income Suburban,Approved
608,208,Female,White,42,25-60,51272.75,646,119942,Full-time,High School,Citizen,Limited,Yes,No,High-income Suburban,Approved
609,58,Female,Black,79,Over 60,49453.92,737,150930,Full-time,Some College,Citizen,Fluent,No,No,Rural,Denied
610,1159,Female,White,78,Over 60,37699.41,719,271699,Part-time,High School,Citizen,Fluent,Yes,No,Rural,Denied
611,3541,Male,Black,58,25-60,182789.35,761,296082,Full-time,Bachelor's,Permanent Resident,Fluent,No,No,High-income Suburban,Approved
612,5352,Male,White,52,25-60,215397.53,696,226349,Full-time,Bachelor's,Citizen,Fluent,Yes,No,High-income Suburban,Approved
613,3704,Female,White,40,25-60,156055.37,717,296651,Full-time,Bachelor's,Citizen,Fluent,No,No,High-income Suburban,Approved
614,3921,Male,White,60,25-60,70424.74,633,323727,Full-time,Bachelor's,Citizen,Fluent,No,No,Working Class Urban,Denied
615,7196,Female,Hispanic,68,Over 60,44930.33,695,408238,Full-time,Some College,Citizen,Fluent,No,No,Historically Redlined,Approved
616,1918,Female,Black,74,Over 60,25177.63,670,408552,Self-employed,High School,Citizen,Limited,No,No,Rural,Denied
617,1874,Female,Black,45,25-60,167018.15,696,76291,Full-time,Bachelor's,Citizen,Fluent,No,No,Urban Professional,Approved
618,43,Female,Black,26,25-60,61493.74,714,195102,Self-employed,Bachelor's,Citizen,Fluent,Yes,No,Rural,Denied
619,5585,Female,White,30,25-60,60498.92,641,199693,Full-time,Some College,Citizen,Fluent,No,No,Working Class Urban,Denied
620,8371,Female,White,24,Under 25,241241.14,637,77688,Part-time,Bachelor's,Citizen,Fluent,No,No,High-income Suburban,Denied
621,372,Female,White,56,25-60,121322.52,713,67153,Full-time,Some College,Citizen,Fluent,No,No,High-income Suburban,Approved
622,7694,Female,White,34,25-60,162105.44,729,367915,Full-time,Bachelor's,Citizen,Fluent,No,No,Urban Professional,Approved
623,583,Male,White,62,Over 60,95010.41,782,225738,Full-time,High School,Citizen,Fluent,No,No,Urban Professional,Approved
624,6193,Male,White,71,Over 60,107685.63,757,217583,Full-time,High School,Citizen,Fluent,No,No,Urban Professional,Approved
625,4871,Female,Multiracial,79,Over 60,90019.6,695,119795,Full-time,Some College,Citizen,Fluent,No,Yes,High-income Suburban,Denied
626,6016,Female,White,56,25-60,59852.14,708,257440,Part-time,Bachelor's,Citizen,Fluent,No,No,Rural,Approved
627,5200,Male,Black,67,Over 60,86652.54,789,365029,Part-time,Bachelor's,Citizen,Fluent,No,No,Working Class Urban,Approved
628,3457,Female,White,26,25-60,125536.38,736,312890,Full-time,High School,Citizen,Fluent,Yes,No,High-income Suburban,Approved
629,7759,Female,White,21,Under 25,44295.04,580,70914,Full-time,Some College,Citizen,Fluent,No,No,Rural,Denied
630,1946,Male,Black,45,25-60,38850.69,695,206726,Full-time,High School,Citizen,Fluent,No,No,Rural,Denied
631,6681,Male,Black,44,25-60,35421.63,604,144131,Full-time,Bachelor's,Visa Holder,Limited,Yes,Yes,Rural,Denied
632,5285,Male,White,45,25-60,105063.63,721,152616,Full-time,High School,Citizen,Fluent,No,No,Urban Professional,Approved
633,6564,Female,Hispanic,39,25-60,40204.82,670,411265,Full-time,High School,Citizen,Fluent,No,No,Rural,Approved
634,6523,Female,White,77,Over 60,212800.68,781,246139,Part-time,Bachelor's,Citizen,Fluent,No,No,High-income Suburban,Approved
635,1228,Male,Asian,72,Over 60,85503.07,758,73402,Part-time,Bachelor's,Citizen,Fluent,No,No,Working Class Urban,Approved
636,7671,Male,Black,38,25-60,205528.2,731,201650,Full-time,Bachelor's,Citizen,Fluent,No,No,High-income Suburban,Approved
637,6799,Female,White,65,Over 60,117629.45,775,104612,Full-time,Some College,Visa Holder,Fluent,No,No,High-income Suburban,Approved
638,2849,Male,White,26,25-60,186108.36,720,335344,Self-employed,Some College,Citizen,Fluent,No,No,High-income Suburban,Approved
639,5080,Male,Black,30,25-60,37735.58,654,253363,Full-time,Some College,Citizen,Fluent,Yes,No,Historically Redlined,Denied
640,9795,Male,White,55,25-60,46522.81,684,305591,Part-time,Some College,Citizen,Fluent,No,No,Working Class Urban,Denied
641,1831,Male,White,31,25-60,78664.61,669,152673,Full-time,Bachelor's,Permanent Resident,Fluent,No,No,Working Class Urban,Approved
642,7497,Male,White,58,25-60,81854.63,728,127101,Full-time,High School,Citizen,Fluent,No,No,Urban Professional,Approved
643,1600,Male,Hispanic,51,25-60,34053.6,582,345232,Full-time,High School,Citizen,Fluent,No,Yes,Working Class Urban,Denied
644,4442,Female,White,34,25-60,33204.51,626,421506,Self-employed,High School,Citizen,Fluent,No,No,Working Class Urban,Denied
645,6536,Female,Multiracial,42,25-60,29811.32,646,125399,Gig,Some College,Citizen,Limited,No,No,Historically Redlined,Denied
646,6624,Male,Hispanic,42,25-60,74861.89,741,192932,Full-time,Some College,Permanent Resident,Fluent,No,No,Working Class Urban,Approved
647,6408,Male,White,32,25-60,41837.08,674,78042,Full-time,High School,Citizen,Fluent,No,No,Working Class Urban,Denied
648,4216,Female,Black,56,25-60,40493.84,699,381845,Full-time,High School,Citizen,Fluent,No,No,Working Class Urban,Denied
649,6510,Female,White,82,Over 60,60830.06,730,380811,Full-time,Some College,Citizen,Fluent,No,No,Working Class Urban,Denied
650,9603,Female,White,67,Over 60,321779.01,800,52033,Part-time,Graduate,Citizen,Fluent,No,No,High-income Suburban,Approved
651,4208,Male,White,67,Over 60,91888.92,765,70437,Full-time,Graduate,Citizen,Fluent,Yes,No,Historically Redlined,Approved
652,9586,Female,Black,51,25-60,88039.3,686,432001,Full-time,High School,Citizen,Fluent,Yes,No,Urban Professional,Approved
653,3527,Female,White,78,Over 60,51585.05,737,442835,Full-time,Some College,Citizen,Fluent,No,No,Working Class Urban,Denied
654,1325,Female,White,67,Over 60,45174.16,739,161427,Full-time,Some College,Citizen,Fluent,No,No,Working Class Urban,Approved
655,1599,Male,Hispanic,29,25-60,277125.63,677,133696,Part-time,Graduate,Permanent Resident,Fluent,No,No,Urban Professional,Approved
656,6141,Female,White,59,25-60,94522.83,674,286575,Full-time,Graduate,Citizen,Fluent,No,No,Historically Redlined,Approved
657,5568,Male,White,44,25-60,107031.79,767,320808,Self-employed,High School,Citizen,Fluent,No,No,Urban Professional,Approved
658,5419,Male,White,45,25-60,114161.87,729,76954,Full-time,Some College,Citizen,Fluent,No,No,High-income Suburban,Approved
659,1299,Female,White,56,25-60,118540.25,727,149402,Full-time,Some College,Citizen,Limited,No,No,Urban Professional,Approved
660,8688,Non-binary,White,29,25-60,77489.88,686,127385,Full-time,Bachelor's,Permanent Resident,Fluent,No,No,Historically Redlined,Approved
661,2832,Male,Hispanic,35,25-60,37347.37,719,351866,Full-time,High School,Permanent Resident,Fluent,No,No,Rural,Denied
662,8657,Male,Black,66,Over 60,114969.7,768,82564,Full-time,Some College,Permanent Resident,Fluent,No,No,Urban Professional,Approved
663,9095,Female,White,72,Over 60,160510.51,779,383762,Self-employed,Bachelor's,Citizen,Fluent,No,No,Urban Professional,Approved
664,49,Male,White,43,25-60,100514.5,715,120792,Gig,Bachelor's,Citizen,Fluent,No,No,Working Class Urban,Approved
665,3291,Female,White,29,25-60,46430.93,700,199814,Full-time,High School,Permanent Resident,Fluent,No,No,Historically Redlined,Denied
666,6340,Female,White,67,Over 60,114563.5,809,188621,Part-time,Some College,Visa Holder,Fluent,No,No,Urban Professional,Approved
667,7839,Male,White,74,Over 60,162137.77,754,436863,Full-time,Some College,Permanent Resident,Fluent,No,No,High-income Suburban,Approved
668,8247,Male,White,62,Over 60,86621.6,773,208561,Full-time,High School,Citizen,Fluent,No,No,High-income Suburban,Approved
669,4292,Female,White,47,25-60,44314.64,667,411405,Part-time,Some College,Citizen,Fluent,No,No,Working Class Urban,Denied
670,9565,Female,White,81,Over 60,39529.19,749,71257,Full-time,High School,Citizen,Fluent,No,No,Rural,Approved
671,4552,Male,White,27,25-60,30659.24,579,318173,Part-time,High School,Citizen,Fluent,No,No,Rural,Denied
672,6307,Female,White,41,25-60,44579.61,651,269733,Part-time,Bachelor's,Citizen,Limited,No,No,Rural,Denied
673,9659,Female,White,47,25-60,26280.58,629,255894,Full-time,Some College,Citizen,Limited,Yes,No,Rural,Denied
674,2407,Male,Hispanic,82,Over 60,56187.39,725,265617,Full-time,Some College,Citizen,Fluent,No,No,Working Class Urban,Approved
675,8942,Female,Multiracial,21,Under 25,75928.58,659,345494,Self-employed,Bachelor's,Citizen,Fluent,No,No,Working Class Urban,Denied
676,6507,Female,Hispanic,37,25-60,130363.6,727,306891,Full-time,Some College,Citizen,Fluent,No,No,High-income Suburban,Approved
677,6482,Female,Black,31,25-60,23262.11,613,80167,Full-time,High School,Citizen,Fluent,No,No,Rural,Denied
678,5942,Male,White,70,Over 60,32353.37,712,126896,Full-time,High School,Citizen,Fluent,No,No,Historically Redlined,Approved
679,7866,Male,White,81,Over 60,84122.61,768,246986,Full-time,High School,Permanent Resident,Fluent,No,No,High-income Suburban,Approved
680,8445,Male,White,63,Over 60,115415.61,790,162718,Full-time,Some College,Citizen,Fluent,No,Yes,High-income Suburban,Approved
681,9105,Female,White,75,Over 60,64376.8,778,240832,Gig,Some College,Permanent Resident,Fluent,No,No,Working Class Urban,Approved
682,9649,Male,Hispanic,24,Under 25,90094.73,637,377586,Full-time,High School,Citizen,Fluent,Yes,No,High-income Suburban,Denied
683,2691,Female,White,46,25-60,97297.9,757,295362,Full-time,High School,Citizen,Fluent,Yes,No,High-income Suburban,Approved
684,675,Male,White,78,Over 60,138906.24,846,386161,Self-employed,High School,Citizen,Fluent,No,No,High-income Suburban,Approved
685,8413,Male,Hispanic,70,Over 60,18476.44,606,218675,Full-time,High School,Permanent Resident,Limited,No,No,Rural,Denied
686,7652,Male,White,35,25-60,29240.79,660,225358,Full-time,High School,Citizen,Fluent,No,No,Rural,Denied
687,7738,Female,White,32,25-60,165568.63,740,438056,Full-time,Some College,Citizen,Fluent,No,No,High-income Suburban,Approved
688,1347,Female,Hispanic,65,Over 60,33009.99,604,296612,Unemployed,High School,Citizen,Fluent,No,No,Historically Redlined,Denied
689,2075,Male,White,80,Over 60,137420.88,811,118408,Gig,Some College,Citizen,Fluent,Yes,No,Urban Professional,Approved
690,9125,Male,Black,32,25-60,37050.15,704,320252,Self-employed,High School,Citizen,Fluent,No,No,Rural,Denied
691,8408,Female,Black,32,25-60,113317.51,740,178916,Part-time,Some College,Permanent Resident,Fluent,No,No,Urban Professional,Approved
692,333,Male,White,76,Over 60,57331.43,755,389491,Part-time,High School,Citizen,Fluent,No,No,Working Class Urban,Approved
693,1415,Male,Black,49,25-60,62859.56,652,136616,Full-time,Some College,Citizen,Fluent,No,No,Rural,Approved
694,8457,Female,White,35,25-60,49469.58,671,88847,Full-time,High School,Citizen,Fluent,No,No,Working Class Urban,Approved
695,9200,Female,Asian,75,Over 60,70381.06,712,240190,Unemployed,Bachelor's,Citizen,Fluent,No,No,Rural,Approved
696,168,Female,White,48,25-60,84529.18,694,368971,Full-time,Graduate,Visa Holder,Fluent,No,No,Historically Redlined,Approved
697,1286,Male,White,29,25-60,44291.94,668,356808,Full-time,Some College,Citizen,Fluent,No,No,Working Class Urban,Denied
698,5332,Female,Black,32,25-60,123804.66,720,199728,Full-time,High School,Permanent Resident,Fluent,No,No,High-income Suburban,Approved
699,1602,Female,Hispanic,43,25-60,34646.62,625,195103,Full-time,High School,Citizen,Fluent,Yes,No,Working Class Urban,Denied
700,9517,Female,Multiracial,66,Over 60,148205.09,735,437371,Self-employed,Some College,Visa Holder,Fluent,No,No,High-income Suburban,Approved
701,9927,Female,White,28,25-60,109862.89,743,352643,Full-time,High School,Citizen,Fluent,No,No,Urban Professional,Approved
702,4932,Male,White,40,25-60,59807.83,610,412812,Full-time,Bachelor's,Citizen,Fluent,Yes,No,Rural,Denied
703,4681,Male,Asian,36,25-60,51872.67,653,150937,Full-time,Graduate,Citizen,Limited,No,No,Historically Redlined,Denied
704,8914,Male,Hispanic,18,Under 25,78202.01,619,154116,Full-time,Bachelor's,Citizen,Fluent,No,No,Rural,Denied
705,8373,Male,Black,36,25-60,65817.24,717,190862,Full-time,Some College,Citizen,Fluent,No,No,Working Class Urban,Approved
706,1499,Female,White,39,25-60,117960.69,730,261409,Full-time,Bachelor's,Citizen,Limited,No,No,High-income Suburban,Approved
707,366,Female,Hispanic,71,Over 60,84453.3,789,446113,Gig,Bachelor's,Citizen,Fluent,No,No,Working Class Urban,Approved
708,3235,Female,White,45,25-60,54487.14,701,263683,Full-time,Bachelor's,Citizen,Fluent,No,No,Working Class Urban,Approved
709,9377,Female,Black,70,Over 60,121170.94,797,266673,Full-time,Some College,Citizen,Fluent,No,No,High-income Suburban,Approved
710,3509,Female,White,43,25-60,74617.4,647,103419,Full-time,Bachelor's,Citizen,Fluent,Yes,No,Working Class Urban,Approved
711,9889,Male,Hispanic,51,25-60,32235.39,657,300378,Self-employed,High School,Permanent Resident,Fluent,No,No,Rural,Denied
712,7606,Male,White,60,25-60,39274.57,671,216302,Self-employed,Some College,Citizen,Fluent,No,No,Rural,Denied
713,2744,Male,Hispanic,58,25-60,147777.55,749,386426,Full-time,Bachelor's,Citizen,Fluent,No,No,Urban Professional,Approved
714,8808,Male,White,24,Under 25,41838.68,611,77032,Full-time,Some College,Citizen,Fluent,No,No,Rural,Denied
715,5208,Male,White,23,Under 25,152209.2,686,305944,Full-time,Bachelor's,Citizen,Fluent,No,No,Urban Professional,Approved
716,65,Female,Hispanic,57,25-60,82903.19,678,341753,Gig,Some College,Citizen,Fluent,No,Yes,Urban Professional,Approved
717,2086,Female,White,82,Over 60,124069.64,737,150146,Full-time,Some College,Citizen,Fluent,No,No,High-income Suburban,Approved
718,8742,Female,Black,49,25-60,122718.14,721,443745,Full-time,Some College,Citizen,Fluent,Yes,No,High-income Suburban,Approved
719,1639,Male,White,59,25-60,147536.4,736,116184,Full-time,Graduate,Citizen,Limited,No,No,Urban Professional,Approved
720,8794,Female,Hispanic,45,25-60,106136.28,787,350196,Full-time,High School,Permanent Resident,Fluent,No,No,High-income Suburban,Approved
721,8510,Female,Hispanic,77,Over 60,48812.13,708,221662,Part-time,Some College,Citizen,Fluent,No,No,Historically Redlined,Denied
722,8529,Female,Asian,76,Over 60,62435.45,733,302227,Full-time,Graduate,Citizen,Fluent,Yes,No,Historically Redlined,Approved
723,2346,Female,White,35,25-60,125896.86,730,113894,Full-time,Some College,Permanent Resident,Fluent,No,No,Urban Professional,Approved
724,2803,Female,White,28,25-60,286873.48,733,182425,Part-time,Graduate,Citizen,Fluent,No,No,High-income Suburban,Approved
725,9548,Male,Hispanic,69,Over 60,97278.54,794,119513,Unemployed,High School,Citizen,Fluent,Yes,No,High-income Suburban,Approved
726,9094,Female,White,42,25-60,69641.42,668,267566,Full-time,Graduate,Citizen,Limited,Yes,No,Working Class Urban,Denied
727,6807,Male,Hispanic,67,Over 60,125904.44,759,82237,Part-time,Some College,Citizen,Fluent,Yes,No,High-income Suburban,Approved
728,5677,Male,White,81,Over 60,91424.15,753,116493,Full-time,Some College,Citizen,Fluent,No,No,Urban Professional,Approved
729,6993,Male,Black,81,Over 60,299618.65,739,164653,Full-time,Graduate,Citizen,Fluent,No,No,High-income Suburban,Approved
730,3479,Female,White,55,25-60,84459.12,656,301276,Full-time,Graduate,Citizen,Fluent,No,No,Historically Redlined,Approved
731,4805,Female,White,44,25-60,40858.95,672,430224,Full-time,High School,Citizen,Fluent,No,No,Historically Redlined,Approved
732,670,Male,Black,66,Over 60,197894.11,746,101169,Part-time,Bachelor's,Citizen,Fluent,No,No,High-income Suburban,Approved
733,999,Male,Hispanic,73,Over 60,100813.59,729,250439,Full-time,High School,Citizen,Fluent,Yes,No,Urban Professional,Approved
734,1141,Female,White,36,25-60,188746.41,703,191407,Full-time,Bachelor's,Citizen,Fluent,No,No,High-income Suburban,Approved
735,3749,Female,White,59,25-60,78605.18,668,385192,Full-time,Graduate,Citizen,Limited,No,No,Working Class Urban,Approved
736,5398,Female,White,76,Over 60,185843.79,727,65214,Full-time,Bachelor's,Citizen,Fluent,No,No,Urban Professional,Approved
737,9911,Male,Hispanic,48,25-60,88920.02,669,156479,Full-time,High School,Citizen,Fluent,No,No,High-income Suburban,Denied
738,2410,Female,White,71,Over 60,211716.16,755,128418,Full-time,Graduate,Citizen,Fluent,No,No,Urban Professional,Approved
739,8902,Male,White,64,Over 60,61459.29,758,412063,Full-time,Some College,Citizen,Fluent,No,No,Working Class Urban,Denied
740,4268,Female,Hispanic,36,25-60,131232.97,744,76642,Full-time,Graduate,Citizen,Fluent,No,No,Rural,Approved
741,386,Male,White,81,Over 60,192647.0,759,384361,Full-time,Bachelor's,Permanent Resident,Limited,No,No,High-income Suburban,Approved
742,4690,Female,White,74,Over 60,75852.52,648,294047,Gig,High School,Citizen,Fluent,No,No,Urban Professional,Approved
743,1871,Female,White,20,Under 25,113383.05,664,240364,Full-time,Some College,Citizen,Fluent,No,No,Urban Professional,Approved
744,1591,Male,Black,58,25-60,99651.14,692,229815,Part-time,High School,Citizen,Fluent,No,No,High-income Suburban,Approved
745,7515,Male,White,72,Over 60,63012.27,724,241251,Part-time,Bachelor's,Citizen,Limited,No,No,Rural,Approved
746,35,Male,White,44,25-60,151365.19,715,438761,Full-time,High School,Citizen,Fluent,No,No,High-income Suburban,Approved
747,5948,Male,Asian,26,25-60,44603.73,695,235979,Full-time,High School,Visa Holder,Fluent,No,No,Working Class Urban,Approved
748,196,Female,White,38,25-60,223982.93,708,284387,Full-time,Graduate,Citizen,Fluent,No,No,Urban Professional,Approved
749,9096,Male,White,45,25-60,106885.15,713,404970,Self-employed,Graduate,Permanent Resident,Fluent,Yes,No,Working Class Urban,Approved
750,6357,Male,White,43,25-60,49061.82,617,389149,Full-time,Bachelor's,Citizen,Fluent,No,Yes,Working Class Urban,Denied
751,6493,Female,Black,42,25-60,119559.68,735,381258,Full-time,Some College,Permanent Resident,Fluent,No,No,Urban Professional,Approved
752,8998,Female,Asian,63,Over 60,297215.18,732,118661,Full-time,Graduate,Permanent Resident,Fluent,No,No,High-income Suburban,Approved
753,1894,Female,White,28,25-60,59729.39,638,247214,Full-time,Some College,Citizen,Fluent,No,No,Working Class Urban,Approved
754,7209,Female,White,38,25-60,52692.27,637,366213,Gig,Some College,Citizen,Fluent,No,No,Rural,Denied
755,425,Female,Black,26,25-60,106861.5,756,163793,Self-employed,Some College,Citizen,Fluent,No,No,Urban Professional,Approved
756,7749,Male,White,27,25-60,302911.28,713,97519,Self-employed,Graduate,Citizen,Fluent,No,No,High-income Suburban,Approved
757,7737,Female,White,58,25-60,55992.3,681,355458,Part-time,Some College,Citizen,Fluent,No,No,Working Class Urban,Denied
758,4628,Female,White,39,25-60,78036.27,664,180025,Full-time,Bachelor's,Citizen,Fluent,No,No,Working Class Urban,Approved
759,3991,Male,White,67,Over 60,304634.09,752,269906,Full-time,Graduate,Citizen,Fluent,No,No,High-income Suburban,Approved
760,3843,Female,Hispanic,41,25-60,107534.49,710,181966,Unemployed,Some College,Citizen,Fluent,No,No,Urban Professional,Approved
761,7359,Male,Asian,61,Over 60,237215.82,765,402172,Full-time,Bachelor's,Citizen,Fluent,No,No,High-income Suburban,Approved
762,8981,Male,Multiracial,25,25-60,42655.3,666,328574,Full-time,High School,Citizen,Fluent,No,No,Working Class Urban,Approved
763,2635,Male,White,52,25-60,55159.75,666,386864,Full-time,Bachelor's,Permanent Resident,Limited,No,No,Working Class Urban,Denied
764,9767,Male,Hispanic,77,Over 60,82835.64,656,219745,Full-time,Some College,Citizen,Fluent,No,Yes,Urban Professional,Denied
765,6269,Female,White,41,25-60,75919.45,636,231046,Full-time,Bachelor's,Citizen,Fluent,No,No,Historically Redlined,Denied
766,8578,Female,Hispanic,43,25-60,29217.81,627,162344,Full-time,Some College,Visa Holder,Limited,No,No,Historically Redlined,Denied
767,3853,Female,White,61,Over 60,65657.23,716,211303,Full-time,Some College,Citizen,Fluent,No,No,Working Class Urban,Approved
768,9376,Female,Native American,32,25-60,130635.24,680,105369,Part-time,High School,Citizen,Fluent,No,No,Urban Professional,Approved
769,5323,Male,White,76,Over 60,236617.36,673,180525,Full-time,Graduate,Citizen,Fluent,No,No,High-income Suburban,Approved
770,5702,Non-binary,White,27,25-60,46254.77,610,102059,Full-time,High School,Citizen,Fluent,No,No,Working Class Urban,Denied
771,5630,Male,White,57,25-60,104232.29,713,64796,Full-time,Graduate,Citizen,Fluent,No,No,Rural,Approved
772,6190,Female,Hispanic,35,25-60,78988.9,647,225518,Full-time,High School,Citizen,Limited,No,No,High-income Suburban,Denied
773,3039,Male,White,57,25-60,28745.38,625,326900,Part-time,Some College,Citizen,Limited,Yes,No,Historically Redlined,Denied
774,1108,Female,Hispanic,39,25-60,81552.11,617,425989,Full-time,Some College,Citizen,Fluent,No,Yes,High-income Suburban,Denied
775,7911,Female,Multiracial,30,25-60,38214.81,718,178449,Part-time,Bachelor's,Citizen,Limited,No,No,Historically Redlined,Approved
776,6345,Male,White,33,25-60,78174.25,673,99306,Full-time,Bachelor's,Citizen,Fluent,Yes,No,Working Class Urban,Approved
777,2941,Female,Black,56,25-60,131015.16,712,289855,Full-time,Some College,Citizen,Fluent,No,No,Urban Professional,Approved
778,3902,Male,White,55,25-60,161220.42,702,242870,Full-time,Bachelor's,Citizen,Fluent,No,No,High-income Suburban,Approved
779,8752,Male,White,29,25-60,29531.08,636,401577,Full-time,High School,Citizen,Fluent,Yes,No,Historically Redlined,Denied
780,6370,Female,White,59,25-60,166066.03,651,78146,Full-time,Bachelor's,Citizen,Fluent,No,No,High-income Suburban,Approved
781,2473,Non-binary,White,77,Over 60,47617.35,722,51818,Full-time,Bachelor's,Citizen,Limited,No,No,Working Class Urban,Approved
782,5886,Female,White,40,25-60,53478.95,676,196705,Full-time,Some College,Permanent Resident,Fluent,No,No,Working Class Urban,Denied
783,6961,Female,White,81,Over 60,48082.96,739,311589,Full-time,Some College,Citizen,Fluent,Yes,No,Rural,Approved
784,9817,Male,Native American,43,25-60,30858.14,579,366510,Full-time,Some College,Citizen,Fluent,No,Yes,Rural,Denied
785,4061,Female,Hispanic,37,25-60,119343.15,784,132592,Full-time,Some College,Permanent Resident,Limited,No,No,High-income Suburban,Approved
786,8756,Male,Hispanic,51,25-60,88035.73,686,80601,Full-time,High School,Citizen,Limited,No,No,High-income Suburban,Approved
787,5951,Female,White,74,Over 60,113999.56,805,106856,Full-time,Some College,Citizen,Fluent,Yes,No,High-income Suburban,Approved
788,3049,Female,Black,78,Over 60,209375.51,718,193148,Full-time,Graduate,Citizen,Fluent,No,Yes,High-income Suburban,Approved
789,564,Female,Hispanic,36,25-60,45659.82,685,344305,Full-time,High School,Citizen,Fluent,No,No,Working Class Urban,Approved
790,8152,Male,White,52,25-60,139755.09,739,223073,Full-time,Some College,Citizen,Fluent,No,No,Urban Professional,Approved
791,2222,Non-binary,Asian,26,25-60,105754.29,729,107706,Gig,Bachelor's,Permanent Resident,Fluent,No,No,Working Class Urban,Approved
792,8760,Female,White,59,25-60,66329.58,693,352204,Self-employed,High School,Permanent Resident,Limited,No,No,High-income Suburban,Approved
793,4608,Male,Black,65,Over 60,114897.56,789,271188,Full-time,Some College,Citizen,Fluent,No,No,Urban Professional,Approved
794,651,Male,Black,22,Under 25,126602.94,652,115872,Unemployed,Bachelor's,Citizen,Limited,No,No,Urban Professional,Approved
795,8103,Male,White,64,Over 60,101598.2,763,421016,Full-time,Some College,Permanent Resident,Fluent,No,No,Urban Professional,Approved
796,9432,Male,White,75,Over 60,122683.72,775,164773,Self-employed,Some College,Permanent Resident,Fluent,No,No,High-income Suburban,Approved
797,5373,Female,White,39,25-60,68688.45,698,262161,Full-time,Bachelor's,Citizen,Fluent,No,No,Working Class Urban,Approved
798,5494,Female,Asian,80,Over 60,49548.43,696,126447,Part-time,Bachelor's,Citizen,Limited,No,No,Working Class Urban,Denied
799,55,Male,Native American,58,25-60,24694.14,573,161764,Full-time,High School,Visa Holder,Fluent,No,Yes,Rural,Denied
800,1662,Female,White,65,Over 60,73631.67,728,428143,Full-time,Some College,Visa Holder,Fluent,No,No,Urban Professional,Approved
801,1545,Female,White,47,25-60,67441.57,670,73612,Full-time,Some College,Citizen,Limited,No,No,Urban Professional,Approved
802,2767,Male,White,81,Over 60,204970.26,814,240539,Full-time,Bachelor's,Citizen,Fluent,No,No,High-income Suburban,Approved
803,7631,Male,White,64,Over 60,173535.52,777,81347,Part-time,Bachelor's,Citizen,Fluent,No,No,High-income Suburban,Approved
804,4411,Male,Hispanic,46,25-60,40340.45,649,303993,Gig,High School,Citizen,Fluent,Yes,No,Rural,Denied
805,5482,Male,Black,77,Over 60,37740.67,700,310300,Full-time,Bachelor's,Citizen,Limited,No,Yes,Working Class Urban,Denied
806,8458,Female,White,40,25-60,225741.43,705,310794,Full-time,Bachelor's,Citizen,Fluent,No,No,Urban Professional,Approved
807,9039,Male,Black,20,Under 25,61103.63,598,371188,Full-time,High School,Permanent Resident,Fluent,No,No,Working Class Urban,Denied
808,4710,Male,Black,59,25-60,125352.05,748,270875,Full-time,Bachelor's,Citizen,Fluent,No,No,Urban Professional,Approved
809,9626,Male,Hispanic,31,25-60,56189.11,632,193817,Part-time,Some College,Citizen,Fluent,No,No,Working Class Urban,Approved
810,704,Male,Black,61,Over 60,114725.87,796,251906,Gig,Some College,Citizen,Fluent,No,No,High-income Suburban,Approved
811,1652,Female,White,47,25-60,47836.09,703,315381,Full-time,High School,Citizen,Fluent,No,No,Rural,Denied
812,2369,Female,White,48,25-60,64087.26,668,204884,Full-time,Some College,Citizen,Limited,No,No,Urban Professional,Denied
813,1234,Male,Hispanic,62,Over 60,32902.78,719,357799,Full-time,High School,Citizen,Limited,No,No,Historically Redlined,Denied
814,4782,Male,Hispanic,31,25-60,63755.82,698,235839,Full-time,Bachelor's,Citizen,Fluent,No,No,Rural,Approved
815,7971,Female,Black,81,Over 60,122628.53,806,264484,Full-time,High School,Visa Holder,Fluent,No,No,High-income Suburban,Approved
816,6280,Female,White,62,Over 60,36748.49,691,396048,Part-time,High School,Citizen,Fluent,No,No,Rural,Denied
817,6999,Male,Hispanic,37,25-60,32420.06,589,109178,Full-time,High School,Citizen,Fluent,Yes,No,Historically Redlined,Denied
818,4756,Male,Hispanic,50,25-60,80728.79,739,278339,Full-time,High School,Citizen,Fluent,No,No,Urban Professional,Denied
819,4410,Male,White,52,25-60,68974.64,689,418136,Part-time,Some College,Citizen,Fluent,Yes,No,Working Class Urban,Approved
820,648,Male,White,36,25-60,181794.87,696,435424,Full-time,Bachelor's,Citizen,Fluent,No,No,High-income Suburban,Approved
821,1541,Male,White,62,Over 60,52458.96,710,124967,Full-time,High School,Permanent Resident,Fluent,No,No,Working Class Urban,Denied
822,1574,Male,White,23,Under 25,45770.54,606,259592,Full-time,High School,Citizen,Fluent,No,No,Working Class Urban,Denied
823,1133,Female,White,32,25-60,124365.19,668,420283,Full-time,Some College,Citizen,Fluent,No,No,Urban Professional,Denied
824,7093,Male,Black,46,25-60,41810.32,578,437157,Full-time,High School,Citizen,Limited,Yes,Yes,Urban Professional,Denied
825,4726,Female,Black,75,Over 60,122823.29,793,309946,Full-time,High School,Citizen,Fluent,No,No,Urban Professional,Approved
826,8370,Male,Asian,63,Over 60,69283.23,721,398023,Full-time,Bachelor's,Citizen,Fluent,No,No,Working Class Urban,Approved
827,4804,Non-binary,White,56,25-60,22055.3,601,156804,Full-time,Some College,Citizen,Limited,No,No,Rural,Denied
828,4607,Female,White,44,25-60,45251.97,653,243275,Part-time,High School,Citizen,Fluent,No,No,Working Class Urban,Denied
829,2392,Female,White,79,Over 60,87042.42,727,318684,Full-time,Graduate,Citizen,Fluent,No,No,Rural,Approved
830,7115,Male,White,25,25-60,24283.51,643,394423,Full-time,High School,Citizen,Limited,No,No,Working Class Urban,Denied
831,6864,Male,Black,21,Under 25,41728.01,568,321723,Self-employed,High School,Citizen,Fluent,Yes,No,Historically Redlined,Denied
832,1222,Female,White,42,25-60,65420.97,696,51139,Full-time,Graduate,Citizen,Fluent,No,No,Rural,Approved
833,1483,Male,White,67,Over 60,83073.73,850,337465,Full-time,Some College,Permanent Resident,Limited,No,No,High-income Suburban,Approved
834,581,Female,Hispanic,70,Over 60,127681.98,741,285208,Full-time,Graduate,Citizen,Fluent,No,No,Working Class Urban,Approved
835,4075,Female,White,30,25-60,100141.9,742,286414,Part-time,High School,Citizen,Fluent,No,No,Urban Professional,Approved
836,2687,Male,White,32,25-60,26151.66,571,128487,Full-time,Some College,Permanent Resident,Limited,No,No,Historically Redlined,Denied
837,1200,Male,Black,55,25-60,35900.95,672,419011,Gig,High School,Citizen,Fluent,No,No,Rural,Denied
838,3628,Male,White,47,25-60,102324.52,735,235578,Self-employed,Graduate,Citizen,Fluent,No,No,Historically Redlined,Approved
839,4964,Female,White,67,Over 60,125374.97,740,105612,Self-employed,Some College,Citizen,Fluent,No,No,Urban Professional,Approved
840,510,Male,Asian,27,25-60,97908.55,690,366689,Gig,Some College,Citizen,Limited,No,No,High-income Suburban,Approved
841,9730,Male,Hispanic,34,25-60,98974.02,677,343661,Part-time,Graduate,Permanent Resident,Fluent,No,Yes,Working Class Urban,Approved
842,9012,Female,White,40,25-60,338632.14,752,101643,Full-time,Graduate,Citizen,Fluent,No,No,High-income Suburban,Approved
843,9547,Male,White,62,Over 60,39658.95,663,338872,Full-time,Bachelor's,Citizen,Fluent,No,Yes,Rural,Denied
844,3943,Male,White,48,25-60,56789.54,649,407961,Full-time,High School,Visa Holder,Limited,No,No,Urban Professional,Approved
845,6756,Male,White,27,25-60,54152.62,668,365116,Full-time,High School,Citizen,Limited,No,No,Urban Professional,Denied
846,6708,Female,Hispanic,80,Over 60,104647.41,737,211425,Full-time,Some College,Citizen,Fluent,No,No,Urban Professional,Approved
847,7825,Female,White,48,25-60,40397.32,678,449804,Full-time,High School,Citizen,Fluent,No,No,Working Class Urban,Approved
848,9974,Female,Asian,32,25-60,96423.31,669,374592,Full-time,Bachelor's,Citizen,Fluent,No,No,Working Class Urban,Approved
849,4474,Male,White,71,Over 60,150727.25,773,344110,Full-time,Bachelor's,Citizen,Fluent,No,No,High-income Suburban,Approved
850,8398,Female,White,30,25-60,22286.64,569,270362,Gig,Some College,Citizen,Limited,No,No,Historically Redlined,Denied
851,6542,Male,Native American,72,Over 60,104366.0,772,417258,Full-time,High School,Citizen,Fluent,No,No,Urban Professional,Approved
852,9948,Female,White,74,Over 60,37745.08,718,428227,Full-time,Some College,Citizen,Fluent,No,No,Rural,Approved
853,79,Female,White,33,25-60,126679.33,699,322198,Full-time,Some College,Citizen,Fluent,Yes,No,High-income Suburban,Approved
854,2326,Female,White,46,25-60,37026.68,650,182471,Part-time,High School,Citizen,Fluent,No,No,Working Class Urban,Denied
855,8802,Female,Hispanic,33,25-60,276039.79,735,160942,Full-time,Graduate,Citizen,Fluent,No,No,High-income Suburban,Approved
856,9055,Female,Asian,51,25-60,54481.54,720,167484,Self-employed,Bachelor's,Citizen,Limited,No,No,Working Class Urban,Denied
857,7128,Female,Multiracial,76,Over 60,40471.32,724,234634,Full-time,Some College,Citizen,Fluent,No,No,Rural,Approved
858,1072,Female,Asian,36,25-60,43550.51,646,227863,Full-time,High School,Citizen,Fluent,No,No,Rural,Denied
859,8099,Female,White,24,Under 25,72341.05,589,384455,Full-time,Some College,Citizen,Fluent,Yes,No,Working Class Urban,Approved
860,1893,Male,White,66,Over 60,241566.48,722,158084,Full-time,Bachelor's,Citizen,Fluent,Yes,No,High-income Suburban,Approved
861,769,Female,Hispanic,53,25-60,108550.04,697,160120,Part-time,High School,Permanent Resident,Fluent,No,No,Urban Professional,Approved
862,8122,Female,White,51,25-60,54111.91,661,195646,Gig,High School,Citizen,Limited,No,No,Urban Professional,Approved
863,8415,Female,Hispanic,82,Over 60,191151.69,707,112746,Part-time,Bachelor's,Citizen,Fluent,No,No,Urban Professional,Approved
864,2826,Female,White,64,Over 60,34220.92,663,185445,Full-time,High School,Citizen,Limited,No,No,Historically Redlined,Denied
865,494,Female,White,70,Over 60,63334.51,716,302499,Full-time,Some College,Citizen,Fluent,Yes,No,Working Class Urban,Approved
866,2280,Male,White,59,25-60,253392.17,694,72221,Part-time,Graduate,Citizen,Fluent,Yes,No,High-income Suburban,Approved
867,790,Female,White,33,25-60,18920.56,604,139894,Full-time,Some College,Citizen,Limited,No,No,Working Class Urban,Denied
868,8801,Female,White,51,25-60,195016.43,711,313828,Full-time,Bachelor's,Permanent Resident,Fluent,No,No,High-income Suburban,Approved
869,4784,Female,White,55,25-60,114427.38,674,172985,Full-time,High School,Citizen,Fluent,No,No,High-income Suburban,Approved
870,6200,Male,Black,34,25-60,139503.2,686,426203,Part-time,High School,Citizen,Fluent,No,No,High-income Suburban,Approved
871,6154,Male,Hispanic,76,Over 60,88969.3,792,375833,Self-employed,Bachelor's,Citizen,Fluent,No,No,Working Class Urban,Approved
872,2791,Female,Black,18,Under 25,104389.7,643,214570,Full-time,High School,Citizen,Fluent,No,No,Urban Professional,Approved
873,1475,Male,White,23,Under 25,147391.8,616,259239,Part-time,Bachelor's,Citizen,Fluent,No,No,High-income Suburban,Approved
874,6441,Female,White,50,25-60,97536.82,730,52496,Part-time,Some College,Citizen,Fluent,No,No,High-income Suburban,Approved
875,8355,Male,Black,40,25-60,37853.89,667,226416,Full-time,High School,Permanent Resident,Fluent,No,No,Rural,Denied
876,2854,Female,Asian,68,Over 60,97530.75,750,103178,Full-time,High School,Permanent Resident,Fluent,No,No,Urban Professional,Approved
877,5751,Male,Asian,29,25-60,125935.42,686,337850,Full-time,Graduate,Citizen,Fluent,No,No,Working Class Urban,Approved
878,9841,Male,Black,34,25-60,42432.35,651,101412,Full-time,High School,Citizen,Fluent,No,No,Historically Redlined,Denied
879,2542,Female,Black,42,25-60,109841.55,744,314900,Gig,Some College,Citizen,Fluent,Yes,No,Urban Professional,Approved
880,6124,Female,Hispanic,76,Over 60,66553.48,716,353443,Part-time,Bachelor's,Citizen,Fluent,No,No,Historically Redlined,Denied
881,5684,Female,White,49,25-60,44650.07,718,98368,Full-time,High School,Citizen,Fluent,Yes,No,Working Class Urban,Approved
882,6509,Female,Black,26,25-60,111360.89,729,347443,Full-time,Some College,Citizen,Fluent,Yes,No,Urban Professional,Approved
883,4740,Male,White,62,Over 60,42883.78,753,399068,Full-time,High School,Citizen,Fluent,No,No,Working Class Urban,Approved
884,4362,Male,White,70,Over 60,38397.62,710,235753,Full-time,Some College,Citizen,Fluent,No,No,Working Class Urban,Approved
885,9265,Male,White,76,Over 60,108528.51,758,262045,Full-time,Bachelor's,Permanent Resident,Limited,No,No,Urban Professional,Approved
886,2058,Male,Black,80,Over 60,188985.85,751,335032,Full-time,Bachelor's,Citizen,Fluent,No,No,High-income Suburban,Approved
887,793,Female,Asian,75,Over 60,265350.71,810,360563,Full-time,Graduate,Citizen,Fluent,No,No,High-income Suburban,Approved
888,3948,Female,White,23,Under 25,47226.1,657,274400,Full-time,High School,Visa Holder,Fluent,Yes,No,Working Class Urban,Denied
889,4453,Male,Hispanic,61,Over 60,55936.93,706,252548,Full-time,High School,Visa Holder,Fluent,No,No,Rural,Denied
890,5114,Male,Black,72,Over 60,77458.48,706,129034,Part-time,High School,Permanent Resident,Fluent,Yes,No,Urban Professional,Approved
891,2957,Female,Black,33,25-60,56688.26,679,208859,Full-time,Bachelor's,Citizen,Fluent,Yes,No,Rural,Approved
892,4049,Male,Hispanic,28,25-60,15712.27,582,300057,Full-time,High School,Citizen,Limited,No,Yes,Working Class Urban,Denied
893,5471,Female,White,47,25-60,86084.33,722,177226,Full-time,High School,Citizen,Fluent,No,No,Urban Professional,Denied
894,375,Female,White,27,25-60,125664.1,719,403850,Full-time,High School,Citizen,Fluent,No,No,High-income Suburban,Approved
895,9081,Female,Hispanic,29,25-60,62783.38,695,102775,Full-time,Bachelor's,Citizen,Fluent,No,No,Rural,Approved
896,7799,Male,White,50,25-60,83154.76,758,177202,Full-time,Bachelor's,Permanent Resident,Fluent,Yes,No,Rural,Approved
897,3229,Male,White,23,Under 25,87728.95,595,86672,Full-time,Some College,Citizen,Fluent,No,Yes,Urban Professional,Denied
898,8585,Female,Black,67,Over 60,207059.13,745,315214,Full-time,Bachelor's,Citizen,Fluent,No,No,High-income Suburban,Approved
899,2077,Female,Hispanic,72,Over 60,26281.91,653,320588,Full-time,Some College,Citizen,Limited,No,No,Historically Redlined,Denied
900,7368,Female,White,78,Over 60,74209.08,696,236164,Part-time,Some College,Citizen,Limited,No,No,Urban Professional,Approved
901,3097,Female,Black,63,Over 60,32354.94,724,275519,Full-time,High School,Citizen,Fluent,No,No,Historically Redlined,Denied
902,3106,Female,White,20,Under 25,148319.79,697,217003,Self-employed,Some College,Citizen,Fluent,No,No,Urban Professional,Approved
903,2563,Female,Hispanic,27,25-60,103331.73,719,130457,Gig,Some College,Citizen,Fluent,No,No,Urban Professional,Approved
904,272,Female,Asian,18,Under 25,80528.33,653,154661,Part-time,Bachelor's,Citizen,Fluent,No,No,Rural,Denied
905,3640,Male,White,49,25-60,97657.4,720,335703,Full-time,High School,Permanent Resident,Fluent,No,No,High-income Suburban,Approved
906,8526,Female,Multiracial,60,25-60,50749.52,636,407112,Gig,Some College,Citizen,Fluent,No,No,Historically Redlined,Approved
907,2466,Female,White,61,Over 60,62586.19,749,338144,Self-employed,High School,Visa Holder,Fluent,No,No,Working Class Urban,Approved
908,3567,Male,Multiracial,53,25-60,236436.5,739,422162,Part-time,Bachelor's,Citizen,Fluent,No,No,Urban Professional,Approved
909,2662,Male,White,66,Over 60,114611.6,816,218642,Full-time,Some College,Citizen,Fluent,No,No,Urban Professional,Approved
910,9634,Female,White,61,Over 60,57482.69,727,84298,Gig,Bachelor's,Citizen,Limited,No,No,Working Class Urban,Approved
911,7907,Female,Black,43,25-60,25892.6,646,323410,Part-time,Some College,Permanent Resident,Limited,Yes,No,Rural,Denied
912,8874,Male,White,44,25-60,106488.24,668,96429,Full-time,High School,Permanent Resident,Fluent,No,No,High-income Suburban,Approved
913,5246,Male,White,65,Over 60,146625.03,812,145079,Gig,Bachelor's,Citizen,Fluent,Yes,No,High-income Suburban,Approved
914,7614,Male,Black,80,Over 60,77906.08,693,154994,Full-time,Some College,Citizen,Fluent,No,No,High-income Suburban,Approved
915,3600,Male,Asian,29,25-60,323238.02,743,419703,Full-time,Graduate,Citizen,Fluent,No,No,High-income Suburban,Approved
916,95,Male,Asian,79,Over 60,245008.71,749,56671,Gig,Graduate,Citizen,Fluent,No,No,Urban Professional,Approved
917,2497,Female,White,82,Over 60,59408.98,740,395650,Full-time,High School,Citizen,Fluent,No,No,Historically Redlined,Approved
918,4610,Female,White,64,Over 60,95648.14,756,268263,Full-time,High School,Permanent Resident,Fluent,No,No,Urban Professional,Approved
919,7198,Female,White,29,25-60,106694.63,729,427639,Full-time,Graduate,Citizen,Fluent,No,No,Working Class Urban,Approved
920,2872,Male,White,37,25-60,44903.82,621,396912,Self-employed,High School,Citizen,Fluent,No,No,Working Class Urban,Denied
921,3740,Female,Asian,65,Over 60,57769.7,701,253940,Gig,Some College,Citizen,Fluent,No,No,Working Class Urban,Denied
922,4406,Male,White,45,25-60,125892.68,740,371177,Self-employed,Some College,Citizen,Fluent,No,No,Urban Professional,Approved
923,2018,Female,White,31,25-60,45025.31,669,67910,Part-time,Some College,Citizen,Fluent,No,No,Historically Redlined,Denied
924,8472,Female,Asian,54,25-60,40901.75,674,236233,Part-time,High School,Citizen,Fluent,No,No,Working Class Urban,Approved
925,2065,Male,Black,57,25-60,51011.19,694,370022,Full-time,Some College,Citizen,Fluent,No,No,Working Class Urban,Denied
926,738,Male,White,74,Over 60,63163.37,737,393193,Full-time,High School,Citizen,Limited,No,No,Urban Professional,Approved
927,7764,Male,White,75,Over 60,157715.31,760,89396,Full-time,Bachelor's,Citizen,Fluent,No,No,Urban Professional,Approved
928,5450,Female,Hispanic,63,Over 60,91346.17,762,333373,Part-time,High School,Citizen,Fluent,No,No,Urban Professional,Approved
929,662,Male,Hispanic,29,25-60,93861.24,725,139234,Self-employed,Some College,Citizen,Fluent,No,No,Urban Professional,Denied
930,2394,Male,White,68,Over 60,43430.14,761,404125,Full-time,Bachelor's,Citizen,Limited,No,No,Rural,Approved
931,4471,Female,White,50,25-60,111862.07,743,351625,Full-time,High School,Citizen,Fluent,No,No,Urban Professional,Approved
932,8550,Female,Black,40,25-60,249987.89,743,190741,Self-employed,Graduate,Citizen,Fluent,No,No,High-income Suburban,Approved
933,8104,Male,White,71,Over 60,61739.77,707,283274,Self-employed,Some College,Citizen,Fluent,No,No,Rural,Approved
934,4097,Male,White,51,25-60,237283.04,687,202329,Full-time,Bachelor's,Citizen,Fluent,No,No,High-income Suburban,Approved
935,8936,Female,White,40,25-60,73665.02,661,353622,Full-time,Bachelor's,Citizen,Fluent,No,No,Historically Redlined,Approved
936,6666,Female,Black,22,Under 25,43961.69,562,287862,Part-time,High School,Citizen,Fluent,No,No,Working Class Urban,Denied
937,5873,Male,White,53,25-60,40430.72,669,235057,Gig,Bachelor's,Citizen,Limited,Yes,No,Rural,Denied
938,228,Female,White,66,Over 60,134747.3,734,351384,Gig,Some College,Citizen,Fluent,No,No,High-income Suburban,Approved
939,3649,Female,Hispanic,49,25-60,71492.04,659,390812,Full-time,Bachelor's,Citizen,Fluent,Yes,No,Working Class Urban,Approved
940,545,Male,White,75,Over 60,271267.0,743,302694,Full-time,Graduate,Citizen,Fluent,No,No,High-income Suburban,Approved
941,1053,Male,White,49,25-60,83375.38,703,111016,Full-time,Graduate,Citizen,Fluent,No,No,Rural,Approved
942,3975,Male,White,30,25-60,74473.51,786,84644,Full-time,Graduate,Citizen,Fluent,No,No,Rural,Approved
943,596,Male,White,80,Over 60,68195.77,687,168784,Full-time,Bachelor's,Visa Holder,Fluent,No,No,Working Class Urban,Approved
944,1122,Male,White,24,Under 25,25324.58,534,354731,Full-time,Some College,Citizen,Limited,No,No,Historically Redlined,Denied
945,5512,Female,Multiracial,40,25-60,97594.35,730,388959,Full-time,Graduate,Citizen,Fluent,No,No,Working Class Urban,Approved
946,9674,Female,Hispanic,22,Under 25,97972.62,671,423046,Full-time,Some College,Citizen,Limited,No,No,Urban Professional,Denied
947,5245,Female,White,36,25-60,346389.22,775,210367,Full-time,Graduate,Citizen,Fluent,No,No,High-income Suburban,Approved
948,1073,Male,Asian,44,25-60,224965.1,681,170461,Full-time,Graduate,Citizen,Fluent,No,No,High-income Suburban,Approved
949,7344,Female,White,50,25-60,218503.69,737,102067,Full-time,Graduate,Citizen,Fluent,No,No,Urban Professional,Approved
950,4989,Male,White,29,25-60,90504.05,654,169162,Full-time,High School,Citizen,Fluent,Yes,Yes,Urban Professional,Denied
951,8126,Male,Black,37,25-60,67175.42,629,186021,Full-time,High School,Permanent Resident,Limited,Yes,No,Urban Professional,Denied
952,3014,Male,White,53,25-60,103887.01,713,73740,Full-time,Some College,Citizen,Fluent,No,No,High-income Suburban,Approved
953,3029,Female,White,63,Over 60,212981.18,776,233393,Self-employed,Bachelor's,Citizen,Fluent,No,No,High-income Suburban,Approved
954,4101,Male,White,32,25-60,44651.8,630,326973,Full-time,Some College,Citizen,Fluent,No,Yes,Working Class Urban,Denied
955,6150,Female,Hispanic,25,25-60,170381.19,750,355364,Full-time,Bachelor's,Citizen,Fluent,No,No,Urban Professional,Approved
956,3462,Male,White,48,25-60,107638.35,693,56299,Full-time,High School,Citizen,Limited,Yes,No,High-income Suburban,Approved
957,7549,Female,White,20,Under 25,283807.87,670,287837,Full-time,Graduate,Citizen,Fluent,No,No,High-income Suburban,Approved
958,4263,Female,Black,60,25-60,82957.61,726,391419,Part-time,Some College,Citizen,Fluent,No,No,Urban Professional,Approved
959,205,Female,Asian,25,25-60,22570.49,577,184188,Full-time,High School,Citizen,Limited,No,No,Working Class Urban,Denied
960,5483,Male,White,40,25-60,65551.18,658,141110,Full-time,High School,Citizen,Fluent,No,No,Urban Professional,Denied
961,1997,Male,Black,54,25-60,44080.8,658,75741,Full-time,High School,Citizen,Fluent,No,No,Working Class Urban,Denied
962,4445,Male,White,47,25-60,44299.28,656,235129,Part-time,High School,Citizen,Fluent,No,No,Working Class Urban,Denied
963,6728,Female,Hispanic,54,25-60,76115.5,654,229970,Full-time,High School,Citizen,Fluent,No,No,Urban Professional,Denied
964,2729,Male,Hispanic,33,25-60,58265.8,676,295640,Full-time,High School,Visa Holder,Limited,No,No,Urban Professional,Approved
965,1123,Female,White,33,25-60,177204.64,652,244690,Self-employed,Graduate,Visa Holder,Limited,Yes,No,Urban Professional,Approved
966,3596,Male,Asian,21,Under 25,119225.49,643,264288,Self-employed,High School,Citizen,Fluent,No,No,Urban Professional,Denied
967,6814,Female,White,50,25-60,159200.8,715,133699,Gig,Some College,Permanent Resident,Fluent,No,No,High-income Suburban,Approved
968,8650,Male,Hispanic,59,25-60,63591.45,565,91938,Full-time,High School,Citizen,Fluent,No,Yes,Urban Professional,Denied
969,3995,Male,White,57,25-60,81000.11,776,154039,Gig,Bachelor's,Citizen,Fluent,No,No,Rural,Approved
970,2463,Female,White,41,25-60,127838.64,681,424894,Full-time,Some College,Citizen,Fluent,No,No,High-income Suburban,Approved
971,460,Male,White,67,Over 60,80549.26,787,366176,Part-time,Some College,Citizen,Limited,No,No,High-income Suburban,Approved
972,7885,Male,White,78,Over 60,116085.77,749,215929,Gig,Some College,Citizen,Fluent,No,No,Urban Professional,Approved
973,3773,Male,Hispanic,56,25-60,75529.24,699,415332,Self-employed,Some College,Permanent Resident,Limited,Yes,No,Urban Professional,Approved
974,6952,Male,White,19,Under 25,57454.43,567,273461,Self-employed,High School,Citizen,Fluent,No,Yes,Urban Professional,Denied
975,9004,Male,White,19,Under 25,78678.93,599,181302,Full-time,Graduate,Citizen,Fluent,No,No,Historically Redlined,Denied
976,3734,Male,White,30,25-60,92005.47,681,239003,Full-time,Graduate,Citizen,Fluent,No,No,Historically Redlined,Approved
977,3818,Female,White,65,Over 60,114986.4,776,86927,Full-time,Graduate,Citizen,Fluent,No,No,Working Class Urban,Approved
978,7362,Male,White,38,25-60,51475.92,663,166495,Gig,Some College,Citizen,Fluent,No,No,Working Class Urban,Denied
979,6223,Female,Black,72,Over 60,75137.61,699,248985,Part-time,Some College,Citizen,Limited,No,No,High-income Suburban,Approved
980,9601,Male,Black,59,25-60,86522.13,713,387585,Full-time,Graduate,Citizen,Limited,No,No,Working Class Urban,Approved
981,560,Male,Black,21,Under 25,68623.14,598,248968,Part-time,Bachelor's,Citizen,Limited,No,No,Working Class Urban,Denied
982,7139,Male,Black,70,Over 60,37394.84,675,353112,Part-time,High School,Visa Holder,Fluent,No,No,Working Class Urban,Approved
983,3713,Male,Asian,79,Over 60,218404.78,748,339849,Full-time,Graduate,Citizen,Limited,No,No,High-income Suburban,Approved
984,3962,Male,Black,61,Over 60,38484.17,632,345238,Full-time,Some College,Citizen,Fluent,No,No,Working Class Urban,Denied
985,4354,Male,Hispanic,75,Over 60,84440.65,776,402785,Full-time,Some College,Citizen,Fluent,No,No,Urban Professional,Approved
986,1734,Male,Hispanic,81,Over 60,93194.18,793,129522,Gig,Bachelor's,Citizen,Fluent,No,No,Working Class Urban,Approved
987,7968,Male,Black,39,25-60,63104.55,616,419420,Full-time,Some College,Citizen,Fluent,No,No,Working Class Urban,Denied
988,9832,Female,White,18,Under 25,68352.11,560,229283,Full-time,Bachelor's,Visa Holder,Fluent,No,No,Historically Redlined,Denied
989,1680,Female,White,42,25-60,111715.3,729,173153,Full-time,Graduate,Citizen,Fluent,No,No,Working Class Urban,Approved
990,5972,Female,Black,55,25-60,21840.57,556,160221,Full-time,High School,Citizen,Limited,No,Yes,Working Class Urban,Denied
991,6642,Female,White,50,25-60,66872.4,681,62185,Part-time,Bachelor's,Permanent Resident,Fluent,No,No,Working Class Urban,Approved
992,6574,Female,White,33,25-60,41030.9,673,389747,Self-employed,Some College,Citizen,Fluent,No,No,Rural,Denied
993,9901,Male,Hispanic,32,25-60,108086.97,725,220013,Full-time,Some College,Citizen,Fluent,No,No,Urban Professional,Approved
994,4162,Male,White,70,Over 60,121154.87,751,299509,Full-time,High School,Citizen,Fluent,No,No,High-income Suburban,Approved
995,9303,Female,Hispanic,41,25-60,139242.82,710,409732,Full-time,Graduate,Citizen,Fluent,No,No,Working Class Urban,Approved
996,9297,Female,Black,79,Over 60,44115.01,698,219393,Full-time,Some College,Citizen,Fluent,No,No,Working Class Urban,Denied
997,7066,Female,White,34,25-60,38402.58,660,359276,Full-time,Graduate,Permanent Resident,Fluent,No,No,Rural,Denied
998,9627,Female,White,22,Under 25,262103.49,668,206690,Full-time,Graduate,Citizen,Fluent,No,No,Urban Professional,Approved
999,587,Female,White,70,Over 60,56813.06,744,295396,Self-employed,High School,Citizen,Limited,No,No,Urban Professional,Approved
1000,1373,Female,White,72,Over 60,48478.65,687,228294,Full-time,Some College,Citizen,Fluent,No,No,Historically Redlined,Approved
1001,5785,Female,White,80,Over 60,75822.43,740,272022,Full-time,Graduate,Citizen,Fluent,No,No,Working Class Urban,Approved
1002,4550,Female,White,48,25-60,218559.64,715,134909,Full-time,Graduate,Citizen,Fluent,Yes,No,Urban Professional,Approved
1003,6981,Male,White,19,Under 25,57579.49,601,441714,Full-time,High School,Permanent Resident,Fluent,No,No,Working Class Urban,Approved
1004,2135,Female,White,36,25-60,221162.85,783,362569,Full-time,Graduate,Citizen,Fluent,No,No,High-income Suburban,Approved
1005,6676,Female,Black,25,25-60,49070.59,586,447257,Self-employed,High School,Citizen,Fluent,No,No,Rural,Denied
1006,5441,Female,White,59,25-60,110444.09,692,133432,Part-time,Some College,Citizen,Fluent,No,Yes,High-income Suburban,Approved
1007,2617,Male,Black,35,25-60,138944.88,728,123462,Self-employed,Some College,Citizen,Fluent,No,No,High-income Suburban,Approved
1008,1103,Female,White,25,25-60,125135.12,737,113897,Part-time,High School,Citizen,Fluent,No,No,Urban Professional,Approved
1009,783,Female,White,39,25-60,37076.93,687,138053,Full-time,Some College,Citizen,Limited,Yes,No,Working Class Urban,Approved
1010,5784,Male,Black,38,25-60,163191.14,683,265970,Full-time,Bachelor's,Citizen,Fluent,No,No,Urban Professional,Approved
1011,9188,Male,White,70,Over 60,65717.15,705,266596,Full-time,Graduate,Citizen,Limited,No,No,Rural,Denied
1012,4298,Female,Black,33,25-60,47573.35,684,317653,Full-time,Some College,Citizen,Fluent,No,No,Working Class Urban,Approved
1013,7540,Male,Hispanic,32,25-60,39984.96,662,96933,Full-time,High School,Citizen,Fluent,No,No,Working Class Urban,Denied
1014,5251,Male,White,73,Over 60,32306.14,690,366025,Full-time,High School,Citizen,Fluent,No,No,Historically Redlined,Denied
1015,6697,Female,Hispanic,41,25-60,43081.81,663,218349,Full-time,High School,Citizen,Fluent,Yes,No,Historically Redlined,Denied
1016,7195,Male,White,30,25-60,140691.1,705,364555,Part-time,Some College,Citizen,Fluent,No,No,High-income Suburban,Approved
1017,6361,Male,Hispanic,71,Over 60,87895.26,784,248707,Full-time,High School,Citizen,Fluent,No,No,Urban Professional,Approved
1018,588,Female,Hispanic,71,Over 60,109231.27,758,329702,Full-time,High School,Citizen,Fluent,No,No,High-income Suburban,Approved
1019,2400,Male,White,34,25-60,149174.8,682,120130,Full-time,Some College,Citizen,Fluent,No,No,High-income Suburban,Approved
1020,3956,Female,White,54,25-60,101405.18,702,424769,Gig,High School,Citizen,Fluent,No,No,High-income Suburban,Approved
1021,2992,Male,White,35,25-60,43560.89,616,175962,Self-employed,High School,Citizen,Fluent,No,No,Rural,Denied
1022,3512,Male,Hispanic,28,25-60,58965.21,699,132428,Gig,Some College,Citizen,Fluent,No,No,Working Class Urban,Approved
1023,6992,Male,White,56,25-60,121109.65,695,132896,Part-time,Some College,Citizen,Fluent,No,No,Urban Professional,Approved
1024,7416,Female,White,71,Over 60,38854.11,696,297138,Full-time,High School,Citizen,Fluent,No,No,Rural,Denied
1025,665,Male,White,53,25-60,29738.11,603,430581,Full-time,High School,Citizen,Fluent,No,No,Historically Redlined,Denied
1026,6387,Female,Hispanic,41,25-60,43353.84,608,275081,Full-time,High School,Citizen,Fluent,No,No,Working Class Urban,Denied
1027,3336,Male,White,44,25-60,266375.29,742,384500,Part-time,Graduate,Citizen,Fluent,No,No,Urban Professional,Approved
1028,7615,Female,White,39,25-60,41314.11,657,315811,Self-employed,Some College,Citizen,Fluent,No,No,Historically Redlined,Approved
1029,6319,Female,White,66,Over 60,75095.84,754,252142,Full-time,Some College,Citizen,Limited,No,No,Urban Professional,Approved
1030,9879,Male,Black,54,25-60,24053.19,610,329968,Part-time,High School,Citizen,Fluent,No,No,Working Class Urban,Denied
1031,7965,Male,White,38,25-60,84692.17,723,298649,Full-time,Some College,Citizen,Fluent,No,No,High-income Suburban,Approved
1032,1484,Female,White,69,Over 60,86755.38,761,274940,Full-time,Bachelor's,Citizen,Fluent,No,No,Working Class Urban,Approved
1033,1979,Male,White,81,Over 60,122027.27,770,84411,Full-time,Graduate,Citizen,Fluent,No,No,Historically Redlined,Approved
1034,8127,Female,White,82,Over 60,85319.61,751,340256,Gig,Some College,Citizen,Fluent,No,No,High-income Suburban,Approved
1035,982,Female,White,50,25-60,109520.63,719,338133,Full-time,Some College,Citizen,Fluent,Yes,No,Urban Professional,Approved
1036,2462,Male,White,79,Over 60,50992.03,735,59022,Gig,Some College,Citizen,Fluent,No,No,Rural,Denied
1037,9853,Female,White,33,25-60,101138.15,718,421116,Full-time,High School,Citizen,Fluent,No,No,Urban Professional,Approved
1038,5672,Female,White,71,Over 60,124165.16,775,300619,Full-time,Some College,Permanent Resident,Fluent,No,No,Urban Professional,Approved
1039,2432,Female,White,30,25-60,55380.97,677,354805,Full-time,Some College,Citizen,Fluent,No,No,Working Class Urban,Approved
1040,8588,Male,Hispanic,73,Over 60,63386.65,698,300542,Full-time,High School,Citizen,Limited,No,Yes,High-income Suburban,Denied
1041,854,Male,White,71,Over 60,95886.08,735,67242,Full-time,Some College,Citizen,Fluent,Yes,No,Urban Professional,Denied
1042,5901,Female,Black,41,25-60,11770.92,549,229239,Full-time,High School,Citizen,Limited,No,Yes,Rural,Denied
1043,6753,Male,Asian,48,25-60,84896.16,700,395958,Full-time,High School,Citizen,Fluent,No,No,Urban Professional,Approved
1044,4644,Male,White,46,25-60,114825.88,742,254685,Full-time,Graduate,Citizen,Fluent,No,No,Working Class Urban,Approved
1045,1619,Female,Native American,46,25-60,62180.71,654,225766,Gig,Bachelor's,Citizen,Fluent,No,No,Rural,Denied
1046,2303,Male,White,64,Over 60,58900.17,723,385364,Full-time,Some College,Citizen,Fluent,No,No,Working Class Urban,Approved
1047,5541,Female,White,33,25-60,128082.17,689,130000,Full-time,Graduate,Citizen,Limited,No,Yes,High-income Suburban,Approved
1048,3971,Female,Black,24,Under 25,113217.03,617,279643,Full-time,Some College,Citizen,Fluent,Yes,Yes,High-income Suburban,Denied
1049,1236,Male,White,28,25-60,53333.53,706,137827,Full-time,Some College,Citizen,Fluent,No,No,Working Class Urban,Denied
1050,2697,Female,White,72,Over 60,41904.34,714,293914,Gig,Some College,Citizen,Fluent,No,No,Rural,Approved
1051,4275,Male,White,49,25-60,120071.55,692,361812,Unemployed,Some College,Citizen,Fluent,No,No,Urban Professional,Approved
1052,5872,Male,White,77,Over 60,51950.59,744,325357,Full-time,Bachelor's,Citizen,Limited,No,No,Working Class Urban,Approved
1053,7453,Male,Black,19,Under 25,226475.01,661,186188,Self-employed,Bachelor's,Citizen,Fluent,No,No,High-income Suburban,Denied
1054,931,Male,White,67,Over 60,108638.13,757,398509,Full-time,Some College,Citizen,Fluent,Yes,No,Urban Professional,Approved
1055,5262,Female,White,63,Over 60,106910.3,802,263128,Full-time,High School,Citizen,Fluent,No,No,High-income Suburban,Approved
1056,5430,Male,White,80,Over 60,52931.93,770,93742,Full-time,Some College,Citizen,Fluent,No,No,Working Class Urban,Approved
1057,1345,Male,White,63,Over 60,77290.43,724,183304,Unemployed,High School,Citizen,Fluent,No,No,High-income Suburban,Approved
1058,7915,Female,Black,36,25-60,91186.31,668,255515,Full-time,Bachelor's,Citizen,Fluent,Yes,No,Rural,Denied
1059,432,Female,Asian,46,25-60,45645.78,699,204301,Part-time,Some College,Citizen,Fluent,No,No,Working Class Urban,Denied
1060,5142,Non-binary,White,80,Over 60,254891.89,717,330359,Full-time,Graduate,Permanent Resident,Limited,No,No,High-income Suburban,Approved
1061,212,Male,White,45,25-60,98878.96,722,364797,Part-time,Some College,Citizen,Fluent,No,No,Urban Professional,Approved
1062,5207,Female,White,68,Over 60,50678.78,746,248163,Full-time,High School,Citizen,Limited,No,No,Urban Professional,Approved
1063,9784,Female,White,82,Over 60,263746.82,837,401786,Full-time,Graduate,Citizen,Fluent,No,No,High-income Suburban,Approved
1064,8182,Female,White,57,25-60,45046.66,700,213688,Full-time,High School,Citizen,Fluent,No,No,Working Class Urban,Denied
1065,8839,Male,White,56,25-60,14865.97,554,418503,Part-time,High School,Citizen,Limited,No,Yes,Working Class Urban,Denied
1066,6300,Female,White,73,Over 60,43226.28,740,188752,Full-time,Bachelor's,Citizen,Limited,No,No,Working Class Urban,Approved
1067,9391,Non-binary,Hispanic,30,25-60,115396.76,700,182166,Full-time,Graduate,Citizen,Limited,No,No,High-income Suburban,Approved
1068,3347,Female,White,80,Over 60,100518.6,779,308345,Full-time,High School,Citizen,Fluent,No,No,Urban Professional,Approved
1069,4983,Female,White,77,Over 60,165109.24,741,282720,Gig,Graduate,Citizen,Limited,No,No,Urban Professional,Approved
1070,8753,Male,Native American,71,Over 60,101856.55,759,91921,Full-time,Bachelor's,Citizen,Fluent,No,No,Working Class Urban,Approved
1071,676,Male,Black,33,25-60,73937.22,716,211154,Full-time,Bachelor's,Permanent Resident,Fluent,No,No,Working Class Urban,Approved
1072,9680,Male,Black,77,Over 60,35537.39,737,193025,Full-time,High School,Citizen,Fluent,Yes,No,Rural,Approved
1073,7967,Male,White,48,25-60,60828.21,671,397098,Full-time,Bachelor's,Citizen,Limited,No,No,Working Class Urban,Approved
1074,627,Male,Hispanic,54,25-60,77392.16,698,274387,Full-time,Bachelor's,Citizen,Fluent,No,No,Rural,Approved
1075,2541,Male,Multiracial,28,25-60,48023.79,662,220765,Self-employed,Bachelor's,Citizen,Fluent,No,No,Rural,Approved
1076,3053,Female,Multiracial,29,25-60,87532.8,679,411324,Self-employed,Bachelor's,Citizen,Limited,Yes,Yes,Urban Professional,Approved
1077,404,Male,Hispanic,55,25-60,75067.89,631,413444,Full-time,Bachelor's,Citizen,Fluent,No,No,Working Class Urban,Denied
1078,7493,Female,White,79,Over 60,77823.48,755,332342,Full-time,Graduate,Citizen,Fluent,No,No,Historically Redlined,Approved
1079,4250,Male,Hispanic,75,Over 60,94548.76,723,247828,Full-time,Some College,Citizen,Limited,No,No,High-income Suburban,Approved
1080,6670,Male,White,75,Over 60,32337.79,679,266776,Full-time,High School,Citizen,Fluent,No,No,Historically Redlined,Denied
1081,655,Female,Asian,24,Under 25,314489.31,669,438140,Full-time,Graduate,Citizen,Fluent,No,No,High-income Suburban,Denied
1082,6176,Female,White,57,25-60,59498.42,688,360082,Full-time,Some College,Citizen,Fluent,No,No,Working Class Urban,Denied
1083,3919,Female,White,62,Over 60,129517.36,734,427665,Full-time,Some College,Citizen,Fluent,No,No,High-income Suburban,Approved
1084,1641,Male,Asian,33,25-60,91302.76,754,72428,Full-time,Graduate,Citizen,Fluent,No,No,Rural,Approved
1085,7821,Female,White,60,25-60,62435.01,689,302009,Gig,Some College,Citizen,Fluent,No,No,Working Class Urban,Denied
1086,983,Male,Hispanic,79,Over 60,97830.44,790,340433,Full-time,Graduate,Citizen,Fluent,No,No,Working Class Urban,Approved
1087,3977,Female,White,30,25-60,94906.08,659,386736,Part-time,High School,Citizen,Fluent,No,No,Urban Professional,Approved
1088,7780,Female,White,42,25-60,200116.78,745,315244,Part-time,Graduate,Permanent Resident,Limited,No,No,Urban Professional,Approved
1089,2094,Male,Black,54,25-60,22515.5,598,96240,Full-time,High School,Citizen,Fluent,No,Yes,Working Class Urban,Denied
1090,4722,Male,White,30,25-60,191887.7,709,434639,Full-time,Bachelor's,Citizen,Fluent,No,No,Urban Professional,Approved
1091,1705,Male,Black,65,Over 60,38987.58,743,295554,Full-time,Some College,Citizen,Fluent,No,No,Rural,Approved
1092,9960,Male,Asian,53,25-60,168394.6,740,399342,Part-time,Bachelor's,Citizen,Fluent,No,No,High-income Suburban,Approved
1093,5547,Female,Hispanic,73,Over 60,169537.63,742,346789,Full-time,Bachelor's,Citizen,Fluent,No,No,Urban Professional,Approved
1094,7074,Female,White,21,Under 25,104104.76,651,161397,Part-time,High School,Citizen,Fluent,Yes,No,Urban Professional,Approved
1095,3954,Female,White,27,25-60,228523.28,711,351214,Part-time,Graduate,Citizen,Limited,No,No,High-income Suburban,Approved
1096,3260,Female,White,66,Over 60,47572.93,713,382684,Full-time,High School,Permanent Resident,Fluent,No,No,Working Class Urban,Approved
1097,4094,Male,Asian,34,25-60,99009.76,716,198408,Full-time,Graduate,Citizen,Fluent,No,No,Rural,Approved
1098,4227,Male,Hispanic,58,25-60,47774.37,733,155090,Full-time,High School,Permanent Resident,Fluent,No,No,Working Class Urban,Approved
1099,9558,Male,Black,27,25-60,48780.81,644,399666,Full-time,Some College,Permanent Resident,Fluent,Yes,No,Historically Redlined,Denied
1100,9044,Female,White,51,25-60,29378.17,579,250244,Gig,Some College,Citizen,Limited,No,No,Rural,Denied
1101,1204,Female,Black,24,Under 25,62141.4,588,94898,Full-time,Some College,Citizen,Fluent,Yes,Yes,Urban Professional,Denied
1102,6165,Female,White,70,Over 60,107503.41,778,109704,Full-time,Graduate,Citizen,Fluent,No,No,Rural,Approved
1103,500,Female,White,44,25-60,62993.33,643,424190,Full-time,High School,Citizen,Limited,Yes,No,Urban Professional,Approved
1104,4691,Male,White,55,25-60,71160.66,595,105885,Full-time,Bachelor's,Citizen,Fluent,No,No,Historically Redlined,Approved
1105,5687,Female,White,55,25-60,66600.24,680,297230,Full-time,Graduate,Visa Holder,Fluent,No,No,Rural,Denied
1106,8972,Male,Hispanic,73,Over 60,144918.21,755,354233,Full-time,Bachelor's,Visa Holder,Fluent,No,No,Urban Professional,Approved
1107,628,Male,White,71,Over 60,65302.44,654,416746,Full-time,Bachelor's,Permanent Resident,Fluent,No,No,Historically Redlined,Approved
1108,8320,Female,White,74,Over 60,64468.5,716,411012,Part-time,Some College,Citizen,Fluent,No,No,Working Class Urban,Approved
1109,3002,Male,Hispanic,27,25-60,65028.51,720,151532,Unemployed,Bachelor's,Citizen,Fluent,No,No,Working Class Urban,Denied
1110,5911,Male,White,53,25-60,69875.73,657,136937,Full-time,High School,Citizen,Fluent,No,No,High-income Suburban,Denied
1111,3916,Non-binary,White,63,Over 60,86647.87,703,235091,Gig,Some College,Citizen,Fluent,No,No,Urban Professional,Denied
1112,7385,Male,Hispanic,44,25-60,39914.11,682,382486,Full-time,High School,Permanent Resident,Fluent,No,No,Working Class Urban,Denied
1113,2539,Male,Hispanic,73,Over 60,30041.31,633,209922,Full-time,Some College,Citizen,Fluent,No,No,Working Class Urban,Denied
1114,3116,Female,Black,46,25-60,51923.89,620,76424,Full-time,High School,Citizen,Fluent,No,No,Working Class Urban,Denied
1115,7418,Female,White,52,25-60,150849.37,723,121749,Full-time,Some College,Citizen,Fluent,No,No,High-income Suburban,Approved
1116,3299,Male,Black,30,25-60,112143.56,732,258235,Gig,Some College,Citizen,Fluent,Yes,No,Urban Professional,Approved
1117,6071,Male,White,59,25-60,127839.11,715,305600,Part-time,Some College,Permanent Resident,Fluent,No,No,Urban Professional,Approved
1118,8825,Male,White,68,Over 60,56306.66,715,353917,Full-time,High School,Permanent Resident,Fluent,No,No,Working Class Urban,Approved
1119,1087,Female,Hispanic,50,25-60,101637.79,693,243159,Full-time,High School,Citizen,Fluent,No,No,High-income Suburban,Approved
1120,2505,Male,White,31,25-60,33475.5,530,370127,Part-time,Some College,Citizen,Fluent,No,Yes,Rural,Denied
1121,5507,Male,White,53,25-60,182507.85,758,65974,Full-time,Bachelor's,Citizen,Fluent,Yes,No,High-income Suburban,Approved
1122,7011,Female,Black,75,Over 60,157511.24,797,139498,Full-time,Bachelor's,Citizen,Fluent,Yes,No,Urban Professional,Approved
1123,9488,Female,White,48,25-60,166890.36,703,92066,Full-time,Some College,Citizen,Fluent,No,No,High-income Suburban,Approved
1124,3733,Female,White,54,25-60,70740.97,642,68815,Part-time,Some College,Citizen,Limited,Yes,No,Urban Professional,Approved
1125,2809,Male,Hispanic,57,25-60,100910.57,684,358313,Self-employed,Graduate,Citizen,Fluent,Yes,No,Historically Redlined,Approved
1126,3099,Male,Black,75,Over 60,26489.48,691,340228,Full-time,Some College,Citizen,Limited,Yes,No,Historically Redlined,Denied
1127,6752,Female,White,47,25-60,22296.1,605,424617,Part-time,High School,Citizen,Limited,No,No,Rural,Denied
1128,6605,Female,White,62,Over 60,271028.48,813,380122,Part-time,Graduate,Citizen,Fluent,No,No,High-income Suburban,Approved
1129,9337,Female,White,43,25-60,32228.44,596,102506,Full-time,Some College,Citizen,Limited,No,No,Historically Redlined,Denied
1130,1700,Female,Hispanic,30,25-60,78653.99,689,340131,Self-employed,Bachelor's,Citizen,Fluent,No,No,Historically Redlined,Approved
1131,3253,Male,White,19,Under 25,38740.22,620,171415,Full-time,High School,Citizen,Fluent,No,No,Working Class Urban,Approved
1132,4332,Male,Hispanic,47,25-60,115099.46,761,159043,Full-time,High School,Citizen,Fluent,No,No,Urban Professional,Approved
1133,3159,Non-binary,White,82,Over 60,70371.83,693,228756,Full-time,High School,Citizen,Limited,No,No,High-income Suburban,Approved
1134,7553,Male,Black,37,25-60,133909.46,761,258205,Full-time,High School,Citizen,Fluent,No,No,High-income Suburban,Approved
1135,4147,Female,White,58,25-60,144805.57,742,123595,Full-time,Some College,Citizen,Fluent,No,No,High-income Suburban,Approved
1136,4213,Non-binary,White,54,25-60,60212.78,644,372331,Part-time,Bachelor's,Citizen,Limited,No,No,Working Class Urban,Denied
1137,354,Female,Native American,75,Over 60,42706.21,717,403381,Full-time,Some College,Citizen,Fluent,No,No,Working Class Urban,Approved
1138,2154,Female,Hispanic,29,25-60,252588.71,734,150468,Full-time,Graduate,Visa Holder,Fluent,No,No,Urban Professional,Approved
1139,7129,Female,White,26,25-60,30154.04,582,143453,Gig,High School,Citizen,Fluent,No,No,Historically Redlined,Denied
1140,7983,Female,Hispanic,45,25-60,52835.86,635,382314,Full-time,High School,Citizen,Fluent,No,No,Working Class Urban,Denied
1141,5217,Female,Black,29,25-60,47501.58,702,436773,Gig,High School,Citizen,Fluent,No,No,Working Class Urban,Approved
1142,123,Male,White,50,25-60,50551.73,685,85294,Full-time,Some College,Visa Holder,Fluent,No,No,Working Class Urban,Approved
1143,9864,Male,Native American,33,25-60,44037.93,645,387411,Gig,Some College,Citizen,Fluent,No,No,Working Class Urban,Denied
1144,2720,Male,White,38,25-60,118364.66,697,107978,Full-time,Some College,Citizen,Fluent,No,No,High-income Suburban,Approved
1145,5319,Male,Black,47,25-60,41861.05,706,413982,Full-time,Some College,Citizen,Fluent,Yes,No,Rural,Approved
1146,4181,Female,White,48,25-60,70656.82,695,439169,Full-time,Bachelor's,Citizen,Fluent,Yes,No,Rural,Approved
1147,5593,Male,White,40,25-60,81148.28,744,275971,Full-time,Graduate,Citizen,Fluent,No,No,Rural,Approved
1148,119,Male,White,32,25-60,33998.64,590,101397,Part-time,High School,Citizen,Fluent,No,No,Rural,Denied
1149,3244,Female,White,75,Over 60,23448.77,629,50613,Full-time,High School,Citizen,Limited,No,Yes,Working Class Urban,Denied
1150,3082,Male,White,70,Over 60,236937.72,732,416581,Full-time,Graduate,Citizen,Fluent,No,No,Urban Professional,Approved
1151,8401,Male,White,79,Over 60,43391.2,759,279842,Part-time,Some College,Citizen,Fluent,No,No,Rural,Approved
1152,9759,Male,White,41,25-60,40583.9,650,192223,Full-time,High School,Citizen,Fluent,Yes,No,Working Class Urban,Denied
1153,9290,Female,White,78,Over 60,43715.16,680,53032,Full-time,High School,Permanent Resident,Limited,No,No,Working Class Urban,Denied
1154,8886,Female,White,20,Under 25,140830.54,688,138960,Full-time,Some College,Citizen,Fluent,No,No,Urban Professional,Approved
1155,3565,Male,Black,22,Under 25,18361.27,560,407779,Full-time,High School,Citizen,Limited,No,No,Historically Redlined,Denied
1156,3775,Male,White,72,Over 60,50953.03,773,433190,Full-time,Some College,Citizen,Fluent,No,No,Rural,Approved
1157,1068,Male,White,18,Under 25,152213.94,604,306120,Gig,Some College,Citizen,Fluent,No,No,Urban Professional,Denied
1158,9943,Female,Hispanic,42,25-60,54699.07,600,133718,Part-time,Some College,Citizen,Fluent,No,No,Working Class Urban,Denied
1159,5648,Female,White,44,25-60,159464.02,727,376416,Full-time,Some College,Citizen,Fluent,No,No,High-income Suburban,Approved
1160,4878,Male,Hispanic,66,Over 60,95979.09,738,54745,Full-time,High School,Citizen,Fluent,No,No,Urban Professional,Denied
1161,8505,Female,White,30,25-60,174310.15,749,365355,Full-time,Some College,Citizen,Fluent,Yes,No,High-income Suburban,Approved
1162,3716,Female,White,31,25-60,128236.69,685,98270,Part-time,Some College,Citizen,Fluent,No,No,Urban Professional,Approved
1163,153,Female,White,73,Over 60,40104.76,690,180564,Full-time,High School,Citizen,Limited,No,No,Working Class Urban,Denied
1164,9370,Male,White,47,25-60,282493.15,760,150056,Full-time,Graduate,Citizen,Fluent,No,No,High-income Suburban,Approved
1165,6226,Male,White,34,25-60,86863.5,724,333019,Full-time,Bachelor's,Citizen,Fluent,No,No,Working Class Urban,Approved
1166,9752,Male,White,58,25-60,55243.2,654,218800,Full-time,Some College,Citizen,Fluent,No,No,Rural,Denied
1167,5727,Female,Hispanic,37,25-60,106411.25,707,249607,Self-employed,High School,Citizen,Fluent,No,No,Urban Professional,Approved
1168,6115,Male,White,51,25-60,24643.48,656,373699,Full-time,High School,Permanent Resident,Fluent,No,Yes,Rural,Denied
1169,1715,Female,White,27,25-60,97860.4,747,282919,Full-time,Bachelor's,Citizen,Fluent,No,No,Working Class Urban,Approved
1170,9896,Female,Hispanic,40,25-60,83894.28,711,268397,Full-time,High School,Citizen,Fluent,Yes,No,Urban Professional,Denied
1171,5367,Male,White,77,Over 60,72849.57,728,339102,Part-time,Bachelor's,Citizen,Limited,No,No,Working Class Urban,Approved
1172,5686,Female,White,74,Over 60,51304.6,688,94002,Full-time,Some College,Citizen,Fluent,No,No,Historically Redlined,Denied
1173,7855,Male,Hispanic,50,25-60,46545.02,691,286373,Full-time,High School,Citizen,Fluent,No,No,Working Class Urban,Denied
1174,2780,Male,White,65,Over 60,215192.11,793,313735,Part-time,Bachelor's,Citizen,Fluent,Yes,No,High-income Suburban,Approved
1175,4930,Female,Hispanic,21,Under 25,49213.3,642,84002,Part-time,High School,Visa Holder,Fluent,No,No,Rural,Denied
1176,8940,Male,White,39,25-60,44636.15,649,115219,Full-time,High School,Citizen,Fluent,No,No,Rural,Approved
1177,6426,Male,White,60,25-60,77420.84,625,373854,Gig,High School,Citizen,Fluent,No,No,Urban Professional,Denied
1178,3016,Male,White,49,25-60,105841.7,747,244721,Part-time,Some College,Citizen,Fluent,No,No,Urban Professional,Approved
1179,7395,Female,White,78,Over 60,207150.0,776,433345,Full-time,Graduate,Permanent Resident,Fluent,No,No,High-income Suburban,Approved
1180,6791,Female,Black,78,Over 60,44787.87,733,334058,Full-time,High School,Citizen,Fluent,No,No,Working Class Urban,Approved
1181,7292,Female,White,29,25-60,62125.64,666,132468,Self-employed,Some College,Citizen,Fluent,No,No,Working Class Urban,Approved
1182,2999,Female,White,50,25-60,53306.85,711,198271,Full-time,Some College,Citizen,Fluent,No,No,Working Class Urban,Denied
1183,969,Female,White,47,25-60,49525.79,701,423703,Self-employed,High School,Citizen,Limited,No,No,High-income Suburban,Approved
1184,4425,Female,Black,22,Under 25,79040.28,538,134506,Full-time,Bachelor's,Citizen,Limited,No,No,Urban Professional,Denied
1185,7083,Male,Black,39,25-60,154530.83,767,232760,Full-time,Bachelor's,Permanent Resident,Fluent,Yes,No,Urban Professional,Approved
1186,8644,Female,Black,37,25-60,58362.9,645,52613,Part-time,Some College,Visa Holder,Fluent,No,No,Historically Redlined,Denied
1187,7970,Male,White,73,Over 60,76585.42,742,127551,Full-time,Bachelor's,Citizen,Fluent,No,No,Working Class Urban,Approved
1188,7394,Female,White,63,Over 60,108272.47,748,395665,Gig,High School,Citizen,Fluent,No,No,Urban Professional,Approved
1189,5206,Female,White,82,Over 60,92364.31,816,400533,Full-time,High School,Citizen,Fluent,No,No,High-income Suburban,Approved
1190,1252,Female,Black,72,Over 60,46463.0,699,164553,Gig,High School,Citizen,Fluent,No,No,Working Class Urban,Approved
1191,4594,Female,Hispanic,34,25-60,207549.83,768,429175,Full-time,Bachelor's,Citizen,Fluent,No,No,High-income Suburban,Approved
1192,3812,Female,White,68,Over 60,37495.0,668,359402,Gig,High School,Citizen,Fluent,Yes,No,Rural,Denied
1193,6803,Male,White,49,25-60,121742.18,680,376417,Self-employed,Graduate,Citizen,Fluent,No,No,Working Class Urban,Approved
1194,8136,Male,White,18,Under 25,43040.84,615,110970,Full-time,High School,Citizen,Fluent,No,No,Historically Redlined,Denied
1195,2297,Female,Asian,32,25-60,105336.56,705,276974,Full-time,Bachelor's,Citizen,Fluent,No,No,Historically Redlined,Approved
1196,8552,Female,White,61,Over 60,55104.03,716,182296,Gig,Some College,Citizen,Fluent,No,No,Working Class Urban,Approved
1197,5451,Male,Hispanic,23,Under 25,78660.42,570,391550,Full-time,High School,Citizen,Fluent,Yes,Yes,High-income Suburban,Denied
1198,7345,Female,White,69,Over 60,144498.22,806,377573,Full-time,Bachelor's,Citizen,Fluent,Yes,No,Urban Professional,Approved
1199,5405,Female,Black,43,25-60,35750.58,667,152624,Self-employed,High School,Citizen,Fluent,No,No,Working Class Urban,Approved
1200,6321,Female,Hispanic,39,25-60,38669.77,692,289218,Full-time,Some College,Visa Holder,Limited,No,No,Working Class Urban,Denied
1201,1443,Male,Black,40,25-60,53610.65,657,327447,Full-time,Some College,Permanent Resident,Fluent,Yes,No,Working Class Urban,Approved
1202,1996,Female,White,71,Over 60,246842.89,752,82431,Self-employed,Graduate,Citizen,Fluent,No,No,Urban Professional,Approved
1203,8406,Female,White,49,25-60,113069.13,673,435039,Gig,Some College,Permanent Resident,Limited,No,No,High-income Suburban,Approved
1204,6045,Female,White,34,25-60,217451.08,713,104129,Full-time,Bachelor's,Permanent Resident,Fluent,No,No,Urban Professional,Approved
1205,503,Female,White,47,25-60,99205.99,746,390637,Part-time,Some College,Citizen,Fluent,No,No,Urban Professional,Approved
1206,6611,Male,White,67,Over 60,81993.08,712,323302,Part-time,Bachelor's,Citizen,Fluent,No,No,Working Class Urban,Approved
1207,4343,Male,White,51,25-60,22622.01,633,52686,Full-time,High School,Citizen,Fluent,No,No,Historically Redlined,Denied
1208,9831,Female,Black,19,Under 25,97525.88,636,81623,Full-time,Graduate,Citizen,Limited,No,No,Working Class Urban,Approved
1209,5699,Male,White,78,Over 60,27447.02,631,159343,Part-time,Some College,Citizen,Fluent,Yes,Yes,Historically Redlined,Denied
1210,7263,Male,White,54,25-60,258319.34,724,242164,Full-time,Graduate,Citizen,Fluent,No,No,Urban Professional,Approved
1211,4361,Male,White,53,25-60,49528.98,695,442715,Full-time,High School,Citizen,Fluent,No,No,Working Class Urban,Denied
1212,4400,Female,White,53,25-60,62872.06,683,381185,Full-time,Bachelor's,Citizen,Fluent,No,No,Rural,Approved
1213,9312,Female,White,75,Over 60,78097.11,716,303850,Full-time,High School,Citizen,Limited,No,No,Urban Professional,Approved
1214,6592,Male,White,30,25-60,99533.19,689,322949,Full-time,Bachelor's,Citizen,Fluent,Yes,No,Working Class Urban,Denied
1215,9383,Female,Black,19,Under 25,121068.68,669,152088,Full-time,Some College,Permanent Resident,Fluent,No,No,Urban Professional,Approved
1216,9604,Female,Multiracial,26,25-60,134664.82,735,137030,Part-time,Some College,Citizen,Fluent,No,No,Urban Professional,Approved
1217,2119,Female,Black,76,Over 60,54375.79,713,96311,Gig,Some College,Citizen,Fluent,No,No,Rural,Approved
1218,9702,Female,White,68,Over 60,43187.49,695,277885,Full-time,High School,Citizen,Fluent,No,No,Working Class Urban,Approved
1219,3656,Female,Hispanic,20,Under 25,66165.38,644,63543,Full-time,Bachelor's,Citizen,Fluent,No,No,Historically Redlined,Approved
1220,6106,Male,Black,51,25-60,112389.71,698,431111,Self-employed,High School,Permanent Resident,Fluent,No,No,High-income Suburban,Approved
1221,8937,Female,White,38,25-60,59610.45,608,299814,Full-time,Bachelor's,Citizen,Limited,No,No,Working Class Urban,Approved
1222,1984,Male,White,37,25-60,69826.14,694,305553,Self-employed,High School,Citizen,Limited,No,No,Urban Professional,Denied
1223,8236,Male,White,38,25-60,52928.35,647,238759,Full-time,Some College,Visa Holder,Fluent,No,No,Historically Redlined,Denied
1224,9325,Male,White,38,25-60,151163.17,754,415538,Part-time,Bachelor's,Citizen,Fluent,No,No,Urban Professional,Approved
1225,7020,Male,White,55,25-60,39982.16,673,85641,Full-time,High School,Citizen,Fluent,No,No,Working Class Urban,Approved
1226,2286,Male,Black,68,Over 60,36131.15,774,396685,Self-employed,High School,Citizen,Limited,No,No,Working Class Urban,Approved
1227,5500,Male,Hispanic,72,Over 60,64968.03,719,164855,Full-time,Some College,Citizen,Fluent,No,No,Working Class Urban,Denied
1228,4542,Male,White,23,Under 25,108481.97,690,186426,Full-time,Graduate,Permanent Resident,Fluent,No,No,Working Class Urban,Approved
1229,9287,Male,Hispanic,66,Over 60,46150.23,741,56135,Full-time,High School,Permanent Resident,Fluent,No,No,Working Class Urban,Approved
1230,6646,Female,White,68,Over 60,175177.95,850,195521,Full-time,Bachelor's,Citizen,Fluent,No,No,High-income Suburban,Approved
1231,9679,Female,White,38,25-60,77370.52,679,54825,Full-time,Bachelor's,Citizen,Fluent,No,No,Historically Redlined,Approved
1232,6847,Female,White,31,25-60,79060.62,641,273902,Full-time,High School,Citizen,Fluent,No,No,Urban Professional,Approved
1233,9392,Female,Asian,74,Over 60,97958.6,759,279027,Self-employed,Graduate,Citizen,Fluent,No,No,Working Class Urban,Approved
1234,2846,Male,White,32,25-60,206579.37,727,79437,Full-time,Bachelor's,Citizen,Fluent,No,No,High-income Suburban,Approved
1235,9641,Male,White,63,Over 60,46176.39,653,391460,Full-time,High School,Citizen,Fluent,No,No,Working Class Urban,Approved
1236,9922,Male,White,49,25-60,310692.06,722,263800,Full-time,Graduate,Citizen,Fluent,No,No,High-income Suburban,Approved
1237,5619,Male,Hispanic,81,Over 60,48689.52,703,270803,Unemployed,Some College,Visa Holder,Fluent,No,No,Working Class Urban,Approved
1238,8051,Female,White,48,25-60,55898.35,657,114351,Full-time,High School,Citizen,Fluent,No,No,Working Class Urban,Approved
1239,617,Female,White,26,25-60,181265.57,744,398812,Full-time,Bachelor's,Permanent Resident,Fluent,No,No,Urban Professional,Approved
1240,411,Female,White,44,25-60,93521.08,708,159540,Full-time,Bachelor's,Citizen,Fluent,No,No,Working Class Urban,Approved
1241,8494,Female,White,31,25-60,286023.92,706,169233,Full-time,Graduate,Citizen,Fluent,Yes,No,High-income Suburban,Approved
1242,9944,Male,Black,65,Over 60,179716.43,788,329805,Full-time,Bachelor's,Citizen,Fluent,No,No,High-income Suburban,Approved
1243,9769,Female,White,53,25-60,141634.28,724,203307,Gig,Some College,Citizen,Fluent,No,No,Urban Professional,Approved
1244,2228,Female,White,65,Over 60,207280.05,749,276349,Gig,Graduate,Citizen,Fluent,No,No,Urban Professional,Approved
1245,3113,Male,Black,35,25-60,34057.07,576,377284,Self-employed,High School,Citizen,Fluent,No,No,Working Class Urban,Denied
1246,2431,Female,Hispanic,82,Over 60,42541.29,740,432564,Full-time,High School,Citizen,Fluent,No,No,Working Class Urban,Approved
1247,8390,Female,Hispanic,76,Over 60,111455.79,775,328859,Full-time,High School,Citizen,Fluent,No,No,Urban Professional,Approved
1248,3468,Male,Asian,65,Over 60,119114.41,836,87777,Full-time,Bachelor's,Citizen,Limited,Yes,No,High-income Suburban,Approved
1249,6272,Female,White,26,25-60,39625.3,658,250070,Full-time,Some College,Permanent Resident,Fluent,No,No,Rural,Denied
1250,5239,Female,White,64,Over 60,68497.71,705,124794,Full-time,Graduate,Citizen,Fluent,No,No,Working Class Urban,Denied
1251,3681,Female,White,19,Under 25,56883.54,608,168651,Full-time,Some College,Citizen,Fluent,Yes,No,Working Class Urban,Denied
1252,6729,Male,White,28,25-60,117061.03,704,356066,Gig,Some College,Permanent Resident,Fluent,No,No,High-income Suburban,Approved
1253,6469,Male,Black,22,Under 25,151524.36,602,255741,Full-time,Bachelor's,Citizen,Fluent,No,No,Urban Professional,Denied
1254,3316,Female,White,37,25-60,128158.14,669,422294,Part-time,Bachelor's,Citizen,Fluent,Yes,Yes,High-income Suburban,Denied
1255,4596,Male,Hispanic,28,25-60,16446.93,566,375005,Part-time,High School,Citizen,Fluent,No,Yes,Rural,Denied
1256,2833,Male,White,50,25-60,54367.35,677,324116,Full-time,Some College,Citizen,Limited,No,No,Urban Professional,Denied
1257,9823,Male,White,40,25-60,61151.29,654,221078,Full-time,Bachelor's,Citizen,Fluent,No,No,Rural,Denied
1258,5913,Female,Black,78,Over 60,63495.27,637,338056,Full-time,High School,Citizen,Fluent,No,Yes,High-income Suburban,Denied
1259,9291,Male,Black,79,Over 60,180335.4,779,246974,Full-time,Bachelor's,Citizen,Fluent,No,No,High-income Suburban,Approved
1260,6130,Female,White,47,25-60,58877.39,666,93483,Full-time,Bachelor's,Permanent Resident,Limited,No,No,Rural,Denied
1261,3833,Female,Hispanic,66,Over 60,42544.26,746,308874,Full-time,High School,Permanent Resident,Fluent,No,No,Historically Redlined,Approved
1262,210,Female,Hispanic,63,Over 60,142646.45,785,379925,Full-time,High School,Citizen,Fluent,No,No,High-income Suburban,Approved
1263,8454,Male,White,70,Over 60,109826.5,805,345445,Full-time,Some College,Visa Holder,Fluent,No,No,Urban Professional,Approved
1264,2443,Female,White,66,Over 60,44568.24,672,440210,Part-time,Bachelor's,Citizen,Fluent,No,Yes,Working Class Urban,Denied
1265,8393,Male,White,55,25-60,16957.87,574,79976,Part-time,High School,Citizen,Fluent,No,No,Historically Redlined,Denied
1266,2074,Male,White,51,25-60,109917.31,694,225946,Full-time,Graduate,Citizen,Fluent,No,No,Working Class Urban,Approved
1267,6304,Female,White,70,Over 60,267636.43,751,270129,Self-employed,Graduate,Citizen,Fluent,No,No,High-income Suburban,Approved
1268,7289,Female,White,46,25-60,329756.57,671,112271,Full-time,Graduate,Citizen,Fluent,Yes,No,Urban Professional,Approved
1269,9781,Male,White,25,25-60,64778.6,592,171055,Full-time,High School,Permanent Resident,Limited,Yes,No,Urban Professional,Denied
1270,7247,Female,White,34,25-60,29251.37,650,299644,Full-time,High School,Citizen,Fluent,No,No,Rural,Denied
1271,6072,Male,White,65,Over 60,121171.98,756,209021,Full-time,High School,Visa Holder,Fluent,No,No,High-income Suburban,Approved
1272,7330,Female,White,39,25-60,97118.55,735,393993,Full-time,Some College,Citizen,Fluent,No,No,Urban Professional,Denied
1273,3081,Female,White,25,25-60,105023.74,766,164319,Full-time,High School,Citizen,Fluent,No,No,High-income Suburban,Approved
1274,5018,Male,White,75,Over 60,34572.72,679,236269,Part-time,High School,Citizen,Fluent,No,No,Working Class Urban,Approved
1275,4449,Female,Hispanic,51,25-60,43244.26,653,173454,Full-time,High School,Citizen,Fluent,No,No,Historically Redlined,Denied
1276,3992,Male,Hispanic,39,25-60,135711.3,738,121250,Full-time,Some College,Citizen,Fluent,No,No,Urban Professional,Approved
1277,1773,Male,White,72,Over 60,53490.61,703,208981,Full-time,High School,Citizen,Fluent,No,No,Working Class Urban,Denied
1278,7351,Male,Hispanic,75,Over 60,82018.27,786,231823,Part-time,High School,Citizen,Fluent,No,Yes,Urban Professional,Approved
1279,3404,Female,White,36,25-60,44844.03,646,370295,Full-time,Bachelor's,Citizen,Limited,No,No,Rural,Denied
1280,6118,Male,Asian,20,Under 25,61373.69,570,249184,Full-time,Some College,Citizen,Fluent,No,No,Working Class Urban,Denied
1281,5678,Male,Hispanic,39,25-60,20791.73,600,315169,Part-time,High School,Citizen,Limited,No,No,Rural,Denied
1282,6050,Female,White,66,Over 60,265541.96,783,407960,Self-employed,Bachelor's,Permanent Resident,Fluent,No,No,High-income Suburban,Approved
1283,2353,Male,Black,57,25-60,143786.38,698,160231,Full-time,Some College,Citizen,Fluent,No,No,High-income Suburban,Approved
1284,3803,Male,Black,22,Under 25,55927.71,577,296355,Full-time,High School,Citizen,Limited,No,Yes,High-income Suburban,Denied
1285,8430,Female,Hispanic,37,25-60,158118.75,717,295901,Full-time,Some College,Citizen,Fluent,Yes,No,High-income Suburban,Approved
1286,1086,Male,White,44,25-60,52207.67,644,298153,Full-time,Bachelor's,Citizen,Limited,No,No,Working Class Urban,Denied
1287,2721,Female,White,62,Over 60,110020.74,787,272867,Self-employed,Some College,Citizen,Fluent,Yes,No,Urban Professional,Approved
1288,7768,Female,White,41,25-60,86458.61,721,201061,Full-time,Bachelor's,Citizen,Fluent,No,No,Rural,Approved
1289,6010,Male,Asian,29,25-60,60440.79,699,428478,Full-time,Graduate,Citizen,Fluent,Yes,No,Working Class Urban,Approved
1290,4003,Female,White,57,25-60,300064.75,801,212208,Self-employed,Graduate,Citizen,Fluent,No,No,High-income Suburban,Approved
1291,3990,Female,Hispanic,76,Over 60,190174.75,736,88899,Self-employed,Bachelor's,Citizen,Fluent,No,No,High-income Suburban,Approved
1292,9648,Female,Hispanic,32,25-60,95944.02,770,83568,Full-time,High School,Citizen,Fluent,No,No,High-income Suburban,Approved
1293,373,Female,White,54,25-60,82369.38,680,358362,Unemployed,Bachelor's,Permanent Resident,Fluent,Yes,No,Working Class Urban,Approved
1294,9136,Male,White,71,Over 60,128720.28,762,52589,Full-time,High School,Citizen,Fluent,No,No,High-income Suburban,Approved
1295,1276,Male,White,81,Over 60,122566.65,755,381014,Full-time,High School,Citizen,Fluent,No,No,High-income Suburban,Approved
1296,101,Male,White,43,25-60,130660.75,732,59993,Full-time,High School,Citizen,Fluent,No,No,High-income Suburban,Approved
1297,1393,Female,White,72,Over 60,190625.55,779,90468,Full-time,Graduate,Permanent Resident,Fluent,No,No,Urban Professional,Approved
1298,2305,Male,White,27,25-60,23613.52,571,169705,Full-time,High School,Citizen,Limited,No,Yes,Working Class Urban,Denied
1299,3531,Female,White,22,Under 25,33757.86,543,424998,Full-time,Some College,Citizen,Fluent,No,No,Historically Redlined,Denied
1300,6675,Male,White,55,25-60,96131.3,730,186186,Full-time,Some College,Citizen,Fluent,No,No,Urban Professional,Approved
1301,524,Male,Hispanic,42,25-60,72361.17,678,58348,Full-time,Some College,Citizen,Fluent,No,Yes,Urban Professional,Approved
1302,625,Female,White,23,Under 25,37233.85,522,236033,Full-time,High School,Citizen,Fluent,No,No,Historically Redlined,Denied
1303,3015,Male,White,19,Under 25,91684.86,733,93384,Full-time,High School,Citizen,Fluent,Yes,No,Urban Professional,Approved
1304,3768,Female,White,70,Over 60,150027.0,746,226372,Part-time,Bachelor's,Citizen,Limited,Yes,No,High-income Suburban,Approved
1305,1368,Female,Hispanic,40,25-60,62691.42,709,280408,Full-time,Some College,Citizen,Fluent,No,No,Working Class Urban,Approved
1306,896,Female,White,44,25-60,80951.97,682,305495,Full-time,High School,Citizen,Limited,No,No,High-income Suburban,Approved
1307,5999,Female,Hispanic,69,Over 60,64269.76,727,197888,Full-time,Some College,Citizen,Fluent,No,No,Working Class Urban,Approved
1308,2693,Male,White,52,25-60,181509.47,657,385931,Part-time,Graduate,Citizen,Fluent,No,Yes,High-income Suburban,Approved
1309,2388,Female,White,61,Over 60,21992.71,664,282120,Gig,Some College,Citizen,Limited,No,No,Working Class Urban,Denied
1310,4922,Female,Black,51,25-60,87434.35,683,92019,Full-time,High School,Visa Holder,Fluent,No,No,High-income Suburban,Approved
1311,1765,Male,Black,22,Under 25,72407.83,589,386645,Gig,Bachelor's,Citizen,Fluent,No,No,Working Class Urban,Denied
1312,2795,Female,White,58,25-60,83738.54,730,186228,Full-time,Graduate,Citizen,Limited,Yes,No,Working Class Urban,Approved
1313,1947,Male,Asian,26,25-60,85904.05,731,272403,Full-time,Bachelor's,Citizen,Fluent,No,No,Working Class Urban,Approved
1314,8447,Female,White,81,Over 60,105244.91,742,337182,Gig,Some College,Citizen,Fluent,No,No,Urban Professional,Approved
1315,5987,Female,Black,48,25-60,39143.19,654,112042,Full-time,High School,Permanent Resident,Fluent,No,No,Historically Redlined,Denied
1316,6941,Female,Asian,69,Over 60,116395.79,771,193373,Full-time,Graduate,Citizen,Fluent,No,No,Rural,Approved
1317,3421,Female,White,73,Over 60,164674.89,716,211474,Unemployed,Graduate,Citizen,Fluent,No,Yes,Urban Professional,Denied
1318,2659,Male,White,40,25-60,166025.36,759,422369,Gig,Bachelor's,Citizen,Fluent,No,No,Urban Professional,Approved
1319,3741,Male,White,60,25-60,136180.52,739,312483,Full-time,High School,Citizen,Fluent,No,No,High-income Suburban,Approved
1320,4437,Female,White,34,25-60,169258.02,740,216714,Part-time,Graduate,Citizen,Fluent,No,No,Urban Professional,Approved
1321,2356,Female,Hispanic,57,25-60,34281.95,600,139044,Full-time,Some College,Citizen,Fluent,No,No,Historically Redlined,Denied
1322,1846,Female,Asian,43,25-60,95633.21,698,299521,Full-time,Graduate,Citizen,Fluent,Yes,No,Historically Redlined,Approved
1323,3887,Male,White,65,Over 60,233330.23,801,187352,Part-time,Bachelor's,Citizen,Fluent,No,No,High-income Suburban,Approved
1324,4426,Male,Hispanic,28,25-60,42405.79,641,265036,Full-time,High School,Citizen,Fluent,No,No,Rural,Denied
1325,1362,Female,Black,51,25-60,80208.83,712,425569,Part-time,High School,Visa Holder,Limited,No,No,High-income Suburban,Approved
1326,3850,Female,White,30,25-60,109202.52,717,117699,Part-time,High School,Citizen,Fluent,No,No,High-income Suburban,Approved
1327,552,Female,Hispanic,70,Over 60,92303.19,746,163187,Full-time,High School,Permanent Resident,Fluent,Yes,No,Urban Professional,Approved
1328,4825,Male,White,46,25-60,54495.1,674,346676,Full-time,High School,Citizen,Fluent,No,No,Working Class Urban,Approved
1329,7852,Non-binary,White,64,Over 60,36469.88,703,385851,Gig,Some College,Citizen,Fluent,No,No,Rural,Approved
1330,5689,Female,White,51,25-60,23367.62,617,120981,Full-time,High School,Citizen,Limited,No,No,Working Class Urban,Denied
1331,4349,Female,Hispanic,60,25-60,122249.67,721,420113,Unemployed,Some College,Permanent Resident,Fluent,No,No,Urban Professional,Approved
1332,2314,Female,White,32,25-60,106786.46,693,444329,Gig,Some College,Visa Holder,Fluent,No,No,Urban Professional,Approved
1333,2511,Female,White,34,25-60,267904.66,724,106605,Part-time,Graduate,Visa Holder,Fluent,No,No,High-income Suburban,Approved
1334,6586,Female,Black,37,25-60,43747.76,663,196596,Full-time,Some College,Citizen,Fluent,No,No,Rural,Denied
1335,2926,Male,White,78,Over 60,84723.41,760,128591,Full-time,Graduate,Citizen,Fluent,No,No,Historically Redlined,Approved
1336,8102,Female,White,70,Over 60,57183.58,643,269177,Self-employed,Some College,Citizen,Fluent,No,No,Working Class Urban,Approved
1337,4233,Female,White,33,25-60,67106.68,668,148120,Gig,High School,Citizen,Limited,No,No,Urban Professional,Denied
1338,8863,Male,Asian,76,Over 60,40257.27,680,406173,Gig,Bachelor's,Permanent Resident,Limited,No,No,Working Class Urban,Approved
1339,9799,Female,Hispanic,47,25-60,38393.42,661,364999,Full-time,High School,Citizen,Limited,Yes,Yes,Urban Professional,Denied
1340,9445,Female,White,36,25-60,29522.2,629,96876,Full-time,High School,Citizen,Fluent,No,No,Historically Redlined,Denied
1341,814,Female,White,78,Over 60,121556.7,783,333292,Full-time,Graduate,Permanent Resident,Fluent,No,No,Working Class Urban,Approved
1342,4892,Male,Hispanic,56,25-60,72273.86,643,230057,Full-time,Some College,Permanent Resident,Limited,No,No,Urban Professional,Denied
1343,6861,Female,Hispanic,44,25-60,82402.8,732,340945,Self-employed,Bachelor's,Citizen,Fluent,No,No,Working Class Urban,Approved
1344,5807,Female,Black,23,Under 25,54227.71,608,160685,Full-time,Some College,Citizen,Fluent,No,No,Historically Redlined,Denied
1345,923,Male,White,60,25-60,167740.72,662,60007,Full-time,Graduate,Citizen,Fluent,No,Yes,Urban Professional,Denied
1346,8662,Male,White,80,Over 60,25927.16,624,396235,Full-time,High School,Citizen,Limited,No,No,Working Class Urban,Denied
1347,2884,Female,White,32,25-60,35306.37,697,316276,Full-time,High School,Citizen,Fluent,No,No,Working Class Urban,Approved
1348,9687,Female,White,70,Over 60,39718.08,646,345121,Part-time,Some College,Citizen,Fluent,No,No,Historically Redlined,Denied
1349,5813,Male,White,22,Under 25,72450.59,598,304118,Full-time,Graduate,Citizen,Limited,Yes,No,Working Class Urban,Denied
1350,8085,Female,White,36,25-60,36292.82,602,396121,Part-time,Bachelor's,Citizen,Fluent,No,Yes,Rural,Denied
1351,3075,Female,White,61,Over 60,298749.12,765,255833,Full-time,Graduate,Citizen,Fluent,No,No,High-income Suburban,Approved
1352,2110,Female,Black,42,25-60,100975.0,752,361835,Full-time,High School,Visa Holder,Fluent,No,No,Urban Professional,Approved
1353,7408,Female,White,37,25-60,99928.03,662,187512,Full-time,High School,Citizen,Fluent,No,No,High-income Suburban,Approved
1354,4802,Female,Black,75,Over 60,56476.94,765,416517,Self-employed,High School,Citizen,Fluent,No,No,Working Class Urban,Approved
1355,4066,Male,Asian,52,25-60,205407.88,696,349977,Full-time,Bachelor's,Citizen,Fluent,No,No,High-income Suburban,Approved
1356,2515,Female,White,43,25-60,103353.44,673,213469,Part-time,High School,Citizen,Fluent,No,No,Urban Professional,Approved
1357,5201,Male,White,71,Over 60,33306.79,645,386869,Part-time,High School,Citizen,Fluent,No,No,Historically Redlined,Denied
1358,3945,Male,Hispanic,32,25-60,59941.95,627,190763,Full-time,Bachelor's,Citizen,Fluent,No,No,Rural,Denied
1359,2205,Female,White,40,25-60,74401.96,674,203499,Full-time,Bachelor's,Permanent Resident,Fluent,No,No,Working Class Urban,Denied
1360,2717,Female,White,46,25-60,57029.91,661,262730,Full-time,Some College,Citizen,Fluent,No,No,Working Class Urban,Denied
1361,9597,Female,White,73,Over 60,120570.03,782,260198,Full-time,Some College,Citizen,Fluent,Yes,No,High-income Suburban,Approved
1362,7167,Male,Hispanic,77,Over 60,67743.21,687,87736,Full-time,Graduate,Citizen,Fluent,Yes,Yes,Rural,Approved
1363,6213,Male,Hispanic,78,Over 60,35989.04,705,412603,Full-time,Bachelor's,Citizen,Limited,No,No,Rural,Approved
1364,9166,Female,Hispanic,30,25-60,97012.69,723,446350,Gig,High School,Citizen,Fluent,Yes,No,High-income Suburban,Denied
1365,7699,Male,White,61,Over 60,84953.18,766,302940,Full-time,High School,Citizen,Fluent,No,No,High-income Suburban,Approved
1366,5076,Female,White,77,Over 60,41952.04,749,246362,Full-time,Some College,Permanent Resident,Fluent,No,No,Working Class Urban,Approved
1367,5985,Male,Asian,22,Under 25,108891.11,661,431732,Full-time,Graduate,Citizen,Fluent,Yes,No,Working Class Urban,Denied
1368,5725,Female,White,51,25-60,345566.3,689,396497,Self-employed,Graduate,Citizen,Fluent,No,No,High-income Suburban,Approved
1369,3906,Non-binary,Hispanic,23,Under 25,43160.25,581,390031,Full-time,Some College,Citizen,Fluent,No,No,Working Class Urban,Denied
1370,8965,Female,White,25,25-60,80119.21,688,223343,Part-time,Bachelor's,Citizen,Fluent,No,No,Rural,Approved
1371,5284,Male,White,39,25-60,50955.68,723,261998,Full-time,Some College,Citizen,Fluent,No,No,Working Class Urban,Denied
1372,3036,Male,White,48,25-60,106930.34,709,403980,Self-employed,High School,Citizen,Fluent,No,No,Urban Professional,Approved
1373,2692,Male,White,44,25-60,128375.12,748,340535,Full-time,High School,Citizen,Fluent,No,No,Urban Professional,Approved
1374,5097,Female,White,36,25-60,51976.79,677,439019,Full-time,Graduate,Permanent Resident,Limited,Yes,No,Historically Redlined,Approved
1375,3151,Male,White,75,Over 60,138978.41,793,299703,Gig,Some College,Citizen,Fluent,No,No,High-income Suburban,Approved
1376,3117,Female,White,40,25-60,112631.26,694,104515,Full-time,Some College,Citizen,Fluent,No,No,Urban Professional,Approved
1377,8782,Male,Hispanic,46,25-60,75714.42,709,112914,Full-time,High School,Citizen,Fluent,No,No,Urban Professional,Approved
1378,9192,Male,Black,81,Over 60,46752.35,678,128348,Full-time,Some College,Citizen,Fluent,No,No,Rural,Approved
1379,3177,Male,Black,46,25-60,34793.12,630,120738,Full-time,Some College,Permanent Resident,Fluent,No,Yes,Historically Redlined,Denied
1380,9307,Female,Black,46,25-60,48753.55,656,365037,Part-time,Some College,Permanent Resident,Fluent,No,No,Working Class Urban,Approved
1381,3142,Female,White,48,25-60,197212.66,722,281880,Full-time,Graduate,Citizen,Fluent,No,No,Urban Professional,Approved
1382,5583,Female,White,77,Over 60,50412.47,733,318626,Full-time,High School,Citizen,Fluent,No,No,Working Class Urban,Approved
1383,993,Female,Hispanic,46,25-60,42687.3,698,439036,Gig,High School,Citizen,Fluent,No,No,Working Class Urban,Denied
1384,7042,Female,White,22,Under 25,136807.42,598,182306,Full-time,Some College,Citizen,Fluent,Yes,No,High-income Suburban,Denied
1385,6931,Female,Hispanic,67,Over 60,95661.99,756,83864,Gig,High School,Citizen,Fluent,No,No,Urban Professional,Approved
1386,7533,Female,White,30,25-60,243971.04,727,97069,Part-time,Bachelor's,Visa Holder,Fluent,No,No,High-income Suburban,Approved
1387,6153,Male,Native American,77,Over 60,115954.97,758,423207,Gig,Some College,Citizen,Fluent,No,Yes,High-income Suburban,Approved
1388,8312,Male,White,25,25-60,247529.31,725,153927,Gig,Graduate,Citizen,Fluent,No,No,High-income Suburban,Approved
1389,1241,Male,White,43,25-60,56340.05,689,349000,Full-time,High School,Citizen,Limited,No,No,Urban Professional,Approved
1390,3069,Female,Black,34,25-60,162213.56,753,241418,Full-time,Some College,Citizen,Fluent,No,No,High-income Suburban,Approved
1391,4407,Male,Asian,37,25-60,41325.41,646,351190,Full-time,High School,Permanent Resident,Fluent,No,No,Rural,Denied
1392,1863,Female,White,44,25-60,178480.16,700,237313,Full-time,Bachelor's,Citizen,Fluent,No,No,Urban Professional,Approved
1393,6383,Female,Hispanic,21,Under 25,94424.22,658,162402,Full-time,Bachelor's,Citizen,Fluent,Yes,No,Working Class Urban,Approved
1394,7833,Male,Black,74,Over 60,208963.69,742,207577,Full-time,Bachelor's,Citizen,Fluent,No,No,Urban Professional,Approved
1395,3495,Male,Black,36,25-60,50011.09,656,412825,Full-time,Some College,Citizen,Fluent,Yes,No,Working Class Urban,Denied
1396,5304,Male,Hispanic,53,25-60,116975.95,744,409009,Part-time,High School,Citizen,Fluent,No,No,High-income Suburban,Approved
1397,6239,Male,White,24,Under 25,227563.53,644,118340,Full-time,Graduate,Permanent Resident,Fluent,No,No,High-income Suburban,Approved
1398,8935,Female,White,52,25-60,138388.77,681,162015,Full-time,Some College,Citizen,Fluent,No,No,Urban Professional,Approved
1399,8058,Male,White,31,25-60,170873.68,732,237209,Self-employed,Some College,Citizen,Fluent,No,No,High-income Suburban,Approved
1400,5498,Female,Black,72,Over 60,39172.35,742,366390,Self-employed,High School,Citizen,Fluent,No,No,Rural,Approved
1401,1546,Male,White,53,25-60,168816.12,722,390762,Full-time,Some College,Permanent Resident,Fluent,No,No,High-income Suburban,Approved
1402,7837,Female,Hispanic,20,Under 25,122133.67,658,134488,Full-time,Some College,Citizen,Fluent,No,No,High-income Suburban,Approved
1403,8534,Female,White,46,25-60,47490.26,683,230696,Part-time,Bachelor's,Citizen,Limited,No,No,Working Class Urban,Approved
1404,9530,Female,Hispanic,82,Over 60,46624.34,670,79947,Self-employed,High School,Citizen,Fluent,No,No,Rural,Approved
1405,6621,Female,Asian,38,25-60,195748.86,739,182094,Part-time,Graduate,Citizen,Fluent,No,No,Urban Professional,Approved
1406,5759,Female,White,58,25-60,155535.98,763,406940,Full-time,Some College,Visa Holder,Fluent,No,No,High-income Suburban,Approved
1407,6835,Female,White,65,Over 60,208551.16,750,366913,Part-time,Bachelor's,Permanent Resident,Fluent,No,No,High-income Suburban,Approved
1408,1314,Female,White,46,25-60,77782.68,651,152501,Self-employed,Some College,Citizen,Fluent,Yes,No,Urban Professional,Denied
1409,4643,Female,Hispanic,72,Over 60,46965.14,657,126779,Full-time,High School,Citizen,Limited,No,No,Urban Professional,Approved
1410,6161,Female,White,50,25-60,180703.25,684,398715,Gig,Graduate,Citizen,Fluent,No,No,High-income Suburban,Approved
1411,2621,Male,Black,35,25-60,56025.3,691,110344,Full-time,Some College,Citizen,Fluent,No,No,Rural,Approved
1412,1788,Female,Hispanic,74,Over 60,127914.26,737,111031,Part-time,Some College,Citizen,Fluent,Yes,No,Urban Professional,Approved
1413,3496,Male,Black,43,25-60,184482.51,689,258722,Full-time,Bachelor's,Citizen,Fluent,No,No,Urban Professional,Approved
1414,8496,Female,White,71,Over 60,216065.58,801,354444,Self-employed,Bachelor's,Citizen,Fluent,No,No,High-income Suburban,Approved
1415,7570,Female,White,53,25-60,287496.52,719,179062,Full-time,Graduate,Citizen,Fluent,No,No,Urban Professional,Approved
1416,7105,Male,White,74,Over 60,114087.18,780,242979,Self-employed,High School,Citizen,Fluent,No,No,High-income Suburban,Approved
1417,9007,Female,White,66,Over 60,218112.41,739,405631,Full-time,Graduate,Citizen,Fluent,No,No,High-income Suburban,Approved
1418,8723,Male,Hispanic,29,25-60,114028.09,724,177086,Self-employed,High School,Citizen,Fluent,No,No,High-income Suburban,Approved
1419,3270,Male,White,45,25-60,145528.31,687,326605,Full-time,Graduate,Citizen,Fluent,No,No,Working Class Urban,Approved
1420,2050,Female,Asian,59,25-60,85074.59,764,184398,Full-time,Bachelor's,Citizen,Fluent,No,No,Working Class Urban,Approved
1421,9322,Male,White,79,Over 60,108699.54,730,383085,Full-time,High School,Citizen,Fluent,Yes,No,Urban Professional,Approved
1422,8649,Female,White,50,25-60,46505.19,644,237890,Full-time,High School,Citizen,Fluent,No,No,Historically Redlined,Denied
1423,5916,Female,White,25,25-60,31951.7,625,95612,Full-time,High School,Citizen,Fluent,No,No,Historically Redlined,Denied
1424,6808,Female,White,45,25-60,41620.69,649,343376,Full-time,High School,Permanent Resident,Fluent,No,No,Working Class Urban,Denied
1425,7409,Male,Hispanic,31,25-60,89922.95,664,71994,Part-time,Some College,Citizen,Fluent,No,Yes,High-income Suburban,Approved
1426,7461,Female,White,39,25-60,116979.73,719,69120,Full-time,Graduate,Citizen,Fluent,No,No,Rural,Approved
1427,3369,Female,White,20,Under 25,56147.08,609,65896,Full-time,Some College,Citizen,Fluent,Yes,No,Historically Redlined,Denied
1428,1755,Female,White,62,Over 60,57348.66,721,394513,Full-time,Some College,Citizen,Fluent,No,No,Historically Redlined,Denied
1429,1005,Female,White,57,25-60,41865.19,647,381982,Part-time,High School,Citizen,Fluent,No,No,Working Class Urban,Denied
1430,9435,Female,White,72,Over 60,103633.67,714,229676,Full-time,Bachelor's,Citizen,Fluent,Yes,No,Working Class Urban,Approved
1431,278,Male,Asian,38,25-60,57904.18,718,331295,Part-time,Some College,Citizen,Fluent,No,No,Working Class Urban,Approved
1432,203,Male,White,75,Over 60,117424.45,744,80378,Full-time,Some College,Citizen,Fluent,No,No,Urban Professional,Approved
1433,2701,Male,White,50,25-60,39789.12,655,95932,Part-time,Bachelor's,Citizen,Limited,No,No,Historically Redlined,Denied
1434,8867,Female,Hispanic,26,25-60,49471.8,669,291453,Full-time,Some College,Permanent Resident,Fluent,No,No,Rural,Denied
1435,2404,Female,White,55,25-60,123265.56,698,263258,Full-time,Graduate,Citizen,Fluent,No,No,Historically Redlined,Approved
1436,1237,Male,White,32,25-60,103625.49,753,63827,Self-employed,Bachelor's,Citizen,Fluent,No,No,Working Class Urban,Approved
1437,385,Female,Black,70,Over 60,37905.22,710,266469,Gig,Some College,Citizen,Fluent,No,No,Historically Redlined,Approved
1438,5708,Female,White,58,25-60,85382.02,695,237197,Self-employed,Bachelor's,Citizen,Fluent,No,No,Working Class Urban,Approved
1439,2287,Female,Multiracial,37,25-60,54730.96,694,341511,Full-time,Some College,Citizen,Fluent,Yes,No,Working Class Urban,Approved
1440,6970,Male,White,53,25-60,179910.11,757,101278,Part-time,Bachelor's,Citizen,Fluent,No,No,Urban Professional,Approved
1441,6629,Female,Hispanic,34,25-60,83083.56,716,230570,Full-time,High School,Citizen,Fluent,No,No,High-income Suburban,Approved
1442,5726,Female,White,60,25-60,134763.33,716,174270,Self-employed,Graduate,Citizen,Limited,No,No,Urban Professional,Approved
1443,5961,Male,Hispanic,35,25-60,100005.67,703,368316,Full-time,Some College,Citizen,Fluent,No,No,Urban Professional,Approved
1444,5550,Male,Hispanic,62,Over 60,116087.74,722,282711,Full-time,Bachelor's,Citizen,Fluent,No,Yes,High-income Suburban,Denied
1445,9429,Female,Black,28,25-60,127182.85,715,124723,Part-time,High School,Citizen,Fluent,No,No,High-income Suburban,Approved
1446,938,Male,White,54,25-60,113560.14,747,127044,Full-time,High School,Citizen,Fluent,No,No,High-income Suburban,Approved
1447,3438,Male,Black,67,Over 60,72379.44,681,367280,Part-time,Some College,Citizen,Fluent,No,No,Rural,Approved
1448,5956,Male,Hispanic,71,Over 60,43778.01,724,76152,Full-time,Some College,Citizen,Fluent,Yes,No,Working Class Urban,Approved
1449,2536,Female,Asian,79,Over 60,105491.3,830,440604,Full-time,Graduate,Citizen,Fluent,No,No,Historically Redlined,Approved
1450,5139,Female,Black,52,25-60,108951.56,692,349024,Full-time,Bachelor's,Citizen,Fluent,No,Yes,High-income Suburban,Approved
1451,7096,Male,White,30,25-60,46014.42,692,347449,Full-time,High School,Citizen,Fluent,Yes,No,Working Class Urban,Approved
1452,277,Male,Hispanic,62,Over 60,188328.63,817,447625,Full-time,Bachelor's,Citizen,Fluent,No,No,High-income Suburban,Approved
1453,3625,Male,White,34,25-60,76523.05,676,137715,Part-time,Graduate,Citizen,Fluent,No,No,Working Class Urban,Denied
1454,818,Female,White,44,25-60,127883.24,690,247534,Full-time,Some College,Citizen,Fluent,No,No,High-income Suburban,Approved
1455,1169,Male,Black,71,Over 60,38067.36,749,350440,Gig,High School,Citizen,Fluent,No,No,Rural,Denied
1456,8500,Male,White,29,25-60,152472.03,732,392562,Full-time,Bachelor's,Citizen,Fluent,Yes,No,High-income Suburban,Approved
1457,8991,Female,White,44,25-60,105623.25,680,153583,Full-time,High School,Citizen,Fluent,No,No,High-income Suburban,Approved
1458,9283,Male,Black,48,25-60,192979.3,774,262739,Self-employed,Bachelor's,Citizen,Fluent,No,No,High-income Suburban,Approved
1459,1463,Male,White,59,25-60,67346.08,669,341834,Full-time,Bachelor's,Citizen,Fluent,No,No,Historically Redlined,Approved
1460,3997,Non-binary,White,35,25-60,28212.39,625,189132,Full-time,High School,Visa Holder,Fluent,No,No,Working Class Urban,Denied
1461,136,Male,White,54,25-60,144217.11,675,414921,Part-time,High School,Citizen,Fluent,No,No,High-income Suburban,Approved
1462,921,Female,White,41,25-60,46505.73,667,111720,Self-employed,Some College,Citizen,Fluent,Yes,No,Rural,Approved
1463,1786,Male,White,35,25-60,75777.26,671,202777,Full-time,Bachelor's,Citizen,Fluent,Yes,No,Working Class Urban,Approved
1464,8557,Female,Hispanic,34,25-60,36386.51,604,342668,Full-time,High School,Citizen,Fluent,No,No,Rural,Denied
1465,1772,Female,Hispanic,33,25-60,40713.33,663,345968,Part-time,High School,Citizen,Fluent,No,No,Historically Redlined,Approved
1466,293,Female,Hispanic,36,25-60,38049.58,668,62010,Part-time,High School,Citizen,Fluent,No,No,Working Class Urban,Approved
1467,2421,Male,White,62,Over 60,325414.12,767,220578,Full-time,Graduate,Citizen,Fluent,No,No,High-income Suburban,Approved
1468,4372,Male,White,45,25-60,193671.27,718,416602,Full-time,Bachelor's,Citizen,Fluent,No,No,High-income Suburban,Approved
1469,7597,Female,White,24,Under 25,34219.53,577,132386,Part-time,Some College,Citizen,Fluent,Yes,No,Rural,Denied
1470,8616,Female,Black,47,25-60,80446.7,749,430334,Full-time,Bachelor's,Citizen,Fluent,No,No,Historically Redlined,Approved
1471,4715,Female,White,30,25-60,267733.86,728,393934,Full-time,Graduate,Citizen,Fluent,No,No,High-income Suburban,Approved
1472,6599,Male,White,80,Over 60,176818.57,743,344045,Full-time,Bachelor's,Citizen,Fluent,No,No,Urban Professional,Approved
1473,4202,Male,Black,66,Over 60,53584.99,708,131479,Full-time,High School,Citizen,Fluent,No,No,Rural,Approved
1474,4942,Female,White,69,Over 60,31129.06,659,392818,Full-time,High School,Visa Holder,Fluent,No,No,Historically Redlined,Denied
1475,9245,Female,Black,76,Over 60,96207.32,699,81848,Part-time,Some College,Permanent Resident,Fluent,No,Yes,High-income Suburban,Approved
1476,9995,Male,White,45,25-60,67781.68,618,248847,Full-time,Some College,Permanent Resident,Limited,No,Yes,High-income Suburban,Denied
1477,3503,Male,Asian,72,Over 60,35290.59,726,387612,Gig,High School,Citizen,Fluent,No,No,Working Class Urban,Approved
1478,5837,Male,Black,42,25-60,172046.77,696,198888,Full-time,Some College,Citizen,Fluent,No,No,High-income Suburban,Approved
1479,3823,Male,White,72,Over 60,151846.05,789,358726,Part-time,Graduate,Citizen,Fluent,No,Yes,Urban Professional,Approved
1480,3517,Female,Black,30,25-60,89181.38,722,166045,Full-time,High School,Permanent Resident,Fluent,No,No,Urban Professional,Denied
1481,3550,Female,Hispanic,44,25-60,80765.89,612,74793,Self-employed,High School,Permanent Resident,Fluent,No,Yes,High-income Suburban,Denied
1482,8056,Male,Black,32,25-60,122428.96,769,379615,Full-time,Some College,Citizen,Fluent,No,No,Urban Professional,Approved
1483,4495,Male,Asian,78,Over 60,46464.88,690,196846,Part-time,Bachelor's,Citizen,Limited,No,No,Working Class Urban,Approved
1484,9958,Male,White,56,25-60,56972.35,631,195597,Full-time,Bachelor's,Citizen,Fluent,No,No,Rural,Approved
1485,2423,Male,White,70,Over 60,55791.33,740,363941,Full-time,High School,Citizen,Fluent,No,No,Working Class Urban,Approved
1486,4597,Female,Black,68,Over 60,245110.8,751,332197,Full-time,Graduate,Citizen,Fluent,No,Yes,High-income Suburban,Approved
1487,1139,Female,Asian,36,25-60,63133.59,666,398463,Self-employed,Graduate,Citizen,Limited,No,No,Working Class Urban,Denied
1488,5633,Male,Black,20,Under 25,77873.37,517,370773,Full-time,Some College,Citizen,Fluent,No,Yes,Urban Professional,Denied
1489,2682,Male,White,51,25-60,58814.36,649,226883,Full-time,Some College,Citizen,Fluent,No,No,Rural,Approved
1490,1329,Male,White,69,Over 60,30654.3,639,113397,Self-employed,High School,Citizen,Fluent,No,No,Historically Redlined,Denied
1491,9311,Male,White,26,25-60,139982.67,737,308930,Unemployed,High School,Citizen,Fluent,No,No,High-income Suburban,Approved
1492,4229,Female,White,72,Over 60,62310.63,699,176746,Full-time,Some College,Citizen,Fluent,Yes,No,Working Class Urban,Approved
1493,5558,Female,White,59,25-60,43900.45,686,422204,Full-time,High School,Permanent Resident,Fluent,No,No,Historically Redlined,Denied
1494,828,Female,Asian,81,Over 60,238030.18,722,149556,Full-time,Graduate,Citizen,Fluent,No,No,Urban Professional,Approved
1495,9688,Female,White,27,25-60,147095.56,717,114128,Gig,Some College,Citizen,Fluent,No,No,Urban Professional,Approved
1496,5881,Female,White,34,25-60,18943.86,630,230278,Full-time,High School,Citizen,Limited,No,No,Rural,Denied
1497,3946,Male,White,27,25-60,193445.73,727,396258,Unemployed,Bachelor's,Citizen,Fluent,No,No,High-income Suburban,Approved
1498,9793,Female,White,69,Over 60,90266.19,830,395923,Full-time,High School,Permanent Resident,Fluent,No,No,High-income Suburban,Approved
1499,9446,Female,Asian,74,Over 60,30136.31,621,58947,Full-time,Some College,Citizen,Limited,No,No,Working Class Urban,Denied
1500,6694,Female,White,43,25-60,93941.61,723,369188,Full-time,Some College,Citizen,Fluent,No,No,Urban Professional,Approved
1501,809,Female,Hispanic,28,25-60,107875.15,704,251813,Full-time,High School,Citizen,Fluent,No,No,Urban Professional,Approved
1502,3787,Female,Asian,22,Under 25,214996.08,648,60389,Self-employed,Bachelor's,Citizen,Fluent,No,No,High-income Suburban,Denied
1503,6231,Male,White,54,25-60,49929.89,684,436538,Full-time,Some College,Permanent Resident,Fluent,No,No,Rural,Approved
1504,6850,Male,White,75,Over 60,109648.0,751,54377,Full-time,Some College,Citizen,Fluent,No,No,Urban Professional,Approved
1505,4418,Non-binary,Asian,61,Over 60,85360.81,729,444487,Full-time,Graduate,Citizen,Fluent,Yes,No,Historically Redlined,Denied
1506,837,Female,Hispanic,77,Over 60,23927.04,626,111602,Full-time,High School,Citizen,Limited,No,No,Working Class Urban,Denied
1507,5172,Female,White,33,25-60,30485.41,645,121139,Full-time,High School,Citizen,Limited,No,No,Working Class Urban,Denied
1508,5711,Male,Black,66,Over 60,75697.85,744,343267,Full-time,Bachelor's,Citizen,Fluent,No,No,Rural,Denied
1509,1130,Female,White,74,Over 60,123824.77,814,341862,Full-time,Some College,Citizen,Fluent,No,No,Urban Professional,Approved
1510,9639,Male,Hispanic,22,Under 25,140759.61,625,411350,Full-time,Bachelor's,Citizen,Fluent,No,No,Urban Professional,Approved
1511,9552,Male,White,73,Over 60,88126.59,795,402252,Full-time,Bachelor's,Citizen,Fluent,No,No,Working Class Urban,Approved
1512,5786,Female,White,48,25-60,143347.35,677,246297,Part-time,Some College,Citizen,Fluent,No,No,Urban Professional,Approved
1513,5204,Male,White,53,25-60,102367.23,662,71810,Full-time,Graduate,Permanent Resident,Fluent,No,No,Working Class Urban,Approved
1514,9426,Male,White,27,25-60,34187.99,616,429674,Full-time,High School,Permanent Resident,Fluent,No,No,Rural,Denied
1515,9829,Female,White,43,25-60,84467.14,718,62140,Part-time,Some College,Citizen,Limited,No,No,Urban Professional,Approved
1516,7933,Female,White,76,Over 60,57134.4,748,357187,Gig,Some College,Citizen,Limited,No,No,Urban Professional,Approved
1517,2406,Female,White,60,25-60,60699.55,623,205344,Full-time,High School,Citizen,Limited,No,No,Urban Professional,Denied
1518,4895,Female,Hispanic,82,Over 60,74776.8,698,302152,Self-employed,Some College,Citizen,Fluent,No,Yes,High-income Suburban,Approved
1519,943,Female,Hispanic,50,25-60,28491.97,592,188707,Self-employed,Some College,Citizen,Limited,No,No,Historically Redlined,Denied
1520,8446,Male,White,67,Over 60,43217.38,698,331780,Full-time,Bachelor's,Citizen,Fluent,No,Yes,Working Class Urban,Denied
1521,3363,Female,Hispanic,74,Over 60,108231.07,802,130039,Full-time,High School,Citizen,Fluent,No,No,Urban Professional,Approved
1522,920,Female,Black,79,Over 60,103858.52,754,448306,Self-employed,Graduate,Citizen,Fluent,No,No,Working Class Urban,Approved
1523,5029,Female,Asian,33,25-60,151104.49,725,195720,Full-time,Graduate,Citizen,Limited,No,No,Urban Professional,Approved
1524,7552,Male,White,55,25-60,34633.57,627,281469,Full-time,Some College,Citizen,Fluent,No,No,Historically Redlined,Denied
1525,8440,Male,White,22,Under 25,81369.61,609,296909,Self-employed,Bachelor's,Citizen,Fluent,No,Yes,Urban Professional,Denied
1526,6142,Male,Hispanic,27,25-60,37847.13,601,403800,Full-time,Some College,Citizen,Fluent,Yes,Yes,Working Class Urban,Denied
1527,7028,Male,Black,40,25-60,151000.68,774,429442,Full-time,High School,Citizen,Fluent,No,No,High-income Suburban,Approved
1528,7867,Male,Hispanic,72,Over 60,43998.96,720,238443,Full-time,Some College,Citizen,Fluent,No,No,Working Class Urban,Approved
1529,1650,Female,White,47,25-60,48551.96,636,212599,Self-employed,High School,Citizen,Fluent,No,No,Rural,Denied
1530,5353,Female,Hispanic,73,Over 60,30494.29,690,88541,Full-time,High School,Citizen,Limited,No,No,Working Class Urban,Denied
1531,8308,Male,White,19,Under 25,23640.93,510,91998,Full-time,Some College,Visa Holder,Limited,No,No,Rural,Denied
1532,62,Female,Hispanic,77,Over 60,92418.99,699,369526,Full-time,High School,Visa Holder,Fluent,No,Yes,High-income Suburban,Denied
1533,556,Female,White,25,25-60,62521.63,692,418364,Full-time,Some College,Citizen,Fluent,No,No,Working Class Urban,Denied
1534,4297,Female,White,32,25-60,75207.98,681,326308,Full-time,High School,Citizen,Fluent,No,No,High-income Suburban,Approved
1535,6494,Male,Hispanic,66,Over 60,216714.01,693,447747,Full-time,Graduate,Citizen,Fluent,No,Yes,High-income Suburban,Approved
1536,8333,Female,White,52,25-60,106369.42,660,369817,Full-time,Graduate,Citizen,Fluent,No,No,Rural,Approved
1537,5442,Male,Black,44,25-60,187462.19,724,305216,Unemployed,Graduate,Citizen,Fluent,No,No,High-income Suburban,Approved
1538,1381,Female,White,37,25-60,72022.06,671,447650,Self-employed,High School,Citizen,Limited,No,No,High-income Suburban,Approved
1539,4522,Male,White,67,Over 60,189788.85,801,275366,Self-employed,Bachelor's,Citizen,Fluent,No,No,Urban Professional,Approved
1540,5811,Male,White,29,25-60,91574.48,703,280039,Part-time,High School,Citizen,Fluent,No,No,Urban Professional,Approved
1541,4543,Female,White,18,Under 25,152694.86,686,385882,Full-time,Bachelor's,Citizen,Fluent,No,No,Urban Professional,Approved
1542,4077,Female,White,56,25-60,43776.72,670,104154,Full-time,High School,Citizen,Fluent,No,No,Rural,Approved
1543,1406,Male,White,20,Under 25,157730.42,614,345063,Part-time,Bachelor's,Permanent Resident,Limited,No,No,High-income Suburban,Denied
1544,6505,Female,Black,48,25-60,81720.79,711,313072,Full-time,High School,Citizen,Fluent,No,No,Urban Professional,Denied
1545,3603,Male,White,67,Over 60,52561.92,719,120003,Full-time,High School,Citizen,Fluent,No,No,Working Class Urban,Denied
1546,3693,Non-binary,Black,19,Under 25,30358.82,484,189922,Full-time,High School,Citizen,Fluent,Yes,Yes,Working Class Urban,Denied
1547,772,Non-binary,Hispanic,44,25-60,100548.82,730,96364,Full-time,Some College,Citizen,Fluent,No,No,Urban Professional,Approved
1548,6372,Male,Black,59,25-60,27015.02,598,433892,Full-time,High School,Citizen,Fluent,No,Yes,Historically Redlined,Denied
1549,264,Female,White,69,Over 60,92593.93,778,377280,Full-time,High School,Citizen,Fluent,No,No,High-income Suburban,Approved
1550,9727,Female,White,75,Over 60,36403.68,718,107591,Full-time,Some College,Citizen,Fluent,No,No,Rural,Denied
1551,3335,Male,White,73,Over 60,49690.67,721,381229,Full-time,Some College,Citizen,Fluent,Yes,No,Working Class Urban,Approved
1552,1883,Female,White,57,25-60,102696.88,737,259962,Part-time,Graduate,Citizen,Fluent,No,No,Working Class Urban,Approved
1553,9647,Female,White,77,Over 60,95363.94,781,94988,Full-time,Bachelor's,Citizen,Fluent,No,No,Working Class Urban,Approved
1554,3909,Male,Asian,76,Over 60,46103.08,723,243067,Full-time,Bachelor's,Citizen,Limited,No,No,Rural,Approved
1555,5861,Male,Hispanic,80,Over 60,121378.02,751,234158,Part-time,Some College,Citizen,Fluent,No,No,Urban Professional,Approved
1556,9116,Male,Hispanic,45,25-60,94757.45,712,423388,Full-time,High School,Citizen,Fluent,No,No,High-income Suburban,Approved
1557,6328,Female,Asian,33,25-60,71723.94,671,289152,Unemployed,Bachelor's,Citizen,Fluent,No,No,Working Class Urban,Approved
1558,853,Female,White,64,Over 60,43150.55,712,374403,Part-time,High School,Citizen,Fluent,No,No,Rural,Denied
1559,5364,Male,Asian,53,25-60,139285.05,724,449972,Full-time,Bachelor's,Citizen,Limited,No,No,Urban Professional,Approved
1560,4402,Male,White,43,25-60,69525.61,686,372045,Self-employed,Bachelor's,Citizen,Fluent,No,No,Working Class Urban,Denied
1561,9731,Non-binary,Asian,21,Under 25,54316.33,601,141134,Part-time,Bachelor's,Citizen,Limited,No,No,Historically Redlined,Denied
1562,1767,Female,Hispanic,74,Over 60,21412.04,655,285453,Gig,High School,Citizen,Limited,No,No,Historically Redlined,Denied
1563,7479,Male,White,80,Over 60,33768.8,651,106391,Full-time,High School,Citizen,Fluent,No,No,Rural,Denied
1564,9352,Male,Black,46,25-60,35169.64,715,235070,Full-time,High School,Citizen,Fluent,No,No,Historically Redlined,Approved
1565,7769,Male,Black,73,Over 60,83705.25,748,439231,Full-time,Some College,Citizen,Fluent,Yes,Yes,High-income Suburban,Approved
1566,6385,Male,Hispanic,82,Over 60,117996.42,752,211804,Full-time,Graduate,Citizen,Fluent,No,No,Working Class Urban,Approved
1567,3562,Female,Asian,70,Over 60,67835.52,735,153749,Full-time,High School,Citizen,Fluent,No,No,Urban Professional,Approved
1568,4534,Female,White,60,25-60,121810.25,728,359254,Self-employed,Graduate,Citizen,Fluent,No,No,Working Class Urban,Approved
1569,8834,Female,White,36,25-60,93124.87,782,434106,Full-time,High School,Citizen,Fluent,No,No,Urban Professional,Approved
1570,261,Male,White,67,Over 60,25906.85,681,246963,Part-time,High School,Citizen,Fluent,No,No,Rural,Denied
1571,8403,Female,Black,44,25-60,138038.88,706,425136,Gig,Some College,Citizen,Fluent,No,No,Urban Professional,Approved
1572,2047,Male,White,62,Over 60,83187.33,777,64712,Unemployed,High School,Visa Holder,Fluent,No,No,Urban Professional,Approved
1573,2594,Male,White,55,25-60,121735.96,719,216557,Self-employed,Graduate,Citizen,Fluent,No,No,Working Class Urban,Approved
1574,7547,Male,Multiracial,32,25-60,43259.48,662,375513,Full-time,Some College,Citizen,Fluent,No,No,Rural,Denied
1575,2671,Male,Black,35,25-60,26747.46,598,172339,Full-time,Some College,Citizen,Limited,Yes,No,Rural,Denied
1576,4914,Female,Hispanic,67,Over 60,43827.91,729,299078,Full-time,High School,Visa Holder,Fluent,No,No,Historically Redlined,Approved
1577,9175,Male,White,70,Over 60,127885.98,802,324431,Full-time,Bachelor's,Citizen,Limited,No,No,Urban Professional,Approved
1578,9839,Female,White,36,25-60,134265.96,697,227150,Self-employed,Some College,Permanent Resident,Fluent,No,No,Urban Professional,Approved
1579,8428,Male,White,69,Over 60,102016.06,746,439416,Full-time,High School,Visa Holder,Fluent,No,No,High-income Suburban,Approved
1580,641,Male,White,36,25-60,314648.95,691,335484,Full-time,Graduate,Citizen,Fluent,No,No,High-income Suburban,Approved
1581,5226,Male,White,53,25-60,96700.93,676,140289,Full-time,High School,Citizen,Fluent,No,No,Urban Professional,Approved
1582,1895,Male,Hispanic,71,Over 60,152808.44,741,324745,Full-time,Some College,Citizen,Fluent,No,No,High-income Suburban,Approved
1583,730,Female,White,68,Over 60,26658.07,649,55577,Self-employed,High School,Citizen,Fluent,No,No,Working Class Urban,Denied
1584,7144,Female,White,59,25-60,65645.47,704,151940,Gig,Bachelor's,Citizen,Fluent,No,No,Historically Redlined,Approved
1585,1377,Male,White,74,Over 60,137668.13,785,204308,Part-time,Some College,Citizen,Fluent,No,No,High-income Suburban,Approved
1586,2681,Female,White,44,25-60,109020.86,751,292039,Full-time,Graduate,Citizen,Fluent,Yes,No,Working Class Urban,Approved
1587,5480,Male,White,82,Over 60,38107.07,697,259051,Full-time,High School,Citizen,Fluent,No,No,Working Class Urban,Approved
1588,6310,Female,White,43,25-60,46255.95,682,216949,Part-time,High School,Citizen,Fluent,No,No,Working Class Urban,Approved
1589,2174,Male,White,76,Over 60,73159.08,722,362978,Full-time,Some College,Citizen,Fluent,Yes,No,Working Class Urban,Denied
1590,9559,Female,Asian,20,Under 25,163053.57,659,362504,Unemployed,Bachelor's,Visa Holder,Fluent,Yes,No,High-income Suburban,Approved
1591,2386,Female,White,67,Over 60,82648.77,738,121986,Self-employed,Bachelor's,Citizen,Fluent,No,No,Historically Redlined,Approved
1592,3105,Male,White,50,25-60,42410.41,684,333694,Full-time,Some College,Citizen,Fluent,No,No,Working Class Urban,Denied
1593,3696,Male,Hispanic,55,25-60,84298.82,712,281360,Full-time,Bachelor's,Citizen,Fluent,No,No,Historically Redlined,Approved
1594,7660,Male,Hispanic,40,25-60,44167.12,624,167153,Part-time,Some College,Citizen,Limited,No,Yes,Urban Professional,Denied
1595,8133,Male,Asian,28,25-60,240982.71,649,221182,Full-time,Graduate,Citizen,Fluent,No,No,High-income Suburban,Denied
1596,7643,Female,White,52,25-60,191898.74,677,286474,Self-employed,Graduate,Citizen,Fluent,No,No,High-income Suburban,Approved
1597,1517,Female,Black,25,25-60,31311.89,606,355530,Full-time,Some College,Citizen,Limited,No,No,Rural,Denied
1598,7543,Male,White,25,25-60,39167.82,608,316145,Part-time,Some College,Citizen,Fluent,No,No,Rural,Denied
1599,4164,Female,White,37,25-60,241859.97,683,243801,Full-time,Bachelor's,Citizen,Fluent,Yes,No,High-income Suburban,Approved
1600,488,Female,Hispanic,27,25-60,37979.31,679,81815,Full-time,Some College,Citizen,Fluent,No,No,Rural,Approved
1601,3448,Male,White,29,25-60,187513.32,697,273131,Full-time,Bachelor's,Citizen,Fluent,No,No,High-income Suburban,Approved
1602,4083,Male,Hispanic,57,25-60,112804.36,735,236075,Full-time,High School,Citizen,Fluent,No,No,High-income Suburban,Approved
1603,2787,Male,Hispanic,24,Under 25,159620.64,665,388283,Full-time,Some College,Citizen,Fluent,No,No,High-income Suburban,Approved
1604,7279,Female,White,24,Under 25,58263.45,588,253882,Part-time,Bachelor's,Citizen,Fluent,No,No,Rural,Denied
1605,1968,Female,White,46,25-60,36064.99,621,396430,Full-time,Some College,Visa Holder,Limited,No,No,Working Class Urban,Denied
1606,8985,Female,White,68,Over 60,65789.33,737,376518,Full-time,Some College,Permanent Resident,Fluent,No,No,Historically Redlined,Approved
1607,8061,Female,White,45,25-60,183486.45,707,338530,Full-time,Bachelor's,Citizen,Fluent,No,No,High-income Suburban,Approved
1608,441,Female,White,32,25-60,162268.03,740,292176,Gig,Some College,Citizen,Fluent,No,No,High-income Suburban,Approved
1609,7538,Male,White,26,25-60,101590.38,715,76010,Full-time,High School,Citizen,Fluent,No,No,Urban Professional,Approved
1610,7216,Male,White,60,25-60,61148.13,661,147418,Full-time,Some College,Citizen,Fluent,No,Yes,Urban Professional,Denied
1611,5533,Male,White,25,25-60,149940.36,735,217893,Full-time,Some College,Citizen,Fluent,No,No,Urban Professional,Approved
1612,1579,Male,White,49,25-60,105707.8,767,354835,Part-time,Bachelor's,Citizen,Fluent,No,No,Historically Redlined,Approved
1613,2533,Female,White,52,25-60,39590.83,650,366773,Part-time,Some College,Citizen,Fluent,Yes,No,Rural,Denied
1614,8579,Female,Multiracial,24,Under 25,24377.86,568,100953,Full-time,High School,Citizen,Fluent,Yes,No,Historically Redlined,Denied
1615,6027,Male,Asian,33,25-60,86788.23,704,128887,Full-time,Some College,Citizen,Fluent,No,No,Urban Professional,Approved
1616,1194,Female,Hispanic,43,25-60,142934.62,746,427923,Full-time,Some College,Citizen,Fluent,No,No,Urban Professional,Approved
1617,3633,Male,White,33,25-60,30111.48,616,398802,Full-time,Some College,Citizen,Fluent,No,No,Working Class Urban,Denied
1618,8481,Male,White,28,25-60,27452.5,625,57770,Full-time,High School,Citizen,Fluent,No,No,Historically Redlined,Denied
1619,32,Female,White,40,25-60,75163.82,670,154104,Full-time,High School,Citizen,Limited,No,No,Urban Professional,Approved
1620,8830,Male,White,20,Under 25,81177.84,684,236681,Part-time,Graduate,Citizen,Fluent,No,No,Historically Redlined,Approved
1621,8263,Female,White,55,25-60,241902.41,709,114328,Full-time,Graduate,Citizen,Fluent,No,No,High-income Suburban,Approved
1622,9078,Female,Native American,37,25-60,36384.89,670,254642,Full-time,High School,Citizen,Fluent,No,No,Rural,Approved
1623,7340,Male,White,59,25-60,228847.06,714,436367,Full-time,Bachelor's,Citizen,Fluent,No,No,Urban Professional,Approved
1624,1097,Female,Black,71,Over 60,56699.19,680,118537,Full-time,High School,Citizen,Fluent,Yes,Yes,Urban Professional,Denied
1625,2972,Female,White,36,25-60,68310.34,693,409974,Full-time,Graduate,Citizen,Limited,No,No,Rural,Approved
1626,7617,Male,White,65,Over 60,82843.94,829,247322,Gig,Some College,Citizen,Fluent,No,No,Urban Professional,Approved
1627,525,Male,Black,72,Over 60,215967.01,731,141634,Full-time,Bachelor's,Permanent Resident,Fluent,Yes,No,Urban Professional,Approved
1628,953,Male,White,76,Over 60,168945.53,733,87588,Full-time,Bachelor's,Citizen,Fluent,No,No,Urban Professional,Approved
1629,870,Female,Multiracial,58,25-60,71999.17,639,449218,Full-time,Bachelor's,Citizen,Fluent,No,No,Rural,Denied
1630,7054,Female,White,23,Under 25,170432.02,607,228950,Full-time,Bachelor's,Citizen,Fluent,No,No,High-income Suburban,Approved
1631,5551,Male,White,37,25-60,99167.27,732,343660,Full-time,Some College,Citizen,Fluent,No,No,Urban Professional,Approved
1632,6774,Female,Hispanic,68,Over 60,70328.3,689,392697,Part-time,High School,Citizen,Fluent,No,No,Urban Professional,Approved
1633,8717,Male,White,57,25-60,168839.26,698,171007,Self-employed,Bachelor's,Citizen,Fluent,No,No,High-income Suburban,Approved
1634,3950,Male,Black,34,25-60,90602.7,674,438068,Part-time,High School,Citizen,Fluent,No,Yes,High-income Suburban,Denied
1635,9282,Male,White,32,25-60,57841.65,623,336153,Part-time,Bachelor's,Citizen,Fluent,No,No,Rural,Denied
1636,9842,Female,Hispanic,61,Over 60,132528.4,763,283968,Full-time,High School,Visa Holder,Fluent,No,No,High-income Suburban,Approved
1637,9713,Female,Hispanic,26,25-60,113202.52,748,227059,Full-time,High School,Citizen,Fluent,No,No,High-income Suburban,Approved
1638,2479,Male,White,41,25-60,259482.67,722,248921,Full-time,Graduate,Citizen,Fluent,No,No,High-income Suburban,Approved
1639,9463,Male,Hispanic,42,25-60,65901.78,612,56132,Part-time,Some College,Citizen,Fluent,No,Yes,High-income Suburban,Denied
1640,2551,Male,White,26,25-60,81717.4,726,129524,Full-time,Bachelor's,Citizen,Fluent,No,No,Working Class Urban,Approved
1641,158,Female,White,20,Under 25,38664.87,602,423490,Full-time,High School,Citizen,Fluent,No,No,Working Class Urban,Denied
1642,7480,Female,Hispanic,80,Over 60,224673.04,675,356844,Part-time,Bachelor's,Citizen,Fluent,No,No,High-income Suburban,Approved
1643,5782,Female,White,20,Under 25,139447.64,651,234758,Self-employed,Bachelor's,Citizen,Fluent,No,No,Urban Professional,Denied
1644,1378,Male,White,59,25-60,67446.84,662,234071,Gig,Some College,Citizen,Fluent,No,No,Working Class Urban,Denied
1645,4498,Female,Black,20,Under 25,150440.84,633,289681,Full-time,Bachelor's,Citizen,Fluent,No,No,High-income Suburban,Denied
1646,7980,Female,White,34,25-60,121220.23,678,346519,Full-time,Bachelor's,Citizen,Limited,No,No,Urban Professional,Approved
1647,9763,Female,Black,65,Over 60,58442.48,666,430646,Full-time,Bachelor's,Citizen,Fluent,No,No,Working Class Urban,Denied
1648,4531,Male,Hispanic,25,25-60,116218.37,716,367526,Full-time,Bachelor's,Permanent Resident,Limited,No,No,High-income Suburban,Approved
1649,2330,Female,Hispanic,63,Over 60,36153.83,728,445536,Full-time,High School,Citizen,Fluent,No,No,Working Class Urban,Approved
1650,8265,Male,White,73,Over 60,126339.47,782,62681,Full-time,Graduate,Citizen,Fluent,Yes,No,Working Class Urban,Approved
1651,8895,Male,White,80,Over 60,115019.21,739,163739,Full-time,Some College,Citizen,Fluent,No,Yes,Urban Professional,Approved
1652,6293,Male,Hispanic,45,25-60,85176.33,741,118132,Full-time,High School,Citizen,Fluent,No,Yes,High-income Suburban,Denied
1653,1854,Male,Hispanic,80,Over 60,26448.64,499,267013,Self-employed,Some College,Citizen,Fluent,No,Yes,Historically Redlined,Denied
1654,5962,Male,Asian,19,Under 25,76526.08,640,390383,Part-time,Some College,Permanent Resident,Limited,No,No,Urban Professional,Approved
1655,8941,Male,White,79,Over 60,58792.19,738,300170,Full-time,High School,Visa Holder,Limited,No,No,Urban Professional,Approved
1656,7760,Female,White,52,25-60,122198.79,745,356630,Gig,Some College,Citizen,Fluent,No,No,Urban Professional,Approved
1657,5814,Male,White,70,Over 60,69647.96,727,383476,Self-employed,High School,Citizen,Fluent,No,No,Urban Professional,Approved
1658,6317,Female,Asian,50,25-60,307225.14,712,390322,Full-time,Graduate,Citizen,Fluent,No,No,High-income Suburban,Approved
1659,5957,Male,White,19,Under 25,82547.96,665,190633,Full-time,Bachelor's,Citizen,Limited,Yes,No,Urban Professional,Denied
1660,8238,Female,Hispanic,35,25-60,116830.91,685,69050,Full-time,High School,Citizen,Fluent,No,No,High-income Suburban,Approved
1661,1180,Male,White,37,25-60,44509.29,645,402420,Full-time,Graduate,Citizen,Limited,No,No,Working Class Urban,Denied
1662,4092,Female,White,53,25-60,37404.91,714,425446,Full-time,High School,Citizen,Fluent,No,No,Working Class Urban,Denied
1663,907,Male,Multiracial,55,25-60,41799.79,614,254956,Gig,Some College,Citizen,Fluent,No,No,Historically Redlined,Approved
1664,8523,Male,White,25,25-60,60974.12,609,211929,Full-time,Some College,Citizen,Fluent,No,No,Working Class Urban,Approved
1665,8714,Male,White,73,Over 60,116079.35,755,426893,Full-time,High School,Citizen,Fluent,No,No,High-income Suburban,Approved
1666,6479,Male,White,42,25-60,59690.45,643,407047,Full-time,Bachelor's,Citizen,Fluent,No,No,Rural,Denied
1667,1909,Male,Black,67,Over 60,41388.72,694,276029,Full-time,High School,Citizen,Fluent,No,No,Working Class Urban,Denied
1668,2528,Male,White,22,Under 25,54856.49,630,442205,Self-employed,Bachelor's,Citizen,Limited,Yes,No,Working Class Urban,Denied
1669,5852,Male,White,72,Over 60,58642.1,708,359800,Full-time,Some College,Citizen,Fluent,No,No,Working Class Urban,Approved
1670,1321,Female,White,80,Over 60,213724.88,741,447459,Self-employed,Bachelor's,Citizen,Fluent,No,No,Urban Professional,Approved
1671,5778,Female,White,76,Over 60,26831.82,698,267343,Part-time,Some College,Citizen,Fluent,No,No,Working Class Urban,Denied
1672,765,Male,White,21,Under 25,103058.89,667,148974,Full-time,Bachelor's,Citizen,Limited,No,No,Urban Professional,Denied
1673,3636,Female,White,19,Under 25,62980.53,620,433539,Full-time,Some College,Permanent Resident,Limited,No,No,Urban Professional,Approved
1674,3134,Male,White,79,Over 60,69539.06,699,408674,Full-time,Graduate,Citizen,Fluent,No,Yes,Rural,Denied
1675,5149,Male,White,58,25-60,111372.31,710,280971,Full-time,Some College,Citizen,Fluent,No,No,Urban Professional,Approved
1676,9567,Female,White,64,Over 60,105607.56,755,372972,Full-time,Some College,Citizen,Fluent,Yes,No,High-income Suburban,Approved
1677,442,Male,Hispanic,68,Over 60,52358.76,715,202141,Full-time,High School,Citizen,Fluent,No,No,Working Class Urban,Approved
1678,4323,Male,White,57,25-60,74843.58,651,280399,Gig,High School,Citizen,Fluent,No,No,High-income Suburban,Denied
1679,9195,Female,White,28,25-60,40167.02,696,404773,Gig,Some College,Citizen,Fluent,No,No,Working Class Urban,Denied
1680,5640,Male,Asian,38,25-60,207952.45,746,188869,Self-employed,Graduate,Citizen,Fluent,No,No,High-income Suburban,Approved
1681,9022,Female,White,66,Over 60,142131.81,764,401921,Full-time,Bachelor's,Citizen,Fluent,Yes,No,High-income Suburban,Approved
1682,2409,Non-binary,White,51,25-60,35728.07,710,176637,Full-time,High School,Citizen,Limited,No,No,Working Class Urban,Denied
1683,2695,Female,White,58,25-60,65891.04,657,292317,Full-time,Bachelor's,Permanent Resident,Fluent,No,No,Rural,Approved
1684,6766,Female,Asian,66,Over 60,375158.57,757,247736,Full-time,Graduate,Citizen,Fluent,No,No,High-income Suburban,Approved
1685,7596,Female,White,64,Over 60,64300.96,744,415520,Full-time,Some College,Citizen,Limited,No,No,High-income Suburban,Approved
1686,3123,Male,White,28,25-60,116252.08,688,292372,Full-time,Graduate,Citizen,Fluent,No,No,Working Class Urban,Approved
1687,5539,Female,White,75,Over 60,112441.12,778,304002,Full-time,Some College,Citizen,Fluent,Yes,No,Urban Professional,Approved
1688,1132,Female,White,64,Over 60,170001.75,760,119707,Full-time,Bachelor's,Citizen,Fluent,No,No,Urban Professional,Approved
1689,23,Male,Hispanic,62,Over 60,36022.25,723,112944,Full-time,Some College,Citizen,Fluent,Yes,No,Rural,Approved
1690,1666,Non-binary,White,25,25-60,142322.21,684,62687,Full-time,High School,Citizen,Fluent,No,No,High-income Suburban,Approved
1691,1211,Female,Black,71,Over 60,47335.3,693,337353,Full-time,Some College,Citizen,Fluent,Yes,No,Working Class Urban,Approved
1692,6395,Female,White,77,Over 60,94752.24,748,250212,Part-time,Graduate,Permanent Resident,Fluent,No,No,Historically Redlined,Approved
1693,77,Male,White,36,25-60,51172.28,661,306466,Self-employed,Some College,Visa Holder,Fluent,No,No,Historically Redlined,Denied
1694,9522,Male,White,32,25-60,102704.02,727,303675,Full-time,Graduate,Citizen,Fluent,No,No,Rural,Approved
1695,5820,Female,White,23,Under 25,180329.17,637,57005,Full-time,Some College,Citizen,Fluent,No,No,High-income Suburban,Approved
1696,8923,Female,White,30,25-60,98410.78,732,206541,Full-time,Graduate,Citizen,Fluent,No,No,Rural,Approved
1697,7680,Male,White,38,25-60,26838.33,639,201919,Unemployed,High School,Citizen,Limited,No,No,Working Class Urban,Denied
1698,7112,Male,White,72,Over 60,121972.48,753,210874,Full-time,Some College,Citizen,Fluent,No,No,High-income Suburban,Approved
1699,4296,Female,White,31,25-60,56334.72,626,216630,Full-time,Some College,Citizen,Fluent,No,No,Rural,Denied
1700,3765,Female,White,60,25-60,99712.84,710,250231,Gig,High School,Citizen,Fluent,No,No,Urban Professional,Approved
1701,1622,Female,Black,64,Over 60,53933.85,751,266160,Full-time,Some College,Citizen,Fluent,No,No,Working Class Urban,Approved
1702,5649,Female,White,67,Over 60,142876.23,762,108344,Self-employed,Graduate,Permanent Resident,Fluent,No,No,Working Class Urban,Approved
1703,4193,Female,White,57,25-60,119702.11,686,156388,Full-time,High School,Citizen,Fluent,No,No,Urban Professional,Approved
1704,758,Male,White,31,25-60,53599.84,654,265524,Full-time,Graduate,Citizen,Limited,No,No,Working Class Urban,Denied
1705,6540,Male,White,42,25-60,96158.21,760,385969,Full-time,High School,Permanent Resident,Fluent,No,No,High-income Suburban,Approved
1706,469,Female,Black,74,Over 60,224191.06,745,438106,Full-time,Graduate,Permanent Resident,Fluent,No,No,Urban Professional,Approved
1707,7626,Female,Hispanic,23,Under 25,37511.08,523,256117,Full-time,High School,Permanent Resident,Fluent,No,No,Rural,Denied
1708,1127,Female,Black,45,25-60,252799.93,731,443223,Full-time,Graduate,Citizen,Fluent,No,No,High-income Suburban,Approved
1709,7183,Male,Multiracial,60,25-60,63410.45,655,138989,Full-time,Some College,Citizen,Fluent,Yes,No,Rural,Denied
1710,1313,Female,Black,65,Over 60,41883.38,709,252194,Full-time,High School,Citizen,Fluent,No,No,Working Class Urban,Denied
1711,6048,Male,White,71,Over 60,111809.38,777,306900,Full-time,Graduate,Citizen,Fluent,No,No,Rural,Approved
1712,5143,Female,Hispanic,65,Over 60,22622.5,634,265539,Full-time,Some College,Citizen,Limited,No,No,Rural,Denied
1713,251,Female,White,25,25-60,123893.85,738,439308,Self-employed,High School,Citizen,Fluent,No,No,Urban Professional,Approved
1714,1157,Female,White,44,25-60,148298.93,734,51280,Part-time,Bachelor's,Citizen,Fluent,No,No,High-income Suburban,Approved
1715,6185,Female,Multiracial,82,Over 60,92365.09,800,216033,Full-time,Bachelor's,Citizen,Fluent,No,No,Working Class Urban,Approved
1716,2312,Female,Hispanic,68,Over 60,96284.82,813,134908,Gig,High School,Visa Holder,Fluent,No,No,Urban Professional,Approved
1717,6290,Male,White,38,25-60,105391.51,712,440894,Full-time,High School,Citizen,Fluent,No,No,Urban Professional,Approved
1718,9047,Female,White,80,Over 60,58650.95,728,377988,Part-time,Bachelor's,Citizen,Fluent,No,No,Working Class Urban,Approved
1719,4689,Male,Native American,70,Over 60,44532.79,717,440200,Full-time,Some College,Citizen,Limited,No,No,Working Class Urban,Denied
1720,2156,Female,Hispanic,54,25-60,167334.61,746,415997,Full-time,Some College,Citizen,Fluent,No,No,High-income Suburban,Approved
1721,4572,Female,White,45,25-60,87270.98,784,316360,Full-time,Graduate,Citizen,Limited,No,No,Urban Professional,Approved
1722,6398,Male,White,49,25-60,64238.91,684,241610,Part-time,Bachelor's,Citizen,Fluent,No,No,Historically Redlined,Approved
1723,5351,Non-binary,Hispanic,81,Over 60,93190.55,736,365021,Full-time,Some College,Citizen,Limited,No,No,High-income Suburban,Approved
1724,7211,Male,White,78,Over 60,60825.25,714,209773,Unemployed,Bachelor's,Citizen,Fluent,No,No,Historically Redlined,Approved
1725,1210,Non-binary,White,18,Under 25,114993.62,697,137110,Full-time,Graduate,Citizen,Fluent,Yes,No,Historically Redlined,Approved
1726,1661,Male,Hispanic,55,25-60,36026.63,709,53457,Full-time,High School,Citizen,Fluent,No,No,Historically Redlined,Approved
1727,2710,Female,White,82,Over 60,163585.41,766,80557,Full-time,Bachelor's,Citizen,Fluent,No,No,High-income Suburban,Approved
1728,4558,Female,Black,23,Under 25,121342.15,609,61402,Part-time,Graduate,Permanent Resident,Fluent,No,Yes,Urban Professional,Denied
1729,8548,Male,Asian,53,25-60,210795.69,691,420413,Self-employed,Graduate,Citizen,Fluent,No,No,Urban Professional,Approved
1730,9909,Female,White,51,25-60,41749.91,678,258444,Full-time,High School,Citizen,Fluent,No,No,Working Class Urban,Approved
1731,2772,Female,White,44,25-60,317072.15,703,53964,Full-time,Graduate,Citizen,Fluent,No,No,High-income Suburban,Approved
1732,3283,Female,White,41,25-60,158377.13,683,53782,Full-time,Bachelor's,Permanent Resident,Fluent,No,No,High-income Suburban,Approved
1733,1271,Male,White,49,25-60,46168.45,664,201592,Full-time,Bachelor's,Citizen,Fluent,Yes,Yes,Historically Redlined,Denied
1734,5474,Male,Multiracial,54,25-60,94152.1,751,121667,Full-time,Bachelor's,Citizen,Fluent,No,No,Working Class Urban,Approved
1735,5181,Male,White,74,Over 60,46002.71,708,207552,Full-time,High School,Citizen,Fluent,No,No,Working Class Urban,Denied
1736,6100,Male,White,79,Over 60,22423.5,648,385268,Full-time,High School,Citizen,Limited,No,No,Rural,Denied
1737,4359,Male,White,78,Over 60,126569.4,726,179212,Full-time,Some College,Citizen,Fluent,No,No,Urban Professional,Approved
1738,7086,Female,White,61,Over 60,39074.45,743,372263,Full-time,High School,Citizen,Fluent,No,No,Rural,Denied
1739,2718,Female,White,59,25-60,111823.9,742,391206,Part-time,High School,Citizen,Fluent,No,No,High-income Suburban,Approved
1740,3224,Female,White,56,25-60,19464.85,587,287437,Full-time,High School,Citizen,Fluent,No,No,Rural,Denied
1741,8503,Male,Asian,40,25-60,81791.08,721,349854,Self-employed,Graduate,Citizen,Limited,No,No,Working Class Urban,Approved
1742,4443,Female,White,74,Over 60,84734.49,751,324093,Full-time,High School,Citizen,Fluent,No,No,High-income Suburban,Approved
1743,3453,Male,White,62,Over 60,50780.7,700,356771,Part-time,Some College,Citizen,Limited,No,No,Urban Professional,Denied
1744,9560,Male,White,46,25-60,71681.22,633,389169,Full-time,High School,Citizen,Limited,Yes,No,Urban Professional,Approved
1745,861,Male,White,45,25-60,69370.65,663,375824,Full-time,High School,Permanent Resident,Limited,No,No,High-income Suburban,Approved
1746,80,Female,White,70,Over 60,71081.84,717,387306,Full-time,High School,Citizen,Fluent,No,No,Urban Professional,Approved
1747,4045,Male,White,55,25-60,158422.69,741,305335,Full-time,Bachelor's,Citizen,Fluent,No,No,High-income Suburban,Approved
1748,7602,Female,Hispanic,62,Over 60,78606.16,750,260763,Full-time,Some College,Permanent Resident,Limited,No,No,Urban Professional,Denied
1749,6866,Male,White,26,25-60,58934.76,630,212274,Full-time,High School,Citizen,Limited,No,No,Urban Professional,Denied
1750,1474,Male,White,22,Under 25,72900.21,565,156940,Full-time,Some College,Citizen,Limited,No,No,High-income Suburban,Denied
1751,541,Female,White,59,25-60,115775.13,756,445718,Full-time,High School,Citizen,Fluent,No,No,High-income Suburban,Approved
1752,6306,Female,Hispanic,32,25-60,49190.96,713,413861,Full-time,Some College,Citizen,Fluent,No,No,Rural,Approved
1753,4916,Female,Asian,20,Under 25,46809.88,586,290869,Full-time,Some College,Citizen,Fluent,No,No,Working Class Urban,Denied
1754,829,Female,White,52,25-60,40395.33,678,204910,Full-time,Some College,Citizen,Fluent,Yes,No,Working Class Urban,Approved
1755,512,Non-binary,Hispanic,43,25-60,139021.37,699,194869,Part-time,Some College,Citizen,Fluent,No,No,High-income Suburban,Approved
1756,5796,Male,White,52,25-60,80290.21,758,341585,Full-time,Bachelor's,Citizen,Fluent,No,No,Working Class Urban,Approved
1757,3826,Male,White,79,Over 60,172222.21,810,404044,Full-time,Bachelor's,Citizen,Fluent,No,No,Urban Professional,Approved
1758,255,Male,Hispanic,26,25-60,209270.55,751,288760,Full-time,Bachelor's,Citizen,Fluent,No,No,High-income Suburban,Approved
1759,5174,Male,Asian,54,25-60,58061.02,666,127014,Full-time,Some College,Citizen,Fluent,No,No,Historically Redlined,Denied
1760,1682,Male,Hispanic,60,25-60,129511.94,729,58243,Part-time,High School,Citizen,Fluent,No,No,High-income Suburban,Approved
1761,3038,Female,Hispanic,53,25-60,54865.56,657,261624,Self-employed,Some College,Visa Holder,Fluent,Yes,No,Historically Redlined,Approved
1762,6281,Female,Hispanic,43,25-60,211770.61,746,137557,Part-time,Graduate,Citizen,Limited,No,No,Urban Professional,Approved
1763,2755,Female,Hispanic,78,Over 60,53021.22,747,350248,Full-time,High School,Citizen,Limited,No,No,Urban Professional,Approved
1764,232,Male,White,46,25-60,130636.13,703,266537,Full-time,Bachelor's,Citizen,Fluent,No,Yes,High-income Suburban,Approved
1765,7491,Female,White,68,Over 60,78231.62,741,213468,Full-time,Some College,Citizen,Fluent,No,No,Urban Professional,Approved
1766,5808,Male,White,24,Under 25,40221.63,581,140309,Part-time,Some College,Citizen,Fluent,No,No,Rural,Denied
1767,5733,Male,Multiracial,67,Over 60,205992.29,781,232416,Full-time,Graduate,Citizen,Fluent,No,No,Urban Professional,Approved
1768,8850,Male,Native American,41,25-60,52401.82,674,430312,Full-time,Some College,Permanent Resident,Fluent,No,No,Working Class Urban,Denied
1769,7640,Male,White,82,Over 60,163551.42,768,215083,Full-time,Some College,Citizen,Fluent,No,No,High-income Suburban,Approved
1770,3752,Male,Hispanic,68,Over 60,16775.55,663,352159,Gig,High School,Citizen,Limited,No,Yes,Rural,Denied
1771,2433,Male,White,50,25-60,147425.99,710,265879,Full-time,Bachelor's,Citizen,Fluent,No,No,Urban Professional,Approved
1772,9062,Female,White,71,Over 60,59068.48,671,177688,Full-time,High School,Citizen,Fluent,No,No,Working Class Urban,Denied
1773,2777,Female,White,30,25-60,67318.95,694,247255,Full-time,Bachelor's,Permanent Resident,Fluent,No,No,Rural,Approved
1774,8167,Female,White,21,Under 25,40227.22,601,386445,Full-time,High School,Citizen,Fluent,No,No,Rural,Denied
1775,4295,Male,Multiracial,31,25-60,33795.35,590,209154,Full-time,Some College,Citizen,Limited,No,No,Working Class Urban,Denied
1776,3204,Female,Asian,36,25-60,92837.83,704,122386,Gig,Bachelor's,Visa Holder,Fluent,No,No,Working Class Urban,Approved
1777,8002,Male,White,24,Under 25,52630.93,622,329075,Full-time,Some College,Citizen,Fluent,No,No,Historically Redlined,Denied
1778,122,Female,White,33,25-60,39564.89,644,349871,Part-time,Some College,Citizen,Limited,No,No,Rural,Approved
1779,7620,Female,Hispanic,54,25-60,38884.94,673,284416,Full-time,High School,Citizen,Fluent,No,No,Rural,Denied
1780,3746,Female,White,59,25-60,63935.05,633,430539,Unemployed,Some College,Citizen,Fluent,No,No,Working Class Urban,Denied
1781,9262,Male,Multiracial,58,25-60,85461.44,723,406607,Part-time,Bachelor's,Citizen,Fluent,No,No,Working Class Urban,Approved
1782,1562,Female,White,28,25-60,56466.4,685,95997,Part-time,Bachelor's,Citizen,Limited,No,No,Working Class Urban,Approved
1783,4712,Male,White,60,25-60,269585.61,745,340358,Full-time,Graduate,Citizen,Fluent,Yes,No,Urban Professional,Approved
1784,2765,Male,Hispanic,66,Over 60,83250.68,774,370098,Full-time,High School,Citizen,Fluent,No,No,Urban Professional,Approved
1785,1367,Non-binary,Hispanic,50,25-60,227111.41,668,412759,Full-time,Graduate,Citizen,Fluent,No,No,Urban Professional,Approved
1786,4556,Male,Asian,68,Over 60,179239.68,786,167849,Full-time,Bachelor's,Citizen,Fluent,No,No,High-income Suburban,Approved
1787,9721,Male,White,66,Over 60,126312.19,764,179253,Part-time,Some College,Permanent Resident,Fluent,No,No,High-income Suburban,Approved
1788,7447,Male,Hispanic,60,25-60,53565.18,673,444817,Full-time,Some College,Citizen,Fluent,No,No,Rural,Approved
1789,4660,Female,White,45,25-60,137686.21,725,69535,Full-time,Some College,Citizen,Fluent,No,No,Urban Professional,Approved
1790,2102,Female,White,55,25-60,53483.34,691,416159,Full-time,Some College,Citizen,Fluent,Yes,No,Working Class Urban,Denied
1791,1197,Female,Hispanic,62,Over 60,116696.49,723,351319,Full-time,Some College,Citizen,Fluent,Yes,No,High-income Suburban,Approved
1792,8563,Female,White,76,Over 60,131158.88,796,102719,Gig,Some College,Citizen,Fluent,No,No,High-income Suburban,Approved
1793,6801,Female,Asian,71,Over 60,180603.66,738,187052,Part-time,Bachelor's,Citizen,Fluent,No,No,Urban Professional,Approved
1794,906,Male,Black,49,25-60,42693.65,667,121124,Full-time,High School,Permanent Resident,Fluent,Yes,No,Working Class Urban,Denied
1795,1686,Male,Hispanic,24,Under 25,111069.78,674,422556,Full-time,Graduate,Permanent Resident,Fluent,No,No,Rural,Approved
1796,8982,Male,White,34,25-60,31563.25,580,320757,Part-time,High School,Citizen,Limited,No,No,Working Class Urban,Denied
1797,1852,Male,White,24,Under 25,44862.67,564,131017,Self-employed,High School,Citizen,Fluent,No,No,Historically Redlined,Denied
1798,9760,Female,White,68,Over 60,333172.3,843,203805,Full-time,Graduate,Citizen,Fluent,No,No,High-income Suburban,Approved
1799,9779,Female,White,43,25-60,45007.5,688,415595,Part-time,High School,Citizen,Fluent,No,No,Rural,Approved
1800,8687,Non-binary,White,53,25-60,35642.56,691,146792,Gig,High School,Citizen,Fluent,No,No,Historically Redlined,Approved
1801,1431,Female,Hispanic,39,25-60,45086.57,706,203164,Full-time,Some College,Permanent Resident,Fluent,No,No,Working Class Urban,Approved
1802,7755,Female,White,46,25-60,113791.73,663,442806,Full-time,Some College,Citizen,Fluent,No,No,High-income Suburban,Approved
1803,3064,Male,White,34,25-60,114200.22,723,343073,Full-time,High School,Citizen,Fluent,No,No,High-income Suburban,Approved
1804,4338,Male,White,51,25-60,28215.72,569,289714,Full-time,High School,Citizen,Fluent,No,Yes,Working Class Urban,Denied
1805,8384,Male,White,18,Under 25,121166.61,670,388836,Gig,Bachelor's,Citizen,Fluent,No,No,Urban Professional,Approved
1806,9181,Male,White,46,25-60,59521.84,719,390304,Full-time,High School,Citizen,Limited,No,No,Urban Professional,Approved
1807,2989,Male,White,54,25-60,77232.46,697,401091,Full-time,Some College,Permanent Resident,Limited,No,No,Urban Professional,Approved
1808,9076,Male,Hispanic,73,Over 60,69567.32,705,198686,Full-time,Bachelor's,Visa Holder,Fluent,No,No,Historically Redlined,Approved
1809,6704,Female,White,67,Over 60,223897.92,759,285568,Full-time,Bachelor's,Citizen,Fluent,No,No,High-income Suburban,Approved
1810,2137,Female,Hispanic,59,25-60,122252.6,764,295646,Full-time,High School,Citizen,Fluent,No,No,High-income Suburban,Approved
1811,7564,Female,White,52,25-60,47414.55,662,138488,Part-time,Bachelor's,Citizen,Limited,No,No,Working Class Urban,Denied
1812,3433,Female,Asian,55,25-60,183913.84,680,356373,Full-time,Bachelor's,Citizen,Fluent,No,No,Urban Professional,Approved
1813,5273,Male,Hispanic,59,25-60,253950.92,712,280838,Full-time,Bachelor's,Citizen,Fluent,Yes,No,High-income Suburban,Approved
1814,7904,Male,White,42,25-60,79115.08,654,164263,Full-time,Bachelor's,Visa Holder,Fluent,No,No,Rural,Denied
1815,9260,Female,Black,23,Under 25,81369.46,658,403697,Gig,High School,Citizen,Fluent,No,No,Urban Professional,Denied
1816,2737,Male,White,32,25-60,250010.91,737,376427,Self-employed,Graduate,Citizen,Fluent,No,No,Urban Professional,Approved
1817,1037,Male,White,59,25-60,158339.59,696,346995,Gig,High School,Permanent Resident,Fluent,No,No,High-income Suburban,Approved
1818,9496,Female,White,21,Under 25,54007.76,561,307621,Full-time,Some College,Citizen,Fluent,No,No,Working Class Urban,Denied
1819,2,Female,White,36,25-60,108082.04,643,441856,Self-employed,Bachelor's,Permanent Resident,Limited,No,No,Urban Professional,Approved
1820,5309,Female,White,21,Under 25,314370.82,607,54915,Full-time,Graduate,Citizen,Fluent,No,No,High-income Suburban,Approved
1821,2390,Male,Black,70,Over 60,36768.47,686,163397,Full-time,High School,Citizen,Fluent,No,Yes,Working Class Urban,Denied
1822,5799,Male,White,55,25-60,228530.3,678,439825,Full-time,Graduate,Citizen,Fluent,No,No,Urban Professional,Approved
1823,3078,Male,Asian,66,Over 60,286936.19,782,197652,Self-employed,Graduate,Citizen,Fluent,No,No,High-income Suburban,Approved
1824,4353,Female,White,36,25-60,137038.02,719,293898,Full-time,Bachelor's,Citizen,Fluent,No,No,Urban Professional,Approved
1825,792,Male,White,70,Over 60,39863.24,749,382880,Gig,Some College,Citizen,Fluent,No,No,Working Class Urban,Approved
1826,3450,Female,White,73,Over 60,76095.56,688,111283,Part-time,High School,Citizen,Limited,Yes,No,High-income Suburban,Approved
1827,3532,Female,White,49,25-60,77456.38,642,204804,Part-time,Graduate,Citizen,Fluent,Yes,No,Historically Redlined,Denied
1828,8013,Female,White,54,25-60,38954.23,634,193371,Full-time,Bachelor's,Citizen,Limited,No,No,Historically Redlined,Denied
1829,6662,Male,White,62,Over 60,52067.27,753,220100,Gig,Bachelor's,Citizen,Fluent,No,No,Rural,Denied
1830,9418,Female,White,22,Under 25,199422.31,598,207080,Full-time,Graduate,Citizen,Fluent,No,No,Urban Professional,Approved
1831,6080,Female,White,67,Over 60,105942.82,766,134287,Self-employed,High School,Citizen,Fluent,No,No,High-income Suburban,Approved
1832,7078,Female,White,23,Under 25,26311.76,494,149706,Full-time,High School,Citizen,Fluent,No,No,Historically Redlined,Denied
1833,1497,Female,Hispanic,58,25-60,49906.0,666,281826,Part-time,High School,Visa Holder,Fluent,No,No,Working Class Urban,Denied
1834,4141,Female,Asian,24,Under 25,309033.28,636,122284,Gig,Graduate,Citizen,Fluent,No,No,High-income Suburban,Denied
1835,4560,Female,Hispanic,82,Over 60,49161.42,725,187367,Full-time,High School,Citizen,Fluent,No,No,Working Class Urban,Approved
1836,5347,Female,Hispanic,29,25-60,16648.55,608,382678,Full-time,High School,Visa Holder,Limited,No,No,Historically Redlined,Denied
1837,6460,Male,Black,62,Over 60,83916.42,773,253138,Gig,High School,Citizen,Fluent,No,No,High-income Suburban,Approved
1838,5641,Female,White,20,Under 25,31465.74,610,370761,Full-time,High School,Citizen,Fluent,No,No,Historically Redlined,Denied
1839,1505,Female,Black,21,Under 25,51581.02,529,370231,Full-time,Bachelor's,Citizen,Fluent,No,No,Rural,Denied
1840,6011,Male,White,47,25-60,42373.77,621,335574,Full-time,High School,Permanent Resident,Fluent,No,No,Rural,Denied
1841,4915,Female,White,55,25-60,34141.32,635,352173,Full-time,High School,Citizen,Fluent,No,No,Historically Redlined,Denied
1842,9448,Female,White,48,25-60,138005.23,693,140351,Part-time,Some College,Citizen,Fluent,Yes,No,High-income Suburban,Approved
1843,6885,Male,White,40,25-60,62765.07,682,106571,Full-time,Bachelor's,Citizen,Fluent,No,No,Historically Redlined,Approved
1844,873,Male,Hispanic,23,Under 25,36504.7,568,297148,Full-time,Some College,Citizen,Fluent,No,No,Historically Redlined,Denied
1845,6327,Female,Asian,46,25-60,44606.19,681,267343,Gig,Bachelor's,Citizen,Fluent,Yes,No,Historically Redlined,Denied
1846,5065,Female,White,69,Over 60,67333.06,673,380986,Part-time,Graduate,Citizen,Limited,No,No,Historically Redlined,Approved
1847,9801,Female,Black,45,25-60,38409.62,710,345262,Gig,High School,Citizen,Fluent,No,No,Historically Redlined,Approved
1848,7059,Female,Hispanic,29,25-60,86565.38,693,113656,Part-time,High School,Citizen,Fluent,Yes,No,Urban Professional,Denied
1849,2904,Male,White,53,25-60,51111.67,672,343528,Full-time,Some College,Visa Holder,Fluent,No,No,Rural,Denied
1850,5522,Male,White,74,Over 60,59206.14,739,376911,Full-time,Bachelor's,Citizen,Fluent,No,No,Rural,Approved
1851,3785,Male,Hispanic,36,25-60,66726.52,682,248063,Full-time,Bachelor's,Permanent Resident,Fluent,No,No,Working Class Urban,Approved
1852,2860,Male,White,72,Over 60,35676.19,704,122891,Full-time,High School,Citizen,Limited,Yes,No,High-income Suburban,Approved
1853,8469,Female,White,63,Over 60,84409.13,752,257618,Full-time,Graduate,Citizen,Limited,No,No,Working Class Urban,Approved
1854,8659,Female,Asian,50,25-60,115659.5,741,176164,Part-time,High School,Citizen,Fluent,No,No,High-income Suburban,Approved
1855,6913,Male,White,53,25-60,147215.27,719,239973,Full-time,Bachelor's,Citizen,Limited,No,No,High-income Suburban,Approved
1856,3118,Male,Black,33,25-60,27176.72,553,417185,Full-time,Some College,Citizen,Limited,No,Yes,Rural,Denied
1857,9782,Female,Hispanic,74,Over 60,153020.59,829,195706,Gig,Some College,Citizen,Fluent,Yes,No,High-income Suburban,Approved
1858,9131,Female,White,46,25-60,168010.03,735,406609,Self-employed,Bachelor's,Citizen,Fluent,No,No,Urban Professional,Approved
1859,8789,Male,White,65,Over 60,44909.43,686,429852,Full-time,Some College,Permanent Resident,Fluent,No,No,Historically Redlined,Denied
1860,1985,Male,Hispanic,68,Over 60,42310.79,742,136500,Full-time,Some College,Citizen,Fluent,Yes,No,Historically Redlined,Approved
1861,3607,Female,White,19,Under 25,46647.67,650,328453,Full-time,Some College,Citizen,Fluent,No,No,Rural,Denied
1862,4391,Female,White,45,25-60,59873.61,649,149786,Full-time,Bachelor's,Citizen,Fluent,No,No,Historically Redlined,Denied
1863,720,Male,Black,73,Over 60,92692.17,799,346001,Full-time,Bachelor's,Citizen,Fluent,No,No,Working Class Urban,Approved
1864,3718,Female,White,40,25-60,29667.31,634,298947,Full-time,High School,Citizen,Fluent,No,No,Rural,Denied
1865,6793,Female,Black,37,25-60,145065.83,672,361920,Full-time,Bachelor's,Citizen,Fluent,No,Yes,High-income Suburban,Approved
1866,6959,Female,White,64,Over 60,141784.82,752,447430,Part-time,Graduate,Citizen,Limited,No,No,Urban Professional,Approved
1867,1379,Male,White,60,25-60,114594.49,756,423501,Full-time,Graduate,Citizen,Fluent,No,No,Historically Redlined,Approved
1868,7659,Female,Asian,55,25-60,27999.07,583,81122,Full-time,High School,Citizen,Fluent,No,No,Historically Redlined,Denied
1869,8647,Male,White,72,Over 60,83202.79,749,117495,Gig,Bachelor's,Citizen,Fluent,No,No,Rural,Approved
1870,423,Male,Asian,28,25-60,183839.52,720,353142,Part-time,Bachelor's,Citizen,Fluent,No,No,Urban Professional,Approved
1871,9059,Male,Black,69,Over 60,40781.85,628,388069,Gig,High School,Visa Holder,Fluent,No,No,Rural,Denied
1872,6258,Male,Black,45,25-60,53668.81,686,318864,Full-time,Some College,Citizen,Fluent,Yes,No,Rural,Approved
1873,7269,Male,Hispanic,29,25-60,48591.49,663,187613,Gig,Bachelor's,Citizen,Limited,No,No,Rural,Denied
1874,3342,Male,White,48,25-60,93251.16,778,206370,Full-time,High School,Citizen,Fluent,No,No,Urban Professional,Approved
1875,8949,Male,Hispanic,54,25-60,91964.33,677,324929,Full-time,Some College,Citizen,Fluent,No,No,High-income Suburban,Approved
1876,2982,Male,Hispanic,18,Under 25,62056.46,618,392803,Full-time,Graduate,Citizen,Fluent,Yes,No,Working Class Urban,Denied
1877,1288,Female,White,38,25-60,179415.96,732,242012,Full-time,Bachelor's,Citizen,Fluent,Yes,No,High-income Suburban,Approved
1878,2829,Male,White,57,25-60,182474.59,712,328146,Full-time,Graduate,Visa Holder,Limited,No,No,Urban Professional,Approved
1879,3129,Male,Asian,41,25-60,205542.27,750,371478,Full-time,Graduate,Citizen,Fluent,No,No,Urban Professional,Approved
1880,2969,Female,White,21,Under 25,18576.49,555,249796,Full-time,High School,Citizen,Limited,No,No,Historically Redlined,Denied
1881,7127,Female,White,26,25-60,74729.23,655,393307,Part-time,Some College,Citizen,Fluent,No,No,Working Class Urban,Denied
1882,1217,Male,White,45,25-60,62223.5,677,152202,Part-time,Bachelor's,Citizen,Fluent,No,No,Working Class Urban,Approved
1883,1346,Female,White,61,Over 60,105271.86,720,328336,Full-time,High School,Citizen,Fluent,No,No,Urban Professional,Approved
1884,3925,Male,White,56,25-60,59734.86,705,285103,Part-time,Some College,Permanent Resident,Fluent,No,No,Working Class Urban,Approved
1885,9479,Female,White,41,25-60,53669.23,693,312574,Self-employed,Some College,Citizen,Fluent,No,No,Working Class Urban,Denied
1886,7641,Female,Asian,33,25-60,113376.66,684,215487,Full-time,Graduate,Citizen,Fluent,No,No,Historically Redlined,Approved
1887,9893,Female,White,67,Over 60,257662.69,739,170938,Full-time,Graduate,Citizen,Fluent,No,No,Urban Professional,Approved
1888,1637,Male,Hispanic,78,Over 60,197381.23,739,162894,Full-time,Bachelor's,Citizen,Fluent,No,No,High-income Suburban,Approved
1889,2155,Female,White,19,Under 25,38063.2,566,143104,Full-time,High School,Citizen,Fluent,Yes,No,Historically Redlined,Denied
1890,3278,Male,White,49,25-60,151388.96,729,253310,Full-time,Graduate,Visa Holder,Limited,No,No,Urban Professional,Approved
1891,2234,Male,White,34,25-60,54479.93,686,243406,Full-time,High School,Citizen,Limited,No,No,Urban Professional,Approved
1892,2629,Female,White,44,25-60,105121.48,712,421419,Full-time,Graduate,Citizen,Fluent,No,No,Historically Redlined,Approved
1893,9292,Male,White,33,25-60,267311.33,692,434473,Full-time,Graduate,Citizen,Fluent,No,No,Urban Professional,Approved
1894,3076,Male,Hispanic,56,25-60,49971.1,651,136662,Part-time,Bachelor's,Citizen,Fluent,No,No,Working Class Urban,Denied
1895,8229,Female,White,55,25-60,58290.56,703,95850,Full-time,Graduate,Citizen,Limited,No,No,Working Class Urban,Approved
1896,2707,Male,White,43,25-60,50500.76,668,432927,Full-time,Some College,Citizen,Fluent,No,No,Historically Redlined,Denied
1897,2060,Male,White,29,25-60,56869.61,652,333740,Full-time,Some College,Citizen,Fluent,No,No,Working Class Urban,Approved
1898,9742,Male,White,20,Under 25,56780.71,622,420245,Full-time,High School,Citizen,Fluent,No,No,Working Class Urban,Denied
1899,9691,Male,White,73,Over 60,319284.4,763,363210,Self-employed,Graduate,Citizen,Fluent,No,No,High-income Suburban,Approved
1900,4800,Male,Asian,81,Over 60,217316.04,785,287423,Full-time,Bachelor's,Citizen,Fluent,No,No,High-income Suburban,Approved
1901,2633,Male,White,54,25-60,146133.86,681,62531,Full-time,Bachelor's,Citizen,Fluent,No,Yes,Urban Professional,Approved
1902,3931,Male,Hispanic,59,25-60,59469.15,650,381033,Full-time,Bachelor's,Citizen,Fluent,No,No,Working Class Urban,Denied
1903,836,Male,White,54,25-60,35889.87,689,59306,Full-time,High School,Permanent Resident,Fluent,No,No,Historically Redlined,Approved
1904,321,Female,White,62,Over 60,34177.3,622,192465,Full-time,Some College,Citizen,Limited,Yes,No,Historically Redlined,Denied
1905,9104,Female,Black,45,25-60,114305.69,664,430588,Full-time,Graduate,Visa Holder,Fluent,Yes,No,Rural,Denied
1906,4952,Male,Asian,21,Under 25,283146.3,638,257348,Full-time,Graduate,Citizen,Fluent,No,No,Urban Professional,Approved
1907,5370,Female,White,46,25-60,43799.08,629,274496,Full-time,High School,Citizen,Fluent,No,No,Working Class Urban,Denied
1908,6316,Female,White,69,Over 60,105311.36,780,211089,Gig,Graduate,Citizen,Fluent,Yes,No,Working Class Urban,Approved
1909,1344,Male,White,27,25-60,77610.71,730,393606,Full-time,Some College,Citizen,Limited,No,No,High-income Suburban,Approved
1910,5953,Female,Hispanic,19,Under 25,242120.37,646,428164,Full-time,Bachelor's,Citizen,Fluent,No,No,High-income Suburban,Approved
1911,4284,Male,White,25,25-60,84909.81,743,130468,Unemployed,High School,Citizen,Fluent,No,No,High-income Suburban,Approved
1912,4612,Female,White,72,Over 60,50677.13,704,253740,Full-time,Some College,Citizen,Fluent,Yes,No,Working Class Urban,Approved
1913,5328,Male,White,22,Under 25,48777.01,582,335840,Full-time,Some College,Citizen,Fluent,No,No,Working Class Urban,Approved
1914,8257,Female,Hispanic,71,Over 60,33439.07,646,118228,Full-time,High School,Citizen,Fluent,No,No,Historically Redlined,Denied
1915,9319,Female,White,78,Over 60,52935.58,715,401982,Full-time,Bachelor's,Citizen,Limited,No,No,Rural,Approved
1916,4088,Female,Hispanic,67,Over 60,67302.45,719,57977,Full-time,Some College,Permanent Resident,Fluent,Yes,No,Working Class Urban,Denied
1917,4508,Non-binary,White,18,Under 25,45260.7,613,158417,Full-time,High School,Citizen,Fluent,Yes,No,Working Class Urban,Denied
1918,1789,Male,White,45,25-60,204108.65,754,361882,Full-time,Bachelor's,Citizen,Fluent,No,No,High-income Suburban,Approved
1919,3674,Female,White,51,25-60,249132.82,693,264044,Part-time,Graduate,Permanent Resident,Fluent,No,No,Urban Professional,Approved
1920,3675,Male,White,48,25-60,138434.13,690,422455,Full-time,Some College,Citizen,Fluent,No,No,High-income Suburban,Approved
1921,6930,Female,White,44,25-60,236231.96,663,405438,Full-time,Bachelor's,Citizen,Fluent,No,No,Urban Professional,Denied
1922,2655,Female,Black,35,25-60,265833.94,701,335763,Full-time,Graduate,Citizen,Fluent,No,No,Urban Professional,Approved
1923,905,Male,Hispanic,33,25-60,69635.68,667,218843,Full-time,High School,Citizen,Fluent,No,Yes,High-income Suburban,Denied
1924,7743,Male,Black,33,25-60,48318.03,684,111752,Full-time,High School,Visa Holder,Fluent,No,No,Working Class Urban,Approved
1925,70,Female,White,21,Under 25,155120.75,637,226165,Full-time,Some College,Citizen,Fluent,No,No,High-income Suburban,Approved
1926,8933,Male,Black,67,Over 60,64798.78,773,93002,Gig,High School,Citizen,Limited,No,No,High-income Suburban,Approved
1927,2120,Male,Black,50,25-60,157310.65,690,434212,Full-time,Bachelor's,Citizen,Fluent,Yes,Yes,Urban Professional,Approved
1928,3048,Female,White,28,25-60,27690.11,520,109972,Part-time,Some College,Citizen,Fluent,No,Yes,Rural,Denied
1929,3175,Female,Hispanic,40,25-60,173985.03,737,322913,Full-time,Some College,Citizen,Fluent,No,No,High-income Suburban,Approved
1930,6606,Female,Black,71,Over 60,57720.82,687,136394,Part-time,Some College,Citizen,Limited,No,No,Urban Professional,Approved
1931,9918,Female,Hispanic,53,25-60,196245.42,697,382784,Full-time,Bachelor's,Citizen,Fluent,No,No,High-income Suburban,Approved
1932,6166,Female,White,60,25-60,49621.41,688,175731,Full-time,High School,Citizen,Fluent,No,No,Rural,Denied
1933,1512,Male,White,68,Over 60,272748.38,736,178930,Part-time,Graduate,Permanent Resident,Fluent,No,No,High-income Suburban,Approved
1934,7742,Female,White,37,25-60,198113.0,697,399354,Part-time,Graduate,Citizen,Limited,Yes,No,High-income Suburban,Approved
1935,1958,Female,White,50,25-60,79052.78,654,178219,Full-time,Bachelor's,Permanent Resident,Fluent,No,No,Rural,Denied
1936,3418,Male,White,42,25-60,50412.51,664,416142,Full-time,High School,Citizen,Fluent,No,No,Working Class Urban,Denied
1937,9714,Female,Black,51,25-60,72581.59,644,90053,Full-time,High School,Citizen,Fluent,No,No,Urban Professional,Approved
1938,2141,Female,White,47,25-60,33731.68,629,428452,Part-time,Some College,Citizen,Limited,No,No,Historically Redlined,Denied
1939,571,Female,White,62,Over 60,102511.24,784,302980,Full-time,High School,Permanent Resident,Fluent,No,No,Urban Professional,Approved
1940,1189,Male,White,20,Under 25,100296.74,643,121918,Self-employed,Some College,Citizen,Fluent,Yes,No,Urban Professional,Approved
1941,7593,Male,Black,32,25-60,52213.68,716,430585,Full-time,High School,Citizen,Fluent,Yes,No,Working Class Urban,Denied
1942,8176,Female,White,20,Under 25,115331.27,649,337838,Full-time,High School,Citizen,Fluent,No,No,High-income Suburban,Denied
1943,8711,Female,Hispanic,45,25-60,84282.36,720,109258,Full-time,Bachelor's,Citizen,Limited,No,Yes,Urban Professional,Approved
1944,3672,Male,White,31,25-60,124303.95,679,170578,Gig,Bachelor's,Citizen,Limited,No,No,High-income Suburban,Approved
1945,5017,Male,White,22,Under 25,48461.72,613,160101,Full-time,High School,Citizen,Fluent,Yes,No,Rural,Denied
1946,775,Female,White,24,Under 25,226261.89,694,247688,Full-time,Bachelor's,Citizen,Fluent,No,No,High-income Suburban,Approved
1947,3300,Male,Black,76,Over 60,111996.72,766,346732,Full-time,High School,Citizen,Fluent,No,No,High-income Suburban,Approved
1948,82,Male,White,19,Under 25,247255.54,605,444025,Part-time,Bachelor's,Citizen,Fluent,No,No,High-income Suburban,Denied
1949,3061,Male,White,62,Over 60,27477.42,689,345468,Full-time,High School,Citizen,Fluent,Yes,No,Rural,Denied
1950,9644,Male,Hispanic,75,Over 60,215906.48,755,249625,Full-time,Bachelor's,Permanent Resident,Fluent,No,No,Urban Professional,Approved
1951,4771,Female,White,34,25-60,311996.26,685,90996,Full-time,Graduate,Citizen,Fluent,No,No,High-income Suburban,Approved
1952,9278,Female,Hispanic,69,Over 60,97079.44,719,159785,Full-time,High School,Citizen,Fluent,Yes,No,Urban Professional,Approved
1953,916,Female,White,44,25-60,133548.22,734,114879,Full-time,High School,Citizen,Fluent,No,No,High-income Suburban,Approved
1954,8231,Female,White,60,25-60,122838.76,676,340594,Full-time,Some College,Citizen,Fluent,No,No,Urban Professional,Approved
1955,3890,Male,Hispanic,32,25-60,107622.16,708,286692,Full-time,High School,Citizen,Fluent,No,No,High-income Suburban,Approved
1956,3979,Male,Hispanic,58,25-60,39211.88,614,361975,Self-employed,High School,Citizen,Fluent,No,Yes,Working Class Urban,Denied
1957,1339,Female,Hispanic,36,25-60,26786.86,587,317797,Full-time,High School,Citizen,Limited,No,No,Working Class Urban,Denied
1958,8463,Female,White,38,25-60,61099.95,641,194176,Full-time,Bachelor's,Citizen,Limited,No,No,Historically Redlined,Approved
1959,3198,Male,Black,30,25-60,76850.19,658,332274,Full-time,Some College,Citizen,Limited,No,No,High-income Suburban,Denied
1960,3201,Female,White,46,25-60,54980.34,623,237415,Full-time,Graduate,Permanent Resident,Fluent,No,No,Working Class Urban,Denied
1961,8212,Female,Asian,69,Over 60,189965.14,756,52290,Self-employed,Bachelor's,Citizen,Fluent,No,No,High-income Suburban,Approved
1962,1713,Male,White,64,Over 60,145544.94,791,63765,Full-time,Some College,Citizen,Fluent,No,No,High-income Suburban,Approved
1963,5205,Female,Hispanic,65,Over 60,152969.49,796,151548,Full-time,Some College,Citizen,Fluent,No,No,High-income Suburban,Approved
1964,7835,Female,White,32,25-60,53325.48,669,235050,Full-time,Bachelor's,Citizen,Fluent,No,No,Rural,Denied
1965,3595,Male,Black,33,25-60,71504.62,643,422410,Gig,Some College,Citizen,Fluent,No,Yes,Urban Professional,Denied
1966,2016,Male,White,40,25-60,203925.93,732,419233,Full-time,Bachelor's,Citizen,Fluent,No,No,High-income Suburban,Approved
1967,6601,Male,White,43,25-60,206678.98,704,242888,Full-time,Bachelor's,Citizen,Fluent,Yes,No,High-income Suburban,Approved
1968,112,Male,White,31,25-60,112885.38,746,374654,Part-time,Some College,Visa Holder,Fluent,No,No,High-income Suburban,Approved
1969,3173,Male,Asian,48,25-60,105499.35,786,162978,Full-time,Bachelor's,Citizen,Limited,No,No,High-income Suburban,Approved
1970,1376,Female,Asian,19,Under 25,63857.64,602,318163,Full-time,Some College,Citizen,Fluent,No,No,Working Class Urban,Denied
1971,481,Female,White,72,Over 60,204558.56,781,411641,Full-time,Graduate,Citizen,Limited,No,No,Urban Professional,Approved
1972,1161,Male,Black,44,25-60,94004.4,769,181099,Full-time,High School,Citizen,Fluent,Yes,No,Urban Professional,Approved
1973,4855,Male,White,48,25-60,69860.88,623,361929,Full-time,Bachelor's,Permanent Resident,Fluent,Yes,Yes,Rural,Approved
1974,1062,Male,White,18,Under 25,106303.4,625,187471,Full-time,High School,Citizen,Fluent,No,No,Urban Professional,Approved
1975,8868,Male,White,18,Under 25,40939.4,560,69292,Gig,High School,Citizen,Fluent,Yes,No,Rural,Denied
1976,1836,Female,White,47,25-60,36407.88,684,394994,Full-time,Some College,Citizen,Fluent,No,No,Historically Redlined,Denied
1977,8307,Male,Black,76,Over 60,74708.12,715,268670,Full-time,Bachelor's,Visa Holder,Fluent,No,No,Historically Redlined,Approved
1978,298,Female,White,55,25-60,180336.12,683,327161,Full-time,Bachelor's,Citizen,Fluent,Yes,No,Urban Professional,Approved
1979,2399,Female,Black,41,25-60,327702.56,680,384610,Full-time,Graduate,Citizen,Fluent,No,No,High-income Suburban,Approved
1980,2080,Male,White,34,25-60,51385.22,655,388732,Self-employed,High School,Citizen,Fluent,No,No,Historically Redlined,Approved
1981,7889,Female,Hispanic,30,25-60,91123.37,722,310340,Full-time,High School,Citizen,Fluent,No,No,Urban Professional,Approved
1982,2825,Male,Hispanic,54,25-60,14782.84,592,248617,Full-time,High School,Citizen,Fluent,No,Yes,Working Class Urban,Denied
1983,4996,Male,White,63,Over 60,109304.56,751,226805,Part-time,Some College,Citizen,Fluent,No,No,High-income Suburban,Approved
1984,4966,Female,Multiracial,64,Over 60,126432.44,779,294020,Part-time,Some College,Citizen,Fluent,No,No,High-income Suburban,Approved
1985,5177,Male,Black,24,Under 25,39532.27,618,304035,Full-time,High School,Citizen,Fluent,Yes,No,Rural,Denied
1986,6259,Male,Hispanic,64,Over 60,37235.86,714,110327,Full-time,High School,Citizen,Fluent,No,No,Rural,Denied
1987,9026,Female,White,31,25-60,38825.24,721,208206,Full-time,High School,Citizen,Fluent,No,No,Rural,Denied
1988,5788,Female,Hispanic,69,Over 60,70236.47,685,302836,Full-time,Some College,Citizen,Fluent,No,No,High-income Suburban,Approved
1989,1293,Male,Hispanic,58,25-60,50150.81,680,263884,Full-time,Some College,Permanent Resident,Fluent,No,No,Rural,Denied
1990,5491,Female,White,77,Over 60,123200.86,753,275013,Full-time,Bachelor's,Citizen,Limited,No,No,High-income Suburban,Approved
1991,8771,Male,White,51,25-60,113070.54,732,236413,Full-time,Graduate,Citizen,Fluent,No,No,Working Class Urban,Approved
1992,9869,Male,Black,19,Under 25,138574.67,575,382039,Gig,Bachelor's,Citizen,Fluent,No,Yes,Urban Professional,Denied
1993,5118,Female,White,20,Under 25,74244.8,646,309966,Full-time,High School,Citizen,Limited,Yes,No,Urban Professional,Approved
1994,4790,Female,White,80,Over 60,190102.11,783,350774,Full-time,Bachelor's,Citizen,Fluent,No,No,Urban Professional,Approved
1995,5639,Female,White,82,Over 60,85300.6,742,339386,Full-time,High School,Citizen,Fluent,No,No,Urban Professional,Approved
1996,6324,Female,White,39,25-60,65136.29,709,163256,Gig,Bachelor's,Citizen,Fluent,No,No,Working Class Urban,Denied
1997,7544,Male,White,68,Over 60,35808.63,723,203633,Full-time,High School,Citizen,Fluent,No,No,Rural,Approved
1998,130,Male,White,67,Over 60,35815.12,705,358290,Part-time,High School,Citizen,Fluent,No,No,Working Class Urban,Approved
1999,6477,Male,White,26,25-60,104739.02,693,427221,Full-time,High School,Citizen,Fluent,No,No,High-income Suburban,Approved
2000,3410,Non-binary,White,23,Under 25,81604.19,649,169976,Full-time,Graduate,Citizen,Limited,No,No,Working Class Urban,Denied
2001,5867,Female,White,20,Under 25,60328.13,599,56634,Part-time,Some College,Citizen,Fluent,No,No,Working Class Urban,Denied
2002,6840,Female,White,78,Over 60,243106.56,765,105405,Full-time,Bachelor's,Citizen,Fluent,No,No,High-income Suburban,Approved
2003,7744,Female,White,34,25-60,44604.12,637,93215,Gig,High School,Citizen,Fluent,No,No,Rural,Denied
2004,3682,Male,White,41,25-60,51887.78,686,162985,Part-time,High School,Permanent Resident,Fluent,No,No,Working Class Urban,Denied
2005,1246,Male,White,69,Over 60,74286.11,727,245126,Part-time,Some College,Citizen,Fluent,No,No,Working Class Urban,Denied
2006,3383,Male,Hispanic,30,25-60,140642.5,716,326982,Part-time,Some College,Citizen,Fluent,No,No,Urban Professional,Approved
2007,2626,Female,White,65,Over 60,129802.5,778,216501,Part-time,High School,Citizen,Fluent,No,No,High-income Suburban,Approved
2008,4773,Male,White,45,25-60,106950.21,729,334336,Full-time,High School,Citizen,Fluent,Yes,No,Urban Professional,Approved
2009,1851,Female,White,20,Under 25,41598.09,584,420762,Full-time,High School,Citizen,Fluent,No,No,Rural,Denied
2010,4149,Male,White,71,Over 60,64045.21,705,444795,Full-time,Bachelor's,Citizen,Fluent,No,No,Rural,Approved
2011,3783,Non-binary,White,71,Over 60,52838.98,761,110786,Full-time,Some College,Citizen,Fluent,No,No,Rural,Approved
2012,457,Female,White,24,Under 25,86124.57,657,444705,Full-time,High School,Citizen,Fluent,No,Yes,Urban Professional,Denied
2013,8962,Male,White,47,25-60,59793.13,687,151063,Full-time,High School,Citizen,Fluent,No,No,Working Class Urban,Approved
2014,2020,Male,White,24,Under 25,35183.18,549,75123,Part-time,Some College,Citizen,Fluent,No,No,Rural,Denied
2015,4860,Non-binary,White,20,Under 25,96634.28,596,385057,Part-time,High School,Citizen,Fluent,No,No,Urban Professional,Denied
2016,221,Female,White,47,25-60,101082.24,724,275615,Full-time,Some College,Citizen,Fluent,No,No,High-income Suburban,Approved
2017,895,Female,White,25,25-60,138578.11,814,145620,Part-time,Some College,Citizen,Fluent,No,No,High-income Suburban,Approved
2018,152,Female,White,22,Under 25,141993.56,643,175483,Part-time,Graduate,Citizen,Fluent,No,No,Working Class Urban,Approved
2019,5659,Female,White,28,25-60,120985.07,755,57955,Part-time,Some College,Permanent Resident,Fluent,No,No,High-income Suburban,Approved
2020,5386,Female,White,40,25-60,112236.13,820,188199,Full-time,Some College,Citizen,Limited,No,No,High-income Suburban,Approved
2021,5293,Male,White,40,25-60,50693.59,670,331441,Full-time,Bachelor's,Citizen,Fluent,No,No,Historically Redlined,Denied
2022,3644,Male,Hispanic,46,25-60,105256.0,688,257934,Full-time,Bachelor's,Citizen,Fluent,No,No,Working Class Urban,Approved
2023,7236,Male,White,53,25-60,161089.09,652,113066,Full-time,Bachelor's,Citizen,Fluent,No,No,Urban Professional,Denied
2024,5770,Female,Black,39,25-60,110938.44,701,166968,Gig,Graduate,Citizen,Fluent,No,No,Working Class Urban,Approved
2025,7307,Female,Asian,19,Under 25,192018.24,670,381853,Self-employed,Bachelor's,Citizen,Fluent,No,No,High-income Suburban,Approved
2026,9806,Male,White,24,Under 25,194880.53,573,437646,Full-time,Graduate,Citizen,Fluent,No,No,High-income Suburban,Denied
2027,5554,Male,White,50,25-60,223099.6,758,195298,Full-time,Graduate,Citizen,Fluent,Yes,No,High-income Suburban,Approved
2028,424,Male,White,45,25-60,78419.42,647,366738,Self-employed,Graduate,Citizen,Fluent,No,No,Historically Redlined,Approved
2029,2839,Male,White,29,25-60,61631.38,614,298441,Full-time,High School,Citizen,Fluent,No,No,Working Class Urban,Approved
2030,9610,Female,White,74,Over 60,116998.35,736,268976,Full-time,High School,Citizen,Fluent,No,No,Urban Professional,Approved
2031,8683,Male,White,27,25-60,119583.56,705,103875,Full-time,Graduate,Citizen,Fluent,No,No,Working Class Urban,Approved
2032,9643,Female,White,30,25-60,40962.4,657,351180,Full-time,High School,Citizen,Fluent,No,No,Working Class Urban,Approved
2033,3639,Male,Hispanic,36,25-60,109365.35,705,303772,Full-time,High School,Citizen,Fluent,No,No,Urban Professional,Approved
2034,6869,Female,White,79,Over 60,56851.95,706,233144,Full-time,Some College,Visa Holder,Fluent,No,No,Working Class Urban,Approved
2035,3060,Non-binary,White,26,25-60,30283.01,558,279509,Full-time,High School,Citizen,Fluent,No,No,Working Class Urban,Denied
2036,3359,Female,Hispanic,71,Over 60,90534.43,782,62998,Full-time,Some College,Citizen,Limited,No,No,High-income Suburban,Approved
2037,1506,Female,Hispanic,75,Over 60,38431.21,725,125475,Full-time,High School,Citizen,Fluent,No,No,Working Class Urban,Denied
2038,4527,Male,White,72,Over 60,42775.21,720,353707,Part-time,Some College,Citizen,Fluent,Yes,No,Rural,Denied
2039,8471,Male,Hispanic,24,Under 25,33283.22,570,60560,Full-time,Some College,Citizen,Fluent,No,No,Rural,Denied
2040,3390,Female,White,34,25-60,47923.33,673,339350,Full-time,Some College,Citizen,Fluent,No,No,Working Class Urban,Approved
2041,6788,Female,Black,40,25-60,104645.89,754,106215,Full-time,High School,Citizen,Fluent,No,No,Urban Professional,Approved
2042,778,Male,White,48,25-60,51584.09,659,279475,Full-time,Some College,Citizen,Fluent,No,No,Historically Redlined,Approved
2043,3959,Male,White,24,Under 25,182159.4,609,342491,Full-time,Bachelor's,Citizen,Fluent,No,No,High-income Suburban,Approved
2044,5840,Female,Hispanic,27,25-60,88998.54,771,59624,Unemployed,High School,Citizen,Fluent,No,No,High-income Suburban,Approved
2045,1768,Male,White,72,Over 60,100344.01,818,277559,Full-time,High School,Citizen,Limited,Yes,No,High-income Suburban,Approved
2046,4919,Female,White,61,Over 60,57336.5,645,430448,Full-time,Bachelor's,Citizen,Fluent,No,No,Historically Redlined,Approved
2047,7784,Female,Black,50,25-60,35359.44,732,274580,Full-time,Some College,Citizen,Fluent,No,No,Working Class Urban,Denied
2048,1473,Male,White,34,25-60,217078.21,741,185151,Full-time,Bachelor's,Citizen,Fluent,No,No,High-income Suburban,Approved
2049,2340,Female,Asian,28,25-60,157356.0,688,330205,Full-time,Bachelor's,Citizen,Fluent,Yes,No,Urban Professional,Approved
2050,5849,Male,Black,58,25-60,62671.87,658,256312,Gig,Bachelor's,Citizen,Fluent,Yes,No,Working Class Urban,Denied
2051,281,Male,White,41,25-60,48927.26,674,158761,Part-time,Some College,Citizen,Fluent,No,No,Working Class Urban,Denied
2052,3012,Female,White,50,25-60,47575.64,651,58635,Unemployed,High School,Citizen,Fluent,No,No,Historically Redlined,Approved
2053,3795,Male,White,24,Under 25,126960.63,672,194212,Full-time,Some College,Citizen,Fluent,No,No,Urban Professional,Approved
2054,6700,Female,Hispanic,73,Over 60,33172.02,658,220552,Gig,High School,Citizen,Fluent,No,No,Working Class Urban,Denied
2055,5712,Male,Black,23,Under 25,113965.92,689,241924,Full-time,High School,Citizen,Fluent,No,No,Urban Professional,Approved
2056,2032,Female,Native American,81,Over 60,181991.59,765,253645,Full-time,Bachelor's,Citizen,Fluent,No,No,High-income Suburban,Approved
2057,8322,Male,Black,49,25-60,117464.15,737,51476,Part-time,Some College,Citizen,Fluent,No,No,Urban Professional,Approved
2058,9737,Female,Asian,43,25-60,112861.22,702,280149,Full-time,Some College,Citizen,Fluent,Yes,No,High-income Suburban,Approved
2059,6081,Male,Black,73,Over 60,30959.4,636,197867,Part-time,High School,Citizen,Fluent,No,No,Historically Redlined,Denied
2060,7575,Female,White,81,Over 60,36573.75,720,171282,Self-employed,Some College,Citizen,Fluent,No,No,Rural,Denied
2061,7853,Female,Hispanic,54,25-60,59185.25,660,195985,Self-employed,High School,Citizen,Fluent,No,No,High-income Suburban,Denied
2062,898,Female,Black,54,25-60,68744.83,712,150497,Full-time,Bachelor's,Citizen,Fluent,No,No,Working Class Urban,Approved
2063,8078,Female,White,56,25-60,79857.84,690,289131,Full-time,Graduate,Citizen,Fluent,No,No,Rural,Approved
2064,5995,Male,White,37,25-60,34017.3,571,436278,Unemployed,Some College,Citizen,Fluent,Yes,Yes,Working Class Urban,Denied
2065,1021,Male,White,49,25-60,62326.38,642,215217,Full-time,Bachelor's,Citizen,Fluent,No,No,Rural,Denied
2066,2420,Male,Hispanic,51,25-60,280075.05,678,138015,Gig,Graduate,Citizen,Fluent,No,No,Urban Professional,Approved
2067,81,Male,White,69,Over 60,93730.65,736,216643,Gig,High School,Citizen,Fluent,No,No,Urban Professional,Approved
2068,9898,Female,White,28,25-60,33794.29,585,71978,Part-time,High School,Citizen,Fluent,No,No,Rural,Denied
2069,3301,Female,White,70,Over 60,52807.43,672,246995,Part-time,Graduate,Citizen,Limited,No,No,Rural,Approved
2070,1098,Male,White,32,25-60,65425.57,643,391191,Full-time,Bachelor's,Citizen,Fluent,No,No,Rural,Denied
2071,4340,Male,White,38,25-60,67700.75,687,96503,Full-time,Bachelor's,Citizen,Fluent,No,No,Rural,Approved
2072,4776,Male,Multiracial,51,25-60,56051.87,659,74238,Full-time,Some College,Permanent Resident,Fluent,No,No,Working Class Urban,Denied
2073,6584,Male,White,82,Over 60,107795.7,759,265985,Full-time,High School,Citizen,Fluent,No,No,High-income Suburban,Approved
2074,1744,Female,Hispanic,53,25-60,162679.44,676,62580,Gig,Bachelor's,Citizen,Fluent,No,No,Urban Professional,Approved
2075,3477,Female,White,55,25-60,41753.72,661,286370,Full-time,Some College,Permanent Resident,Fluent,No,No,Historically Redlined,Approved
2076,5925,Male,White,43,25-60,26975.8,669,440868,Full-time,High School,Citizen,Fluent,Yes,No,Working Class Urban,Denied
2077,1023,Female,Black,31,25-60,47890.87,705,224073,Full-time,Some College,Citizen,Fluent,No,No,Rural,Approved
2078,7715,Female,White,71,Over 60,207586.29,740,62067,Full-time,Bachelor's,Citizen,Fluent,No,No,Urban Professional,Approved
2079,7178,Female,White,37,25-60,180404.25,669,379078,Part-time,Bachelor's,Citizen,Fluent,No,No,High-income Suburban,Approved
2080,794,Female,Asian,77,Over 60,300800.77,751,338417,Full-time,Graduate,Citizen,Fluent,No,No,Urban Professional,Approved
2081,7514,Male,Black,19,Under 25,36833.42,619,233408,Full-time,High School,Citizen,Fluent,Yes,No,Working Class Urban,Denied
2082,2079,Female,Hispanic,64,Over 60,196393.7,695,201672,Part-time,Bachelor's,Citizen,Fluent,No,No,High-income Suburban,Approved
2083,161,Male,Hispanic,66,Over 60,131595.33,784,301440,Full-time,Some College,Citizen,Fluent,No,No,High-income Suburban,Approved
2084,8199,Female,Black,82,Over 60,76004.8,756,231232,Part-time,Some College,Citizen,Fluent,No,No,Urban Professional,Approved
2085,3559,Female,White,27,25-60,140499.0,724,389176,Full-time,Some College,Permanent Resident,Fluent,No,No,High-income Suburban,Approved
2086,2452,Female,White,45,25-60,58980.43,634,365520,Full-time,Bachelor's,Citizen,Limited,No,No,Working Class Urban,Denied
2087,8361,Male,White,80,Over 60,18055.91,670,246924,Full-time,High School,Citizen,Limited,No,No,Historically Redlined,Denied
2088,4416,Male,Hispanic,80,Over 60,92605.09,773,139175,Gig,High School,Citizen,Fluent,No,No,High-income Suburban,Approved
2089,6813,Female,White,59,25-60,50005.71,696,189018,Full-time,High School,Citizen,Fluent,No,No,Working Class Urban,Approved
2090,4568,Female,White,69,Over 60,84848.53,777,166143,Full-time,Graduate,Permanent Resident,Fluent,No,No,Working Class Urban,Approved
2091,6289,Male,White,48,25-60,242683.88,692,235198,Full-time,Bachelor's,Citizen,Fluent,No,No,High-income Suburban,Approved
2092,667,Male,White,74,Over 60,35583.55,778,143848,Part-time,High School,Citizen,Fluent,No,No,Historically Redlined,Approved
2093,118,Male,White,32,25-60,97898.59,714,148944,Full-time,Bachelor's,Citizen,Fluent,Yes,No,Historically Redlined,Approved
2094,4589,Female,White,40,25-60,57324.14,673,129761,Full-time,Some College,Citizen,Fluent,No,No,Working Class Urban,Approved
2095,505,Female,White,47,25-60,63562.31,674,149564,Full-time,Some College,Citizen,Limited,No,No,Urban Professional,Denied
2096,9490,Female,White,46,25-60,313328.68,710,399868,Part-time,Graduate,Citizen,Fluent,No,No,High-income Suburban,Approved
2097,2468,Male,White,19,Under 25,118828.63,665,397029,Full-time,Bachelor's,Citizen,Fluent,No,No,Urban Professional,Denied
2098,6640,Female,White,18,Under 25,66345.86,611,247236,Full-time,Some College,Citizen,Fluent,No,No,Working Class Urban,Denied
2099,1356,Female,White,47,25-60,32877.53,591,286618,Full-time,High School,Citizen,Fluent,No,No,Historically Redlined,Denied
2100,5355,Male,White,21,Under 25,121026.67,655,276631,Part-time,Graduate,Citizen,Fluent,No,No,Working Class Urban,Denied
2101,3469,Female,Black,60,25-60,105267.21,658,57584,Self-employed,Some College,Citizen,Fluent,No,No,Urban Professional,Approved
2102,5265,Female,White,42,25-60,70817.82,688,185935,Gig,High School,Citizen,Fluent,No,No,Urban Professional,Approved
2103,9926,Male,Hispanic,52,25-60,39087.61,619,445211,Self-employed,Bachelor's,Citizen,Limited,No,Yes,Working Class Urban,Denied
2104,1248,Male,Black,69,Over 60,103217.24,789,266339,Full-time,Some College,Citizen,Fluent,No,No,Urban Professional,Approved
2105,5275,Female,White,51,25-60,47287.28,719,214420,Gig,High School,Citizen,Fluent,No,No,Historically Redlined,Approved
2106,4278,Female,White,52,25-60,143006.06,687,246930,Full-time,Bachelor's,Permanent Resident,Fluent,No,No,Urban Professional,Approved
2107,7481,Male,White,31,25-60,29334.58,600,285245,Full-time,Some College,Citizen,Fluent,No,No,Historically Redlined,Denied
2108,6082,Female,White,37,25-60,70443.77,665,165729,Full-time,Bachelor's,Citizen,Limited,No,No,Historically Redlined,Denied
2109,5571,Female,White,18,Under 25,57223.92,616,53578,Part-time,Some College,Citizen,Fluent,Yes,No,Working Class Urban,Approved
2110,5108,Male,White,38,25-60,68130.62,682,129380,Full-time,Graduate,Citizen,Fluent,No,No,Working Class Urban,Approved
2111,2959,Female,White,68,Over 60,142324.98,734,313574,Gig,Some College,Permanent Resident,Fluent,No,No,High-income Suburban,Approved
2112,8997,Male,Hispanic,50,25-60,119002.89,694,390937,Full-time,Some College,Citizen,Fluent,No,No,Urban Professional,Approved
2113,8178,Female,Black,23,Under 25,91023.09,651,318007,Full-time,High School,Permanent Resident,Fluent,No,No,High-income Suburban,Approved
2114,1656,Male,Black,69,Over 60,96047.47,779,270898,Unemployed,Some College,Citizen,Fluent,No,Yes,High-income Suburban,Denied
2115,2366,Male,Black,32,25-60,98401.29,695,337766,Full-time,High School,Citizen,Fluent,No,No,Urban Professional,Approved
2116,5893,Female,Asian,73,Over 60,38102.45,661,207652,Part-time,Bachelor's,Citizen,Fluent,No,Yes,Historically Redlined,Denied
2117,2088,Female,White,59,25-60,48603.74,652,90326,Full-time,Some College,Citizen,Fluent,No,No,Working Class Urban,Approved
2118,408,Male,Hispanic,70,Over 60,54656.17,765,282599,Full-time,High School,Citizen,Limited,No,No,Urban Professional,Approved
2119,2118,Female,Black,27,25-60,46163.57,660,82926,Full-time,High School,Citizen,Fluent,No,No,Rural,Denied
2120,8364,Male,Black,52,25-60,30168.65,657,410048,Full-time,High School,Citizen,Fluent,No,No,Working Class Urban,Denied
2121,7367,Male,White,22,Under 25,177091.13,679,292290,Full-time,Bachelor's,Citizen,Fluent,No,No,Urban Professional,Approved
2122,7101,Female,Hispanic,61,Over 60,44700.86,745,449052,Self-employed,Some College,Citizen,Fluent,No,No,Rural,Approved
2123,5670,Female,White,68,Over 60,81241.36,787,59923,Full-time,High School,Citizen,Fluent,No,No,High-income Suburban,Approved
2124,4048,Female,Black,21,Under 25,50728.61,571,438317,Full-time,Some College,Citizen,Limited,No,Yes,Urban Professional,Denied
2125,3705,Female,White,70,Over 60,186199.82,770,186932,Full-time,Bachelor's,Citizen,Fluent,No,No,Urban Professional,Approved
2126,7492,Male,White,31,25-60,87808.96,703,439986,Full-time,High School,Citizen,Limited,No,No,High-income Suburban,Denied
2127,4546,Female,White,64,Over 60,123205.34,704,312888,Part-time,Graduate,Citizen,Limited,Yes,Yes,High-income Suburban,Approved
2128,8919,Male,White,76,Over 60,125167.83,758,437016,Full-time,Graduate,Citizen,Fluent,No,Yes,Urban Professional,Approved
2129,2037,Female,White,55,25-60,43861.53,688,401030,Gig,Some College,Citizen,Fluent,No,No,Rural,Denied
2130,6558,Male,White,25,25-60,36173.61,650,324258,Full-time,High School,Citizen,Fluent,No,No,Working Class Urban,Denied
2131,9590,Male,Hispanic,31,25-60,93708.39,728,345474,Part-time,Bachelor's,Permanent Resident,Fluent,No,No,Working Class Urban,Denied
2132,2272,Male,Hispanic,34,25-60,39979.21,693,421417,Part-time,Some College,Citizen,Limited,No,No,Rural,Denied
2133,9750,Female,White,49,25-60,65573.85,624,163465,Full-time,Bachelor's,Citizen,Fluent,No,No,Historically Redlined,Denied
2134,8726,Female,Hispanic,52,25-60,86896.28,703,103211,Gig,High School,Citizen,Fluent,No,No,High-income Suburban,Denied
2135,2010,Female,White,64,Over 60,50409.62,735,241694,Full-time,High School,Visa Holder,Fluent,No,No,Working Class Urban,Denied
2136,9536,Male,Hispanic,71,Over 60,73313.14,765,97771,Full-time,High School,Citizen,Fluent,No,No,Urban Professional,Approved
2137,7149,Male,White,51,25-60,51127.29,658,395550,Full-time,Bachelor's,Visa Holder,Limited,No,No,Rural,Denied
2138,4456,Male,Hispanic,47,25-60,90533.87,739,358953,Full-time,Graduate,Citizen,Fluent,No,No,Rural,Approved
2139,2555,Male,White,42,25-60,78609.54,681,219207,Self-employed,Bachelor's,Citizen,Fluent,No,No,Historically Redlined,Approved
2140,2559,Male,Hispanic,36,25-60,23358.71,558,177811,Gig,High School,Visa Holder,Fluent,No,No,Historically Redlined,Denied
2141,1675,Female,White,80,Over 60,62984.41,738,146860,Self-employed,Some College,Citizen,Fluent,No,No,Working Class Urban,Approved
2142,6260,Male,Asian,61,Over 60,177785.79,755,442506,Full-time,Bachelor's,Citizen,Fluent,No,No,Urban Professional,Approved
2143,3868,Female,White,81,Over 60,109828.87,749,123451,Full-time,High School,Citizen,Fluent,No,No,Urban Professional,Approved
2144,3241,Non-binary,White,59,25-60,118595.13,761,416369,Part-time,Bachelor's,Citizen,Fluent,No,No,High-income Suburban,Approved
2145,4121,Female,Native American,76,Over 60,44933.17,749,115118,Gig,Some College,Citizen,Fluent,No,No,Working Class Urban,Denied
2146,6013,Female,White,56,25-60,116384.36,719,363185,Gig,High School,Citizen,Fluent,No,No,High-income Suburban,Approved
2147,4641,Male,White,25,25-60,91555.74,737,392180,Full-time,Some College,Citizen,Fluent,No,No,Urban Professional,Approved
2148,9061,Male,Multiracial,34,25-60,270006.21,728,98344,Full-time,Graduate,Citizen,Fluent,No,No,High-income Suburban,Approved
2149,7646,Male,Asian,74,Over 60,107406.78,780,356315,Full-time,Graduate,Citizen,Fluent,No,No,Working Class Urban,Approved
2150,2996,Female,Asian,76,Over 60,111648.21,800,238962,Full-time,Graduate,Citizen,Fluent,No,No,Working Class Urban,Approved
2151,9169,Female,White,53,25-60,115776.48,724,367563,Full-time,Some College,Visa Holder,Fluent,No,No,High-income Suburban,Approved
2152,924,Male,White,56,25-60,107718.29,734,254434,Full-time,Graduate,Citizen,Fluent,No,No,Working Class Urban,Approved
2153,36,Male,White,77,Over 60,100728.71,731,63201,Full-time,High School,Citizen,Fluent,No,No,Urban Professional,Approved
2154,4414,Male,White,26,25-60,61105.87,674,360901,Part-time,Some College,Citizen,Fluent,No,No,Working Class Urban,Approved
2155,1864,Female,White,48,25-60,48826.36,658,357525,Part-time,High School,Visa Holder,Fluent,No,No,Working Class Urban,Denied
2156,1736,Female,White,79,Over 60,119199.41,675,97710,Full-time,Graduate,Citizen,Fluent,No,No,Rural,Approved
2157,9387,Female,White,72,Over 60,71360.55,679,338962,Full-time,Graduate,Citizen,Fluent,No,No,Historically Redlined,Approved
2158,1928,Male,White,35,25-60,90930.8,723,387308,Full-time,Graduate,Citizen,Limited,No,No,Rural,Approved
2159,9888,Male,Black,48,25-60,117507.81,742,319105,Part-time,High School,Citizen,Fluent,No,No,High-income Suburban,Approved
2160,9234,Male,White,51,25-60,85218.41,692,349078,Full-time,Graduate,Citizen,Fluent,No,No,Rural,Approved
2161,4663,Female,Hispanic,80,Over 60,39288.61,682,434802,Full-time,Some College,Citizen,Fluent,No,No,Working Class Urban,Denied
2162,9111,Female,White,72,Over 60,76040.61,731,218930,Self-employed,Bachelor's,Citizen,Fluent,No,No,Working Class Urban,Denied
2163,7172,Male,White,68,Over 60,186500.23,792,369829,Full-time,Bachelor's,Visa Holder,Fluent,No,No,Urban Professional,Approved
2164,9399,Male,Black,38,25-60,152249.54,728,184329,Full-time,Bachelor's,Citizen,Fluent,No,No,Urban Professional,Approved
2165,1919,Female,White,75,Over 60,43493.05,707,371587,Full-time,Some College,Citizen,Fluent,No,No,Working Class Urban,Approved
2166,2698,Female,White,27,25-60,104471.6,724,103820,Self-employed,Bachelor's,Citizen,Limited,No,No,Urban Professional,Approved
2167,3974,Female,White,55,25-60,76177.98,704,151384,Full-time,High School,Citizen,Fluent,No,No,High-income Suburban,Approved
2168,582,Male,Asian,66,Over 60,81374.56,787,223085,Full-time,Bachelor's,Citizen,Limited,No,No,Urban Professional,Approved
2169,9606,Male,Black,22,Under 25,33188.96,551,433405,Full-time,High School,Citizen,Fluent,No,No,Rural,Denied
2170,3918,Female,White,55,25-60,64268.86,692,281212,Part-time,Some College,Citizen,Fluent,No,No,Working Class Urban,Approved
2171,7554,Male,White,78,Over 60,114021.24,721,51472,Self-employed,Some College,Citizen,Fluent,No,No,High-income Suburban,Approved
2172,7454,Male,White,53,25-60,187995.62,782,141040,Full-time,Graduate,Citizen,Fluent,No,No,Urban Professional,Approved
2173,8606,Male,Hispanic,79,Over 60,28141.61,698,269337,Part-time,Some College,Permanent Resident,Fluent,No,No,Rural,Denied
2174,1839,Male,Hispanic,24,Under 25,56791.34,571,273762,Self-employed,High School,Citizen,Fluent,Yes,Yes,High-income Suburban,Denied
2175,2630,Male,White,61,Over 60,177856.89,774,446484,Gig,Bachelor's,Citizen,Limited,No,No,High-income Suburban,Approved
2176,5780,Female,Asian,74,Over 60,226970.43,760,354066,Self-employed,Bachelor's,Citizen,Fluent,No,No,High-income Suburban,Approved
2177,1264,Female,Hispanic,70,Over 60,136095.73,748,238045,Gig,Some College,Citizen,Fluent,No,No,Urban Professional,Approved
2178,1417,Male,Black,73,Over 60,111521.38,765,441938,Self-employed,High School,Permanent Resident,Fluent,No,No,Urban Professional,Approved
2179,3032,Male,Black,24,Under 25,103337.54,660,345630,Part-time,Some College,Citizen,Fluent,No,No,High-income Suburban,Approved
2180,8389,Female,White,55,25-60,119671.5,730,201102,Full-time,Graduate,Citizen,Fluent,No,No,Working Class Urban,Approved
2181,9054,Female,Hispanic,64,Over 60,307511.67,800,290337,Part-time,Graduate,Citizen,Fluent,No,No,High-income Suburban,Approved
2182,9220,Male,White,81,Over 60,120666.24,781,104060,Full-time,High School,Citizen,Fluent,No,No,High-income Suburban,Approved
2183,1450,Female,White,25,25-60,46585.41,695,404269,Full-time,Some College,Visa Holder,Fluent,No,No,Rural,Denied
2184,369,Male,White,29,25-60,94953.21,754,405682,Unemployed,Bachelor's,Citizen,Fluent,No,No,Working Class Urban,Approved
2185,5369,Male,Hispanic,19,Under 25,58954.98,594,213949,Part-time,Bachelor's,Citizen,Fluent,Yes,No,Working Class Urban,Denied
2186,486,Non-binary,White,28,25-60,31704.11,615,392519,Part-time,Some College,Citizen,Fluent,No,No,Working Class Urban,Denied
2187,3215,Female,Hispanic,45,25-60,119920.96,710,167842,Full-time,Graduate,Citizen,Fluent,No,No,Working Class Urban,Approved
2188,7,Male,White,30,25-60,44518.17,710,74152,Full-time,Some College,Citizen,Fluent,No,No,Working Class Urban,Approved
2189,150,Male,White,77,Over 60,43554.41,697,152193,Full-time,Some College,Permanent Resident,Fluent,No,No,Rural,Approved
2190,2900,Female,White,26,25-60,69353.42,670,231264,Full-time,Graduate,Citizen,Limited,No,No,Historically Redlined,Approved
2191,8158,Male,White,21,Under 25,87746.65,613,125128,Full-time,Some College,Citizen,Limited,No,No,Urban Professional,Approved
2192,8455,Male,White,22,Under 25,105462.3,695,268898,Full-time,Some College,Citizen,Limited,No,No,High-income Suburban,Approved
2193,9373,Female,White,80,Over 60,86321.74,702,69444,Full-time,Graduate,Citizen,Fluent,No,No,Rural,Denied
2194,4565,Male,White,73,Over 60,64091.99,728,251124,Full-time,Bachelor's,Citizen,Fluent,No,No,Working Class Urban,Approved
2195,6186,Non-binary,White,78,Over 60,94770.08,747,216615,Full-time,High School,Citizen,Fluent,No,No,Urban Professional,Approved
2196,7104,Female,White,81,Over 60,120029.22,816,264169,Full-time,Some College,Citizen,Fluent,Yes,No,High-income Suburban,Approved
2197,3103,Male,Black,29,25-60,131115.3,697,129999,Gig,High School,Citizen,Fluent,No,No,High-income Suburban,Approved
2198,8625,Female,Black,18,Under 25,88635.95,682,398777,Full-time,Graduate,Citizen,Fluent,No,No,Working Class Urban,Approved
2199,1033,Male,White,30,25-60,25281.32,609,101655,Full-time,High School,Citizen,Limited,No,No,Working Class Urban,Denied
2200,5090,Male,Multiracial,64,Over 60,106281.85,797,78340,Full-time,Some College,Permanent Resident,Fluent,No,No,Urban Professional,Approved
2201,27,Male,Hispanic,36,25-60,83564.25,752,211314,Part-time,High School,Citizen,Fluent,No,No,Urban Professional,Approved
2202,2485,Male,White,72,Over 60,78668.36,740,130751,Full-time,Graduate,Citizen,Fluent,No,No,Rural,Approved
2203,6715,Female,White,70,Over 60,183640.07,753,157041,Part-time,Bachelor's,Citizen,Fluent,No,No,High-income Suburban,Approved
2204,1525,Female,White,20,Under 25,210693.73,618,335937,Unemployed,Bachelor's,Citizen,Fluent,No,No,High-income Suburban,Approved
2205,5927,Non-binary,Hispanic,60,25-60,23535.6,615,246842,Self-employed,High School,Citizen,Fluent,Yes,No,Working Class Urban,Denied
2206,9308,Male,White,29,25-60,44201.81,683,54026,Full-time,High School,Citizen,Fluent,No,No,Working Class Urban,Approved
2207,3684,Male,Hispanic,75,Over 60,151657.32,803,225376,Full-time,High School,Citizen,Fluent,No,No,High-income Suburban,Approved
2208,7590,Male,Asian,34,25-60,116713.63,729,347542,Full-time,Some College,Citizen,Limited,No,No,High-income Suburban,Approved
2209,6195,Male,White,51,25-60,39135.0,713,272079,Gig,High School,Citizen,Fluent,No,No,Rural,Denied
2210,623,Female,White,30,25-60,56772.52,652,170599,Part-time,High School,Citizen,Fluent,No,No,Working Class Urban,Approved
2211,2933,Male,Hispanic,32,25-60,101259.28,718,246462,Full-time,High School,Citizen,Fluent,No,No,High-income Suburban,Approved
2212,9138,Female,White,42,25-60,196358.02,692,370350,Full-time,Bachelor's,Citizen,Limited,No,No,High-income Suburban,Approved
2213,3323,Male,Multiracial,63,Over 60,106743.95,796,105562,Full-time,Bachelor's,Citizen,Fluent,No,Yes,Urban Professional,Approved
2214,8654,Female,Hispanic,47,25-60,182551.62,690,258547,Full-time,Bachelor's,Citizen,Fluent,No,No,High-income Suburban,Approved
2215,2491,Female,White,75,Over 60,124704.94,812,337929,Full-time,High School,Citizen,Fluent,No,No,High-income Suburban,Approved
2216,3264,Male,White,62,Over 60,237709.31,805,257813,Full-time,Graduate,Citizen,Fluent,No,No,Urban Professional,Approved
2217,7926,Male,Hispanic,64,Over 60,32477.24,678,406345,Full-time,High School,Citizen,Fluent,No,No,Historically Redlined,Approved
2218,8525,Female,White,25,25-60,30574.97,623,388432,Full-time,Some College,Permanent Resident,Fluent,Yes,No,Historically Redlined,Denied
2219,1858,Male,White,78,Over 60,161930.11,726,286793,Full-time,Graduate,Permanent Resident,Fluent,No,No,Urban Professional,Approved
2220,3895,Male,Asian,26,25-60,41176.51,667,379989,Full-time,High School,Citizen,Fluent,No,No,Working Class Urban,Denied
2221,5259,Male,Black,46,25-60,59309.69,687,259268,Gig,Bachelor's,Citizen,Fluent,Yes,No,Rural,Approved
2222,1542,Male,Hispanic,66,Over 60,129001.38,769,378510,Full-time,High School,Citizen,Fluent,No,No,High-income Suburban,Approved
2223,7772,Male,White,43,25-60,73753.91,671,70933,Part-time,Bachelor's,Citizen,Fluent,No,No,Working Class Urban,Approved
2224,570,Non-binary,White,53,25-60,47217.78,690,296032,Gig,High School,Citizen,Fluent,No,No,Rural,Denied
2225,573,Male,White,54,25-60,38500.01,686,374089,Part-time,Some College,Visa Holder,Fluent,No,No,Rural,Approved
2226,4368,Female,White,54,25-60,138464.28,745,284262,Gig,Graduate,Citizen,Fluent,No,No,Working Class Urban,Approved
2227,3928,Male,Hispanic,53,25-60,186689.0,729,137731,Full-time,Bachelor's,Citizen,Fluent,No,No,Urban Professional,Approved
2228,2789,Non-binary,Asian,62,Over 60,70774.91,698,401474,Full-time,Bachelor's,Citizen,Fluent,No,No,Rural,Approved
2229,2029,Female,Hispanic,41,25-60,182783.66,721,71271,Full-time,Bachelor's,Citizen,Fluent,No,No,Urban Professional,Approved
2230,8495,Female,White,62,Over 60,93764.39,758,219693,Full-time,Graduate,Visa Holder,Fluent,No,No,Historically Redlined,Approved
2231,1873,Female,White,74,Over 60,261394.76,799,409424,Full-time,Graduate,Citizen,Fluent,No,No,High-income Suburban,Approved
2232,5982,Female,White,40,25-60,98864.64,696,143778,Full-time,High School,Citizen,Fluent,No,No,Urban Professional,Denied
2233,9723,Male,Black,24,Under 25,111509.09,696,236713,Full-time,Some College,Citizen,Fluent,Yes,No,Urban Professional,Approved
2234,8108,Male,White,32,25-60,90181.25,755,88896,Full-time,High School,Visa Holder,Fluent,No,No,High-income Suburban,Approved
2235,6242,Male,Black,57,25-60,28688.32,626,144210,Gig,Bachelor's,Citizen,Limited,No,No,Rural,Denied
2236,3786,Male,White,37,25-60,182950.98,690,174612,Part-time,Bachelor's,Citizen,Fluent,No,No,Urban Professional,Approved
2237,5918,Female,Hispanic,76,Over 60,47016.0,730,345298,Full-time,High School,Citizen,Fluent,No,No,Rural,Approved
2238,812,Female,White,61,Over 60,34836.72,660,365956,Full-time,High School,Citizen,Fluent,No,No,Rural,Denied
2239,9461,Male,White,69,Over 60,186785.14,762,242777,Full-time,Bachelor's,Citizen,Fluent,Yes,No,Urban Professional,Approved
2240,1487,Female,Hispanic,79,Over 60,33045.6,680,412066,Gig,High School,Citizen,Fluent,No,No,Historically Redlined,Approved
2241,6901,Male,White,26,25-60,118171.76,697,308644,Full-time,Some College,Visa Holder,Fluent,No,No,High-income Suburban,Approved
2242,7251,Female,White,45,25-60,118314.2,674,105376,Full-time,Bachelor's,Citizen,Fluent,No,Yes,High-income Suburban,Approved
2243,9651,Female,Hispanic,79,Over 60,20378.79,710,349021,Full-time,Some College,Permanent Resident,Fluent,No,No,Historically Redlined,Denied
2244,4613,Female,White,32,25-60,66435.8,686,235162,Gig,Bachelor's,Citizen,Fluent,No,No,Historically Redlined,Approved
2245,257,Female,White,81,Over 60,44621.67,760,176340,Full-time,Some College,Citizen,Fluent,No,No,Rural,Approved
2246,5326,Male,White,19,Under 25,68447.73,580,337521,Full-time,High School,Citizen,Fluent,No,No,High-income Suburban,Approved
2247,5887,Male,White,54,25-60,40841.25,641,81876,Full-time,Bachelor's,Citizen,Limited,Yes,No,Rural,Denied
2248,5599,Female,White,63,Over 60,27410.05,677,436182,Full-time,High School,Citizen,Fluent,No,No,Rural,Denied
2249,7425,Female,White,75,Over 60,146953.76,753,291308,Full-time,Graduate,Visa Holder,Limited,No,No,Urban Professional,Approved
2250,1992,Female,Hispanic,57,25-60,52053.25,631,232591,Full-time,Some College,Citizen,Fluent,No,No,Working Class Urban,Denied
2251,7243,Male,Multiracial,22,Under 25,53501.43,624,353360,Gig,Some College,Visa Holder,Fluent,No,No,Historically Redlined,Approved
2252,3552,Male,White,36,25-60,78545.08,694,350034,Part-time,Bachelor's,Citizen,Fluent,No,No,Rural,Denied
2253,700,Female,White,55,25-60,55065.53,687,101081,Self-employed,High School,Citizen,Fluent,No,No,Working Class Urban,Denied
2254,9816,Female,Asian,70,Over 60,58642.21,715,157529,Part-time,Some College,Citizen,Fluent,No,No,Historically Redlined,Denied
2255,6074,Male,Native American,80,Over 60,81431.59,796,59967,Full-time,Some College,Citizen,Limited,No,No,High-income Suburban,Approved
2256,3424,Female,White,80,Over 60,81334.74,776,310130,Part-time,Graduate,Citizen,Fluent,No,No,Historically Redlined,Approved
2257,1054,Female,Hispanic,45,25-60,73526.86,711,249744,Part-time,High School,Citizen,Fluent,No,No,Urban Professional,Approved
2258,4541,Male,White,56,25-60,212857.63,711,289056,Full-time,Graduate,Citizen,Fluent,No,No,High-income Suburban,Approved
2259,5880,Female,Black,68,Over 60,42909.41,734,186106,Full-time,High School,Citizen,Fluent,No,No,Rural,Approved
2260,6618,Male,White,26,25-60,91856.51,745,376692,Part-time,High School,Citizen,Fluent,No,No,High-income Suburban,Approved
2261,4041,Male,Black,53,25-60,18982.73,634,290578,Full-time,High School,Citizen,Fluent,No,No,Historically Redlined,Denied
2262,520,Male,White,76,Over 60,49446.65,700,197021,Full-time,Some College,Citizen,Fluent,No,No,Historically Redlined,Denied
2263,8990,Male,Black,46,25-60,55497.83,615,401719,Full-time,High School,Visa Holder,Fluent,No,Yes,Urban Professional,Denied
2264,2758,Female,White,69,Over 60,45692.07,721,279467,Full-time,Some College,Visa Holder,Fluent,Yes,No,Working Class Urban,Approved
2265,1616,Male,Black,38,25-60,186406.57,708,247847,Full-time,Bachelor's,Citizen,Fluent,No,No,High-income Suburban,Approved
2266,7376,Male,White,52,25-60,41614.01,686,157588,Part-time,High School,Visa Holder,Fluent,No,No,Working Class Urban,Approved
2267,666,Male,Black,71,Over 60,34803.21,565,293929,Full-time,Some College,Citizen,Fluent,No,Yes,Working Class Urban,Denied
2268,7862,Female,Multiracial,24,Under 25,58582.66,574,217246,Full-time,High School,Citizen,Fluent,No,No,Working Class Urban,Denied
2269,7811,Male,White,26,25-60,68242.12,668,413122,Unemployed,High School,Citizen,Limited,No,No,Urban Professional,Approved
2270,9080,Female,White,29,25-60,37088.1,637,128997,Full-time,High School,Citizen,Fluent,No,Yes,Working Class Urban,Denied
2271,8302,Female,White,19,Under 25,139196.43,627,209039,Full-time,Some College,Citizen,Fluent,No,No,Urban Professional,Approved
2272,6237,Female,White,61,Over 60,258716.25,807,423006,Gig,Graduate,Citizen,Fluent,No,No,Urban Professional,Approved
2273,3536,Male,White,68,Over 60,211237.92,742,401525,Full-time,Graduate,Citizen,Fluent,No,No,Urban Professional,Approved
2274,5007,Female,White,42,25-60,177135.17,744,409221,Full-time,Some College,Citizen,Fluent,No,No,High-income Suburban,Approved
2275,4792,Male,Hispanic,60,25-60,280252.58,800,250774,Part-time,Graduate,Citizen,Fluent,Yes,No,Urban Professional,Approved
2276,680,Female,White,30,25-60,107088.81,715,362004,Gig,Some College,Citizen,Fluent,No,No,High-income Suburban,Approved
2277,7804,Male,White,29,25-60,96829.87,704,128130,Part-time,Some College,Citizen,Fluent,No,Yes,High-income Suburban,Denied
2278,7406,Male,Black,49,25-60,90290.59,708,355396,Gig,High School,Citizen,Fluent,No,Yes,High-income Suburban,Denied
2279,7381,Female,Black,44,25-60,26258.52,627,255640,Self-employed,High School,Citizen,Fluent,Yes,No,Historically Redlined,Denied
2280,3568,Male,White,22,Under 25,173702.03,652,215355,Full-time,Bachelor's,Citizen,Fluent,No,No,High-income Suburban,Approved
2281,4958,Female,White,23,Under 25,77957.26,640,297545,Gig,Bachelor's,Citizen,Fluent,No,No,Rural,Denied
2282,759,Male,Hispanic,66,Over 60,136573.47,817,222200,Gig,Some College,Citizen,Fluent,No,No,High-income Suburban,Approved
2283,19,Male,Asian,68,Over 60,106240.9,745,141358,Full-time,High School,Citizen,Fluent,No,No,High-income Suburban,Approved
2284,7717,Female,Hispanic,58,25-60,70223.68,659,166089,Part-time,Some College,Citizen,Limited,No,No,Urban Professional,Denied
2285,9100,Male,White,63,Over 60,82213.19,781,294162,Gig,Graduate,Citizen,Fluent,No,No,Rural,Approved
2286,6180,Male,Asian,55,25-60,91123.08,748,380317,Full-time,Graduate,Citizen,Fluent,No,No,Rural,Approved
2287,5152,Female,White,77,Over 60,51190.68,663,257139,Full-time,Bachelor's,Citizen,Fluent,No,No,Rural,Denied
2288,6522,Female,Native American,33,25-60,87710.62,736,255560,Self-employed,Graduate,Citizen,Fluent,No,No,Historically Redlined,Approved
2289,3488,Female,White,74,Over 60,97120.6,755,383748,Full-time,High School,Citizen,Fluent,No,No,Urban Professional,Approved
2290,928,Female,White,22,Under 25,28770.87,607,193675,Part-time,High School,Citizen,Fluent,No,No,Rural,Denied
2291,606,Female,Black,64,Over 60,37624.77,837,410193,Full-time,High School,Citizen,Fluent,No,No,Working Class Urban,Denied
2292,7891,Female,White,56,25-60,48959.31,616,144444,Gig,High School,Citizen,Fluent,No,No,Working Class Urban,Denied
2293,8667,Female,White,35,25-60,124242.72,715,196687,Full-time,High School,Citizen,Fluent,No,No,High-income Suburban,Approved
2294,7361,Female,White,59,25-60,29552.2,599,113472,Full-time,High School,Citizen,Fluent,No,Yes,Historically Redlined,Denied
2295,1258,Male,Hispanic,78,Over 60,186576.42,758,283768,Gig,Bachelor's,Citizen,Fluent,Yes,No,High-income Suburban,Approved
2296,7828,Male,White,27,25-60,47543.74,699,198268,Self-employed,High School,Citizen,Fluent,No,No,Rural,Denied
2297,4754,Female,White,55,25-60,119421.35,746,400679,Full-time,Graduate,Citizen,Fluent,No,No,Working Class Urban,Approved
2298,2440,Male,Black,34,25-60,27230.38,526,99074,Part-time,Some College,Citizen,Limited,Yes,Yes,Working Class Urban,Denied
2299,2616,Male,Hispanic,57,25-60,75291.48,643,373732,Part-time,High School,Citizen,Fluent,No,No,Urban Professional,Approved
2300,6024,Male,White,40,25-60,102435.27,723,270885,Full-time,Graduate,Citizen,Fluent,No,No,Working Class Urban,Approved
2301,3582,Non-binary,Black,39,25-60,60187.39,649,321819,Full-time,Some College,Citizen,Limited,No,No,Urban Professional,Approved
2302,1578,Female,Black,27,25-60,132328.78,703,322509,Full-time,Some College,Citizen,Fluent,No,No,Urban Professional,Approved
2303,1813,Male,White,63,Over 60,76971.72,750,130044,Self-employed,Bachelor's,Permanent Resident,Limited,No,No,Historically Redlined,Approved
2304,3792,Male,Black,36,25-60,109777.51,704,69882,Full-time,Some College,Citizen,Fluent,No,No,Urban Professional,Approved
2305,2257,Male,Hispanic,81,Over 60,82866.69,707,297447,Full-time,Graduate,Citizen,Fluent,No,Yes,Rural,Denied
2306,1040,Male,White,75,Over 60,70659.17,681,397685,Full-time,High School,Citizen,Fluent,Yes,Yes,Urban Professional,Approved
2307,2275,Male,White,47,25-60,34976.78,602,220638,Full-time,Some College,Citizen,Limited,No,No,Rural,Denied
2308,8417,Female,Black,81,Over 60,74992.05,686,318338,Full-time,Bachelor's,Citizen,Fluent,No,No,Rural,Denied
2309,4769,Female,Hispanic,80,Over 60,169063.24,717,433390,Full-time,Bachelor's,Citizen,Fluent,No,No,Urban Professional,Approved
2310,2981,Male,White,36,25-60,66260.96,702,292302,Full-time,Graduate,Citizen,Fluent,No,No,Historically Redlined,Approved
2311,9257,Female,White,69,Over 60,279228.91,819,322778,Full-time,Graduate,Citizen,Fluent,No,No,High-income Suburban,Approved
2312,3187,Female,White,30,25-60,130956.49,698,280455,Part-time,Some College,Citizen,Fluent,No,No,High-income Suburban,Approved
2313,7276,Male,Hispanic,57,25-60,42554.01,630,398466,Gig,High School,Citizen,Limited,No,Yes,High-income Suburban,Denied
2314,4834,Male,Black,26,25-60,90765.36,688,167385,Full-time,High School,Citizen,Fluent,Yes,No,Urban Professional,Approved
2315,4750,Male,White,47,25-60,129305.64,688,207216,Full-time,Bachelor's,Citizen,Fluent,Yes,No,High-income Suburban,Approved
2316,6466,Male,White,28,25-60,28672.3,633,274964,Self-employed,Bachelor's,Citizen,Limited,No,No,Historically Redlined,Denied
2317,4751,Female,Black,45,25-60,118716.03,660,322052,Self-employed,High School,Citizen,Fluent,No,No,High-income Suburban,Approved
2318,2880,Female,Black,69,Over 60,47568.02,749,392007,Full-time,Some College,Citizen,Fluent,No,No,Rural,Denied
2319,2614,Male,White,61,Over 60,45936.94,726,146564,Full-time,High School,Citizen,Fluent,No,No,Working Class Urban,Denied
2320,259,Female,Black,36,25-60,40163.99,684,301057,Part-time,Some College,Citizen,Fluent,No,No,Rural,Denied
2321,57,Female,Asian,23,Under 25,82224.5,608,118086,Full-time,Graduate,Citizen,Limited,No,No,Historically Redlined,Approved
2322,2376,Female,Hispanic,78,Over 60,181536.62,770,328302,Gig,Some College,Citizen,Fluent,No,No,High-income Suburban,Approved
2323,8210,Male,Multiracial,69,Over 60,59566.63,745,302845,Full-time,Some College,Citizen,Fluent,No,No,Working Class Urban,Denied
2324,7664,Male,Hispanic,56,25-60,37106.18,699,135454,Full-time,Some College,Citizen,Fluent,No,No,Historically Redlined,Approved
2325,2888,Female,White,52,25-60,47144.77,632,156355,Full-time,Bachelor's,Citizen,Limited,Yes,No,Rural,Approved
2326,7822,Female,White,44,25-60,72553.73,644,409284,Full-time,High School,Permanent Resident,Fluent,No,No,Urban Professional,Denied
2327,7663,Male,White,82,Over 60,114242.88,762,247394,Full-time,Bachelor's,Citizen,Limited,Yes,No,Urban Professional,Approved
2328,1196,Male,White,78,Over 60,83657.75,749,52450,Gig,Graduate,Citizen,Fluent,No,No,Rural,Approved
2329,9029,Female,Asian,26,25-60,42847.21,659,137743,Self-employed,Some College,Citizen,Fluent,No,No,Rural,Denied
2330,9137,Female,Black,37,25-60,29959.48,617,345574,Self-employed,Some College,Citizen,Fluent,Yes,No,Rural,Denied
2331,8602,Female,White,80,Over 60,165100.25,682,377628,Full-time,Graduate,Citizen,Fluent,No,Yes,High-income Suburban,Denied
2332,5333,Male,White,36,25-60,199860.89,696,163293,Full-time,Bachelor's,Citizen,Fluent,No,No,Urban Professional,Approved
2333,3413,Female,Asian,52,25-60,145842.52,764,137325,Full-time,Bachelor's,Citizen,Limited,No,No,Urban Professional,Approved
2334,618,Male,White,82,Over 60,140683.58,775,211330,Gig,Graduate,Citizen,Limited,No,No,Urban Professional,Approved
2335,129,Male,White,70,Over 60,95403.57,750,89026,Part-time,Graduate,Citizen,Fluent,No,No,Historically Redlined,Denied
2336,6468,Male,White,54,25-60,184355.89,698,202714,Full-time,Bachelor's,Citizen,Fluent,No,No,High-income Suburban,Approved
2337,7133,Female,Hispanic,28,25-60,81896.06,654,224499,Full-time,Bachelor's,Citizen,Fluent,No,Yes,Working Class Urban,Denied
2338,1618,Female,Black,18,Under 25,72387.77,633,370247,Full-time,Some College,Permanent Resident,Fluent,No,No,Working Class Urban,Denied
2339,781,Male,White,44,25-60,42464.15,665,104723,Gig,Some College,Citizen,Fluent,Yes,No,Rural,Approved
2340,1924,Male,White,74,Over 60,318665.88,766,415815,Full-time,Graduate,Citizen,Fluent,Yes,No,High-income Suburban,Approved
2341,5156,Male,Hispanic,72,Over 60,159323.36,778,104168,Unemployed,Some College,Citizen,Fluent,No,No,High-income Suburban,Approved
2342,3784,Male,Black,33,25-60,36758.67,701,256097,Full-time,High School,Citizen,Fluent,Yes,No,Rural,Approved
2343,2934,Male,White,20,Under 25,96955.46,640,131992,Full-time,Graduate,Citizen,Fluent,No,No,Working Class Urban,Approved
2344,930,Male,White,51,25-60,49213.95,673,173056,Full-time,Bachelor's,Permanent Resident,Fluent,Yes,Yes,Working Class Urban,Approved
2345,4897,Female,Hispanic,18,Under 25,188637.52,633,54324,Full-time,Bachelor's,Permanent Resident,Fluent,No,No,High-income Suburban,Approved
2346,8743,Female,Asian,75,Over 60,381529.34,791,327877,Full-time,Graduate,Citizen,Fluent,No,No,High-income Suburban,Approved
2347,2317,Male,White,44,25-60,50088.89,663,332903,Part-time,High School,Visa Holder,Fluent,No,No,Working Class Urban,Denied
2348,2015,Male,White,19,Under 25,64732.9,615,351777,Full-time,Some College,Permanent Resident,Fluent,No,No,Working Class Urban,Denied
2349,3870,Female,Hispanic,80,Over 60,92676.04,752,444572,Full-time,High School,Citizen,Fluent,No,No,Urban Professional,Denied
2350,9241,Female,Hispanic,31,25-60,49822.57,735,245203,Full-time,High School,Citizen,Fluent,No,No,Working Class Urban,Approved
2351,6846,Male,White,77,Over 60,159126.65,723,297544,Full-time,Bachelor's,Citizen,Fluent,No,No,High-income Suburban,Approved
2352,3687,Male,White,76,Over 60,98305.22,778,286629,Full-time,Graduate,Citizen,Fluent,No,No,Working Class Urban,Approved
2353,8165,Male,Hispanic,39,25-60,133154.24,744,364788,Gig,Some College,Permanent Resident,Fluent,No,No,High-income Suburban,Approved
2354,1283,Female,White,76,Over 60,194351.69,770,206960,Full-time,Bachelor's,Citizen,Fluent,No,No,Urban Professional,Approved
2355,963,Male,Black,62,Over 60,42698.98,699,230879,Full-time,High School,Permanent Resident,Fluent,Yes,No,Working Class Urban,Approved
2356,6668,Female,White,55,25-60,115676.04,762,431955,Full-time,Some College,Citizen,Fluent,No,No,High-income Suburban,Approved
2357,8010,Female,White,52,25-60,145272.01,762,274867,Part-time,Some College,Citizen,Fluent,No,No,High-income Suburban,Approved
2358,7946,Male,White,54,25-60,42588.24,652,439800,Self-employed,Some College,Citizen,Fluent,No,No,Rural,Denied
2359,4513,Female,White,20,Under 25,143143.76,630,288581,Full-time,Bachelor's,Citizen,Fluent,No,No,Urban Professional,Denied
2360,7228,Female,White,19,Under 25,17960.12,570,201691,Unemployed,High School,Citizen,Limited,No,No,Working Class Urban,Denied
2361,883,Male,Native American,47,25-60,37422.82,673,444850,Self-employed,High School,Citizen,Fluent,No,No,Working Class Urban,Approved
2362,2167,Female,Hispanic,19,Under 25,26413.9,539,296491,Full-time,High School,Citizen,Limited,No,No,Rural,Denied
2363,8479,Female,Native American,39,25-60,38296.68,680,441532,Self-employed,High School,Citizen,Fluent,No,No,Rural,Approved
2364,2576,Female,White,59,25-60,32301.5,623,202748,Full-time,Some College,Citizen,Limited,No,No,Rural,Denied
2365,9240,Female,White,71,Over 60,96673.37,815,253278,Full-time,Some College,Citizen,Limited,No,No,High-income Suburban,Approved
2366,4033,Female,Multiracial,76,Over 60,147276.26,688,300070,Self-employed,Some College,Permanent Resident,Fluent,Yes,No,Urban Professional,Approved
2367,6021,Female,White,41,25-60,114328.66,789,260500,Full-time,Bachelor's,Permanent Resident,Limited,No,No,Urban Professional,Approved
2368,2454,Male,White,36,25-60,35065.96,597,361784,Gig,High School,Permanent Resident,Fluent,Yes,Yes,Working Class Urban,Denied
2369,2310,Male,White,23,Under 25,158206.43,615,316255,Full-time,Some College,Permanent Resident,Fluent,No,No,High-income Suburban,Approved
2370,459,Male,Hispanic,61,Over 60,58842.39,726,410754,Self-employed,Bachelor's,Citizen,Limited,No,No,Working Class Urban,Approved
2371,8444,Female,White,49,25-60,35252.81,660,306571,Part-time,High School,Citizen,Fluent,No,No,Historically Redlined,Denied
2372,7618,Female,White,18,Under 25,170363.55,668,401721,Full-time,Graduate,Citizen,Fluent,Yes,No,Urban Professional,Approved
2373,7002,Female,White,49,25-60,113922.26,644,165192,Full-time,Some College,Citizen,Fluent,No,No,Urban Professional,Approved
2374,3445,Female,White,70,Over 60,69868.8,725,326597,Full-time,Some College,Citizen,Limited,Yes,No,Urban Professional,Approved
2375,3500,Female,White,67,Over 60,60510.08,734,172450,Full-time,Bachelor's,Citizen,Fluent,No,No,Rural,Denied
2376,86,Female,Black,61,Over 60,112052.73,770,326400,Full-time,Some College,Citizen,Fluent,No,No,High-income Suburban,Approved
2377,8669,Male,White,40,25-60,103711.96,696,359007,Full-time,Graduate,Citizen,Fluent,No,No,Working Class Urban,Approved
2378,6706,Female,White,25,25-60,187847.93,644,280984,Gig,Bachelor's,Citizen,Fluent,No,No,High-income Suburban,Approved
2379,2639,Female,White,21,Under 25,41801.52,619,72551,Full-time,High School,Citizen,Fluent,No,No,Rural,Denied
2380,7328,Female,Black,81,Over 60,113400.89,751,62464,Full-time,Graduate,Visa Holder,Fluent,Yes,No,Working Class Urban,Approved
2381,9385,Male,Black,77,Over 60,82697.74,754,78476,Full-time,Bachelor's,Citizen,Fluent,No,No,Working Class Urban,Approved
2382,3245,Male,Hispanic,46,25-60,50932.89,649,252551,Part-time,Bachelor's,Permanent Resident,Fluent,No,Yes,Working Class Urban,Denied
2383,5932,Female,Hispanic,56,25-60,191083.81,717,436437,Full-time,Bachelor's,Permanent Resident,Fluent,Yes,No,High-income Suburban,Approved
2384,1109,Male,Hispanic,33,25-60,65259.79,608,370545,Part-time,High School,Citizen,Fluent,No,Yes,Urban Professional,Denied
2385,2490,Male,White,57,25-60,232411.43,753,290381,Full-time,Graduate,Citizen,Limited,Yes,No,High-income Suburban,Approved
2386,262,Female,Native American,54,25-60,91307.64,690,400106,Self-employed,High School,Citizen,Fluent,No,No,High-income Suburban,Approved
2387,9237,Male,White,62,Over 60,24430.45,614,228054,Full-time,High School,Permanent Resident,Fluent,No,Yes,Rural,Denied
2388,1563,Male,White,42,25-60,211987.41,739,75058,Part-time,Bachelor's,Citizen,Fluent,No,No,Urban Professional,Approved
2389,4290,Female,White,80,Over 60,168296.42,733,188356,Full-time,Bachelor's,Citizen,Fluent,Yes,No,Urban Professional,Approved
2390,3602,Non-binary,Black,44,25-60,62125.25,666,194320,Full-time,Bachelor's,Citizen,Fluent,No,No,Rural,Denied
2391,7155,Female,White,65,Over 60,245375.2,761,302378,Gig,Graduate,Citizen,Fluent,No,Yes,High-income Suburban,Approved
2392,9561,Male,Asian,24,Under 25,158908.93,680,122436,Full-time,Bachelor's,Permanent Resident,Fluent,Yes,No,Urban Professional,Approved
2393,726,Male,Multiracial,34,25-60,69625.55,684,434388,Self-employed,High School,Citizen,Limited,No,No,Urban Professional,Approved
2394,2861,Male,White,43,25-60,63108.12,697,280131,Full-time,Graduate,Citizen,Fluent,No,No,Historically Redlined,Approved
2395,1828,Male,White,49,25-60,32199.49,628,252066,Gig,High School,Citizen,Fluent,No,No,Historically Redlined,Denied
2396,4845,Male,White,43,25-60,88150.53,675,342146,Full-time,Some College,Citizen,Fluent,No,No,Urban Professional,Denied
2397,8203,Male,White,66,Over 60,171289.74,837,67850,Full-time,Bachelor's,Citizen,Fluent,Yes,No,Urban Professional,Approved
2398,2412,Female,White,45,25-60,109559.67,743,132834,Full-time,High School,Citizen,Fluent,No,No,Urban Professional,Approved
2399,7445,Female,White,28,25-60,170150.49,695,380590,Full-time,Graduate,Citizen,Fluent,No,No,Urban Professional,Approved
2400,6738,Female,White,77,Over 60,133750.69,719,414434,Self-employed,High School,Citizen,Fluent,No,No,High-income Suburban,Approved
2401,5535,Non-binary,White,54,25-60,24351.73,596,358691,Full-time,Some College,Citizen,Limited,No,No,Rural,Denied
2402,6012,Male,White,61,Over 60,117800.13,784,231842,Full-time,Some College,Citizen,Fluent,No,No,Urban Professional,Approved
2403,521,Male,Hispanic,43,25-60,62508.23,675,98678,Full-time,Some College,Visa Holder,Fluent,No,No,Rural,Approved
2404,497,Female,Hispanic,25,25-60,115465.94,782,77034,Part-time,High School,Citizen,Fluent,Yes,No,Urban Professional,Approved
2405,5819,Female,White,75,Over 60,62255.91,711,221644,Full-time,Bachelor's,Citizen,Fluent,No,No,Rural,Approved
2406,8958,Male,Black,45,25-60,55488.49,701,171579,Full-time,High School,Citizen,Limited,No,No,Urban Professional,Approved
2407,6764,Female,White,66,Over 60,237217.34,749,73163,Full-time,Bachelor's,Citizen,Fluent,No,No,High-income Suburban,Approved
2408,798,Female,White,28,25-60,70756.21,661,344768,Full-time,Bachelor's,Citizen,Fluent,No,No,Working Class Urban,Denied
2409,59,Male,Hispanic,47,25-60,121422.97,730,265098,Full-time,High School,Citizen,Fluent,No,No,High-income Suburban,Approved
2410,526,Female,White,64,Over 60,41887.83,746,245084,Full-time,Some College,Citizen,Fluent,No,No,Working Class Urban,Approved
2411,752,Male,White,26,25-60,67910.21,709,405846,Full-time,Some College,Permanent Resident,Fluent,No,No,Working Class Urban,Approved
2412,143,Female,Multiracial,61,Over 60,74969.0,719,117512,Full-time,Bachelor's,Permanent Resident,Fluent,No,No,Historically Redlined,Denied
2413,2264,Male,Black,74,Over 60,75512.78,687,248249,Full-time,High School,Citizen,Fluent,No,Yes,High-income Suburban,Approved
2414,6757,Male,Asian,62,Over 60,30267.41,647,430023,Full-time,High School,Permanent Resident,Fluent,No,No,Rural,Denied
2415,9476,Non-binary,White,64,Over 60,87269.77,791,330848,Full-time,Some College,Citizen,Limited,No,No,High-income Suburban,Approved
2416,8431,Female,White,74,Over 60,89673.9,719,355075,Part-time,Bachelor's,Permanent Resident,Fluent,No,No,Historically Redlined,Approved
2417,6209,Female,White,23,Under 25,65030.53,591,321616,Full-time,Bachelor's,Citizen,Fluent,No,No,Working Class Urban,Denied
2418,6471,Female,Hispanic,36,25-60,38307.63,692,154613,Full-time,High School,Citizen,Fluent,No,No,Rural,Approved
2419,317,Female,White,58,25-60,139157.92,716,66172,Full-time,Bachelor's,Citizen,Fluent,No,No,Urban Professional,Approved
2420,5556,Female,White,67,Over 60,36459.88,743,215057,Full-time,High School,Citizen,Fluent,Yes,No,Historically Redlined,Approved
2421,4030,Male,White,38,25-60,183218.59,736,97185,Full-time,Graduate,Citizen,Fluent,No,No,Urban Professional,Approved
2422,8805,Male,White,49,25-60,115394.59,692,211405,Part-time,High School,Permanent Resident,Fluent,No,No,High-income Suburban,Approved
2423,5409,Female,Black,80,Over 60,121452.38,805,171536,Part-time,Some College,Citizen,Fluent,No,No,Urban Professional,Approved
2424,820,Female,White,41,25-60,132428.65,753,287247,Full-time,Some College,Citizen,Fluent,No,No,Urban Professional,Approved
2425,9037,Female,Asian,82,Over 60,286616.36,765,79323,Part-time,Graduate,Citizen,Fluent,No,No,Urban Professional,Approved
2426,2906,Female,White,40,25-60,46340.41,655,157037,Self-employed,Graduate,Citizen,Limited,No,No,Historically Redlined,Denied
2427,5089,Female,White,23,Under 25,116874.37,681,81740,Gig,Some College,Visa Holder,Fluent,No,No,Urban Professional,Approved
2428,6776,Male,Hispanic,71,Over 60,59050.93,717,316755,Full-time,Bachelor's,Visa Holder,Limited,No,No,Working Class Urban,Approved
2429,7191,Female,White,61,Over 60,69549.26,698,395822,Full-time,Some College,Permanent Resident,Fluent,Yes,No,Historically Redlined,Approved
2430,6167,Male,White,38,25-60,57929.26,664,280989,Gig,Bachelor's,Citizen,Fluent,No,Yes,Working Class Urban,Denied
2431,3588,Female,White,63,Over 60,88317.13,752,96011,Full-time,Bachelor's,Citizen,Fluent,No,No,Rural,Approved
2432,2560,Male,Hispanic,19,Under 25,33545.37,531,362654,Part-time,High School,Citizen,Fluent,No,Yes,Historically Redlined,Denied
2433,7030,Male,White,22,Under 25,53565.47,592,50459,Full-time,High School,Permanent Resident,Limited,No,No,Urban Professional,Denied
2434,5003,Male,White,76,Over 60,41786.54,704,315921,Full-time,Some College,Citizen,Fluent,No,No,Rural,Approved
2435,569,Male,Black,79,Over 60,69569.56,682,449510,Self-employed,Some College,Citizen,Fluent,No,Yes,Urban Professional,Denied
2436,3135,Male,Asian,48,25-60,50207.03,695,89206,Full-time,High School,Citizen,Fluent,No,No,Working Class Urban,Approved
2437,4136,Female,White,65,Over 60,126790.15,753,196077,Gig,Some College,Visa Holder,Fluent,No,No,Urban Professional,Approved
2438,1722,Male,White,33,25-60,53867.61,722,387708,Full-time,Some College,Citizen,Fluent,No,No,Rural,Denied
2439,6923,Female,Asian,52,25-60,108844.99,734,449190,Full-time,Graduate,Citizen,Fluent,Yes,No,Rural,Approved
2440,3542,Female,Hispanic,33,25-60,87730.37,737,183922,Full-time,Bachelor's,Citizen,Fluent,No,No,Working Class Urban,Approved
2441,6228,Male,White,57,25-60,90130.04,668,283833,Full-time,High School,Citizen,Fluent,Yes,No,High-income Suburban,Approved
2442,6561,Male,Asian,62,Over 60,220257.65,736,318071,Part-time,Bachelor's,Citizen,Fluent,No,No,High-income Suburban,Approved
2443,6985,Female,White,52,25-60,30198.49,610,253721,Full-time,High School,Citizen,Fluent,No,No,Rural,Denied
2444,429,Male,White,31,25-60,43793.72,690,283634,Gig,High School,Citizen,Fluent,Yes,No,Working Class Urban,Approved
2445,1891,Female,White,64,Over 60,207032.29,763,325444,Full-time,Bachelor's,Citizen,Fluent,No,No,High-income Suburban,Approved
2446,9386,Male,White,79,Over 60,51690.19,687,248212,Part-time,Bachelor's,Citizen,Limited,No,No,Rural,Approved
2447,2501,Female,Asian,49,25-60,281181.44,728,357659,Full-time,Graduate,Citizen,Fluent,No,No,Urban Professional,Approved
2448,4521,Male,White,24,Under 25,52472.07,591,109331,Gig,Bachelor's,Citizen,Limited,No,No,Working Class Urban,Denied
2449,6098,Female,White,36,25-60,131625.75,751,232927,Full-time,Bachelor's,Citizen,Fluent,No,No,High-income Suburban,Approved
2450,4339,Female,White,54,25-60,173549.62,726,266743,Self-employed,Bachelor's,Citizen,Fluent,No,No,Urban Professional,Approved
2451,863,Male,Hispanic,60,25-60,28783.76,594,423612,Unemployed,High School,Citizen,Fluent,No,No,Historically Redlined,Denied
2452,3874,Female,White,75,Over 60,40882.14,753,273662,Full-time,High School,Citizen,Fluent,No,No,Historically Redlined,Denied
2453,2306,Female,White,82,Over 60,105358.68,771,61777,Gig,High School,Citizen,Fluent,No,No,High-income Suburban,Approved
2454,6589,Female,White,40,25-60,119923.1,721,246161,Gig,Some College,Citizen,Fluent,No,No,High-income Suburban,Approved
2455,3580,Male,White,68,Over 60,129194.61,777,166917,Full-time,Some College,Citizen,Fluent,No,No,Urban Professional,Approved
2456,4536,Female,White,74,Over 60,51562.44,704,345909,Full-time,Some College,Citizen,Fluent,No,No,Working Class Urban,Denied
2457,8181,Male,Hispanic,32,25-60,38814.66,693,165531,Full-time,High School,Permanent Resident,Fluent,No,No,Rural,Approved
2458,4211,Male,White,69,Over 60,38937.39,708,152575,Full-time,High School,Citizen,Limited,No,No,Working Class Urban,Approved
2459,8422,Male,Multiracial,67,Over 60,72697.61,735,217793,Full-time,Bachelor's,Citizen,Fluent,No,No,Rural,Approved
2460,7398,Male,Black,36,25-60,67250.24,679,314629,Full-time,High School,Citizen,Limited,No,No,High-income Suburban,Approved
2461,3407,Female,Asian,60,25-60,201252.9,696,117074,Full-time,Graduate,Citizen,Limited,No,No,High-income Suburban,Approved
2462,8705,Male,White,77,Over 60,33129.14,654,287631,Full-time,Some College,Citizen,Limited,No,No,Working Class Urban,Denied
2463,2952,Male,Hispanic,74,Over 60,18266.9,631,425240,Full-time,High School,Citizen,Limited,No,No,Rural,Denied
2464,9952,Male,White,75,Over 60,129820.68,780,384662,Full-time,High School,Citizen,Fluent,No,No,High-income Suburban,Approved
2465,9194,Male,Hispanic,36,25-60,33842.14,560,382424,Part-time,High School,Citizen,Fluent,No,No,Rural,Denied
2466,5075,Male,Asian,30,25-60,210537.58,757,258811,Full-time,Graduate,Citizen,Fluent,No,No,Urban Professional,Approved
2467,1568,Non-binary,White,23,Under 25,110143.74,591,253645,Full-time,Bachelor's,Citizen,Limited,No,No,High-income Suburban,Approved
2468,6159,Female,White,72,Over 60,146464.65,790,72145,Full-time,Graduate,Citizen,Fluent,No,No,Working Class Urban,Approved
2469,69,Female,White,44,25-60,104776.42,729,432018,Full-time,High School,Citizen,Fluent,No,No,High-income Suburban,Approved
2470,1285,Female,White,47,25-60,40332.01,656,338558,Full-time,Bachelor's,Citizen,Limited,Yes,No,Historically Redlined,Approved
2471,550,Female,White,67,Over 60,312252.88,813,249331,Full-time,Graduate,Citizen,Fluent,No,No,Urban Professional,Approved
2472,8007,Female,Hispanic,58,25-60,151287.99,704,98434,Part-time,Some College,Citizen,Fluent,No,No,High-income Suburban,Approved
2473,8545,Female,Hispanic,47,25-60,217726.88,733,128265,Full-time,Bachelor's,Citizen,Fluent,No,No,High-income Suburban,Approved
2474,7369,Female,Asian,21,Under 25,137776.0,620,108423,Full-time,Bachelor's,Citizen,Fluent,No,No,High-income Suburban,Approved
2475,823,Female,White,65,Over 60,130271.62,783,315295,Self-employed,Some College,Citizen,Fluent,No,No,High-income Suburban,Approved
2476,1820,Male,White,21,Under 25,53428.03,625,297945,Part-time,Some College,Citizen,Fluent,No,No,Working Class Urban,Denied
2477,4624,Male,White,28,25-60,49771.88,714,92456,Part-time,Some College,Citizen,Fluent,No,No,Working Class Urban,Approved
2478,9123,Male,Asian,43,25-60,233648.07,746,207551,Self-employed,Graduate,Permanent Resident,Fluent,No,No,Urban Professional,Approved
2479,904,Male,White,79,Over 60,34037.86,615,422795,Full-time,Bachelor's,Citizen,Limited,No,Yes,Working Class Urban,Denied
2480,4899,Female,Hispanic,75,Over 60,62701.94,730,192369,Full-time,High School,Visa Holder,Limited,No,No,High-income Suburban,Approved
2481,7124,Female,White,19,Under 25,50867.22,606,391075,Full-time,High School,Permanent Resident,Fluent,No,No,Working Class Urban,Denied
2482,6888,Female,Hispanic,76,Over 60,72691.61,719,255192,Full-time,High School,Citizen,Limited,No,No,Urban Professional,Denied
2483,742,Female,Black,21,Under 25,91567.96,694,386796,Full-time,Graduate,Citizen,Fluent,No,No,Working Class Urban,Approved
2484,3011,Male,White,50,25-60,146654.27,721,148376,Full-time,Bachelor's,Permanent Resident,Fluent,No,No,Urban Professional,Approved
2485,7348,Male,White,38,25-60,135406.55,699,167517,Full-time,Graduate,Permanent Resident,Limited,No,No,Urban Professional,Approved
2486,183,Male,White,60,25-60,133030.11,697,372293,Part-time,Graduate,Citizen,Fluent,Yes,No,Working Class Urban,Approved
2487,8196,Female,White,36,25-60,113514.6,714,318512,Full-time,Some College,Citizen,Fluent,No,No,High-income Suburban,Approved
2488,3900,Male,Hispanic,52,25-60,59057.3,676,165643,Full-time,Graduate,Citizen,Limited,No,No,Rural,Approved
2489,745,Female,Multiracial,49,25-60,132375.2,763,262758,Full-time,Some College,Citizen,Fluent,No,No,High-income Suburban,Approved
2490,2867,Male,White,26,25-60,66157.81,658,416521,Part-time,Bachelor's,Citizen,Fluent,No,No,Historically Redlined,Denied
2491,9031,Female,Asian,80,Over 60,227234.39,794,76214,Full-time,Graduate,Citizen,Fluent,No,No,High-income Suburban,Approved
2492,5910,Male,White,66,Over 60,92608.51,777,352991,Full-time,Bachelor's,Citizen,Fluent,No,No,Rural,Approved
2493,6068,Female,White,58,25-60,256777.86,809,350947,Gig,Graduate,Citizen,Fluent,No,No,Urban Professional,Approved
2494,362,Male,Asian,52,25-60,51596.49,653,259801,Part-time,Bachelor's,Citizen,Fluent,No,No,Historically Redlined,Denied
2495,5064,Male,White,66,Over 60,147979.31,799,271284,Full-time,Some College,Citizen,Fluent,No,No,High-income Suburban,Approved
2496,1878,Male,Hispanic,34,25-60,146758.29,708,448489,Self-employed,Graduate,Citizen,Limited,Yes,No,High-income Suburban,Approved
2497,4166,Female,White,18,Under 25,84780.69,689,55473,Full-time,Graduate,Citizen,Fluent,No,No,Working Class Urban,Denied
2498,7696,Female,White,19,Under 25,30588.2,597,170616,Full-time,Some College,Citizen,Limited,Yes,No,Working Class Urban,Denied
2499,5240,Female,Asian,73,Over 60,68255.01,725,272500,Full-time,Bachelor's,Permanent Resident,Fluent,No,No,Historically Redlined,Approved
2500,5803,Female,White,66,Over 60,20595.81,627,154131,Full-time,High School,Citizen,Limited,No,No,Historically Redlined,Denied
2501,1067,Male,White,50,25-60,23964.73,623,437312,Full-time,Some College,Citizen,Limited,No,No,Historically Redlined,Denied
2502,7573,Female,Hispanic,28,25-60,102953.89,718,352336,Full-time,High School,Citizen,Fluent,No,No,High-income Suburban,Approved
2503,763,Male,White,57,25-60,117712.57,681,436750,Full-time,Graduate,Citizen,Fluent,No,No,Working Class Urban,Approved
2504,9489,Female,Hispanic,25,25-60,129147.98,700,97821,Full-time,Graduate,Citizen,Fluent,No,No,Working Class Urban,Approved
2505,6893,Male,Hispanic,57,25-60,37116.11,678,288409,Full-time,High School,Citizen,Fluent,No,No,Working Class Urban,Approved
2506,6933,Female,White,40,25-60,86824.8,749,54631,Full-time,Bachelor's,Citizen,Fluent,No,No,Working Class Urban,Approved
2507,8841,Female,White,74,Over 60,98360.15,721,297755,Full-time,High School,Citizen,Fluent,No,No,Urban Professional,Approved
2508,4467,Non-binary,White,42,25-60,139643.19,752,59858,Self-employed,Some College,Citizen,Fluent,No,No,High-income Suburban,Approved
2509,3422,Male,Black,71,Over 60,28702.69,651,315427,Part-time,High School,Citizen,Fluent,No,Yes,Rural,Denied
2510,9437,Male,White,38,25-60,58878.38,682,413559,Full-time,Some College,Citizen,Fluent,No,No,Working Class Urban,Approved
2511,2773,Male,White,73,Over 60,258521.5,756,136979,Full-time,Graduate,Citizen,Fluent,No,No,Urban Professional,Approved
2512,2740,Male,Black,48,25-60,98974.67,714,387037,Full-time,Some College,Citizen,Fluent,Yes,Yes,High-income Suburban,Approved
2513,225,Male,White,79,Over 60,75810.07,689,359482,Full-time,Bachelor's,Permanent Resident,Fluent,No,No,Rural,Approved
2514,2869,Male,White,73,Over 60,63260.83,713,211014,Full-time,Bachelor's,Citizen,Fluent,No,No,Historically Redlined,Approved
2515,4703,Male,White,35,25-60,119936.69,735,312358,Full-time,Bachelor's,Citizen,Fluent,No,No,Urban Professional,Approved
2516,2676,Female,White,57,25-60,109790.42,682,155472,Full-time,Some College,Citizen,Fluent,No,No,High-income Suburban,Approved
2517,8993,Female,White,62,Over 60,38262.12,696,222755,Full-time,High School,Citizen,Fluent,Yes,No,Rural,Approved
2518,6587,Female,White,49,25-60,56002.89,736,233791,Full-time,Some College,Citizen,Fluent,No,No,Rural,Approved
2519,8468,Female,White,53,25-60,40703.66,646,267770,Full-time,Some College,Citizen,Fluent,No,Yes,Working Class Urban,Denied
2520,948,Female,White,71,Over 60,53712.23,691,332623,Self-employed,Some College,Citizen,Fluent,Yes,No,Working Class Urban,Denied
2521,472,Female,White,54,25-60,61155.99,627,175542,Full-time,Bachelor's,Citizen,Fluent,No,No,Working Class Urban,Approved
2522,8879,Male,White,73,Over 60,87080.21,694,348381,Full-time,Graduate,Citizen,Fluent,No,No,Rural,Approved
2523,9477,Male,White,44,25-60,141643.31,684,357704,Part-time,Some College,Citizen,Fluent,No,No,High-income Suburban,Approved
2524,4010,Female,Hispanic,59,25-60,30784.53,599,399645,Full-time,High School,Citizen,Fluent,No,Yes,Historically Redlined,Denied
2525,4172,Female,White,38,25-60,77679.16,647,331839,Self-employed,Some College,Citizen,Limited,No,No,High-income Suburban,Denied
2526,519,Male,White,66,Over 60,164461.49,754,73589,Full-time,Bachelor's,Citizen,Limited,No,No,High-income Suburban,Approved
2527,3614,Female,Hispanic,64,Over 60,35119.39,744,246018,Full-time,High School,Citizen,Fluent,No,No,Historically Redlined,Approved
2528,2231,Female,Hispanic,57,25-60,81787.6,746,113205,Full-time,Bachelor's,Citizen,Fluent,No,No,Working Class Urban,Approved
2529,9568,Male,White,70,Over 60,30372.16,625,277708,Full-time,High School,Citizen,Fluent,No,No,Historically Redlined,Denied
2530,144,Male,White,33,25-60,96622.28,741,383400,Part-time,Bachelor's,Citizen,Fluent,No,No,Working Class Urban,Approved
2531,801,Non-binary,Black,33,25-60,63305.26,642,271152,Part-time,Bachelor's,Citizen,Fluent,No,No,Rural,Denied
2532,5388,Female,White,22,Under 25,79139.03,585,272086,Full-time,Some College,Citizen,Fluent,Yes,No,Urban Professional,Denied
2533,307,Male,Black,56,25-60,104864.33,620,406357,Full-time,Some College,Citizen,Fluent,No,Yes,High-income Suburban,Approved
2534,8485,Female,White,42,25-60,110517.57,702,175501,Full-time,Graduate,Citizen,Fluent,No,Yes,High-income Suburban,Approved
2535,5124,Female,White,59,25-60,51189.74,629,179820,Full-time,Some College,Citizen,Fluent,No,No,Rural,Denied
2536,5775,Male,Asian,47,25-60,58048.19,700,154533,Full-time,Bachelor's,Citizen,Limited,No,No,Working Class Urban,Approved
2537,8383,Female,Black,68,Over 60,101250.82,727,123842,Part-time,High School,Citizen,Fluent,No,No,Urban Professional,Approved
2538,5148,Male,White,67,Over 60,82994.82,764,291095,Full-time,High School,Citizen,Fluent,No,No,High-income Suburban,Approved
2539,3702,Male,White,21,Under 25,107670.5,706,414908,Full-time,Graduate,Citizen,Fluent,No,No,Rural,Approved
2540,5642,Female,Hispanic,39,25-60,81964.97,676,242373,Part-time,High School,Citizen,Fluent,No,No,High-income Suburban,Approved
2541,9875,Male,White,74,Over 60,79873.43,677,122691,Part-time,Graduate,Citizen,Fluent,Yes,Yes,Rural,Denied
2542,3271,Female,Hispanic,73,Over 60,49885.89,714,165357,Unemployed,Some College,Citizen,Fluent,No,No,Working Class Urban,Approved
2543,1960,Female,White,63,Over 60,166517.27,801,361623,Full-time,Bachelor's,Citizen,Fluent,No,No,High-income Suburban,Approved
2544,3601,Female,Black,82,Over 60,41780.93,680,86490,Part-time,High School,Citizen,Fluent,No,No,Working Class Urban,Denied
2545,3939,Female,Hispanic,20,Under 25,115037.5,662,106019,Full-time,Some College,Citizen,Fluent,Yes,No,Urban Professional,Denied
2546,6396,Male,White,60,25-60,181041.58,720,202993,Full-time,Bachelor's,Citizen,Fluent,No,No,High-income Suburban,Approved
2547,359,Male,Hispanic,37,25-60,152553.57,727,353569,Full-time,Some College,Permanent Resident,Fluent,No,No,High-income Suburban,Approved
2548,7814,Male,White,23,Under 25,75129.44,560,337269,Full-time,High School,Citizen,Fluent,No,Yes,High-income Suburban,Denied
2549,6364,Female,Hispanic,79,Over 60,223459.6,769,414579,Full-time,Bachelor's,Citizen,Fluent,Yes,No,High-income Suburban,Approved
2550,269,Male,Hispanic,30,25-60,58186.98,695,388357,Gig,Bachelor's,Citizen,Fluent,No,No,Rural,Denied
2551,3937,Male,White,75,Over 60,92571.17,789,366370,Full-time,Some College,Permanent Resident,Limited,No,No,High-income Suburban,Approved
2552,6678,Female,White,18,Under 25,113351.68,615,391394,Part-time,High School,Citizen,Fluent,No,No,High-income Suburban,Approved
2553,643,Female,Black,49,25-60,137331.16,683,93176,Full-time,High School,Citizen,Fluent,Yes,No,High-income Suburban,Approved
2554,8441,Male,Hispanic,78,Over 60,89758.18,746,389722,Part-time,High School,Citizen,Fluent,No,No,Urban Professional,Approved
2555,7204,Female,White,69,Over 60,173747.08,798,274152,Self-employed,Bachelor's,Citizen,Fluent,No,No,Urban Professional,Approved
2556,8612,Female,White,28,25-60,21033.77,572,324853,Self-employed,High School,Citizen,Limited,No,No,Rural,Denied
2557,5487,Female,White,41,25-60,60374.19,648,96939,Part-time,Bachelor's,Visa Holder,Fluent,No,No,Historically Redlined,Denied
2558,9414,Female,Black,50,25-60,128442.77,684,412682,Full-time,Graduate,Citizen,Fluent,No,No,Working Class Urban,Approved
2559,1524,Female,White,55,25-60,90631.33,742,202597,Full-time,Graduate,Citizen,Fluent,No,No,Working Class Urban,Approved
2560,7088,Female,Black,41,25-60,66289.32,649,105414,Part-time,Bachelor's,Citizen,Fluent,No,No,Historically Redlined,Denied
2561,5337,Female,Hispanic,71,Over 60,121237.79,763,359695,Full-time,Some College,Citizen,Fluent,No,No,Urban Professional,Approved
2562,3699,Male,White,69,Over 60,47182.8,718,121283,Full-time,High School,Citizen,Fluent,No,No,Rural,Denied
2563,4451,Male,White,27,25-60,211178.99,717,323640,Full-time,Bachelor's,Citizen,Fluent,No,No,High-income Suburban,Approved
2564,9013,Female,White,54,25-60,102422.16,748,403312,Part-time,High School,Citizen,Fluent,No,No,High-income Suburban,Approved
2565,9822,Male,White,62,Over 60,76849.88,745,94633,Full-time,Some College,Visa Holder,Limited,No,No,High-income Suburban,Approved
2566,4239,Female,White,20,Under 25,89914.97,716,368785,Full-time,High School,Citizen,Fluent,No,No,Urban Professional,Approved
2567,7197,Male,Black,29,25-60,82121.46,650,389856,Full-time,High School,Citizen,Fluent,No,No,High-income Suburban,Denied
2568,2605,Male,White,58,25-60,24851.8,575,274974,Full-time,High School,Citizen,Fluent,No,Yes,Rural,Denied
2569,9179,Male,Black,36,25-60,139607.08,768,100298,Full-time,Some College,Citizen,Fluent,No,No,Urban Professional,Approved
2570,5804,Male,White,73,Over 60,134861.31,797,221236,Self-employed,Bachelor's,Citizen,Fluent,No,No,Urban Professional,Approved
2571,1747,Female,White,42,25-60,95110.11,740,82201,Full-time,Bachelor's,Citizen,Fluent,No,No,Working Class Urban,Approved
2572,5478,Female,Hispanic,32,25-60,43111.79,706,346893,Part-time,High School,Citizen,Fluent,No,No,Historically Redlined,Denied
2573,5496,Female,Native American,73,Over 60,20502.9,639,329451,Full-time,Some College,Citizen,Fluent,No,No,Rural,Denied
2574,7435,Female,White,24,Under 25,144667.24,678,363190,Gig,Some College,Citizen,Fluent,No,No,High-income Suburban,Approved
2575,1034,Female,White,66,Over 60,110662.63,780,324715,Part-time,Some College,Visa Holder,Fluent,No,No,Urban Professional,Approved
2576,624,Male,White,70,Over 60,119325.91,797,408608,Unemployed,Bachelor's,Citizen,Limited,No,No,Urban Professional,Approved
2577,640,Male,White,36,25-60,74690.38,695,355747,Full-time,High School,Citizen,Fluent,No,No,High-income Suburban,Denied
2578,6607,Female,Hispanic,22,Under 25,130779.52,701,226907,Part-time,High School,Citizen,Fluent,No,No,High-income Suburban,Approved
2579,3001,Female,Black,49,25-60,165876.34,704,193851,Part-time,Graduate,Citizen,Fluent,No,No,High-income Suburban,Approved
2580,1703,Male,Hispanic,54,25-60,34328.57,546,95923,Self-employed,High School,Citizen,Fluent,No,Yes,Historically Redlined,Denied
2581,8282,Female,White,48,25-60,38108.4,669,134551,Part-time,High School,Citizen,Fluent,No,No,Historically Redlined,Approved
2582,4852,Male,White,20,Under 25,260559.15,683,264862,Full-time,Graduate,Citizen,Fluent,No,No,High-income Suburban,Approved
2583,6447,Female,Black,53,25-60,193452.99,716,331870,Full-time,Graduate,Citizen,Fluent,No,No,Urban Professional,Approved
2584,9065,Female,White,76,Over 60,31322.49,595,231874,Part-time,High School,Citizen,Fluent,Yes,No,Working Class Urban,Denied
2585,4686,Male,White,28,25-60,124310.98,754,397943,Part-time,Some College,Citizen,Fluent,No,No,Urban Professional,Approved
2586,8679,Female,Black,80,Over 60,63393.81,667,235893,Part-time,Some College,Visa Holder,Fluent,No,Yes,High-income Suburban,Denied
2587,6871,Male,White,74,Over 60,46295.31,746,105269,Self-employed,Some College,Citizen,Fluent,No,No,Working Class Urban,Approved
2588,1795,Male,Hispanic,24,Under 25,56928.47,578,214292,Full-time,Some College,Citizen,Fluent,No,No,Historically Redlined,Denied
2589,7732,Female,White,33,25-60,140541.16,669,328061,Full-time,Some College,Citizen,Fluent,No,No,High-income Suburban,Approved
2590,3233,Female,Black,77,Over 60,82267.29,749,195425,Full-time,Bachelor's,Permanent Resident,Fluent,No,No,Working Class Urban,Approved
2591,5344,Female,White,21,Under 25,46771.19,558,440738,Full-time,Some College,Visa Holder,Fluent,No,No,Rural,Denied
2592,3915,Male,White,67,Over 60,59418.57,667,409977,Full-time,Some College,Citizen,Fluent,No,No,Working Class Urban,Denied
2593,9320,Male,Hispanic,61,Over 60,50520.28,743,253889,Part-time,High School,Citizen,Fluent,No,No,Working Class Urban,Denied
2594,1995,Female,White,63,Over 60,43555.6,693,296837,Part-time,High School,Citizen,Fluent,No,No,Working Class Urban,Approved
2595,6516,Male,Hispanic,65,Over 60,17367.49,662,243523,Full-time,High School,Citizen,Limited,No,No,Working Class Urban,Denied
2596,1331,Male,Hispanic,26,25-60,61624.25,685,242464,Full-time,Some College,Citizen,Limited,No,No,Urban Professional,Approved
2597,962,Female,Hispanic,82,Over 60,96258.66,764,255944,Full-time,Bachelor's,Citizen,Fluent,Yes,No,Working Class Urban,Approved
2598,598,Male,Black,75,Over 60,30842.3,599,338684,Self-employed,Some College,Citizen,Fluent,No,Yes,Historically Redlined,Denied
2599,2459,Female,White,54,25-60,48192.91,642,250319,Unemployed,Some College,Citizen,Fluent,No,No,Working Class Urban,Approved
2600,103,Male,Hispanic,29,25-60,92851.32,701,126206,Full-time,High School,Permanent Resident,Fluent,Yes,No,Urban Professional,Approved
2601,3499,Male,White,68,Over 60,194080.63,794,344821,Full-time,Bachelor's,Citizen,Fluent,No,No,Urban Professional,Approved
2602,6133,Male,Hispanic,27,25-60,146783.16,756,115359,Full-time,Some College,Citizen,Fluent,No,No,Urban Professional,Approved
2603,3365,Female,White,25,25-60,101815.96,713,432450,Full-time,Some College,Citizen,Limited,No,No,Urban Professional,Approved
2604,594,Male,White,61,Over 60,18194.13,683,285437,Full-time,High School,Permanent Resident,Fluent,No,No,Rural,Denied
2605,7964,Male,White,47,25-60,162820.25,701,398987,Full-time,Bachelor's,Citizen,Fluent,No,No,Urban Professional,Approved
2606,6984,Female,Hispanic,57,25-60,88619.83,680,166508,Full-time,Graduate,Permanent Resident,Fluent,No,No,Rural,Approved
2607,3311,Male,Hispanic,33,25-60,128201.58,726,211837,Full-time,Some College,Citizen,Fluent,No,No,Urban Professional,Approved
2608,4334,Male,White,64,Over 60,75728.97,704,60117,Full-time,Some College,Citizen,Limited,No,No,Urban Professional,Approved
2609,2218,Female,White,52,25-60,89687.49,730,266523,Full-time,High School,Visa Holder,Fluent,No,No,High-income Suburban,Approved
2610,664,Female,White,54,25-60,50494.67,605,427569,Full-time,High School,Permanent Resident,Fluent,No,No,Working Class Urban,Denied
2611,7914,Female,White,46,25-60,123419.35,697,149678,Unemployed,Some College,Citizen,Fluent,No,No,High-income Suburban,Approved
2612,1026,Male,White,19,Under 25,123596.68,615,188206,Part-time,Graduate,Citizen,Fluent,Yes,No,Rural,Denied
2613,7826,Female,White,42,25-60,74467.97,677,126996,Full-time,Some College,Citizen,Limited,Yes,No,High-income Suburban,Approved
2614,4672,Male,White,42,25-60,50006.41,687,124384,Self-employed,Bachelor's,Citizen,Fluent,No,No,Historically Redlined,Approved
2615,2083,Male,White,44,25-60,61088.47,659,300908,Full-time,Bachelor's,Permanent Resident,Limited,No,No,Rural,Denied
2616,1544,Male,White,39,25-60,94644.43,699,358149,Self-employed,High School,Citizen,Fluent,No,No,Urban Professional,Denied
2617,9251,Female,White,18,Under 25,47587.2,586,237897,Full-time,Graduate,Visa Holder,Fluent,No,No,Rural,Denied
2618,4191,Male,White,38,25-60,58953.88,692,301091,Full-time,Some College,Visa Holder,Limited,No,No,High-income Suburban,Approved
2619,8100,Male,White,76,Over 60,331749.24,750,264025,Self-employed,Graduate,Citizen,Fluent,No,No,High-income Suburban,Approved
2620,3321,Male,White,73,Over 60,90934.28,800,243829,Full-time,High School,Citizen,Fluent,Yes,No,High-income Suburban,Approved
2621,1370,Female,Multiracial,52,25-60,180525.79,712,98853,Full-time,Bachelor's,Citizen,Fluent,No,No,High-income Suburban,Approved
2622,1266,Male,White,62,Over 60,197354.33,706,133381,Self-employed,Bachelor's,Citizen,Fluent,No,No,High-income Suburban,Approved
2623,412,Female,White,51,25-60,247575.48,620,211311,Full-time,Graduate,Citizen,Fluent,No,Yes,High-income Suburban,Approved
2624,8353,Male,White,22,Under 25,43711.56,655,307749,Part-time,High School,Permanent Resident,Fluent,No,No,Working Class Urban,Denied
2625,5161,Male,Asian,53,25-60,85762.54,707,204804,Gig,Bachelor's,Citizen,Fluent,No,No,Rural,Approved
2626,7513,Female,Black,48,25-60,275358.63,729,358649,Part-time,Graduate,Citizen,Fluent,No,No,Urban Professional,Approved
2627,8171,Male,White,52,25-60,31928.22,624,77138,Part-time,Some College,Citizen,Fluent,No,No,Historically Redlined,Denied
2628,4557,Male,White,81,Over 60,40208.58,735,328223,Part-time,Some College,Citizen,Fluent,Yes,No,Rural,Approved
2629,4675,Male,White,69,Over 60,168352.4,806,252571,Full-time,Bachelor's,Citizen,Fluent,No,No,High-income Suburban,Approved
2630,887,Male,Hispanic,74,Over 60,24417.14,674,401380,Part-time,Some College,Permanent Resident,Fluent,No,Yes,Historically Redlined,Denied
2631,9871,Female,White,51,25-60,50546.48,649,283590,Gig,Some College,Citizen,Fluent,No,No,Working Class Urban,Approved
2632,4938,Female,Hispanic,70,Over 60,68970.46,744,340064,Gig,Bachelor's,Citizen,Fluent,No,No,Working Class Urban,Approved
2633,706,Male,White,53,25-60,250689.41,715,422707,Self-employed,Graduate,Visa Holder,Fluent,Yes,No,High-income Suburban,Approved
2634,7637,Female,Black,40,25-60,45890.43,659,139817,Unemployed,High School,Citizen,Fluent,No,No,Working Class Urban,Approved
2635,5895,Male,Black,66,Over 60,63287.95,621,305647,Part-time,High School,Citizen,Fluent,No,Yes,High-income Suburban,Denied
2636,8369,Non-binary,Hispanic,69,Over 60,73341.89,723,391884,Gig,Some College,Visa Holder,Fluent,No,Yes,Urban Professional,Denied
2637,1503,Male,Hispanic,79,Over 60,83196.18,759,187175,Part-time,Bachelor's,Citizen,Fluent,No,No,Working Class Urban,Approved
2638,6579,Non-binary,White,78,Over 60,137623.62,783,153631,Full-time,Some College,Citizen,Fluent,No,No,Urban Professional,Approved
2639,6809,Female,White,61,Over 60,155838.61,768,127710,Part-time,Some College,Citizen,Fluent,No,No,Urban Professional,Approved
2640,8234,Male,White,23,Under 25,110231.17,632,279783,Full-time,Graduate,Citizen,Fluent,No,No,Working Class Urban,Approved
2641,4475,Male,Hispanic,65,Over 60,109367.56,789,287184,Full-time,High School,Permanent Resident,Fluent,No,No,Urban Professional,Approved
2642,6214,Male,White,19,Under 25,41232.65,558,135519,Full-time,Some College,Citizen,Fluent,No,No,Rural,Denied
2643,5812,Female,Hispanic,56,25-60,97689.39,669,71753,Full-time,High School,Citizen,Fluent,No,No,High-income Suburban,Approved
2644,7982,Male,Black,75,Over 60,39560.76,678,370877,Full-time,Bachelor's,Citizen,Fluent,No,Yes,Rural,Denied
2645,5646,Female,White,41,25-60,135632.09,715,335541,Part-time,Some College,Citizen,Fluent,No,No,Urban Professional,Approved
2646,3240,Male,White,27,25-60,72843.73,614,114701,Full-time,Graduate,Citizen,Fluent,No,Yes,Working Class Urban,Denied
2647,9135,Female,White,35,25-60,108739.53,709,383584,Full-time,High School,Citizen,Fluent,No,No,High-income Suburban,Approved
2648,3720,Male,White,56,25-60,32136.68,568,292734,Full-time,High School,Citizen,Fluent,No,No,Historically Redlined,Denied
2649,8344,Female,White,25,25-60,179301.71,702,116392,Full-time,Graduate,Citizen,Fluent,No,No,High-income Suburban,Approved
2650,9152,Male,Hispanic,68,Over 60,44065.66,722,134142,Unemployed,Some College,Citizen,Fluent,No,No,Historically Redlined,Denied
2651,9074,Male,Hispanic,30,25-60,57676.03,641,217364,Full-time,High School,Citizen,Limited,No,No,High-income Suburban,Approved
2652,4602,Male,White,77,Over 60,50001.61,746,351874,Self-employed,Some College,Citizen,Fluent,No,No,Working Class Urban,Approved
2653,881,Male,Black,50,25-60,124020.59,759,361057,Full-time,Some College,Citizen,Fluent,No,No,Urban Professional,Approved
2654,7913,Male,Hispanic,65,Over 60,32557.81,644,149616,Full-time,High School,Citizen,Fluent,No,No,Rural,Denied
2655,7431,Male,White,38,25-60,127276.66,700,293591,Self-employed,Graduate,Citizen,Fluent,No,No,Working Class Urban,Approved
2656,1273,Female,White,34,25-60,87834.5,794,346537,Full-time,High School,Citizen,Fluent,Yes,No,Urban Professional,Approved
2657,4775,Female,White,30,25-60,182257.54,679,404587,Full-time,Bachelor's,Citizen,Fluent,No,No,Urban Professional,Approved
2658,394,Female,White,82,Over 60,234437.08,757,70007,Full-time,Bachelor's,Citizen,Fluent,No,No,High-income Suburban,Approved
2659,6944,Female,White,48,25-60,21550.64,520,164002,Full-time,Some College,Citizen,Fluent,No,No,Historically Redlined,Denied
2660,7951,Female,White,57,25-60,68784.84,679,124251,Part-time,Bachelor's,Citizen,Fluent,No,No,Working Class Urban,Approved
2661,2768,Male,White,18,Under 25,215628.55,655,317399,Full-time,Graduate,Citizen,Fluent,No,No,Urban Professional,Denied
2662,6320,Female,White,77,Over 60,98139.18,795,149574,Part-time,Some College,Citizen,Fluent,No,No,Urban Professional,Approved
2663,653,Female,White,55,25-60,37044.83,659,182169,Full-time,Some College,Citizen,Limited,No,No,Working Class Urban,Denied
2664,5992,Female,Hispanic,59,25-60,229312.01,695,239616,Full-time,Bachelor's,Citizen,Fluent,No,No,High-income Suburban,Approved
2665,350,Male,White,26,25-60,34562.41,586,384877,Full-time,Some College,Citizen,Limited,No,No,Historically Redlined,Denied
2666,6575,Male,White,45,25-60,95467.6,734,374619,Full-time,Graduate,Citizen,Fluent,No,No,Rural,Approved
2667,8363,Male,Black,71,Over 60,53009.4,691,429219,Full-time,Some College,Citizen,Fluent,No,No,Working Class Urban,Denied
2668,529,Male,White,52,25-60,75310.4,747,271466,Part-time,Bachelor's,Citizen,Fluent,No,No,Working Class Urban,Denied
2669,1762,Female,Black,54,25-60,37339.82,670,369012,Full-time,High School,Permanent Resident,Fluent,Yes,No,Rural,Approved
2670,6004,Male,White,36,25-60,79831.39,705,367396,Full-time,Some College,Citizen,Fluent,No,No,Working Class Urban,Approved
2671,1532,Male,White,20,Under 25,132552.9,698,222805,Self-employed,Some College,Citizen,Fluent,No,No,Urban Professional,Approved
2672,8375,Male,White,69,Over 60,25590.15,625,333475,Full-time,High School,Citizen,Limited,No,No,Historically Redlined,Denied
2673,7912,Female,White,19,Under 25,66259.34,571,377005,Full-time,High School,Citizen,Fluent,No,No,Urban Professional,Denied
2674,4853,Non-binary,Hispanic,23,Under 25,193464.73,618,335452,Self-employed,Bachelor's,Citizen,Fluent,No,No,High-income Suburban,Denied
2675,8125,Male,White,65,Over 60,81018.19,699,326201,Full-time,Bachelor's,Citizen,Fluent,No,No,Historically Redlined,Approved
2676,5578,Non-binary,White,41,25-60,31207.88,583,425053,Full-time,High School,Citizen,Fluent,No,No,Rural,Denied
2677,9046,Female,White,25,25-60,68283.66,636,255874,Gig,High School,Citizen,Fluent,No,No,Urban Professional,Denied
2678,548,Female,White,37,25-60,107766.51,753,248542,Full-time,Graduate,Citizen,Fluent,No,No,Working Class Urban,Approved
2679,7766,Non-binary,White,67,Over 60,229887.21,767,144100,Full-time,Bachelor's,Citizen,Fluent,No,No,Urban Professional,Approved
2680,6279,Female,White,41,25-60,133597.01,727,220856,Full-time,Graduate,Citizen,Fluent,No,No,Working Class Urban,Approved
2681,7177,Male,Hispanic,31,25-60,79607.29,642,152199,Full-time,Bachelor's,Permanent Resident,Fluent,No,No,Working Class Urban,Approved
2682,4096,Male,Hispanic,37,25-60,64288.29,698,421514,Gig,Bachelor's,Citizen,Fluent,No,No,Historically Redlined,Approved
2683,5653,Female,Hispanic,78,Over 60,47411.65,681,261885,Self-employed,Some College,Citizen,Fluent,No,No,Working Class Urban,Denied
2684,7560,Female,Black,77,Over 60,59735.18,681,399287,Full-time,High School,Citizen,Fluent,No,Yes,Urban Professional,Denied
2685,3269,Male,White,51,25-60,90503.15,728,74137,Full-time,High School,Citizen,Fluent,No,No,Urban Professional,Approved
2686,3873,Female,White,24,Under 25,145027.5,664,173867,Full-time,Graduate,Citizen,Fluent,No,No,Working Class Urban,Denied
2687,6149,Male,White,40,25-60,84807.53,747,420241,Full-time,High School,Citizen,Fluent,Yes,No,Urban Professional,Approved
2688,456,Female,White,55,25-60,111101.01,773,239175,Full-time,Some College,Citizen,Fluent,No,No,High-income Suburban,Approved
2689,6843,Female,White,42,25-60,39418.4,715,301784,Full-time,High School,Citizen,Fluent,No,No,Historically Redlined,Denied
2690,9583,Male,Hispanic,33,25-60,85087.85,702,342081,Full-time,High School,Permanent Resident,Limited,No,No,High-income Suburban,Approved
2691,1032,Female,Hispanic,46,25-60,90801.99,718,133899,Full-time,High School,Citizen,Fluent,No,No,Urban Professional,Denied
2692,6833,Male,White,79,Over 60,18181.69,602,405628,Gig,Some College,Citizen,Limited,No,Yes,Working Class Urban,Denied
2693,6600,Male,White,24,Under 25,34112.78,534,67874,Full-time,High School,Citizen,Fluent,No,No,Working Class Urban,Denied
2694,645,Male,Black,44,25-60,95674.09,704,251524,Self-employed,Graduate,Citizen,Fluent,No,No,Working Class Urban,Denied
2695,7370,Female,Hispanic,73,Over 60,112848.8,760,274221,Full-time,Some College,Citizen,Fluent,Yes,No,High-income Suburban,Approved
2696,9255,Female,White,52,25-60,28371.55,630,155307,Part-time,Some College,Citizen,Limited,No,No,Rural,Denied
2697,5297,Male,White,72,Over 60,97615.05,754,126129,Full-time,High School,Permanent Resident,Fluent,No,No,High-income Suburban,Approved
2698,8894,Male,White,26,25-60,39157.8,700,312396,Full-time,Some College,Citizen,Limited,No,No,Urban Professional,Denied
2699,6832,Female,Hispanic,32,25-60,119385.94,696,318873,Full-time,High School,Citizen,Fluent,No,No,High-income Suburban,Approved
2700,2503,Female,Asian,42,25-60,103224.66,791,83343,Full-time,Bachelor's,Citizen,Fluent,No,No,Working Class Urban,Approved
2701,2526,Female,Black,28,25-60,151548.02,711,427172,Gig,Some College,Citizen,Fluent,No,No,High-income Suburban,Approved
2702,6216,Male,White,20,Under 25,133203.39,658,178997,Full-time,High School,Citizen,Fluent,No,No,High-income Suburban,Denied
2703,4020,Male,White,65,Over 60,27311.32,628,391409,Full-time,High School,Citizen,Fluent,No,Yes,Historically Redlined,Denied
2704,9844,Female,Asian,54,25-60,101616.08,701,143137,Full-time,Some College,Citizen,Fluent,No,No,Urban Professional,Approved
2705,2101,Female,Black,67,Over 60,31658.67,680,195612,Full-time,High School,Citizen,Limited,No,No,Working Class Urban,Denied
2706,2052,Female,White,35,25-60,99143.04,744,341768,Full-time,Graduate,Permanent Resident,Limited,No,No,Rural,Approved
2707,8764,Female,Hispanic,19,Under 25,120455.44,670,151380,Full-time,Graduate,Citizen,Fluent,No,No,Rural,Approved
2708,1906,Female,White,48,25-60,108905.07,735,356166,Full-time,Graduate,Citizen,Fluent,No,No,Historically Redlined,Approved
2709,2249,Female,White,63,Over 60,178164.5,818,137734,Full-time,Bachelor's,Citizen,Fluent,No,No,Urban Professional,Approved
2710,2830,Female,White,47,25-60,111865.0,752,305185,Full-time,High School,Citizen,Fluent,No,No,Urban Professional,Approved
2711,4991,Male,White,57,25-60,124606.28,734,54206,Full-time,High School,Citizen,Fluent,No,No,High-income Suburban,Approved
2712,1446,Male,Hispanic,81,Over 60,106178.54,776,280060,Full-time,Some College,Citizen,Limited,No,No,Urban Professional,Approved
2713,5561,Male,White,35,25-60,53323.51,665,284986,Gig,Some College,Permanent Resident,Fluent,Yes,No,Rural,Denied
2714,6334,Female,White,37,25-60,193074.84,722,316810,Self-employed,Bachelor's,Citizen,Fluent,No,No,Urban Professional,Approved
2715,6331,Female,White,73,Over 60,40221.3,752,307303,Gig,High School,Citizen,Fluent,No,No,Working Class Urban,Approved
2716,9821,Female,White,18,Under 25,105554.53,627,330126,Gig,High School,Citizen,Fluent,Yes,No,Urban Professional,Denied
2717,4554,Male,White,38,25-60,104563.8,664,428202,Gig,High School,Citizen,Fluent,No,No,High-income Suburban,Denied
2718,2828,Female,White,35,25-60,53578.95,692,356216,Part-time,Some College,Permanent Resident,Fluent,No,No,Working Class Urban,Approved
2719,1306,Male,White,78,Over 60,75781.22,756,359885,Self-employed,Graduate,Citizen,Limited,No,No,Working Class Urban,Approved
2720,6177,Female,White,73,Over 60,64215.07,718,393150,Full-time,Bachelor's,Citizen,Fluent,No,No,Working Class Urban,Approved
2721,3058,Female,White,57,25-60,52116.39,670,407973,Self-employed,Some College,Citizen,Fluent,No,No,Working Class Urban,Denied
2722,9631,Female,Multiracial,20,Under 25,104793.12,614,265067,Full-time,High School,Citizen,Fluent,No,No,High-income Suburban,Approved
2723,8928,Male,White,21,Under 25,109845.93,664,266437,Full-time,Bachelor's,Citizen,Limited,No,No,High-income Suburban,Denied
2724,8574,Female,Hispanic,77,Over 60,157704.34,783,406412,Full-time,Some College,Citizen,Fluent,No,No,Urban Professional,Approved
2725,9704,Female,White,81,Over 60,88769.95,805,104566,Full-time,High School,Citizen,Fluent,No,No,High-income Suburban,Approved
2726,7027,Male,White,39,25-60,31450.2,610,350492,Self-employed,Some College,Citizen,Limited,No,No,Working Class Urban,Denied
2727,6957,Female,Black,80,Over 60,78030.84,712,265624,Full-time,Bachelor's,Citizen,Fluent,No,No,Working Class Urban,Approved
2728,5315,Male,White,35,25-60,64804.71,622,443559,Full-time,Graduate,Visa Holder,Fluent,No,Yes,Rural,Denied
2729,6276,Male,Hispanic,78,Over 60,152737.95,768,190746,Full-time,Bachelor's,Citizen,Fluent,No,No,Urban Professional,Approved
2730,6876,Female,White,75,Over 60,39260.64,708,145297,Full-time,High School,Permanent Resident,Fluent,No,No,Working Class Urban,Approved
2731,9717,Female,Hispanic,53,25-60,95232.8,757,358433,Full-time,High School,Citizen,Fluent,No,No,High-income Suburban,Approved
2732,8524,Male,Asian,39,25-60,74813.17,667,205575,Full-time,Bachelor's,Citizen,Fluent,No,No,Working Class Urban,Approved
2733,4156,Female,Black,76,Over 60,36273.57,707,173437,Unemployed,High School,Citizen,Fluent,No,No,Historically Redlined,Approved
2734,8018,Male,White,81,Over 60,101687.8,769,151767,Part-time,High School,Citizen,Fluent,Yes,No,Urban Professional,Approved
2735,6377,Female,White,82,Over 60,114006.57,723,273695,Full-time,Bachelor's,Citizen,Fluent,Yes,Yes,High-income Suburban,Approved
2736,3182,Male,White,56,25-60,83823.6,709,137276,Full-time,Some College,Citizen,Limited,No,No,High-income Suburban,Approved
2737,5305,Male,Black,60,25-60,127836.56,718,425510,Full-time,High School,Citizen,Fluent,No,No,High-income Suburban,Approved
2738,3170,Female,White,24,Under 25,100388.94,689,401877,Full-time,Some College,Citizen,Fluent,No,No,High-income Suburban,Approved
2739,5253,Non-binary,Hispanic,59,25-60,99953.18,659,203751,Full-time,Bachelor's,Citizen,Fluent,No,No,Working Class Urban,Denied
2740,8352,Female,White,69,Over 60,78932.4,724,139139,Gig,Some College,Visa Holder,Limited,No,No,Urban Professional,Approved
2741,7745,Male,White,82,Over 60,95332.27,759,380971,Part-time,Graduate,Citizen,Fluent,No,No,Working Class Urban,Approved
2742,9210,Female,Asian,50,25-60,59988.4,696,85678,Full-time,Some College,Citizen,Fluent,No,No,Working Class Urban,Approved
2743,9275,Female,Black,18,Under 25,71714.11,604,347650,Part-time,Bachelor's,Citizen,Fluent,Yes,No,Working Class Urban,Approved
2744,8101,Male,Hispanic,39,25-60,29285.53,602,80301,Full-time,Some College,Citizen,Fluent,No,Yes,Rural,Denied
2745,7525,Male,Native American,64,Over 60,43525.57,734,386564,Unemployed,Bachelor's,Citizen,Limited,No,No,Rural,Approved
2746,1804,Male,Hispanic,47,25-60,273878.32,745,148256,Full-time,Graduate,Permanent Resident,Fluent,No,No,Urban Professional,Approved
2747,1554,Female,Hispanic,22,Under 25,47968.11,578,446132,Self-employed,Some College,Citizen,Fluent,No,No,Working Class Urban,Denied
2748,352,Female,White,65,Over 60,201292.26,755,167043,Gig,Bachelor's,Citizen,Fluent,No,No,High-income Suburban,Approved
2749,2239,Female,White,44,25-60,45517.66,658,79409,Full-time,High School,Citizen,Fluent,No,No,Rural,Approved
2750,7748,Female,White,44,25-60,131754.49,696,193714,Gig,Bachelor's,Citizen,Fluent,No,No,Urban Professional,Approved
2751,2858,Non-binary,Asian,51,25-60,44303.95,660,283535,Full-time,High School,Citizen,Fluent,No,No,Working Class Urban,Denied
2752,9146,Male,White,20,Under 25,191763.92,674,359851,Self-employed,Bachelor's,Citizen,Fluent,Yes,No,Urban Professional,Approved
2753,7672,Female,White,44,25-60,64964.21,640,383503,Full-time,Some College,Citizen,Fluent,Yes,No,Working Class Urban,Denied
2754,9775,Female,Hispanic,23,Under 25,52043.56,643,59187,Full-time,Some College,Citizen,Fluent,No,No,Working Class Urban,Denied
2755,8323,Male,White,80,Over 60,45452.27,679,201415,Full-time,High School,Permanent Resident,Fluent,No,No,Working Class Urban,Approved
2756,1982,Male,White,36,25-60,33146.62,604,414069,Full-time,High School,Citizen,Fluent,No,No,Historically Redlined,Denied
2757,7415,Female,Native American,70,Over 60,39317.0,696,391289,Full-time,High School,Citizen,Fluent,No,No,Working Class Urban,Denied
2758,6758,Female,Asian,55,25-60,285274.12,778,74091,Part-time,Graduate,Citizen,Fluent,No,No,Urban Professional,Approved
2759,5643,Male,White,35,25-60,165855.97,760,283289,Self-employed,Graduate,Citizen,Limited,No,No,Urban Professional,Approved
2760,6659,Male,White,25,25-60,58484.53,665,376279,Full-time,High School,Citizen,Limited,No,Yes,High-income Suburban,Denied
2761,1689,Male,White,25,25-60,65564.86,688,441515,Full-time,Bachelor's,Permanent Resident,Fluent,No,No,Rural,Denied
2762,5980,Male,White,20,Under 25,62877.21,602,237161,Full-time,Bachelor's,Citizen,Fluent,No,No,Rural,Denied
2763,2008,Male,Hispanic,24,Under 25,97481.32,606,358803,Part-time,High School,Citizen,Fluent,No,No,Urban Professional,Denied
2764,3805,Female,White,55,25-60,22713.67,551,349181,Full-time,High School,Citizen,Limited,No,No,Rural,Denied
2765,7320,Female,White,52,25-60,134359.71,737,268760,Part-time,Some College,Citizen,Fluent,No,No,High-income Suburban,Approved
2766,8377,Male,White,20,Under 25,226595.62,613,101255,Full-time,Graduate,Citizen,Fluent,No,No,High-income Suburban,Approved
2767,4319,Female,White,38,25-60,140483.79,709,206073,Full-time,Some College,Citizen,Fluent,Yes,No,High-income Suburban,Approved
2768,2520,Female,Multiracial,41,25-60,81537.58,763,180196,Full-time,Bachelor's,Citizen,Fluent,No,No,Working Class Urban,Approved
2769,1195,Male,White,38,25-60,53267.12,644,169453,Full-time,Some College,Citizen,Fluent,No,No,Working Class Urban,Approved
2770,1440,Female,White,19,Under 25,36388.85,608,398866,Part-time,High School,Citizen,Fluent,No,No,Rural,Approved
2771,5929,Female,White,82,Over 60,68317.7,773,108491,Full-time,Bachelor's,Citizen,Fluent,No,No,Rural,Approved
2772,315,Female,Hispanic,37,25-60,108125.68,724,129437,Full-time,High School,Citizen,Fluent,No,No,Urban Professional,Approved
2773,3156,Male,White,50,25-60,74089.94,615,57208,Full-time,High School,Citizen,Limited,No,No,Urban Professional,Approved
2774,3493,Male,White,77,Over 60,352348.42,769,247361,Full-time,Graduate,Citizen,Fluent,No,No,High-income Suburban,Approved
2775,9935,Female,White,56,25-60,84140.36,750,335073,Self-employed,Bachelor's,Citizen,Fluent,No,No,Rural,Approved
2776,502,Male,White,35,25-60,242583.05,686,295567,Full-time,Bachelor's,Citizen,Fluent,No,No,High-income Suburban,Approved
2777,6903,Female,Black,20,Under 25,212313.36,689,348917,Self-employed,Bachelor's,Citizen,Fluent,No,No,Urban Professional,Approved
2778,767,Female,Native American,35,25-60,108346.14,694,447323,Self-employed,Some College,Citizen,Fluent,Yes,No,Urban Professional,Approved
2779,8491,Male,White,34,25-60,175263.88,679,272431,Self-employed,Bachelor's,Citizen,Fluent,Yes,No,Urban Professional,Approved
2780,3441,Non-binary,Asian,37,25-60,48853.15,641,328986,Full-time,High School,Citizen,Fluent,No,No,Working Class Urban,Denied
2781,4315,Female,Asian,34,25-60,282858.52,654,408895,Full-time,Graduate,Citizen,Fluent,No,No,High-income Suburban,Denied
2782,5616,Male,Asian,21,Under 25,100185.94,660,222945,Gig,Bachelor's,Citizen,Fluent,No,No,Working Class Urban,Denied
2783,6966,Male,White,52,25-60,25390.33,594,152198,Full-time,High School,Citizen,Limited,No,No,Working Class Urban,Denied
2784,6116,Female,White,81,Over 60,85100.33,754,369863,Unemployed,Graduate,Citizen,Limited,Yes,No,Working Class Urban,Approved
2785,4230,Male,Multiracial,31,25-60,44231.75,665,233915,Full-time,High School,Citizen,Fluent,No,No,Working Class Urban,Approved
2786,6112,Male,Hispanic,71,Over 60,87527.63,743,129624,Part-time,Graduate,Citizen,Limited,No,No,Historically Redlined,Approved
2787,4734,Female,White,73,Over 60,44002.13,719,435764,Part-time,Some College,Citizen,Fluent,No,No,Historically Redlined,Approved
2788,9223,Female,Asian,76,Over 60,237784.1,757,277652,Full-time,Graduate,Citizen,Fluent,No,No,Urban Professional,Approved
2789,1651,Female,Native American,66,Over 60,126278.84,807,50394,Part-time,High School,Citizen,Fluent,No,No,Urban Professional,Approved
2790,756,Female,Hispanic,76,Over 60,206064.49,748,383514,Full-time,Bachelor's,Citizen,Fluent,No,No,High-income Suburban,Approved
2791,7253,Female,White,42,25-60,115165.84,769,420235,Full-time,High School,Citizen,Fluent,No,No,Urban Professional,Approved
2792,636,Male,Black,80,Over 60,23444.05,628,378236,Part-time,Some College,Citizen,Fluent,No,Yes,Historically Redlined,Denied
2793,6604,Non-binary,White,72,Over 60,117071.65,753,133316,Full-time,High School,Citizen,Fluent,No,No,High-income Suburban,Approved
2794,6110,Male,White,80,Over 60,57839.37,694,61164,Gig,Some College,Citizen,Fluent,No,No,Working Class Urban,Approved
2795,6979,Male,Multiracial,59,25-60,184182.42,685,196921,Full-time,Bachelor's,Citizen,Fluent,No,No,High-income Suburban,Approved
2796,679,Female,White,18,Under 25,141259.54,703,102321,Part-time,Bachelor's,Citizen,Fluent,Yes,No,Urban Professional,Approved
2797,5835,Male,Multiracial,66,Over 60,58717.93,719,279781,Self-employed,Some College,Citizen,Fluent,No,No,Working Class Urban,Approved
2798,2581,Female,White,70,Over 60,25804.0,675,260553,Part-time,High School,Citizen,Limited,No,No,Rural,Denied
2799,2183,Female,Multiracial,61,Over 60,89762.88,760,95856,Self-employed,Bachelor's,Citizen,Fluent,No,No,Working Class Urban,Approved
2800,3426,Female,White,33,25-60,127182.45,724,151701,Full-time,High School,Citizen,Fluent,Yes,No,High-income Suburban,Approved
2801,8093,Male,Multiracial,60,25-60,211866.12,774,85101,Part-time,Bachelor's,Visa Holder,Fluent,No,No,High-income Suburban,Approved
2802,7290,Non-binary,Native American,44,25-60,97332.93,652,93207,Gig,High School,Citizen,Fluent,No,No,Urban Professional,Approved
2803,2413,Male,White,53,25-60,66185.5,687,390930,Full-time,Bachelor's,Citizen,Limited,No,No,Historically Redlined,Approved
2804,3848,Female,White,34,25-60,41655.02,684,221995,Full-time,High School,Citizen,Fluent,No,No,Working Class Urban,Denied
2805,1418,Female,Black,77,Over 60,51891.72,744,429353,Full-time,High School,Citizen,Fluent,No,No,Working Class Urban,Approved
2806,859,Female,Hispanic,55,25-60,59290.04,711,52871,Full-time,Some College,Citizen,Fluent,No,No,Working Class Urban,Denied
2807,1691,Female,White,78,Over 60,122829.85,834,263391,Full-time,Some College,Citizen,Fluent,No,No,Urban Professional,Approved
2808,2001,Male,Black,49,25-60,55302.33,631,276074,Full-time,High School,Citizen,Limited,No,No,Urban Professional,Approved
2809,6874,Non-binary,White,58,25-60,210458.32,723,91013,Full-time,Bachelor's,Visa Holder,Fluent,No,No,High-income Suburban,Approved
2810,879,Male,Black,76,Over 60,113535.34,696,137359,Full-time,Some College,Visa Holder,Fluent,No,No,Urban Professional,Approved
2811,6262,Female,Hispanic,65,Over 60,42303.01,740,279735,Full-time,High School,Citizen,Fluent,No,No,Rural,Approved
2812,1779,Male,Black,76,Over 60,29734.95,645,145956,Self-employed,High School,Citizen,Fluent,No,No,Historically Redlined,Denied
2813,5981,Female,White,38,25-60,109955.07,700,306359,Full-time,High School,Citizen,Fluent,No,No,High-income Suburban,Approved
2814,7079,Male,White,57,25-60,301564.9,698,190743,Self-employed,Graduate,Citizen,Fluent,No,No,High-income Suburban,Approved
2815,3932,Male,Black,53,25-60,67566.29,685,192032,Gig,Bachelor's,Citizen,Fluent,No,No,Rural,Denied
2816,1012,Female,Hispanic,70,Over 60,117120.13,737,285506,Full-time,Bachelor's,Citizen,Limited,No,No,High-income Suburban,Approved
2817,2990,Female,White,46,25-60,81797.22,795,378215,Full-time,Bachelor's,Permanent Resident,Fluent,No,No,Rural,Approved
2818,684,Male,White,68,Over 60,119285.88,775,181039,Gig,Some College,Citizen,Fluent,No,No,Urban Professional,Approved
2819,6770,Male,White,35,25-60,127049.07,727,183358,Full-time,High School,Citizen,Fluent,Yes,No,High-income Suburban,Approved
2820,7512,Female,White,38,25-60,46548.09,626,393792,Full-time,High School,Citizen,Fluent,No,No,Working Class Urban,Denied
2821,5586,Female,White,40,25-60,90662.65,707,356247,Full-time,Bachelor's,Citizen,Fluent,No,No,Rural,Approved
2822,6285,Male,Hispanic,69,Over 60,82681.96,761,219492,Full-time,High School,Citizen,Fluent,No,No,Urban Professional,Approved
2823,4819,Female,White,45,25-60,59078.14,612,124732,Full-time,Some College,Citizen,Fluent,No,No,Historically Redlined,Approved
2824,3572,Male,Hispanic,38,25-60,88626.41,659,276991,Full-time,Bachelor's,Citizen,Fluent,No,No,Working Class Urban,Denied
2825,4832,Male,White,45,25-60,46468.84,659,375833,Full-time,Some College,Visa Holder,Fluent,No,No,Rural,Denied
2826,7987,Female,White,29,25-60,108645.44,723,223342,Full-time,High School,Citizen,Fluent,No,No,High-income Suburban,Approved
2827,3719,Female,White,36,25-60,56964.51,700,319941,Full-time,Bachelor's,Citizen,Limited,No,No,Working Class Urban,Denied
2828,5484,Male,White,23,Under 25,21202.1,509,141118,Part-time,High School,Citizen,Fluent,No,No,Historically Redlined,Denied
2829,3728,Male,White,82,Over 60,50522.4,722,310954,Full-time,Some College,Citizen,Fluent,No,No,Working Class Urban,Approved
2830,9419,Female,White,39,25-60,91324.73,715,338937,Full-time,High School,Citizen,Fluent,No,No,Urban Professional,Approved
2831,9072,Female,White,46,25-60,41046.54,641,293424,Part-time,Some College,Citizen,Fluent,No,Yes,Rural,Denied
2832,9177,Female,Asian,75,Over 60,65424.86,706,328798,Full-time,Graduate,Citizen,Fluent,No,No,Working Class Urban,Approved
2833,4985,Female,White,71,Over 60,109334.72,742,129664,Full-time,Some College,Visa Holder,Fluent,No,No,Urban Professional,Approved
2834,6644,Female,White,47,25-60,99190.47,681,263061,Unemployed,High School,Citizen,Fluent,No,No,Urban Professional,Approved
2835,9719,Male,Hispanic,82,Over 60,136467.38,786,264267,Full-time,High School,Citizen,Fluent,Yes,No,High-income Suburban,Approved
2836,5082,Female,White,44,25-60,99401.92,734,107937,Part-time,Bachelor's,Citizen,Limited,No,No,Urban Professional,Denied
2837,8539,Female,White,40,25-60,133340.71,705,366215,Self-employed,High School,Citizen,Fluent,Yes,No,High-income Suburban,Approved
2838,7751,Female,Asian,57,25-60,94817.77,683,195689,Full-time,Some College,Citizen,Limited,No,No,High-income Suburban,Approved
2839,6099,Female,White,34,25-60,76590.81,721,210674,Full-time,Graduate,Citizen,Limited,Yes,No,Working Class Urban,Approved
2840,5964,Female,Hispanic,77,Over 60,84824.25,765,193336,Full-time,High School,Permanent Resident,Fluent,No,No,Urban Professional,Approved
2841,1304,Male,White,75,Over 60,97876.29,744,321839,Part-time,Graduate,Citizen,Fluent,No,No,Historically Redlined,Approved
2842,7106,Male,White,51,25-60,37067.45,669,139200,Self-employed,High School,Citizen,Fluent,No,No,Working Class Urban,Approved
2843,9673,Female,White,60,25-60,82704.19,669,401892,Full-time,High School,Citizen,Fluent,No,No,Urban Professional,Denied
2844,7879,Male,White,79,Over 60,51929.66,721,281925,Gig,Some College,Citizen,Fluent,No,No,Historically Redlined,Approved
2845,2295,Male,White,54,25-60,81718.42,731,102272,Self-employed,Some College,Citizen,Limited,No,No,High-income Suburban,Approved
2846,7110,Male,White,46,25-60,113091.12,680,89899,Full-time,High School,Citizen,Fluent,No,No,Urban Professional,Approved
2847,1859,Female,Hispanic,39,25-60,46797.33,648,52066,Self-employed,High School,Citizen,Fluent,No,No,Rural,Denied
2848,8194,Male,Black,47,25-60,92526.5,682,92247,Full-time,High School,Visa Holder,Fluent,No,No,High-income Suburban,Approved
2849,5844,Male,White,34,25-60,28288.52,621,275863,Full-time,High School,Citizen,Limited,Yes,No,Working Class Urban,Denied
2850,6636,Female,White,70,Over 60,112623.57,740,190728,Full-time,Some College,Citizen,Fluent,Yes,No,Urban Professional,Approved
2851,8719,Male,White,55,25-60,120825.92,737,157167,Full-time,High School,Citizen,Fluent,No,No,High-income Suburban,Approved
2852,1782,Male,Black,52,25-60,138304.93,782,289930,Full-time,Some College,Citizen,Fluent,No,No,High-income Suburban,Approved
2853,8233,Female,White,58,25-60,133383.94,744,366853,Full-time,Some College,Citizen,Fluent,No,No,Urban Professional,Approved
2854,3978,Male,Hispanic,59,25-60,50934.62,662,258922,Full-time,High School,Citizen,Fluent,Yes,No,Working Class Urban,Denied
2855,5145,Female,Asian,50,25-60,39742.95,637,94458,Full-time,Some College,Citizen,Fluent,No,No,Rural,Denied
2856,7364,Female,Hispanic,82,Over 60,36920.68,700,61385,Full-time,High School,Citizen,Fluent,No,No,Rural,Denied
2857,1576,Female,Asian,47,25-60,158499.37,686,381407,Full-time,Bachelor's,Citizen,Limited,No,No,High-income Suburban,Approved
2858,1309,Male,White,66,Over 60,109061.23,774,297895,Full-time,Some College,Citizen,Fluent,No,No,High-income Suburban,Approved
2859,26,Male,White,34,25-60,104472.89,783,367550,Full-time,Some College,Citizen,Fluent,Yes,No,High-income Suburban,Approved
2860,5117,Male,White,76,Over 60,34446.76,648,287744,Full-time,High School,Citizen,Fluent,No,No,Historically Redlined,Denied
2861,4951,Male,White,53,25-60,145378.62,753,146674,Full-time,Graduate,Citizen,Limited,No,No,Urban Professional,Approved
2862,6577,Female,Asian,77,Over 60,263796.47,789,178376,Self-employed,Graduate,Citizen,Fluent,Yes,No,High-income Suburban,Approved
2863,6680,Male,White,56,25-60,112366.97,739,167100,Part-time,Some College,Citizen,Fluent,No,No,High-income Suburban,Approved
2864,7293,Female,White,30,25-60,56953.41,741,434855,Full-time,Some College,Citizen,Fluent,No,No,Rural,Approved
2865,7739,Male,Black,19,Under 25,71709.08,564,342412,Full-time,Some College,Citizen,Fluent,No,Yes,Urban Professional,Denied
2866,3966,Male,Hispanic,47,25-60,77995.49,650,117195,Full-time,Bachelor's,Citizen,Fluent,No,No,Working Class Urban,Denied
2867,4398,Female,White,47,25-60,94520.08,747,377954,Full-time,High School,Citizen,Fluent,No,No,Urban Professional,Approved
2868,9949,Female,White,38,25-60,141879.07,695,199516,Self-employed,Some College,Citizen,Fluent,No,No,Urban Professional,Approved
2869,4818,Female,Hispanic,55,25-60,73851.77,645,390789,Full-time,High School,Permanent Resident,Fluent,No,No,Urban Professional,Approved
2870,4056,Male,Multiracial,56,25-60,192859.32,758,338486,Part-time,Bachelor's,Citizen,Fluent,No,No,High-income Suburban,Approved
2871,1988,Female,Hispanic,61,Over 60,92796.24,742,446337,Part-time,High School,Permanent Resident,Fluent,No,No,Urban Professional,Approved
2872,1452,Female,White,69,Over 60,304623.56,735,433415,Gig,Graduate,Permanent Resident,Fluent,No,No,High-income Suburban,Approved
2873,9500,Male,White,71,Over 60,65688.45,679,135340,Full-time,Bachelor's,Citizen,Limited,No,No,Working Class Urban,Approved
2874,2612,Female,White,71,Over 60,136435.29,721,389600,Full-time,Bachelor's,Citizen,Fluent,Yes,No,Urban Professional,Approved
2875,40,Male,White,41,25-60,146942.89,737,162790,Full-time,Graduate,Citizen,Limited,No,No,Urban Professional,Approved
2876,4731,Female,White,69,Over 60,36934.81,700,369276,Gig,Some College,Citizen,Fluent,No,No,Working Class Urban,Denied
2877,4667,Female,White,35,25-60,81322.53,704,293200,Full-time,Bachelor's,Citizen,Fluent,No,No,Working Class Urban,Approved
2878,4357,Female,Hispanic,35,25-60,101921.85,720,204488,Full-time,Some College,Citizen,Fluent,No,No,Urban Professional,Approved
2879,7131,Female,White,64,Over 60,128302.98,738,431796,Full-time,Some College,Citizen,Fluent,No,No,High-income Suburban,Approved
2880,668,Female,Hispanic,44,25-60,81285.42,714,275512,Full-time,High School,Citizen,Fluent,No,No,Urban Professional,Approved
2881,8240,Female,Hispanic,64,Over 60,88679.09,768,65330,Part-time,Some College,Citizen,Limited,No,No,Urban Professional,Approved
2882,8835,Female,White,61,Over 60,42787.19,708,444731,Full-time,High School,Citizen,Fluent,No,No,Working Class Urban,Approved
2883,403,Male,Multiracial,26,25-60,102029.23,727,374471,Full-time,High School,Citizen,Fluent,Yes,No,Urban Professional,Approved
2884,6705,Female,Hispanic,31,25-60,97942.74,673,142134,Full-time,High School,Citizen,Fluent,Yes,No,Urban Professional,Approved
2885,5356,Male,White,26,25-60,233238.76,744,234664,Full-time,Bachelor's,Citizen,Fluent,No,No,Urban Professional,Approved
2886,4095,Male,Asian,22,Under 25,289623.55,650,350548,Self-employed,Graduate,Citizen,Fluent,No,No,Urban Professional,Denied
2887,6978,Male,White,76,Over 60,51093.21,706,231701,Full-time,Some College,Citizen,Fluent,No,No,Rural,Approved
2888,9444,Male,Black,40,25-60,56734.9,678,316561,Full-time,Some College,Citizen,Fluent,Yes,No,Historically Redlined,Approved
2889,8148,Male,Asian,76,Over 60,60381.07,702,400658,Self-employed,Graduate,Citizen,Limited,No,No,Working Class Urban,Approved
2890,6805,Male,White,29,25-60,268788.58,718,191362,Part-time,Graduate,Citizen,Fluent,No,No,Urban Professional,Approved
2891,4,Male,White,67,Over 60,175603.4,766,159264,Gig,Bachelor's,Citizen,Fluent,No,No,Urban Professional,Approved
2892,9931,Female,White,30,25-60,408710.68,713,107765,Full-time,Graduate,Citizen,Fluent,No,No,High-income Suburban,Approved
2893,6101,Male,Hispanic,39,25-60,39641.04,682,74334,Part-time,High School,Citizen,Fluent,No,No,Rural,Denied
2894,4890,Female,Black,55,25-60,64578.02,664,71043,Full-time,Graduate,Citizen,Fluent,No,No,Rural,Approved
2895,1207,Male,Hispanic,46,25-60,50226.23,627,110103,Full-time,Some College,Citizen,Limited,No,No,Working Class Urban,Denied
2896,1105,Male,White,65,Over 60,46257.52,717,150832,Full-time,Some College,Citizen,Fluent,No,No,Working Class Urban,Approved
2897,842,Female,White,45,25-60,32384.83,606,58049,Full-time,Some College,Citizen,Fluent,No,No,Rural,Denied
2898,5167,Male,Hispanic,53,25-60,172739.92,722,226169,Part-time,Graduate,Citizen,Fluent,No,No,Urban Professional,Approved
2899,8110,Male,Asian,59,25-60,75916.11,644,399639,Full-time,Some College,Citizen,Limited,Yes,No,Urban Professional,Denied
2900,8091,Female,Hispanic,67,Over 60,54947.93,682,176481,Full-time,High School,Permanent Resident,Fluent,No,No,Working Class Urban,Approved
2901,1363,Male,Hispanic,18,Under 25,34748.88,532,166365,Full-time,High School,Citizen,Fluent,No,No,Rural,Denied
2902,6282,Female,Black,66,Over 60,100447.8,792,243465,Full-time,Some College,Citizen,Fluent,No,No,Urban Professional,Approved
2903,3761,Male,Black,77,Over 60,92313.74,803,404325,Unemployed,High School,Citizen,Fluent,Yes,No,Urban Professional,Approved
2904,5797,Female,White,42,25-60,31897.71,650,84765,Part-time,Some College,Citizen,Limited,No,No,Rural,Denied
2905,3944,Male,Multiracial,62,Over 60,41461.42,721,137907,Full-time,High School,Citizen,Fluent,Yes,No,Working Class Urban,Approved
2906,5404,Female,White,69,Over 60,96715.93,774,345737,Full-time,High School,Citizen,Fluent,No,No,High-income Suburban,Approved
2907,6927,Female,Black,24,Under 25,40523.49,563,163186,Full-time,Some College,Permanent Resident,Fluent,No,No,Rural,Denied
2908,5300,Male,Asian,24,Under 25,34518.27,538,435932,Part-time,Some College,Citizen,Limited,No,No,Working Class Urban,Denied
2909,5896,Male,White,49,25-60,191402.92,729,143566,Full-time,Bachelor's,Visa Holder,Fluent,No,No,High-income Suburban,Approved
2910,206,Male,White,64,Over 60,75039.94,710,199062,Full-time,Some College,Citizen,Fluent,No,No,Working Class Urban,Approved
2911,5363,Male,Multiracial,21,Under 25,123076.48,663,420749,Full-time,Graduate,Citizen,Fluent,No,No,Working Class Urban,Approved
2912,5289,Male,White,56,25-60,22776.57,582,381500,Full-time,High School,Citizen,Fluent,No,Yes,Rural,Denied
2913,9623,Female,Black,69,Over 60,128130.18,740,82653,Self-employed,Bachelor's,Citizen,Fluent,No,No,High-income Suburban,Approved
2914,6435,Female,White,65,Over 60,96676.27,806,273140,Full-time,High School,Citizen,Fluent,No,No,Urban Professional,Approved
2915,3164,Female,White,60,25-60,68316.12,657,189622,Full-time,High School,Permanent Resident,Limited,No,No,Urban Professional,Approved
2916,3083,Female,White,60,25-60,70577.2,672,376963,Full-time,Bachelor's,Citizen,Fluent,No,No,Rural,Approved
2917,6860,Male,Native American,69,Over 60,23431.01,661,438652,Self-employed,High School,Permanent Resident,Limited,No,No,Historically Redlined,Denied
2918,592,Male,White,54,25-60,25453.58,609,162018,Part-time,High School,Citizen,Fluent,No,No,Working Class Urban,Denied
2919,7655,Male,White,58,25-60,180949.48,691,90126,Full-time,Some College,Citizen,Fluent,No,No,High-income Suburban,Approved
2920,492,Female,White,79,Over 60,42119.89,707,225999,Full-time,High School,Citizen,Fluent,No,Yes,Working Class Urban,Approved
2921,9296,Female,White,24,Under 25,41192.54,594,263658,Full-time,Some College,Citizen,Fluent,No,No,Rural,Approved
2922,1185,Female,White,37,25-60,101163.98,723,113485,Part-time,Some College,Citizen,Fluent,No,No,Urban Professional,Approved
2923,913,Male,White,73,Over 60,343046.12,734,295848,Full-time,Graduate,Citizen,Fluent,No,No,High-income Suburban,Approved
2924,8621,Female,White,50,25-60,46852.23,675,431231,Full-time,Some College,Citizen,Fluent,No,No,Working Class Urban,Approved
2925,6690,Male,White,62,Over 60,122614.76,753,189462,Full-time,Some College,Citizen,Fluent,No,No,High-income Suburban,Approved
2926,4108,Male,Hispanic,57,25-60,24954.31,598,368986,Full-time,Some College,Citizen,Limited,No,No,Working Class Urban,Denied
2927,7223,Female,White,43,25-60,79941.69,720,70467,Full-time,Bachelor's,Citizen,Fluent,No,No,Working Class Urban,Denied
2928,8258,Male,White,76,Over 60,110266.88,742,257027,Self-employed,High School,Citizen,Fluent,No,No,High-income Suburban,Approved
2929,6358,Male,Hispanic,23,Under 25,97542.81,647,104626,Full-time,Some College,Citizen,Fluent,Yes,No,Urban Professional,Approved
2930,4728,Female,White,48,25-60,37604.8,636,423055,Full-time,Some College,Permanent Resident,Limited,No,No,Historically Redlined,Denied
2931,554,Male,White,77,Over 60,187853.05,777,179737,Self-employed,Bachelor's,Citizen,Fluent,No,No,Urban Professional,Approved
2932,7642,Male,Hispanic,57,25-60,53756.48,672,420239,Full-time,Some College,Citizen,Fluent,No,No,Working Class Urban,Denied
2933,7679,Female,Black,28,25-60,75068.37,666,396470,Full-time,Bachelor's,Citizen,Fluent,No,No,Historically Redlined,Approved
2934,7586,Male,White,74,Over 60,98120.9,764,227285,Self-employed,High School,Citizen,Fluent,No,No,High-income Suburban,Approved
2935,7557,Female,White,34,25-60,38117.71,663,84656,Self-employed,Some College,Citizen,Fluent,No,No,Working Class Urban,Denied
2936,6478,Male,White,18,Under 25,149263.05,669,83706,Full-time,Some College,Citizen,Fluent,No,No,Urban Professional,Denied
2937,17,Male,Hispanic,81,Over 60,34640.19,638,225615,Full-time,High School,Citizen,Fluent,No,Yes,Rural,Denied
2938,4901,Male,White,56,25-60,80224.44,713,130548,Full-time,Bachelor's,Citizen,Fluent,No,No,Working Class Urban,Approved
2939,6044,Female,White,79,Over 60,40955.57,691,238877,Self-employed,Some College,Citizen,Fluent,No,No,Working Class Urban,Approved
2940,1456,Female,White,46,25-60,132303.97,633,259522,Part-time,Some College,Citizen,Fluent,No,No,Urban Professional,Approved
2941,7501,Female,Multiracial,60,25-60,108341.77,734,317535,Full-time,High School,Citizen,Fluent,No,No,High-income Suburban,Approved
2942,2647,Male,Asian,37,25-60,109059.0,717,71192,Full-time,High School,Citizen,Fluent,No,No,High-income Suburban,Approved
2943,6674,Non-binary,Asian,53,25-60,232030.12,735,288370,Full-time,Graduate,Citizen,Fluent,No,No,High-income Suburban,Approved
2944,9856,Female,White,52,25-60,327846.31,781,84475,Full-time,Graduate,Permanent Resident,Fluent,Yes,No,High-income Suburban,Approved
2945,4179,Male,White,33,25-60,57669.05,674,289235,Full-time,Some College,Citizen,Fluent,No,No,Rural,Approved
2946,8424,Male,White,42,25-60,39427.37,678,68107,Full-time,Some College,Citizen,Fluent,No,No,Historically Redlined,Approved
2947,3223,Male,Hispanic,22,Under 25,47393.33,606,219626,Full-time,Bachelor's,Citizen,Fluent,No,No,Rural,Approved
2948,3760,Female,White,37,25-60,45492.05,704,426387,Full-time,High School,Citizen,Fluent,No,No,Working Class Urban,Denied
2949,5236,Female,Hispanic,48,25-60,131985.2,731,109107,Gig,High School,Citizen,Fluent,No,No,High-income Suburban,Approved
2950,4833,Male,White,19,Under 25,53023.18,616,283591,Full-time,Some College,Citizen,Fluent,No,No,Working Class Urban,Denied
2951,7813,Female,White,81,Over 60,128456.08,804,382977,Full-time,Some College,Permanent Resident,Fluent,No,No,Urban Professional,Approved
2952,7473,Male,White,72,Over 60,67496.09,696,365509,Full-time,Bachelor's,Citizen,Fluent,No,No,Rural,Approved
2953,1945,Female,Black,66,Over 60,61416.28,725,91614,Full-time,High School,Citizen,Fluent,No,No,Urban Professional,Approved
2954,7185,Female,White,73,Over 60,42172.64,691,175655,Full-time,High School,Citizen,Fluent,No,No,Working Class Urban,Denied
2955,1630,Male,White,38,25-60,49379.65,666,189739,Full-time,High School,Citizen,Fluent,No,No,Historically Redlined,Denied
2956,6602,Female,White,58,25-60,122924.18,716,272692,Part-time,Graduate,Citizen,Fluent,No,No,Working Class Urban,Approved
2957,5783,Male,Hispanic,26,25-60,25679.49,628,353290,Full-time,High School,Permanent Resident,Fluent,No,No,Rural,Denied
2958,1929,Female,White,40,25-60,50669.09,670,93124,Part-time,High School,Citizen,Fluent,No,No,Working Class Urban,Approved
2959,8573,Male,Hispanic,77,Over 60,124532.09,794,80671,Part-time,High School,Citizen,Fluent,Yes,No,High-income Suburban,Approved
2960,4106,Male,White,40,25-60,79859.5,574,431195,Self-employed,Some College,Permanent Resident,Limited,No,Yes,High-income Suburban,Denied
2961,1383,Female,White,82,Over 60,98956.17,789,429704,Full-time,High School,Citizen,Fluent,No,No,Urban Professional,Approved
2962,276,Male,Black,49,25-60,72117.7,587,388364,Full-time,High School,Citizen,Fluent,No,Yes,High-income Suburban,Denied
2963,9910,Female,White,56,25-60,101778.99,748,186109,Full-time,Bachelor's,Citizen,Fluent,No,No,Working Class Urban,Approved
2964,2942,Female,White,28,25-60,225252.95,745,279148,Part-time,Bachelor's,Citizen,Fluent,No,No,High-income Suburban,Approved
2965,8098,Male,White,51,25-60,134465.12,681,108569,Full-time,High School,Citizen,Fluent,Yes,No,High-income Suburban,Approved
2966,5821,Female,Hispanic,46,25-60,357657.91,727,326588,Full-time,Graduate,Citizen,Fluent,No,No,High-income Suburban,Approved
2967,3449,Male,White,40,25-60,44476.92,679,356161,Full-time,High School,Permanent Resident,Fluent,No,No,Historically Redlined,Approved
2968,3487,Male,Black,45,25-60,79324.04,699,174787,Full-time,High School,Permanent Resident,Fluent,No,Yes,High-income Suburban,Denied
2969,2100,Male,Black,49,25-60,98911.34,718,233313,Full-time,High School,Citizen,Fluent,No,No,Urban Professional,Approved
2970,8011,Male,White,76,Over 60,231465.85,829,102988,Full-time,Bachelor's,Citizen,Fluent,No,No,High-income Suburban,Approved
2971,5445,Male,Hispanic,25,25-60,46092.23,715,191552,Full-time,Bachelor's,Citizen,Limited,No,No,Rural,Approved
2972,2364,Female,White,74,Over 60,108253.94,757,432111,Full-time,Bachelor's,Citizen,Fluent,Yes,No,Working Class Urban,Approved
2973,3127,Male,White,28,25-60,110947.06,752,107099,Self-employed,Bachelor's,Visa Holder,Limited,No,No,Urban Professional,Approved
2974,9894,Male,Black,42,25-60,22882.85,599,99559,Full-time,High School,Citizen,Limited,No,No,Rural,Denied
2975,4494,Male,White,82,Over 60,84517.56,803,363688,Full-time,Graduate,Citizen,Fluent,No,No,Rural,Approved
2976,5231,Male,White,72,Over 60,150837.15,774,449630,Full-time,Bachelor's,Citizen,Fluent,Yes,No,Urban Professional,Approved
2977,3315,Female,Black,39,25-60,112124.41,755,282957,Gig,Some College,Citizen,Fluent,No,No,High-income Suburban,Approved
2978,2649,Female,Hispanic,62,Over 60,146164.78,779,126338,Gig,Some College,Citizen,Fluent,No,No,Urban Professional,Approved
2979,1426,Female,Black,54,25-60,117974.59,722,111464,Part-time,High School,Citizen,Fluent,No,No,Urban Professional,Approved
2980,3250,Non-binary,White,38,25-60,153159.22,669,386998,Full-time,Bachelor's,Citizen,Fluent,No,No,Urban Professional,Approved
2981,4399,Male,White,35,25-60,45026.54,669,399923,Full-time,Some College,Citizen,Fluent,No,No,Historically Redlined,Denied
2982,1669,Male,White,69,Over 60,51770.91,685,321516,Full-time,Some College,Citizen,Fluent,Yes,No,Working Class Urban,Approved
2983,6257,Male,Black,81,Over 60,154606.42,703,367665,Full-time,Bachelor's,Citizen,Fluent,No,Yes,High-income Suburban,Denied
2984,2292,Non-binary,White,75,Over 60,48460.45,710,57545,Full-time,Some College,Permanent Resident,Fluent,No,No,Working Class Urban,Approved
2985,8295,Female,White,43,25-60,160970.87,729,349129,Full-time,High School,Permanent Resident,Fluent,No,No,High-income Suburban,Approved
2986,7199,Female,White,41,25-60,54820.61,702,143166,Full-time,Bachelor's,Citizen,Limited,No,No,Rural,Denied
2987,7690,Female,White,68,Over 60,103822.73,778,188735,Full-time,Some College,Citizen,Limited,Yes,No,High-income Suburban,Approved
2988,2023,Male,White,47,25-60,173293.79,717,213701,Full-time,Bachelor's,Citizen,Fluent,Yes,No,Urban Professional,Approved
2989,5990,Male,White,36,25-60,203798.64,762,174067,Full-time,Graduate,Citizen,Fluent,No,No,High-income Suburban,Approved
2990,2448,Female,White,35,25-60,74980.24,647,59381,Full-time,Bachelor's,Citizen,Fluent,No,No,Working Class Urban,Denied
2991,2419,Female,Asian,65,Over 60,132516.65,841,377888,Full-time,Bachelor's,Citizen,Limited,No,No,High-income Suburban,Approved
2992,7757,Female,Asian,50,25-60,241761.42,673,301594,Full-time,Bachelor's,Citizen,Fluent,No,No,High-income Suburban,Approved
2993,4161,Female,Black,79,Over 60,33438.57,724,253487,Full-time,High School,Citizen,Fluent,No,No,Historically Redlined,Denied
2994,6673,Male,White,22,Under 25,213533.83,603,53634,Full-time,Bachelor's,Citizen,Fluent,Yes,No,High-income Suburban,Approved
2995,7373,Male,White,71,Over 60,53452.43,660,126622,Full-time,Bachelor's,Visa Holder,Limited,No,No,Working Class Urban,Denied
2996,804,Male,Hispanic,71,Over 60,95819.85,838,202804,Full-time,High School,Citizen,Fluent,No,No,High-income Suburban,Approved
2997,7747,Male,Hispanic,44,25-60,65594.66,640,303671,Part-time,High School,Citizen,Limited,Yes,No,High-income Suburban,Denied
2998,1275,Male,Black,32,25-60,141364.83,730,351777,Self-employed,Some College,Permanent Resident,Fluent,No,No,High-income Suburban,Approved
2999,235,Female,White,51,25-60,104071.07,782,185309,Full-time,High School,Citizen,Fluent,No,No,High-income Suburban,Approved
3000,8860,Male,White,36,25-60,237280.43,739,96541,Self-employed,Graduate,Citizen,Fluent,No,No,High-income Suburban,Approved
3001,8881,Female,White,24,Under 25,70734.67,562,380029,Part-time,High School,Citizen,Limited,No,No,Urban Professional,Denied
3002,2724,Female,Hispanic,74,Over 60,51781.64,709,251651,Unemployed,Some College,Permanent Resident,Fluent,No,No,Rural,Approved
3003,319,Male,White,68,Over 60,132542.02,803,224816,Gig,Graduate,Citizen,Fluent,No,No,Working Class Urban,Approved
3004,2324,Female,Hispanic,51,25-60,135531.9,653,413323,Part-time,High School,Citizen,Fluent,No,No,High-income Suburban,Approved
3005,4765,Male,Hispanic,71,Over 60,50642.29,733,90256,Full-time,High School,Citizen,Fluent,No,No,Working Class Urban,Denied
3006,175,Male,White,60,25-60,158233.3,737,393770,Part-time,Graduate,Citizen,Limited,No,No,Urban Professional,Approved
3007,2090,Male,White,76,Over 60,26502.21,633,268390,Unemployed,High School,Citizen,Fluent,No,Yes,Rural,Denied
3008,6619,Female,Hispanic,65,Over 60,102968.02,733,329412,Part-time,Bachelor's,Permanent Resident,Fluent,Yes,No,Working Class Urban,Approved
3009,9213,Female,White,51,25-60,50791.86,645,357250,Unemployed,High School,Citizen,Fluent,No,No,Working Class Urban,Denied
3010,9977,Male,White,76,Over 60,72467.11,758,94590,Full-time,High School,Citizen,Limited,No,No,Urban Professional,Approved
3011,6551,Male,White,55,25-60,264331.37,741,125434,Full-time,Graduate,Citizen,Fluent,No,No,Urban Professional,Approved
3012,935,Male,White,54,25-60,35081.02,728,281515,Full-time,Some College,Citizen,Limited,No,No,Working Class Urban,Approved
3013,7718,Female,White,79,Over 60,36181.76,763,334917,Gig,High School,Citizen,Fluent,No,No,Rural,Approved
3014,8691,Male,Hispanic,74,Over 60,242811.21,780,411675,Full-time,Bachelor's,Citizen,Fluent,No,No,High-income Suburban,Approved
3015,6972,Male,White,58,25-60,118007.81,742,418208,Self-employed,Graduate,Citizen,Fluent,No,No,Rural,Approved
3016,4637,Male,Asian,50,25-60,96569.7,771,275087,Full-time,Bachelor's,Citizen,Fluent,No,No,Working Class Urban,Approved
3017,4581,Female,White,19,Under 25,79109.84,597,400929,Full-time,Graduate,Citizen,Fluent,No,No,Working Class Urban,Approved
3018,9425,Male,White,36,25-60,53895.72,740,397007,Full-time,Some College,Citizen,Fluent,No,No,Working Class Urban,Approved
3019,1613,Female,White,33,25-60,15284.59,571,101413,Part-time,High School,Citizen,Limited,No,Yes,Working Class Urban,Denied
3020,3191,Female,White,37,25-60,56722.88,721,349730,Gig,Some College,Citizen,Limited,No,No,Urban Professional,Approved
3021,5546,Male,Hispanic,21,Under 25,43593.19,591,227650,Full-time,High School,Citizen,Fluent,No,No,Working Class Urban,Denied
3022,7464,Male,Hispanic,51,25-60,37842.26,591,446768,Full-time,High School,Citizen,Limited,No,Yes,Urban Professional,Denied
3023,8791,Female,White,19,Under 25,96748.73,643,346992,Full-time,High School,Citizen,Fluent,Yes,No,High-income Suburban,Approved
3024,45,Male,White,67,Over 60,47758.55,736,205238,Full-time,High School,Citizen,Fluent,No,No,Working Class Urban,Approved
3025,1925,Female,White,42,25-60,32831.01,607,69933,Self-employed,High School,Citizen,Fluent,No,No,Rural,Denied
3026,6767,Male,White,67,Over 60,99591.56,762,107279,Self-employed,High School,Citizen,Limited,No,No,Urban Professional,Approved
3027,94,Male,White,68,Over 60,85092.24,784,378125,Full-time,High School,Citizen,Fluent,No,No,Urban Professional,Approved
3028,2397,Female,White,34,25-60,98698.55,766,122248,Self-employed,High School,Citizen,Fluent,No,No,Urban Professional,Approved
3029,7098,Female,Hispanic,21,Under 25,47662.44,603,61366,Full-time,Some College,Citizen,Fluent,No,No,Historically Redlined,Denied
3030,1401,Female,White,27,25-60,40475.91,626,402569,Full-time,High School,Citizen,Fluent,Yes,Yes,Rural,Denied
3031,5296,Female,Black,45,25-60,76888.12,690,111185,Full-time,High School,Citizen,Fluent,No,No,Urban Professional,Denied
3032,5028,Male,White,52,25-60,117929.72,716,360433,Gig,Some College,Citizen,Fluent,No,No,High-income Suburban,Approved
3033,900,Male,Hispanic,32,25-60,54192.67,606,344262,Part-time,Some College,Citizen,Fluent,No,Yes,Urban Professional,Denied
3034,2199,Female,White,50,25-60,108780.34,726,242966,Full-time,Graduate,Permanent Resident,Fluent,No,No,Working Class Urban,Approved
3035,2747,Male,White,69,Over 60,271350.94,784,391537,Gig,Graduate,Citizen,Fluent,No,No,High-income Suburban,Approved
3036,9672,Female,White,40,25-60,114885.8,716,71786,Full-time,High School,Permanent Resident,Fluent,No,No,Urban Professional,Approved
3037,3993,Female,White,76,Over 60,61332.64,693,174436,Gig,Bachelor's,Citizen,Limited,No,No,Working Class Urban,Approved
3038,891,Male,Black,21,Under 25,73995.56,606,390189,Full-time,High School,Citizen,Limited,No,No,Urban Professional,Approved
3039,3263,Female,Asian,30,25-60,102540.36,680,246961,Full-time,Graduate,Citizen,Limited,No,No,Urban Professional,Approved
3040,7150,Female,Black,52,25-60,74351.17,628,190569,Full-time,Bachelor's,Citizen,Fluent,No,No,Historically Redlined,Denied
3041,6727,Male,Asian,21,Under 25,110987.72,709,91727,Part-time,High School,Citizen,Fluent,Yes,No,High-income Suburban,Approved
3042,7930,Male,Black,62,Over 60,26744.33,636,241640,Full-time,High School,Permanent Resident,Limited,No,No,Rural,Denied
3043,5905,Male,Hispanic,29,25-60,58266.36,649,309363,Full-time,High School,Citizen,Limited,No,No,High-income Suburban,Denied
3044,7338,Male,White,58,25-60,93176.98,711,413930,Full-time,Bachelor's,Permanent Resident,Limited,No,No,Urban Professional,Approved
3045,992,Female,Hispanic,37,25-60,202243.26,688,97703,Gig,Bachelor's,Citizen,Fluent,No,No,High-income Suburban,Approved
3046,4109,Female,Multiracial,66,Over 60,33531.18,676,435179,Gig,High School,Citizen,Limited,No,No,Historically Redlined,Denied
3047,6308,Female,White,20,Under 25,66760.46,578,83366,Part-time,Bachelor's,Citizen,Fluent,No,Yes,Working Class Urban,Denied
3048,7219,Female,White,80,Over 60,30906.24,654,232438,Full-time,Some College,Citizen,Fluent,Yes,No,Historically Redlined,Denied
3049,9653,Male,White,69,Over 60,22452.74,652,383712,Full-time,High School,Citizen,Limited,No,No,Rural,Denied
3050,7836,Male,Multiracial,36,25-60,135592.79,702,372250,Self-employed,Bachelor's,Citizen,Fluent,No,No,Urban Professional,Approved
3051,603,Female,White,42,25-60,66879.1,702,312795,Self-employed,High School,Citizen,Limited,No,No,High-income Suburban,Approved
3052,6273,Female,White,63,Over 60,34518.02,690,103694,Unemployed,High School,Permanent Resident,Limited,No,No,Rural,Denied
3053,8107,Male,Asian,77,Over 60,206155.71,729,298044,Full-time,Bachelor's,Citizen,Fluent,No,No,High-income Suburban,Approved
3054,7551,Female,Black,34,25-60,145368.93,668,170765,Full-time,Some College,Visa Holder,Fluent,Yes,No,High-income Suburban,Denied
3055,4055,Male,Asian,44,25-60,243358.32,728,81611,Part-time,Graduate,Citizen,Fluent,No,No,High-income Suburban,Approved
3056,286,Male,White,33,25-60,104727.26,703,150100,Full-time,Graduate,Citizen,Fluent,No,No,Historically Redlined,Approved
3057,949,Male,White,54,25-60,82990.06,736,139224,Full-time,Bachelor's,Citizen,Fluent,No,No,Historically Redlined,Approved
3058,8287,Female,White,49,25-60,100912.6,755,396642,Full-time,High School,Citizen,Fluent,No,No,High-income Suburban,Approved
3059,7037,Female,White,18,Under 25,31750.42,570,100951,Full-time,High School,Citizen,Fluent,No,No,Historically Redlined,Denied
3060,6030,Female,Multiracial,77,Over 60,76766.53,742,217516,Unemployed,Some College,Citizen,Limited,No,No,Urban Professional,Approved
3061,145,Female,White,38,25-60,42782.39,630,94202,Full-time,Bachelor's,Citizen,Fluent,Yes,Yes,Historically Redlined,Denied
3062,2871,Female,Black,33,25-60,35219.21,679,412577,Full-time,Some College,Citizen,Limited,No,No,Historically Redlined,Approved
3063,1131,Non-binary,Hispanic,71,Over 60,30615.18,678,51420,Full-time,High School,Permanent Resident,Fluent,No,No,Historically Redlined,Denied
3064,1017,Male,White,69,Over 60,79843.42,758,101171,Full-time,Bachelor's,Permanent Resident,Fluent,No,No,Working Class Urban,Approved
3065,9720,Female,Hispanic,19,Under 25,123346.27,670,267715,Full-time,Some College,Citizen,Fluent,No,No,Urban Professional,Approved
3066,1784,Male,Hispanic,82,Over 60,148542.33,825,287009,Full-time,High School,Permanent Resident,Fluent,No,No,High-income Suburban,Approved
3067,6971,Female,Black,26,25-60,28462.14,636,67549,Full-time,High School,Citizen,Limited,No,No,Working Class Urban,Denied
3068,2274,Female,Asian,26,25-60,128673.68,723,392024,Full-time,Some College,Permanent Resident,Fluent,No,No,High-income Suburban,Approved
3069,2258,Female,White,47,25-60,34119.39,593,351268,Full-time,High School,Citizen,Fluent,Yes,No,Historically Redlined,Denied
3070,3186,Male,Black,48,25-60,88743.18,706,431163,Full-time,High School,Citizen,Fluent,No,No,Urban Professional,Approved
3071,9244,Female,Hispanic,25,25-60,39276.86,653,383890,Gig,High School,Citizen,Limited,No,Yes,Urban Professional,Denied
3072,4478,Female,White,33,25-60,131559.24,761,131178,Full-time,Some College,Citizen,Fluent,No,No,High-income Suburban,Approved
3073,826,Male,White,52,25-60,59420.09,684,116002,Full-time,High School,Citizen,Limited,No,No,Urban Professional,Approved
3074,530,Male,Black,57,25-60,74153.8,629,419191,Full-time,Bachelor's,Citizen,Fluent,No,Yes,Working Class Urban,Denied
3075,6063,Male,Black,24,Under 25,66520.51,602,183364,Part-time,Some College,Citizen,Limited,No,No,High-income Suburban,Denied
3076,7705,Male,Black,57,25-60,69008.15,684,191238,Full-time,Graduate,Citizen,Fluent,No,No,Working Class Urban,Approved
3077,5520,Male,Hispanic,75,Over 60,31872.17,661,104276,Full-time,High School,Citizen,Fluent,No,No,Historically Redlined,Denied
3078,5288,Male,Hispanic,69,Over 60,80961.55,803,428249,Full-time,Bachelor's,Citizen,Fluent,No,No,Working Class Urban,Approved
3079,1065,Male,Hispanic,58,25-60,41702.93,658,207690,Full-time,High School,Permanent Resident,Limited,No,No,Urban Professional,Denied
3080,4579,Female,White,42,25-60,42438.33,656,161164,Self-employed,High School,Citizen,Fluent,No,No,Rural,Denied
3081,7689,Male,White,66,Over 60,92998.55,713,400126,Full-time,Graduate,Citizen,Fluent,No,Yes,Working Class Urban,Approved
3082,6718,Male,White,34,25-60,58516.1,678,415953,Full-time,Some College,Citizen,Fluent,No,No,Historically Redlined,Approved
3083,7087,Female,White,75,Over 60,24140.11,661,209876,Full-time,High School,Citizen,Limited,No,No,Rural,Denied
3084,5115,Female,Asian,22,Under 25,188318.33,638,237440,Full-time,Bachelor's,Citizen,Fluent,No,No,High-income Suburban,Denied
3085,4576,Male,Black,52,25-60,159198.92,716,360419,Self-employed,Bachelor's,Citizen,Fluent,No,No,Urban Professional,Approved
3086,9729,Female,Asian,58,25-60,194091.8,661,346692,Self-employed,Graduate,Citizen,Fluent,Yes,No,High-income Suburban,Approved
3087,4963,Male,Hispanic,29,25-60,115939.81,726,289667,Self-employed,Some College,Citizen,Fluent,No,No,High-income Suburban,Approved
3088,8121,Male,White,63,Over 60,89518.96,803,139039,Full-time,Graduate,Citizen,Fluent,No,No,Working Class Urban,Approved
3089,4212,Male,Black,74,Over 60,56778.84,716,222810,Full-time,High School,Citizen,Fluent,No,No,High-income Suburban,Approved
3090,4679,Male,Hispanic,25,25-60,33229.59,662,68877,Full-time,Some College,Citizen,Limited,No,No,Working Class Urban,Denied
3091,722,Female,White,30,25-60,106526.86,720,89952,Part-time,High School,Citizen,Fluent,No,No,Urban Professional,Approved
3092,9973,Female,White,63,Over 60,70124.66,717,116488,Part-time,Bachelor's,Citizen,Fluent,No,No,Working Class Urban,Approved
3093,8115,Female,White,41,25-60,46711.1,666,64649,Full-time,Some College,Citizen,Fluent,No,No,Working Class Urban,Denied
3094,8989,Female,White,82,Over 60,77112.0,747,187424,Full-time,Bachelor's,Permanent Resident,Fluent,No,No,Rural,Approved
3095,2783,Male,White,74,Over 60,236535.21,787,401634,Full-time,Graduate,Citizen,Fluent,No,No,Urban Professional,Approved
3096,2263,Male,White,36,25-60,38439.75,658,56590,Self-employed,Some College,Citizen,Fluent,No,No,Rural,Denied
3097,2613,Female,Black,70,Over 60,72984.47,700,260166,Full-time,Some College,Citizen,Fluent,No,Yes,High-income Suburban,Approved
3098,998,Male,Black,30,25-60,198261.08,680,218428,Full-time,Bachelor's,Citizen,Fluent,Yes,No,Urban Professional,Approved
3099,335,Female,White,79,Over 60,79856.78,726,192378,Full-time,Bachelor's,Citizen,Fluent,No,No,Historically Redlined,Approved
3100,9912,Female,White,69,Over 60,171387.12,758,358940,Full-time,Bachelor's,Citizen,Fluent,No,No,Urban Professional,Approved
3101,2279,Female,White,30,25-60,129237.24,753,326116,Full-time,Graduate,Citizen,Fluent,No,No,Working Class Urban,Approved
3102,4352,Female,White,34,25-60,107044.64,746,121791,Full-time,High School,Citizen,Fluent,No,No,High-income Suburban,Approved
3103,2482,Male,Hispanic,63,Over 60,36396.77,690,356460,Full-time,Some College,Citizen,Fluent,No,No,Rural,Denied
3104,8906,Female,Black,48,25-60,135451.17,678,425115,Full-time,Some College,Citizen,Fluent,No,No,Urban Professional,Approved
3105,3652,Male,Black,60,25-60,25328.52,583,96398,Full-time,Some College,Citizen,Fluent,No,No,Rural,Denied
3106,8241,Male,White,62,Over 60,46980.0,714,373790,Full-time,High School,Citizen,Fluent,Yes,No,Rural,Approved
3107,3745,Female,White,46,25-60,129883.01,750,161988,Full-time,High School,Citizen,Fluent,Yes,No,High-income Suburban,Approved
3108,6224,Male,Black,44,25-60,33482.62,609,335537,Self-employed,Some College,Permanent Resident,Limited,No,No,Historically Redlined,Denied
3109,987,Female,White,24,Under 25,126658.53,630,65890,Gig,Bachelor's,Citizen,Limited,No,No,Urban Professional,Approved
3110,4913,Female,White,47,25-60,206238.28,684,286565,Self-employed,Bachelor's,Visa Holder,Fluent,No,No,Urban Professional,Approved
3111,2381,Male,Hispanic,23,Under 25,95010.52,647,57503,Self-employed,High School,Citizen,Fluent,No,No,High-income Suburban,Approved
3112,437,Male,White,55,25-60,63234.63,658,354988,Part-time,High School,Citizen,Limited,No,No,High-income Suburban,Approved
3113,5657,Female,White,75,Over 60,56533.06,779,399179,Full-time,Some College,Citizen,Fluent,No,No,Working Class Urban,Approved
3114,5389,Male,Asian,77,Over 60,202600.78,739,441728,Full-time,Bachelor's,Citizen,Fluent,No,No,High-income Suburban,Approved
3115,3150,Female,Hispanic,29,25-60,188488.39,721,134343,Full-time,Bachelor's,Citizen,Fluent,No,No,High-income Suburban,Approved
3116,2643,Female,Hispanic,79,Over 60,112461.0,753,236257,Full-time,Some College,Citizen,Fluent,No,No,High-income Suburban,Approved
3117,1083,Female,Hispanic,69,Over 60,32443.56,666,357551,Full-time,High School,Citizen,Limited,No,No,Working Class Urban,Denied
3118,4781,Male,White,60,25-60,52035.93,709,440687,Full-time,Bachelor's,Permanent Resident,Limited,No,No,Working Class Urban,Approved
3119,268,Male,White,57,25-60,105966.88,744,272589,Gig,High School,Citizen,Fluent,No,No,Urban Professional,Approved
3120,2892,Male,White,56,25-60,41092.35,694,55824,Gig,Some College,Citizen,Fluent,No,No,Working Class Urban,Approved
3121,8699,Male,White,79,Over 60,57598.92,752,105386,Full-time,Graduate,Citizen,Fluent,No,No,Historically Redlined,Approved
3122,2922,Male,Black,23,Under 25,75093.59,556,414116,Unemployed,High School,Citizen,Fluent,No,No,Urban Professional,Denied
3123,3748,Female,Black,59,25-60,25347.94,597,386368,Full-time,High School,Permanent Resident,Fluent,Yes,Yes,Historically Redlined,Denied
3124,9682,Male,Hispanic,52,25-60,48394.48,709,444990,Part-time,High School,Citizen,Fluent,No,No,Rural,Denied
3125,5263,Female,White,43,25-60,71101.49,609,367996,Full-time,Bachelor's,Citizen,Fluent,No,Yes,Working Class Urban,Denied
3126,8117,Female,White,53,25-60,101953.87,725,113597,Full-time,High School,Citizen,Fluent,Yes,No,Urban Professional,Approved
3127,4350,Male,White,76,Over 60,107262.35,752,381095,Gig,High School,Citizen,Fluent,No,No,High-income Suburban,Approved
3128,8615,Male,Black,42,25-60,194582.04,700,304470,Full-time,Bachelor's,Citizen,Fluent,No,No,High-income Suburban,Approved
3129,6692,Male,Asian,36,25-60,100330.54,662,216663,Full-time,Graduate,Citizen,Fluent,No,No,Historically Redlined,Approved
3130,5081,Female,White,47,25-60,130867.63,710,443244,Full-time,Some College,Citizen,Fluent,Yes,No,Urban Professional,Approved
3131,2606,Female,White,81,Over 60,40400.94,683,436644,Self-employed,High School,Visa Holder,Fluent,No,No,Working Class Urban,Approved
3132,2038,Female,White,37,25-60,64327.84,686,402586,Full-time,Graduate,Citizen,Fluent,No,No,Rural,Approved
3133,7917,Female,Black,31,25-60,45607.03,629,197511,Part-time,Some College,Citizen,Limited,No,No,Working Class Urban,Denied
3134,1956,Female,White,28,25-60,113534.39,690,313515,Gig,Graduate,Permanent Resident,Fluent,No,No,Working Class Urban,Approved
3135,1382,Male,Black,20,Under 25,108456.36,635,65738,Full-time,High School,Citizen,Fluent,No,No,High-income Suburban,Denied
3136,275,Male,Hispanic,66,Over 60,21075.0,682,319449,Full-time,High School,Permanent Resident,Fluent,No,Yes,Rural,Denied
3137,9157,Female,White,35,25-60,39373.94,696,84715,Full-time,High School,Citizen,Fluent,No,No,Working Class Urban,Denied
3138,1129,Female,White,25,25-60,39264.62,658,71981,Full-time,High School,Citizen,Fluent,No,No,Historically Redlined,Denied
3139,3585,Female,White,41,25-60,29173.79,653,201000,Gig,High School,Permanent Resident,Fluent,No,No,Historically Redlined,Denied
3140,9464,Male,White,31,25-60,55376.84,635,254228,Full-time,Some College,Citizen,Limited,No,No,Urban Professional,Approved
3141,6313,Male,White,24,Under 25,123642.31,641,82129,Self-employed,Graduate,Citizen,Fluent,No,No,Working Class Urban,Denied
3142,805,Male,White,70,Over 60,126132.85,756,115747,Full-time,Some College,Citizen,Fluent,No,No,High-income Suburban,Approved
3143,5695,Female,Hispanic,78,Over 60,62241.6,690,430687,Full-time,High School,Permanent Resident,Limited,No,No,Urban Professional,Approved
3144,3307,Female,Black,42,25-60,42195.81,697,419837,Full-time,Some College,Citizen,Fluent,No,No,Working Class Urban,Approved
3145,577,Male,White,56,25-60,191338.61,696,112615,Self-employed,Bachelor's,Citizen,Fluent,No,No,High-income Suburban,Approved
3146,8112,Female,White,76,Over 60,103534.87,831,56696,Gig,High School,Citizen,Fluent,No,No,Urban Professional,Approved
3147,5590,Non-binary,Black,24,Under 25,85375.83,684,263701,Self-employed,Bachelor's,Citizen,Fluent,No,No,Working Class Urban,Approved
3148,2831,Non-binary,White,63,Over 60,62143.56,749,180655,Part-time,Some College,Permanent Resident,Fluent,No,No,Working Class Urban,Denied
3149,9107,Male,White,44,25-60,78323.79,648,361670,Self-employed,Bachelor's,Citizen,Fluent,No,No,Working Class Urban,Denied
3150,4023,Male,White,26,25-60,48409.66,716,203546,Self-employed,Some College,Citizen,Fluent,No,No,Historically Redlined,Approved
3151,1075,Male,White,75,Over 60,74085.9,633,132329,Full-time,Some College,Citizen,Fluent,No,Yes,High-income Suburban,Denied
3152,2476,Male,White,30,25-60,70495.59,679,386660,Unemployed,Bachelor's,Permanent Resident,Fluent,No,No,Working Class Urban,Approved
3153,8216,Male,Hispanic,77,Over 60,33843.7,644,192281,Full-time,High School,Citizen,Limited,No,Yes,Urban Professional,Denied
3154,7113,Male,White,76,Over 60,100804.99,755,412910,Full-time,High School,Citizen,Fluent,No,No,High-income Suburban,Approved
3155,5238,Male,White,64,Over 60,78035.59,767,340274,Full-time,Bachelor's,Citizen,Fluent,Yes,No,Working Class Urban,Approved
3156,4017,Male,White,55,25-60,84583.29,768,439312,Full-time,High School,Permanent Resident,Fluent,No,No,High-income Suburban,Approved
3157,6991,Male,Hispanic,67,Over 60,29783.23,696,322106,Full-time,Some College,Citizen,Fluent,No,No,Rural,Denied
3158,1826,Male,White,35,25-60,86312.81,709,412610,Full-time,High School,Citizen,Fluent,No,No,High-income Suburban,Approved
3159,7182,Female,White,25,25-60,44425.35,675,269325,Full-time,High School,Citizen,Fluent,Yes,No,Working Class Urban,Denied
3160,6347,Male,Hispanic,41,25-60,31279.46,549,199274,Full-time,High School,Citizen,Fluent,No,Yes,Historically Redlined,Denied
3161,7607,Male,Black,61,Over 60,116318.49,774,233183,Unemployed,Some College,Citizen,Fluent,No,No,Urban Professional,Approved
3162,9883,Female,Hispanic,34,25-60,37475.01,679,309802,Full-time,High School,Citizen,Fluent,No,No,Working Class Urban,Approved
3163,3608,Female,White,54,25-60,108105.4,638,98742,Full-time,High School,Citizen,Fluent,No,No,High-income Suburban,Approved
3164,3832,Female,White,69,Over 60,42625.21,768,245187,Gig,Some College,Citizen,Fluent,No,No,Rural,Approved
3165,6022,Male,White,40,25-60,68449.17,674,427520,Full-time,High School,Permanent Resident,Fluent,No,No,Urban Professional,Approved
3166,858,Female,Asian,30,25-60,218415.71,711,194926,Full-time,Bachelor's,Citizen,Fluent,No,No,High-income Suburban,Approved
3167,9665,Male,Hispanic,21,Under 25,317188.92,664,239272,Full-time,Graduate,Citizen,Fluent,No,No,High-income Suburban,Approved
3168,7583,Male,Hispanic,37,25-60,90561.56,716,145862,Full-time,High School,Citizen,Fluent,No,No,High-income Suburban,Denied
3169,8813,Female,Hispanic,68,Over 60,42003.63,693,153740,Full-time,High School,Permanent Resident,Fluent,Yes,No,Working Class Urban,Approved
3170,8925,Male,White,25,25-60,121461.48,671,145694,Full-time,Some College,Citizen,Fluent,No,No,High-income Suburban,Approved
3171,6740,Male,White,46,25-60,70190.5,648,160912,Self-employed,Some College,Citizen,Fluent,No,Yes,Urban Professional,Denied
3172,9070,Male,White,50,25-60,121442.14,673,298947,Full-time,Some College,Permanent Resident,Fluent,No,No,Urban Professional,Approved
3173,9295,Male,Hispanic,72,Over 60,51171.2,663,110077,Gig,Some College,Citizen,Fluent,No,No,Historically Redlined,Denied
3174,1056,Male,White,35,25-60,181995.44,756,141465,Full-time,Bachelor's,Citizen,Fluent,No,No,Urban Professional,Approved
3175,3862,Male,Hispanic,49,25-60,136855.73,739,119958,Full-time,Some College,Citizen,Fluent,No,No,High-income Suburban,Approved
3176,2631,Non-binary,White,80,Over 60,36289.8,682,73672,Self-employed,High School,Citizen,Fluent,Yes,No,Working Class Urban,Approved
3177,6951,Male,White,21,Under 25,163637.44,591,140846,Gig,Bachelor's,Citizen,Fluent,No,No,Urban Professional,Denied
3178,8279,Female,White,31,25-60,177071.33,744,318248,Full-time,Bachelor's,Visa Holder,Fluent,No,No,Urban Professional,Approved
3179,9121,Male,Multiracial,32,25-60,107596.93,690,185803,Gig,Some College,Citizen,Fluent,No,No,High-income Suburban,Approved
3180,2481,Female,Black,46,25-60,34389.75,595,396844,Full-time,High School,Citizen,Fluent,No,No,Rural,Denied
3181,9776,Female,White,57,25-60,16277.14,624,241925,Full-time,High School,Citizen,Limited,No,No,Rural,Denied
3182,1959,Female,Hispanic,38,25-60,101616.18,720,386878,Full-time,Some College,Permanent Resident,Fluent,No,No,Urban Professional,Approved
3183,7924,Male,White,64,Over 60,117062.03,779,324513,Unemployed,Some College,Citizen,Fluent,No,No,Urban Professional,Approved
3184,9970,Male,White,75,Over 60,15335.47,667,422355,Full-time,High School,Citizen,Limited,Yes,No,Working Class Urban,Denied
3185,9510,Male,Asian,30,25-60,76208.37,629,358426,Full-time,Bachelor's,Citizen,Fluent,No,No,Working Class Urban,Denied
3186,9695,Female,Hispanic,21,Under 25,54191.69,616,162145,Full-time,High School,Citizen,Fluent,No,No,Working Class Urban,Denied
3187,8434,Female,White,21,Under 25,58718.04,641,51145,Full-time,Bachelor's,Citizen,Limited,No,No,Rural,Approved
3188,1490,Male,White,37,25-60,60131.17,644,447337,Full-time,High School,Citizen,Fluent,No,Yes,High-income Suburban,Denied
3189,3143,Male,White,54,25-60,203083.41,712,104054,Full-time,Graduate,Citizen,Fluent,No,No,Urban Professional,Approved
3190,5458,Male,Hispanic,65,Over 60,116370.28,803,116952,Full-time,High School,Citizen,Fluent,No,No,High-income Suburban,Approved
3191,3079,Female,White,18,Under 25,130464.65,633,408141,Full-time,High School,Citizen,Fluent,No,No,High-income Suburban,Approved
3192,1296,Male,White,50,25-60,156178.37,675,441241,Full-time,Some College,Visa Holder,Fluent,No,No,High-income Suburban,Approved
3193,1849,Male,Hispanic,54,25-60,63574.94,662,69768,Part-time,Some College,Citizen,Fluent,No,No,Working Class Urban,Approved
3194,7192,Female,White,46,25-60,32200.18,628,189445,Part-time,High School,Citizen,Fluent,No,No,Rural,Denied
3195,7148,Male,Black,75,Over 60,27916.82,677,370100,Full-time,High School,Citizen,Fluent,No,Yes,Rural,Approved
3196,9211,Female,White,69,Over 60,199165.14,692,212617,Full-time,Bachelor's,Citizen,Fluent,No,No,Urban Professional,Approved
3197,294,Male,White,22,Under 25,89677.03,644,91604,Full-time,Some College,Visa Holder,Fluent,No,No,Urban Professional,Approved
3198,4739,Female,Hispanic,42,25-60,49744.07,629,150409,Full-time,Some College,Citizen,Fluent,No,No,Working Class Urban,Denied
3199,5581,Male,Hispanic,69,Over 60,49879.26,643,366358,Full-time,Bachelor's,Citizen,Fluent,No,Yes,Working Class Urban,Denied
3200,6233,Female,Black,60,25-60,87621.15,648,331460,Full-time,High School,Citizen,Fluent,No,Yes,High-income Suburban,Denied
3201,3189,Male,White,53,25-60,33257.25,666,147000,Full-time,High School,Citizen,Fluent,No,No,Rural,Denied
3202,7880,Male,White,29,25-60,90553.95,712,204070,Full-time,High School,Permanent Resident,Fluent,No,No,Urban Professional,Approved
3203,5707,Female,White,73,Over 60,79869.69,727,314423,Full-time,Bachelor's,Citizen,Fluent,No,No,Working Class Urban,Denied
3204,3341,Male,White,71,Over 60,40950.1,711,310294,Full-time,Some College,Citizen,Fluent,No,No,Rural,Approved
3205,2895,Female,Black,55,25-60,137755.48,733,339202,Full-time,Some College,Citizen,Fluent,No,No,High-income Suburban,Approved
3206,2181,Female,White,48,25-60,131021.02,669,363199,Full-time,Bachelor's,Citizen,Fluent,Yes,Yes,Urban Professional,Approved
3207,6389,Male,White,51,25-60,156245.8,720,190006,Gig,Bachelor's,Visa Holder,Fluent,No,No,Urban Professional,Approved
3208,6457,Male,White,36,25-60,243134.55,750,116696,Self-employed,Graduate,Visa Holder,Fluent,No,No,Urban Professional,Approved
3209,4489,Female,Hispanic,47,25-60,82212.93,717,341742,Full-time,High School,Citizen,Fluent,No,No,Urban Professional,Denied
3210,7801,Male,White,36,25-60,70947.83,677,199005,Full-time,High School,Citizen,Limited,No,No,Urban Professional,Approved
3211,5493,Male,White,38,25-60,59440.01,732,155156,Unemployed,Bachelor's,Citizen,Limited,No,No,Historically Redlined,Approved
3212,3276,Female,White,75,Over 60,48642.6,691,406320,Part-time,Some College,Permanent Resident,Fluent,No,No,Rural,Denied
3213,3524,Female,White,65,Over 60,28835.55,663,380080,Gig,High School,Citizen,Limited,No,No,Historically Redlined,Denied
3214,3200,Female,White,61,Over 60,109701.74,749,261603,Part-time,Some College,Citizen,Fluent,No,No,Urban Professional,Approved
3215,8462,Female,White,54,25-60,76583.76,706,186625,Gig,Bachelor's,Citizen,Fluent,Yes,No,Rural,Approved
3216,9286,Male,White,42,25-60,145547.85,739,275520,Full-time,Bachelor's,Permanent Resident,Fluent,No,No,High-income Suburban,Approved
3217,7900,Male,Black,26,25-60,74275.49,670,330392,Full-time,High School,Citizen,Limited,No,No,Urban Professional,Approved
3218,4730,Male,White,71,Over 60,171998.54,778,238330,Full-time,Bachelor's,Citizen,Fluent,No,Yes,High-income Suburban,Approved
3219,8365,Male,White,22,Under 25,84456.36,598,154288,Full-time,High School,Citizen,Fluent,No,No,Urban Professional,Denied
3220,731,Female,White,80,Over 60,201890.86,760,390086,Full-time,Graduate,Citizen,Fluent,No,No,Urban Professional,Approved
3221,1657,Male,White,76,Over 60,57487.33,708,358222,Full-time,Some College,Citizen,Fluent,No,No,Working Class Urban,Approved
3222,7865,Male,White,70,Over 60,101921.15,788,272507,Full-time,Some College,Citizen,Limited,No,No,High-income Suburban,Approved
3223,5906,Male,White,26,25-60,156143.38,702,54955,Full-time,Graduate,Citizen,Fluent,No,No,Working Class Urban,Approved
3224,4038,Non-binary,White,81,Over 60,33477.6,647,310743,Full-time,High School,Permanent Resident,Limited,No,No,Rural,Denied
3225,9891,Female,White,67,Over 60,59360.54,739,410674,Full-time,Some College,Citizen,Fluent,No,No,Working Class Urban,Approved
3226,7922,Female,White,22,Under 25,158314.67,686,430174,Part-time,Bachelor's,Citizen,Fluent,No,No,Urban Professional,Approved
3227,9010,Female,White,66,Over 60,207700.14,782,152748,Part-time,Bachelor's,Citizen,Fluent,No,No,High-income Suburban,Approved
3228,1615,Female,White,50,25-60,116202.56,761,352382,Full-time,Bachelor's,Citizen,Limited,No,No,Urban Professional,Approved
3229,407,Female,Asian,75,Over 60,154367.57,812,139155,Full-time,Graduate,Citizen,Fluent,No,No,Working Class Urban,Approved
3230,8759,Female,White,19,Under 25,129343.65,624,340094,Self-employed,Bachelor's,Citizen,Limited,No,No,Urban Professional,Approved
3231,4548,Male,White,53,25-60,115965.71,669,389296,Full-time,Bachelor's,Citizen,Fluent,No,No,Working Class Urban,Denied
3232,2193,Male,Asian,35,25-60,20837.6,652,428139,Self-employed,High School,Citizen,Fluent,No,No,Rural,Denied
3233,6246,Female,White,46,25-60,215615.79,719,361084,Full-time,Graduate,Citizen,Fluent,No,No,Urban Professional,Approved
3234,3194,Female,White,77,Over 60,127286.88,747,255599,Gig,Graduate,Citizen,Fluent,No,No,Working Class Urban,Approved
3235,997,Male,White,62,Over 60,196294.81,808,342927,Full-time,Bachelor's,Citizen,Fluent,No,No,Urban Professional,Approved
3236,3247,Female,White,52,25-60,78127.64,705,212394,Self-employed,Some College,Visa Holder,Fluent,No,No,Urban Professional,Approved
3237,9509,Female,Asian,76,Over 60,37116.54,688,220995,Full-time,Bachelor's,Citizen,Fluent,No,No,Rural,Denied
3238,5294,Male,Asian,70,Over 60,112060.4,766,170767,Self-employed,Graduate,Citizen,Fluent,No,No,Rural,Approved
3239,9527,Female,White,29,25-60,79775.81,628,104423,Full-time,Graduate,Citizen,Fluent,No,No,Historically Redlined,Denied
3240,3575,Female,Hispanic,33,25-60,24897.46,614,132405,Full-time,Some College,Citizen,Limited,No,No,Rural,Denied
3241,6302,Female,White,29,25-60,41187.51,725,377009,Full-time,High School,Permanent Resident,Fluent,No,No,Rural,Denied
3242,7796,Male,White,50,25-60,122146.73,684,305255,Gig,Some College,Citizen,Fluent,No,No,Urban Professional,Approved
3243,7977,Male,Black,27,25-60,86607.62,707,284895,Full-time,Some College,Citizen,Fluent,No,Yes,Urban Professional,Denied
3244,3167,Female,Hispanic,66,Over 60,127955.96,784,381681,Full-time,Graduate,Citizen,Fluent,No,No,Working Class Urban,Approved
3245,2192,Female,White,43,25-60,190577.57,715,63524,Full-time,Bachelor's,Citizen,Fluent,No,No,Urban Professional,Approved
3246,9067,Female,White,43,25-60,35166.61,636,238825,Full-time,High School,Citizen,Fluent,Yes,No,Historically Redlined,Denied
3247,5503,Male,White,50,25-60,123248.37,731,401234,Part-time,Some College,Citizen,Limited,No,No,High-income Suburban,Approved
3248,1746,Male,Asian,21,Under 25,362452.53,631,401424,Self-employed,Graduate,Citizen,Fluent,Yes,No,High-income Suburban,Approved
3249,608,Female,White,61,Over 60,143690.41,798,92433,Full-time,High School,Citizen,Fluent,No,No,High-income Suburban,Approved
3250,4642,Female,White,53,25-60,44904.67,685,93473,Part-time,Some College,Citizen,Fluent,No,No,Rural,Approved
3251,9293,Male,White,78,Over 60,162264.56,806,207967,Part-time,Bachelor's,Citizen,Fluent,No,No,Urban Professional,Approved
3252,540,Female,Black,23,Under 25,101876.33,639,120863,Full-time,High School,Citizen,Fluent,No,No,High-income Suburban,Denied
3253,2021,Female,White,53,25-60,135133.33,705,212750,Full-time,Some College,Citizen,Fluent,No,No,High-income Suburban,Approved
3254,8630,Female,White,67,Over 60,48164.34,700,143447,Full-time,Some College,Citizen,Fluent,No,No,Working Class Urban,Approved
3255,1797,Male,Hispanic,40,25-60,299786.89,662,181415,Full-time,Graduate,Citizen,Fluent,No,No,High-income Suburban,Approved
3256,5247,Male,White,21,Under 25,115265.66,632,306389,Full-time,Some College,Visa Holder,Fluent,No,No,High-income Suburban,Approved
3257,3878,Female,White,60,25-60,48994.53,718,141282,Full-time,High School,Visa Holder,Fluent,Yes,No,Historically Redlined,Denied
3258,9141,Male,Black,52,25-60,35790.28,649,266221,Self-employed,Some College,Citizen,Fluent,No,Yes,Working Class Urban,Denied
3259,762,Male,Native American,78,Over 60,53273.82,777,205444,Full-time,Bachelor's,Citizen,Fluent,No,No,Historically Redlined,Approved
3260,8299,Male,Hispanic,76,Over 60,309516.75,785,391037,Full-time,Graduate,Citizen,Fluent,No,No,High-income Suburban,Approved
3261,1688,Male,White,65,Over 60,101165.74,774,445998,Part-time,High School,Citizen,Fluent,No,No,High-income Suburban,Approved
3262,1901,Male,Hispanic,36,25-60,219620.06,721,55114,Part-time,Graduate,Citizen,Fluent,No,No,High-income Suburban,Approved
3263,3273,Male,Black,76,Over 60,281243.55,761,76157,Part-time,Graduate,Citizen,Fluent,No,No,High-income Suburban,Approved
3264,1589,Male,Black,36,25-60,78697.19,705,165371,Part-time,High School,Citizen,Fluent,No,No,Urban Professional,Approved
3265,199,Female,White,50,25-60,61366.62,669,411224,Full-time,Bachelor's,Citizen,Fluent,No,No,Working Class Urban,Denied
3266,7817,Male,White,52,25-60,49852.62,654,178389,Full-time,High School,Citizen,Fluent,Yes,No,Working Class Urban,Denied
3267,2011,Female,White,39,25-60,21217.08,585,417566,Full-time,High School,Citizen,Limited,No,Yes,Working Class Urban,Denied
3268,4586,Female,White,43,25-60,37095.44,672,320858,Full-time,High School,Visa Holder,Fluent,No,No,Rural,Approved
3269,4666,Male,Multiracial,30,25-60,16660.74,544,266402,Self-employed,High School,Citizen,Fluent,No,Yes,Historically Redlined,Denied
3270,4114,Male,White,69,Over 60,114351.81,746,344529,Full-time,High School,Citizen,Fluent,No,No,Urban Professional,Approved
3271,7949,Male,White,43,25-60,213398.54,739,432726,Full-time,Graduate,Citizen,Limited,No,No,High-income Suburban,Approved
3272,9151,Female,White,32,25-60,232440.46,690,258759,Full-time,Graduate,Citizen,Fluent,No,No,High-income Suburban,Approved
3273,8883,Female,White,24,Under 25,240553.22,732,324249,Full-time,Graduate,Citizen,Fluent,No,No,High-income Suburban,Approved
3274,9170,Male,Hispanic,23,Under 25,119984.76,655,327250,Self-employed,High School,Citizen,Fluent,No,No,High-income Suburban,Approved
3275,4182,Female,White,46,25-60,49873.44,669,66138,Part-time,Some College,Citizen,Fluent,No,No,Historically Redlined,Denied
3276,2516,Female,White,18,Under 25,144742.75,628,405467,Full-time,Some College,Citizen,Fluent,No,No,High-income Suburban,Approved
3277,5072,Male,Hispanic,42,25-60,22241.31,594,127588,Full-time,Some College,Citizen,Limited,No,Yes,Working Class Urban,Denied
3278,9632,Male,Hispanic,55,25-60,186104.1,736,162433,Full-time,Bachelor's,Citizen,Fluent,No,No,High-income Suburban,Approved
3279,764,Male,Asian,24,Under 25,55523.51,624,374443,Full-time,Bachelor's,Citizen,Fluent,No,No,Rural,Denied
3280,9512,Non-binary,White,48,25-60,120010.02,666,52047,Full-time,High School,Citizen,Fluent,Yes,No,Urban Professional,Approved
3281,213,Male,Black,38,25-60,67602.2,666,330051,Full-time,High School,Citizen,Limited,No,No,High-income Suburban,Denied
3282,3392,Female,Black,27,25-60,44748.91,683,63263,Part-time,Some College,Citizen,Fluent,No,No,Historically Redlined,Approved
3283,7084,Female,White,26,25-60,131341.92,740,428627,Full-time,Bachelor's,Citizen,Limited,No,No,Urban Professional,Approved
3284,2876,Female,White,61,Over 60,31177.68,700,111553,Part-time,High School,Citizen,Fluent,No,No,Rural,Denied
3285,2835,Male,Hispanic,44,25-60,110505.81,753,157030,Full-time,Some College,Citizen,Fluent,No,No,High-income Suburban,Approved
3286,2699,Male,White,61,Over 60,85085.82,753,262523,Unemployed,Some College,Visa Holder,Fluent,No,No,Urban Professional,Approved
3287,5746,Female,White,47,25-60,71594.54,662,176846,Self-employed,Bachelor's,Citizen,Fluent,No,No,Historically Redlined,Approved
3288,9204,Male,White,24,Under 25,197548.43,655,446797,Full-time,Bachelor's,Citizen,Fluent,Yes,No,High-income Suburban,Approved
3289,6521,Male,White,63,Over 60,238703.64,730,328341,Part-time,Bachelor's,Visa Holder,Fluent,No,No,Urban Professional,Approved
3290,8405,Female,Black,23,Under 25,28094.95,514,109394,Full-time,High School,Citizen,Limited,No,No,Working Class Urban,Denied
3291,4140,Male,White,76,Over 60,38793.69,693,264664,Full-time,High School,Permanent Resident,Fluent,Yes,No,Working Class Urban,Approved
3292,2657,Female,White,35,25-60,50449.22,701,280619,Full-time,High School,Citizen,Fluent,No,No,Working Class Urban,Denied
3293,6660,Male,White,78,Over 60,225907.55,720,135587,Full-time,Bachelor's,Citizen,Fluent,No,No,High-income Suburban,Approved
3294,5254,Male,Asian,60,25-60,65864.59,655,56312,Self-employed,Bachelor's,Permanent Resident,Fluent,No,No,Historically Redlined,Denied
3295,2855,Male,White,27,25-60,117107.06,688,371396,Full-time,Bachelor's,Citizen,Fluent,No,No,Working Class Urban,Approved
3296,6033,Male,White,27,25-60,261533.35,794,67080,Self-employed,Bachelor's,Citizen,Fluent,No,No,High-income Suburban,Approved
3297,4135,Female,White,29,25-60,30334.72,602,78592,Full-time,Some College,Citizen,Fluent,No,No,Rural,Denied
3298,3308,Male,Asian,62,Over 60,74707.24,726,81417,Full-time,Graduate,Citizen,Fluent,No,No,Working Class Urban,Approved
3299,2770,Non-binary,Black,22,Under 25,169448.98,684,62261,Part-time,Bachelor's,Citizen,Fluent,No,No,Urban Professional,Approved
3300,2347,Male,White,57,25-60,88914.8,778,261222,Self-employed,Some College,Citizen,Fluent,No,No,Urban Professional,Approved
3301,6567,Female,White,33,25-60,142446.87,745,333901,Self-employed,Some College,Citizen,Fluent,No,No,High-income Suburban,Approved
3302,9916,Male,White,41,25-60,141905.76,773,291810,Full-time,Graduate,Citizen,Fluent,No,No,Working Class Urban,Approved
3303,3679,Female,White,57,25-60,223882.75,761,79900,Full-time,Bachelor's,Citizen,Fluent,No,No,High-income Suburban,Approved
3304,8149,Female,White,38,25-60,32318.9,663,126522,Full-time,High School,Citizen,Fluent,No,No,Historically Redlined,Denied
3305,7609,Female,White,34,25-60,46393.82,646,298196,Full-time,High School,Citizen,Fluent,No,No,Historically Redlined,Denied
3306,6581,Female,Hispanic,42,25-60,99343.28,764,409696,Full-time,High School,Citizen,Fluent,No,No,Urban Professional,Approved
3307,1635,Female,White,29,25-60,32703.96,636,387052,Full-time,High School,Citizen,Fluent,No,No,Rural,Denied
3308,7189,Male,White,20,Under 25,78626.95,539,307211,Gig,Some College,Citizen,Fluent,Yes,Yes,Urban Professional,Denied
3309,7298,Female,Black,75,Over 60,73985.54,734,251674,Full-time,High School,Citizen,Fluent,No,No,High-income Suburban,Approved
3310,4464,Female,Hispanic,25,25-60,107218.15,722,425240,Full-time,Graduate,Citizen,Fluent,No,No,Working Class Urban,Approved
3311,6046,Male,White,39,25-60,37527.0,653,92668,Full-time,Some College,Citizen,Fluent,No,No,Rural,Denied
3312,8411,Male,White,35,25-60,254342.14,758,430336,Full-time,Bachelor's,Citizen,Fluent,No,No,High-income Suburban,Approved
3313,3838,Female,White,53,25-60,103275.25,715,294300,Full-time,Some College,Citizen,Limited,No,No,High-income Suburban,Approved
3314,78,Male,White,21,Under 25,231587.79,625,101615,Self-employed,Graduate,Citizen,Fluent,No,No,High-income Suburban,Approved
3315,9449,Female,White,24,Under 25,217283.97,631,279256,Full-time,Graduate,Citizen,Fluent,No,No,Urban Professional,Approved
3316,6427,Female,White,81,Over 60,219077.66,744,396138,Full-time,Bachelor's,Citizen,Fluent,No,No,Urban Professional,Approved
3317,1349,Non-binary,White,45,25-60,197380.18,719,109788,Gig,Some College,Visa Holder,Fluent,No,No,High-income Suburban,Approved
3318,3466,Male,Asian,69,Over 60,87406.37,754,156906,Full-time,Bachelor's,Citizen,Fluent,No,No,Working Class Urban,Approved
3319,6935,Male,Hispanic,48,25-60,88324.59,654,324660,Full-time,Some College,Permanent Resident,Fluent,No,No,Urban Professional,Denied
3320,4187,Female,White,55,25-60,29356.21,564,176211,Full-time,Some College,Permanent Resident,Fluent,No,No,Working Class Urban,Denied
3321,3877,Male,Hispanic,64,Over 60,135853.09,790,201861,Full-time,Bachelor's,Visa Holder,Fluent,Yes,Yes,High-income Suburban,Approved
3322,4183,Female,White,28,25-60,40937.78,689,188415,Unemployed,High School,Permanent Resident,Fluent,No,No,Rural,Denied
3323,38,Non-binary,Hispanic,36,25-60,180581.14,695,254138,Full-time,Graduate,Citizen,Fluent,No,Yes,High-income Suburban,Approved
3324,7682,Female,White,52,25-60,112112.81,730,278009,Full-time,High School,Citizen,Fluent,No,No,Urban Professional,Approved
3325,7317,Non-binary,Hispanic,73,Over 60,36758.99,792,342220,Full-time,High School,Visa Holder,Fluent,No,No,Historically Redlined,Denied
3326,7874,Female,White,70,Over 60,30749.19,679,440014,Full-time,Some College,Permanent Resident,Limited,No,No,Rural,Approved
3327,8570,Female,Black,52,25-60,36762.11,655,246478,Full-time,Some College,Citizen,Limited,No,No,Historically Redlined,Approved
3328,3576,Male,White,81,Over 60,28159.65,690,273051,Full-time,High School,Citizen,Fluent,No,No,Rural,Approved
3329,8592,Male,Hispanic,65,Over 60,85138.09,777,302298,Full-time,Some College,Citizen,Fluent,No,No,High-income Suburban,Approved
3330,1885,Male,Black,48,25-60,89684.68,798,266128,Full-time,Some College,Citizen,Fluent,No,No,Urban Professional,Approved
3331,4112,Male,White,66,Over 60,42565.42,713,256535,Full-time,High School,Citizen,Fluent,No,No,Working Class Urban,Approved
3332,9959,Male,Black,31,25-60,38479.93,643,95194,Full-time,High School,Visa Holder,Limited,No,No,Working Class Urban,Approved
3333,400,Male,White,37,25-60,71958.73,607,75828,Full-time,High School,Citizen,Fluent,No,No,Urban Professional,Denied
3334,6219,Female,White,48,25-60,108670.09,704,269048,Self-employed,Some College,Permanent Resident,Fluent,No,No,High-income Suburban,Approved
3335,3398,Male,White,71,Over 60,141810.65,687,232568,Gig,Bachelor's,Citizen,Fluent,No,Yes,High-income Suburban,Approved
3336,310,Male,Black,30,25-60,89307.53,728,68656,Part-time,High School,Citizen,Fluent,Yes,No,Urban Professional,Approved
3337,678,Male,White,51,25-60,66057.5,653,255567,Gig,High School,Citizen,Limited,Yes,No,High-income Suburban,Denied
3338,6163,Female,White,46,25-60,27695.75,600,269343,Full-time,High School,Citizen,Fluent,No,No,Working Class Urban,Denied
3339,4184,Female,White,78,Over 60,84544.63,731,101603,Full-time,High School,Citizen,Fluent,No,No,Urban Professional,Denied
3340,5412,Male,Multiracial,33,25-60,165576.87,748,162210,Full-time,Bachelor's,Citizen,Fluent,No,No,High-income Suburban,Approved
3341,6693,Male,White,52,25-60,107631.02,714,392149,Full-time,Some College,Citizen,Limited,No,No,Urban Professional,Approved
3342,1860,Male,White,69,Over 60,167270.1,761,58008,Full-time,Bachelor's,Citizen,Fluent,No,No,Urban Professional,Approved
3343,4206,Female,White,67,Over 60,143363.19,762,57258,Full-time,Bachelor's,Citizen,Limited,No,No,High-income Suburban,Approved
3344,3772,Male,White,74,Over 60,115456.7,794,170844,Full-time,High School,Citizen,Fluent,Yes,No,High-income Suburban,Approved
3345,1536,Female,White,55,25-60,64364.66,677,370333,Part-time,Some College,Citizen,Fluent,No,No,Working Class Urban,Approved
3346,7161,Female,White,57,25-60,241898.67,679,226956,Gig,Graduate,Citizen,Fluent,No,No,High-income Suburban,Approved
3347,832,Female,White,22,Under 25,120866.29,654,408341,Full-time,High School,Citizen,Fluent,No,No,High-income Suburban,Denied
3348,2905,Male,White,75,Over 60,112111.82,779,202283,Full-time,High School,Permanent Resident,Fluent,No,No,High-income Suburban,Approved
3349,7062,Male,Asian,62,Over 60,263559.48,738,78581,Full-time,Graduate,Permanent Resident,Fluent,Yes,No,High-income Suburban,Approved
3350,1348,Male,White,56,25-60,40281.54,727,420496,Self-employed,High School,Citizen,Fluent,No,No,Working Class Urban,Denied
3351,807,Male,White,51,25-60,181909.5,666,191462,Self-employed,Graduate,Citizen,Fluent,No,No,Urban Professional,Approved
3352,7095,Male,Hispanic,35,25-60,78602.53,655,95794,Full-time,Some College,Citizen,Fluent,No,Yes,High-income Suburban,Denied
3353,4285,Female,White,42,25-60,98930.85,685,380589,Full-time,Some College,Citizen,Fluent,No,No,High-income Suburban,Approved
3354,2540,Male,White,53,25-60,36113.82,703,59439,Part-time,High School,Permanent Resident,Fluent,No,No,Working Class Urban,Denied
3355,6828,Male,Hispanic,70,Over 60,29627.39,637,397871,Full-time,High School,Citizen,Limited,No,No,Rural,Denied
3356,3854,Female,White,82,Over 60,122053.01,757,165147,Full-time,Some College,Citizen,Limited,No,No,Urban Professional,Approved
3357,2464,Male,White,29,25-60,52748.67,667,80533,Full-time,Some College,Citizen,Fluent,No,No,Working Class Urban,Denied
3358,5730,Male,White,18,Under 25,108203.14,618,253044,Full-time,Some College,Citizen,Fluent,No,No,Urban Professional,Denied
3359,9415,Female,White,35,25-60,85545.07,715,233833,Unemployed,High School,Citizen,Fluent,No,No,Urban Professional,Approved
3360,9481,Male,White,45,25-60,69159.44,622,378462,Full-time,Bachelor's,Visa Holder,Fluent,No,No,Working Class Urban,Denied
3361,723,Male,White,30,25-60,111856.69,728,314605,Part-time,Some College,Citizen,Fluent,No,No,Urban Professional,Approved
3362,6802,Male,Black,53,25-60,73866.98,622,416799,Self-employed,Some College,Citizen,Fluent,No,Yes,Urban Professional,Denied
3363,9372,Female,Black,28,25-60,116244.04,737,300059,Full-time,Some College,Citizen,Fluent,Yes,No,Urban Professional,Approved
3364,5755,Female,Hispanic,35,25-60,75828.03,692,130458,Part-time,Some College,Citizen,Limited,No,No,High-income Suburban,Approved
3365,1966,Female,White,74,Over 60,124512.09,760,245759,Full-time,Some College,Citizen,Fluent,No,No,High-income Suburban,Approved
3366,9404,Female,Hispanic,36,25-60,204425.77,659,181799,Full-time,Graduate,Citizen,Fluent,No,Yes,High-income Suburban,Denied
3367,8519,Female,White,67,Over 60,34145.37,699,394309,Part-time,High School,Citizen,Fluent,No,No,Historically Redlined,Denied
3368,1461,Male,White,47,25-60,72030.88,715,318529,Full-time,High School,Citizen,Limited,Yes,No,High-income Suburban,Approved
3369,9035,Female,Hispanic,81,Over 60,35635.02,660,421533,Full-time,Some College,Citizen,Limited,Yes,No,Working Class Urban,Denied
3370,401,Female,Hispanic,71,Over 60,46013.29,746,407446,Full-time,High School,Citizen,Fluent,Yes,No,Working Class Urban,Approved
3371,5468,Male,Asian,80,Over 60,59463.36,659,343365,Full-time,High School,Citizen,Fluent,No,No,Working Class Urban,Denied
3372,7808,Male,White,42,25-60,49526.04,688,92942,Full-time,Some College,Visa Holder,Fluent,No,No,Rural,Denied
3373,6034,Female,Asian,64,Over 60,67114.36,718,242590,Full-time,Some College,Citizen,Fluent,No,No,Working Class Urban,Approved
3374,4032,Male,White,31,25-60,31208.21,578,152777,Full-time,Some College,Citizen,Limited,No,No,Historically Redlined,Denied
3375,9953,Male,White,25,25-60,272899.02,728,438975,Full-time,Graduate,Citizen,Fluent,No,No,High-income Suburban,Approved
3376,1334,Female,Hispanic,59,25-60,278132.64,773,395954,Full-time,Graduate,Citizen,Fluent,No,No,High-income Suburban,Approved
3377,3508,Female,White,34,25-60,52143.9,699,312574,Full-time,Some College,Citizen,Fluent,No,No,Working Class Urban,Denied
3378,4203,Male,Hispanic,22,Under 25,100771.89,696,286941,Full-time,High School,Citizen,Fluent,No,No,Urban Professional,Approved
3379,428,Female,White,52,25-60,93962.36,680,171376,Full-time,Bachelor's,Citizen,Fluent,No,No,Working Class Urban,Approved
3380,7103,Male,Asian,75,Over 60,182916.81,701,360706,Gig,Graduate,Citizen,Limited,No,No,High-income Suburban,Approved
3381,4544,Female,Black,72,Over 60,67093.54,658,360221,Full-time,Some College,Citizen,Fluent,No,Yes,Urban Professional,Denied
3382,8459,Female,Asian,49,25-60,105755.98,666,387721,Part-time,Graduate,Citizen,Fluent,No,No,Working Class Urban,Denied
3383,3027,Female,White,57,25-60,162208.41,745,185300,Full-time,Some College,Citizen,Fluent,No,No,High-income Suburban,Approved
3384,4561,Male,White,37,25-60,134342.3,694,227388,Full-time,Some College,Citizen,Fluent,No,No,High-income Suburban,Approved
3385,9762,Female,White,73,Over 60,43893.13,744,57526,Full-time,Some College,Citizen,Fluent,No,No,Rural,Approved
3386,5944,Female,Hispanic,60,25-60,65053.36,610,372383,Full-time,Graduate,Citizen,Fluent,No,Yes,Rural,Denied
3387,8651,Female,White,63,Over 60,75646.72,714,84783,Full-time,High School,Citizen,Limited,No,No,Urban Professional,Approved
3388,7490,Female,White,44,25-60,101137.43,726,63501,Full-time,Bachelor's,Citizen,Fluent,No,No,Working Class Urban,Approved
3389,4674,Male,Hispanic,61,Over 60,40211.37,703,215198,Part-time,Some College,Citizen,Fluent,No,No,Rural,Approved
3390,3698,Male,White,47,25-60,136509.24,741,98641,Full-time,Bachelor's,Citizen,Fluent,No,No,High-income Suburban,Approved
3391,4720,Male,White,23,Under 25,111073.29,634,421458,Full-time,High School,Citizen,Fluent,No,No,High-income Suburban,Approved
3392,7529,Male,White,24,Under 25,69436.47,561,244119,Gig,Bachelor's,Citizen,Fluent,No,No,Working Class Urban,Denied
3393,9343,Male,Hispanic,25,25-60,49517.48,710,61701,Full-time,High School,Citizen,Fluent,No,No,Working Class Urban,Approved
3394,8184,Male,White,19,Under 25,34451.6,560,194749,Part-time,Some College,Citizen,Fluent,No,No,Rural,Denied
3395,4555,Female,Hispanic,41,25-60,87117.22,758,222371,Full-time,High School,Citizen,Fluent,No,No,Urban Professional,Approved
3396,2444,Female,White,73,Over 60,157440.46,804,315495,Full-time,Some College,Permanent Resident,Fluent,Yes,No,High-income Suburban,Approved
3397,8516,Female,White,66,Over 60,81635.83,740,234800,Full-time,Bachelor's,Citizen,Fluent,No,No,Rural,Approved
3398,932,Male,White,72,Over 60,168205.66,721,56549,Full-time,Bachelor's,Permanent Resident,Fluent,Yes,No,Urban Professional,Approved
3399,4625,Male,White,67,Over 60,250093.72,742,79812,Gig,Graduate,Citizen,Fluent,No,No,High-income Suburban,Approved
3400,6341,Male,Hispanic,33,25-60,37931.91,669,102483,Full-time,High School,Citizen,Fluent,No,No,Working Class Urban,Denied
3401,695,Female,White,26,25-60,107647.41,719,79138,Full-time,High School,Citizen,Fluent,Yes,No,High-income Suburban,Approved
3402,74,Male,White,59,25-60,38686.84,658,122719,Full-time,High School,Citizen,Fluent,No,No,Historically Redlined,Approved
3403,8576,Female,Hispanic,54,25-60,111456.13,771,69021,Part-time,High School,Citizen,Fluent,No,No,High-income Suburban,Approved
3404,8668,Male,White,39,25-60,130923.0,734,256666,Full-time,Graduate,Permanent Resident,Fluent,No,No,Working Class Urban,Approved
3405,7067,Female,Hispanic,44,25-60,134119.47,715,400498,Full-time,Some College,Citizen,Fluent,No,No,Urban Professional,Approved
3406,1646,Female,White,74,Over 60,98607.75,752,90180,Self-employed,Bachelor's,Citizen,Fluent,No,Yes,High-income Suburban,Denied
3407,2690,Male,Black,73,Over 60,71073.36,698,194015,Self-employed,High School,Permanent Resident,Fluent,No,No,Urban Professional,Approved
3408,2760,Female,White,64,Over 60,43094.62,798,58024,Part-time,Some College,Citizen,Fluent,No,No,Historically Redlined,Approved
3409,2928,Female,White,44,25-60,162555.47,691,193001,Full-time,Graduate,Citizen,Limited,No,No,High-income Suburban,Approved
3410,9564,Male,White,33,25-60,61066.17,662,434116,Self-employed,High School,Citizen,Fluent,No,No,Working Class Urban,Denied
3411,9423,Male,Black,77,Over 60,63300.05,689,71472,Gig,Bachelor's,Citizen,Fluent,No,No,Working Class Urban,Approved
3412,515,Male,White,57,25-60,122456.75,738,200407,Full-time,Graduate,Citizen,Fluent,No,No,Working Class Urban,Approved
3413,1244,Female,White,39,25-60,32274.71,638,284142,Self-employed,High School,Citizen,Fluent,No,No,Working Class Urban,Denied
3414,4817,Male,Black,79,Over 60,38295.01,709,368087,Full-time,High School,Visa Holder,Fluent,No,No,Historically Redlined,Approved
3415,6921,Female,Hispanic,33,25-60,143589.67,696,192547,Full-time,Some College,Citizen,Fluent,No,No,Urban Professional,Approved
3416,5592,Female,White,74,Over 60,113334.09,759,203524,Full-time,Graduate,Citizen,Fluent,No,No,Historically Redlined,Approved
3417,8673,Female,White,59,25-60,49114.77,667,199412,Self-employed,High School,Citizen,Fluent,No,No,Working Class Urban,Denied
3418,1807,Male,Asian,33,25-60,227370.56,724,97102,Full-time,Graduate,Citizen,Fluent,No,No,Urban Professional,Approved
3419,882,Female,White,42,25-60,87636.1,729,155270,Part-time,Some College,Citizen,Fluent,No,No,Urban Professional,Denied
3420,2802,Female,White,39,25-60,41360.0,624,83569,Full-time,Some College,Citizen,Fluent,No,No,Rural,Approved
3421,2728,Female,White,36,25-60,59805.3,631,368143,Full-time,Some College,Visa Holder,Fluent,No,No,Working Class Urban,Denied
3422,2965,Male,White,20,Under 25,107567.05,687,290116,Self-employed,Graduate,Citizen,Fluent,No,No,Working Class Urban,Approved
3423,9798,Male,Hispanic,61,Over 60,85637.17,799,300082,Full-time,Some College,Permanent Resident,Fluent,No,Yes,High-income Suburban,Denied
3424,5627,Male,Black,76,Over 60,45063.16,707,325807,Self-employed,Bachelor's,Citizen,Limited,No,No,Historically Redlined,Denied
3425,4240,Male,White,46,25-60,126646.56,722,361938,Full-time,Some College,Citizen,Fluent,No,No,High-income Suburban,Approved
3426,5930,Female,Hispanic,44,25-60,64929.78,662,350486,Full-time,Some College,Citizen,Limited,No,No,High-income Suburban,Approved
3427,6958,Male,Multiracial,48,25-60,64808.15,764,198420,Full-time,High School,Citizen,Limited,No,No,Urban Professional,Approved
3428,115,Male,White,35,25-60,87741.07,726,215561,Full-time,High School,Citizen,Fluent,No,No,Urban Professional,Approved
3429,4301,Female,White,20,Under 25,197061.44,631,285422,Full-time,Some College,Citizen,Fluent,Yes,No,High-income Suburban,Denied
3430,7441,Male,White,73,Over 60,40718.63,628,87607,Self-employed,Some College,Permanent Resident,Fluent,No,Yes,Working Class Urban,Denied
3431,5611,Male,White,68,Over 60,39583.8,678,314208,Part-time,High School,Citizen,Fluent,No,No,Historically Redlined,Approved
3432,4079,Female,White,46,25-60,109367.57,704,231720,Part-time,Graduate,Citizen,Fluent,No,No,Rural,Approved
3433,1934,Male,White,45,25-60,152784.62,677,51162,Full-time,Graduate,Permanent Resident,Fluent,No,No,Working Class Urban,Approved
3434,2262,Male,White,79,Over 60,188943.42,780,336238,Full-time,Bachelor's,Citizen,Fluent,No,No,Urban Professional,Approved
3435,6631,Male,White,40,25-60,58957.04,664,367825,Gig,Graduate,Citizen,Fluent,No,No,Historically Redlined,Denied
3436,1865,Female,White,58,25-60,69601.69,664,176657,Gig,High School,Citizen,Fluent,No,Yes,High-income Suburban,Approved
3437,9711,Female,Multiracial,64,Over 60,38709.52,740,381949,Part-time,High School,Citizen,Fluent,No,No,Historically Redlined,Approved
3438,2608,Female,White,45,25-60,39903.34,695,143267,Self-employed,High School,Permanent Resident,Fluent,No,No,Working Class Urban,Approved
3439,892,Female,Asian,31,25-60,168409.5,768,180223,Full-time,Graduate,Permanent Resident,Fluent,No,No,Urban Professional,Approved
3440,9915,Female,White,65,Over 60,94694.17,806,243785,Full-time,Bachelor's,Visa Holder,Fluent,No,No,Working Class Urban,Approved
3441,5421,Female,White,18,Under 25,40066.11,620,137730,Part-time,Some College,Citizen,Fluent,No,No,Working Class Urban,Approved
3442,8695,Female,Hispanic,23,Under 25,20154.23,529,151114,Full-time,High School,Citizen,Limited,No,No,Rural,Denied
3443,4928,Male,White,30,25-60,129285.35,790,341556,Full-time,Some College,Citizen,Fluent,No,No,High-income Suburban,Approved
3444,5433,Female,White,46,25-60,38063.61,674,50140,Full-time,High School,Citizen,Fluent,No,No,Working Class Urban,Approved
3445,7179,Male,White,59,25-60,122773.54,671,306358,Full-time,Some College,Citizen,Fluent,Yes,No,Urban Professional,Approved
3446,5654,Female,White,34,25-60,92850.44,690,314280,Full-time,High School,Citizen,Fluent,No,No,High-income Suburban,Approved
3447,25,Male,White,30,25-60,200020.99,770,63297,Full-time,Graduate,Citizen,Fluent,No,No,Urban Professional,Approved
3448,3710,Female,Hispanic,23,Under 25,288523.27,642,136254,Part-time,Graduate,Citizen,Fluent,No,No,High-income Suburban,Denied
3449,7015,Male,Hispanic,79,Over 60,46415.24,726,217432,Full-time,High School,Citizen,Fluent,Yes,No,Working Class Urban,Denied
3450,1052,Female,White,43,25-60,44406.68,666,327518,Full-time,Bachelor's,Citizen,Limited,No,No,Working Class Urban,Denied
3451,3800,Female,Hispanic,45,25-60,44787.19,682,151628,Full-time,Some College,Citizen,Fluent,No,No,Working Class Urban,Approved
3452,1137,Female,Hispanic,41,25-60,161158.46,746,390409,Full-time,Bachelor's,Citizen,Fluent,No,No,Urban Professional,Approved
3453,6351,Female,White,73,Over 60,99543.04,790,429066,Full-time,Bachelor's,Permanent Resident,Fluent,No,No,Urban Professional,Approved
3454,4947,Female,White,54,25-60,168942.32,712,132895,Gig,Bachelor's,Permanent Resident,Fluent,No,No,Urban Professional,Approved
3455,3651,Female,White,45,25-60,34981.25,585,245491,Full-time,High School,Citizen,Limited,No,No,Rural,Denied
3456,8916,Female,Hispanic,28,25-60,53908.22,690,323690,Full-time,High School,Citizen,Fluent,No,No,Working Class Urban,Approved
3457,8865,Female,White,18,Under 25,94872.36,694,301776,Full-time,Some College,Citizen,Fluent,No,No,Urban Professional,Denied
3458,1937,Male,Hispanic,54,25-60,43254.36,663,133145,Full-time,Some College,Citizen,Limited,No,No,Working Class Urban,Denied
3459,6566,Male,Black,21,Under 25,38662.22,541,245046,Self-employed,Some College,Citizen,Fluent,No,No,Working Class Urban,Denied
3460,2383,Female,Black,39,25-60,75698.38,665,149235,Full-time,High School,Citizen,Limited,No,No,Urban Professional,Approved
3461,4755,Male,Hispanic,33,25-60,127369.98,653,216831,Gig,High School,Visa Holder,Fluent,No,No,High-income Suburban,Approved
3462,2790,Male,White,47,25-60,15909.44,592,61172,Full-time,High School,Permanent Resident,Limited,No,Yes,Working Class Urban,Denied
3463,6458,Male,White,69,Over 60,54178.98,662,437496,Full-time,Some College,Visa Holder,Fluent,No,No,Working Class Urban,Denied
3464,7300,Female,White,51,25-60,84017.11,749,156613,Full-time,High School,Citizen,Fluent,No,No,High-income Suburban,Approved
3465,4300,Male,White,24,Under 25,100488.29,651,316914,Full-time,High School,Citizen,Fluent,No,No,Urban Professional,Denied
3466,7146,Female,Hispanic,73,Over 60,24454.04,707,382875,Full-time,High School,Citizen,Limited,No,No,Historically Redlined,Approved
3467,6278,Male,White,39,25-60,49214.87,666,59751,Full-time,High School,Citizen,Fluent,Yes,No,Working Class Urban,Denied
3468,7295,Male,Multiracial,54,25-60,208274.43,736,150836,Part-time,Bachelor's,Permanent Resident,Fluent,No,No,High-income Suburban,Approved
3469,3056,Female,White,28,25-60,35673.45,663,345626,Full-time,High School,Citizen,Fluent,No,No,Historically Redlined,Denied
3470,5634,Male,White,73,Over 60,23067.33,656,114086,Full-time,High School,Citizen,Limited,No,Yes,Rural,Denied
3471,8855,Male,White,33,25-60,48999.48,626,403805,Full-time,Graduate,Citizen,Limited,No,No,Rural,Approved
3472,1480,Female,White,40,25-60,96388.51,740,304557,Full-time,Some College,Permanent Resident,Fluent,No,No,Urban Professional,Approved
3473,3739,Male,White,20,Under 25,116081.98,661,120517,Full-time,High School,Citizen,Fluent,Yes,No,High-income Suburban,Approved
3474,6164,Male,White,72,Over 60,113227.71,720,86222,Full-time,Graduate,Citizen,Fluent,Yes,No,Working Class Urban,Approved
3475,7711,Male,White,25,25-60,28814.9,704,275274,Part-time,Some College,Citizen,Limited,No,No,Rural,Denied
3476,3863,Female,White,63,Over 60,76703.39,712,50788,Gig,Some College,Citizen,Limited,No,No,High-income Suburban,Approved
3477,8175,Female,Hispanic,30,25-60,53363.73,599,270806,Full-time,Some College,Citizen,Fluent,No,No,Historically Redlined,Denied
3478,6582,Female,White,51,25-60,53424.3,648,281832,Full-time,Some College,Citizen,Fluent,No,No,Working Class Urban,Denied
3479,3368,Female,White,69,Over 60,95911.45,677,153866,Full-time,Bachelor's,Citizen,Fluent,No,No,Working Class Urban,Approved
3480,3400,Male,White,20,Under 25,67683.51,645,296291,Full-time,Bachelor's,Citizen,Fluent,No,No,Rural,Denied
3481,1763,Male,White,70,Over 60,47419.52,716,83325,Full-time,High School,Citizen,Fluent,No,No,Working Class Urban,Approved
3482,1683,Male,White,38,25-60,53036.71,686,244950,Full-time,High School,Citizen,Fluent,No,No,Rural,Approved
3483,9439,Male,Hispanic,25,25-60,107010.6,705,347166,Full-time,Bachelor's,Citizen,Limited,No,No,High-income Suburban,Approved
3484,2850,Male,Black,58,25-60,51076.46,621,301742,Full-time,High School,Citizen,Fluent,No,No,Rural,Denied
3485,6234,Male,White,77,Over 60,102406.91,739,239409,Full-time,Some College,Citizen,Fluent,Yes,No,Urban Professional,Approved
3486,4621,Female,Asian,61,Over 60,119376.25,741,281879,Full-time,Bachelor's,Permanent Resident,Fluent,No,No,High-income Suburban,Approved
3487,5121,Female,White,82,Over 60,79699.14,712,235719,Gig,High School,Permanent Resident,Fluent,Yes,No,Urban Professional,Denied
3488,1879,Male,White,36,25-60,49345.5,663,295227,Self-employed,High School,Permanent Resident,Fluent,No,No,Working Class Urban,Approved
3489,7319,Male,White,68,Over 60,96800.47,731,275840,Part-time,High School,Citizen,Fluent,No,No,High-income Suburban,Approved
3490,8366,Female,Black,67,Over 60,74324.65,717,187691,Part-time,Bachelor's,Citizen,Fluent,No,No,Rural,Approved
3491,4507,Male,White,55,25-60,60834.85,685,108068,Gig,Bachelor's,Citizen,Limited,No,No,Working Class Urban,Approved
3492,6251,Male,White,57,25-60,66739.8,666,363385,Full-time,Bachelor's,Citizen,Fluent,No,No,Working Class Urban,Denied
3493,8269,Male,White,22,Under 25,257213.01,623,438177,Unemployed,Bachelor's,Permanent Resident,Fluent,No,No,High-income Suburban,Approved
3494,6156,Male,Black,57,25-60,30754.67,568,96806,Full-time,High School,Citizen,Fluent,No,Yes,Working Class Urban,Denied
3495,6481,Male,White,75,Over 60,70673.75,743,164844,Self-employed,Bachelor's,Citizen,Limited,No,No,Working Class Urban,Approved
3496,5329,Male,White,23,Under 25,143586.19,719,86406,Self-employed,Bachelor's,Citizen,Fluent,No,No,Urban Professional,Approved
3497,2417,Female,White,82,Over 60,208125.91,800,129986,Full-time,Graduate,Permanent Resident,Fluent,No,No,High-income Suburban,Approved
3498,8969,Male,Hispanic,71,Over 60,47667.7,701,158795,Full-time,High School,Citizen,Fluent,Yes,No,Working Class Urban,Approved
3499,1886,Female,Hispanic,20,Under 25,38910.49,599,115230,Full-time,High School,Citizen,Fluent,Yes,No,Working Class Urban,Approved
3500,8798,Male,White,79,Over 60,217153.62,785,433135,Full-time,Bachelor's,Citizen,Fluent,No,No,Urban Professional,Approved
3501,3645,Non-binary,Black,34,25-60,54769.36,674,136259,Full-time,Some College,Citizen,Limited,Yes,No,Urban Professional,Approved
3502,7589,Female,White,73,Over 60,161166.02,742,347163,Full-time,Bachelor's,Permanent Resident,Fluent,No,No,Urban Professional,Approved
3503,420,Female,Black,18,Under 25,174832.93,648,308335,Full-time,Some College,Citizen,Fluent,No,No,High-income Suburban,Approved
3504,9299,Female,White,31,25-60,104242.5,658,258251,Full-time,Some College,Visa Holder,Fluent,No,No,Urban Professional,Approved
3505,8926,Male,White,30,25-60,18722.11,625,246492,Full-time,High School,Citizen,Fluent,No,Yes,Working Class Urban,Denied
3506,5742,Female,Hispanic,30,25-60,49237.31,661,275494,Full-time,High School,Citizen,Fluent,No,No,Rural,Approved
3507,811,Male,Hispanic,40,25-60,29765.93,567,405028,Full-time,High School,Citizen,Fluent,No,Yes,Working Class Urban,Denied
3508,7114,Male,Asian,79,Over 60,69872.8,725,148440,Full-time,Bachelor's,Citizen,Fluent,No,No,Historically Redlined,Approved
3509,7437,Male,Black,33,25-60,36944.79,706,404487,Full-time,High School,Citizen,Fluent,No,No,Working Class Urban,Approved
3510,8963,Male,White,65,Over 60,36229.7,729,352887,Part-time,High School,Citizen,Fluent,No,No,Working Class Urban,Denied
3511,2778,Female,White,46,25-60,164498.41,728,238348,Full-time,Graduate,Citizen,Fluent,No,No,Working Class Urban,Approved
3512,9805,Male,Black,30,25-60,37951.36,659,127912,Part-time,Some College,Permanent Resident,Fluent,No,No,Working Class Urban,Denied
3513,4341,Female,Hispanic,57,25-60,63858.07,676,220547,Full-time,Bachelor's,Citizen,Limited,Yes,No,Rural,Approved
3514,6557,Female,White,74,Over 60,33573.83,624,396194,Full-time,High School,Citizen,Fluent,Yes,No,Working Class Urban,Denied
3515,2924,Male,White,27,25-60,56857.71,682,359155,Full-time,High School,Citizen,Fluent,No,No,Working Class Urban,Approved
3516,1290,Male,Black,75,Over 60,42529.14,735,337699,Full-time,High School,Citizen,Fluent,No,No,Working Class Urban,Denied
3517,6914,Male,White,18,Under 25,231695.39,662,194117,Full-time,Graduate,Permanent Resident,Fluent,No,No,Urban Professional,Approved
3518,4125,Male,White,30,25-60,122758.41,696,343364,Full-time,Some College,Citizen,Fluent,No,No,High-income Suburban,Approved
3519,9697,Male,White,22,Under 25,79975.19,592,66571,Full-time,Bachelor's,Citizen,Fluent,No,No,Working Class Urban,Approved
3520,2609,Female,White,18,Under 25,44812.09,603,105858,Gig,High School,Citizen,Fluent,No,No,Working Class Urban,Denied
3521,7081,Female,White,65,Over 60,49753.97,691,95601,Full-time,High School,Citizen,Fluent,No,No,Working Class Urban,Denied
3522,5418,Male,White,25,25-60,51576.75,732,237074,Full-time,Some College,Citizen,Fluent,No,No,Working Class Urban,Denied
3523,5740,Female,White,38,25-60,44162.89,647,202418,Full-time,Some College,Citizen,Fluent,No,No,Working Class Urban,Denied
3524,9216,Male,White,25,25-60,102391.27,687,136333,Full-time,High School,Citizen,Fluent,No,No,High-income Suburban,Approved
3525,5133,Male,White,54,25-60,118638.47,688,342349,Full-time,Bachelor's,Citizen,Limited,No,No,Urban Professional,Approved
3526,9161,Female,Black,78,Over 60,52638.1,700,169763,Gig,High School,Citizen,Fluent,No,No,Working Class Urban,Denied
3527,8589,Female,White,55,25-60,174616.7,742,333242,Gig,Bachelor's,Citizen,Limited,No,No,High-income Suburban,Approved
3528,314,Male,White,63,Over 60,432255.43,790,123826,Full-time,Graduate,Citizen,Fluent,Yes,No,High-income Suburban,Approved
3529,4405,Male,White,43,25-60,297147.95,722,104212,Full-time,Graduate,Citizen,Fluent,No,No,High-income Suburban,Approved
3530,1817,Male,Hispanic,29,25-60,38851.3,679,73547,Part-time,High School,Citizen,Fluent,No,No,Rural,Approved
3531,669,Female,White,66,Over 60,237847.23,789,57796,Full-time,Bachelor's,Citizen,Fluent,No,No,High-income Suburban,Approved
3532,5479,Male,White,33,25-60,98869.29,772,64790,Full-time,High School,Citizen,Fluent,Yes,No,Urban Professional,Approved
3533,6172,Male,White,51,25-60,104469.68,759,73924,Part-time,Graduate,Citizen,Fluent,No,No,Working Class Urban,Approved
3534,301,Female,Hispanic,39,25-60,60940.49,667,121253,Full-time,Some College,Citizen,Fluent,No,No,Rural,Approved
3535,1672,Female,Asian,20,Under 25,78705.15,601,181223,Unemployed,Bachelor's,Citizen,Fluent,No,No,Historically Redlined,Denied
3536,42,Male,White,20,Under 25,26635.72,528,306865,Part-time,High School,Citizen,Fluent,No,Yes,Working Class Urban,Denied
3537,320,Female,Hispanic,38,25-60,83000.17,690,75897,Full-time,Bachelor's,Citizen,Fluent,No,No,Rural,Approved
3538,3690,Female,White,28,25-60,66605.06,672,251532,Full-time,Bachelor's,Permanent Resident,Limited,No,No,Working Class Urban,Approved
3539,4034,Male,Black,75,Over 60,56976.99,671,297970,Full-time,Some College,Citizen,Limited,No,Yes,Urban Professional,Approved
3540,509,Female,White,43,25-60,76797.43,721,188169,Full-time,Bachelor's,Citizen,Fluent,No,No,Working Class Urban,Approved
3541,3894,Male,White,37,25-60,102453.4,753,359528,Part-time,High School,Citizen,Fluent,No,No,Urban Professional,Approved
3542,2281,Female,White,73,Over 60,81351.38,775,407643,Full-time,Bachelor's,Citizen,Fluent,No,No,Rural,Approved
3543,4967,Male,Black,63,Over 60,85344.62,849,139016,Full-time,High School,Citizen,Limited,No,No,High-income Suburban,Approved
3544,6420,Female,Black,49,25-60,42249.33,645,121201,Full-time,High School,Citizen,Fluent,Yes,No,Working Class Urban,Approved
3545,8492,Male,Black,40,25-60,63982.77,688,389165,Self-employed,Bachelor's,Visa Holder,Fluent,No,No,Historically Redlined,Approved
3546,2642,Female,Multiracial,51,25-60,86023.96,724,211515,Full-time,Bachelor's,Citizen,Fluent,No,No,Working Class Urban,Approved
3547,311,Female,White,34,25-60,142086.95,721,428014,Full-time,Some College,Citizen,Fluent,No,No,Urban Professional,Approved
3548,9118,Female,White,63,Over 60,200723.63,772,384672,Full-time,Bachelor's,Visa Holder,Fluent,Yes,No,High-income Suburban,Approved
3549,449,Male,White,77,Over 60,35326.28,771,416311,Full-time,Some College,Citizen,Fluent,No,No,Historically Redlined,Approved
3550,1173,Male,White,44,25-60,184332.27,748,98790,Gig,Some College,Permanent Resident,Fluent,No,No,High-income Suburban,Approved
3551,6920,Female,White,74,Over 60,155059.68,763,446715,Part-time,Bachelor's,Citizen,Fluent,No,No,High-income Suburban,Approved
3552,5214,Non-binary,Hispanic,28,25-60,50711.75,663,444175,Self-employed,High School,Citizen,Fluent,No,No,Rural,Denied
3553,5632,Male,Black,76,Over 60,57342.0,738,144404,Part-time,High School,Citizen,Fluent,No,No,Working Class Urban,Approved
3554,3385,Female,Hispanic,76,Over 60,154426.5,800,99680,Gig,Some College,Citizen,Fluent,No,No,Urban Professional,Approved
3555,185,Female,White,70,Over 60,90352.01,730,273902,Part-time,Some College,Citizen,Fluent,No,No,Urban Professional,Approved
3556,6452,Male,White,39,25-60,302890.01,709,80366,Full-time,Graduate,Citizen,Fluent,No,No,Urban Professional,Approved
3557,190,Female,White,60,25-60,73417.33,688,120379,Full-time,Bachelor's,Citizen,Fluent,No,No,Working Class Urban,Approved
3558,5790,Female,White,54,25-60,75442.54,654,123994,Unemployed,High School,Citizen,Limited,No,No,Urban Professional,Approved
3559,8094,Female,Hispanic,39,25-60,145325.95,653,296278,Full-time,Bachelor's,Permanent Resident,Fluent,No,Yes,High-income Suburban,Denied
3560,9899,Male,White,49,25-60,147385.62,720,390099,Part-time,High School,Citizen,Fluent,No,No,High-income Suburban,Approved
3561,8055,Female,White,69,Over 60,285724.71,771,220591,Gig,Graduate,Citizen,Fluent,No,No,High-income Suburban,Approved
3562,9148,Male,White,63,Over 60,124938.99,753,293055,Full-time,High School,Citizen,Fluent,No,No,High-income Suburban,Approved
3563,6059,Male,White,65,Over 60,129731.56,806,88113,Full-time,Some College,Citizen,Fluent,Yes,No,High-income Suburban,Approved
3564,1165,Female,Hispanic,74,Over 60,47028.36,712,280711,Gig,High School,Citizen,Fluent,No,No,Working Class Urban,Denied
3565,4126,Male,White,29,25-60,127959.87,770,392179,Part-time,Some College,Permanent Resident,Fluent,No,No,Urban Professional,Approved
3566,6459,Female,Asian,59,25-60,173062.28,707,250811,Self-employed,Some College,Citizen,Fluent,No,No,High-income Suburban,Approved
3567,8266,Male,Hispanic,67,Over 60,58831.6,716,399385,Full-time,High School,Citizen,Limited,No,No,Urban Professional,Approved
3568,5020,Female,White,65,Over 60,43772.64,707,390576,Full-time,Some College,Citizen,Fluent,Yes,No,Working Class Urban,Approved
3569,566,Female,White,46,25-60,298350.79,697,424783,Full-time,Graduate,Permanent Resident,Fluent,No,No,High-income Suburban,Approved
3570,6183,Female,Black,56,25-60,37963.97,685,222617,Self-employed,High School,Citizen,Fluent,No,No,Working Class Urban,Denied
3571,3841,Female,White,73,Over 60,174899.12,815,134674,Full-time,Bachelor's,Permanent Resident,Limited,No,No,High-income Suburban,Approved
3572,5682,Male,White,55,25-60,118600.12,704,382501,Full-time,Some College,Citizen,Fluent,No,No,Urban Professional,Approved
3573,7905,Male,White,21,Under 25,135727.9,691,353865,Self-employed,Graduate,Citizen,Fluent,No,No,Working Class Urban,Approved
3574,1269,Female,White,76,Over 60,56790.69,768,175441,Part-time,Bachelor's,Citizen,Fluent,No,No,Rural,Approved
3575,3298,Female,Hispanic,30,25-60,28104.99,631,174898,Full-time,High School,Citizen,Limited,Yes,No,Working Class Urban,Denied
3576,7237,Female,Hispanic,36,25-60,78883.75,677,127396,Self-employed,Bachelor's,Citizen,Fluent,No,No,Rural,Approved
3577,1094,Non-binary,Black,55,25-60,159955.7,727,243251,Full-time,Bachelor's,Visa Holder,Fluent,Yes,No,Urban Professional,Approved
3578,2358,Female,Hispanic,70,Over 60,98329.93,782,293920,Part-time,High School,Citizen,Fluent,No,No,High-income Suburban,Approved
3579,9441,Male,Black,40,25-60,154103.22,779,164771,Gig,Some College,Visa Holder,Fluent,No,No,Urban Professional,Approved
3580,3165,Male,Hispanic,29,25-60,156896.75,661,80941,Full-time,Bachelor's,Citizen,Fluent,No,No,Urban Professional,Approved
3581,9655,Female,Hispanic,73,Over 60,106236.19,814,326648,Part-time,Some College,Citizen,Fluent,No,No,High-income Suburban,Approved
3582,6043,Male,Hispanic,35,25-60,110156.09,690,117181,Full-time,High School,Visa Holder,Fluent,No,No,Urban Professional,Approved
3583,5111,Female,White,61,Over 60,210355.46,772,189885,Full-time,Bachelor's,Permanent Resident,Fluent,No,No,High-income Suburban,Approved
3584,7712,Female,White,37,25-60,88022.3,737,351811,Self-employed,Some College,Citizen,Limited,No,No,High-income Suburban,Approved
3585,209,Female,White,23,Under 25,30458.51,484,252208,Full-time,Bachelor's,Citizen,Fluent,No,Yes,Rural,Denied
3586,4037,Female,Hispanic,81,Over 60,79433.81,738,418167,Full-time,High School,Citizen,Fluent,No,No,Urban Professional,Approved
3587,551,Male,White,19,Under 25,74758.6,595,421461,Part-time,Some College,Visa Holder,Limited,No,No,High-income Suburban,Approved
3588,5093,Male,White,26,25-60,150529.64,697,300978,Full-time,Bachelor's,Citizen,Fluent,No,No,Urban Professional,Approved
3589,3212,Male,Hispanic,60,25-60,31433.99,553,353334,Full-time,Some College,Citizen,Fluent,No,Yes,Rural,Denied
3590,7588,Male,White,69,Over 60,126788.0,755,284315,Full-time,Some College,Citizen,Fluent,No,No,Urban Professional,Approved
3591,1174,Female,Hispanic,40,25-60,86655.17,744,144140,Gig,Bachelor's,Citizen,Fluent,No,No,Historically Redlined,Approved
3592,4158,Female,White,44,25-60,161716.99,719,250925,Full-time,Some College,Citizen,Fluent,No,No,High-income Suburban,Approved
3593,4241,Male,Hispanic,23,Under 25,35918.82,553,149460,Full-time,High School,Visa Holder,Fluent,No,No,Rural,Denied
3594,4107,Male,White,27,25-60,88942.95,661,85611,Full-time,Graduate,Citizen,Fluent,No,No,Working Class Urban,Denied
3595,8840,Female,White,64,Over 60,52309.85,755,204382,Full-time,Some College,Citizen,Fluent,No,No,Rural,Approved
3596,2750,Male,White,24,Under 25,90885.23,663,235675,Full-time,Graduate,Citizen,Fluent,No,No,Rural,Denied
3597,5969,Male,White,78,Over 60,56306.98,758,290694,Full-time,Some College,Citizen,Fluent,No,No,Rural,Approved
3598,9261,Male,White,54,25-60,162645.13,709,231685,Full-time,Bachelor's,Citizen,Fluent,No,No,Urban Professional,Approved
3599,1892,Male,White,22,Under 25,171047.6,584,82615,Full-time,Bachelor's,Permanent Resident,Fluent,No,No,Urban Professional,Approved
3600,4005,Male,Black,24,Under 25,61844.92,559,87886,Full-time,High School,Citizen,Fluent,No,Yes,Urban Professional,Denied
3601,9036,Male,White,23,Under 25,119783.98,688,315448,Gig,High School,Citizen,Fluent,No,No,Urban Professional,Approved
3602,6909,Male,White,36,25-60,42399.07,662,358536,Full-time,Some College,Citizen,Fluent,No,No,Historically Redlined,Approved
3603,5456,Non-binary,White,55,25-60,147284.77,746,412364,Full-time,Bachelor's,Citizen,Fluent,No,No,High-income Suburban,Approved
3604,2461,Male,White,80,Over 60,41213.03,698,238239,Full-time,High School,Citizen,Fluent,No,No,Working Class Urban,Denied
3605,7706,Male,Black,39,25-60,57024.76,651,178088,Full-time,High School,Citizen,Limited,No,No,Urban Professional,Approved
3606,9470,Female,Hispanic,29,25-60,78579.97,609,204949,Full-time,Some College,Citizen,Fluent,No,Yes,High-income Suburban,Denied
3607,3013,Female,White,42,25-60,102916.19,644,248664,Full-time,Bachelor's,Permanent Resident,Fluent,No,No,Working Class Urban,Approved
3608,7578,Female,Hispanic,35,25-60,81893.65,718,106052,Full-time,Bachelor's,Permanent Resident,Fluent,No,No,Working Class Urban,Approved
3609,2500,Male,White,25,25-60,31275.97,597,446750,Full-time,High School,Citizen,Fluent,No,No,Working Class Urban,Denied
3610,7475,Male,Asian,31,25-60,95576.63,728,286917,Full-time,Some College,Citizen,Fluent,No,No,Urban Professional,Approved
3611,8130,Female,Hispanic,62,Over 60,97853.81,743,414329,Self-employed,High School,Citizen,Fluent,No,No,Urban Professional,Approved
3612,4113,Female,White,48,25-60,66879.28,681,177593,Full-time,Bachelor's,Citizen,Fluent,Yes,No,Working Class Urban,Approved
3613,8693,Male,White,37,25-60,39821.81,693,64789,Full-time,High School,Citizen,Fluent,No,No,Rural,Denied
3614,3373,Female,White,25,25-60,61853.99,651,220784,Gig,Bachelor's,Permanent Resident,Fluent,No,No,Rural,Denied
3615,1177,Non-binary,Hispanic,77,Over 60,99192.85,735,152340,Gig,High School,Citizen,Fluent,Yes,No,Urban Professional,Denied
3616,4780,Male,White,79,Over 60,172322.37,818,156386,Part-time,Some College,Citizen,Fluent,Yes,No,High-income Suburban,Approved
3617,2130,Male,White,79,Over 60,84316.41,736,273072,Full-time,Bachelor's,Citizen,Fluent,No,No,Working Class Urban,Approved
3618,3668,Male,White,72,Over 60,59410.07,640,289788,Full-time,High School,Permanent Resident,Limited,No,Yes,High-income Suburban,Approved
3619,8671,Male,Hispanic,37,25-60,46478.6,714,294531,Full-time,High School,Citizen,Fluent,No,No,Working Class Urban,Approved
3620,3757,Male,White,54,25-60,164075.65,699,392203,Full-time,Bachelor's,Citizen,Limited,No,No,High-income Suburban,Approved
3621,2488,Male,Hispanic,23,Under 25,198732.48,686,167914,Full-time,Bachelor's,Citizen,Fluent,Yes,No,High-income Suburban,Approved
3622,831,Female,White,28,25-60,66593.65,591,393185,Full-time,Bachelor's,Citizen,Fluent,No,No,Working Class Urban,Denied
3623,2604,Female,Black,35,25-60,45512.43,674,136584,Full-time,High School,Citizen,Fluent,No,No,Working Class Urban,Approved
3624,2811,Male,Asian,81,Over 60,276073.94,737,440964,Part-time,Graduate,Citizen,Fluent,No,No,High-income Suburban,Approved
3625,9348,Female,Asian,22,Under 25,262768.34,666,284216,Full-time,Graduate,Citizen,Fluent,No,No,Urban Professional,Approved
3626,6123,Female,Hispanic,56,25-60,36833.91,715,219381,Part-time,High School,Citizen,Fluent,No,No,Working Class Urban,Approved
3627,3090,Female,White,51,25-60,206452.63,763,421669,Self-employed,Bachelor's,Citizen,Fluent,No,No,Urban Professional,Approved
3628,1567,Male,White,46,25-60,154916.61,735,148922,Gig,Some College,Citizen,Fluent,Yes,No,High-income Suburban,Approved
3629,2429,Female,Hispanic,51,25-60,222982.34,725,290992,Full-time,Bachelor's,Citizen,Fluent,No,No,High-income Suburban,Approved
3630,786,Female,White,39,25-60,223285.93,702,389028,Full-time,Graduate,Citizen,Fluent,No,No,Urban Professional,Approved
3631,7024,Male,Multiracial,32,25-60,70704.24,618,446746,Full-time,High School,Citizen,Fluent,Yes,Yes,Urban Professional,Approved
3632,5462,Female,White,68,Over 60,39185.49,732,403217,Self-employed,High School,Citizen,Fluent,No,No,Rural,Approved
3633,1300,Male,White,36,25-60,140863.1,709,239311,Part-time,Bachelor's,Permanent Resident,Fluent,No,No,High-income Suburban,Approved
3634,9562,Female,Hispanic,22,Under 25,243886.48,628,73213,Full-time,Graduate,Citizen,Fluent,No,No,High-income Suburban,Approved
3635,8272,Male,Asian,77,Over 60,86013.59,741,434645,Part-time,Bachelor's,Citizen,Fluent,Yes,No,Working Class Urban,Approved
3636,5219,Male,White,44,25-60,82549.29,697,314939,Full-time,Graduate,Citizen,Limited,No,No,Working Class Urban,Approved
3637,6212,Male,White,18,Under 25,158624.77,627,213253,Full-time,Bachelor's,Citizen,Limited,No,No,High-income Suburban,Denied
3638,3248,Male,White,58,25-60,28166.63,544,292250,Self-employed,Some College,Visa Holder,Fluent,No,Yes,Rural,Denied
3639,2552,Male,Black,42,25-60,40227.51,693,110787,Full-time,Some College,Permanent Resident,Fluent,No,Yes,Working Class Urban,Denied
3640,6515,Male,Asian,28,25-60,132705.34,711,400694,Full-time,Some College,Permanent Resident,Fluent,No,No,Urban Professional,Approved
3641,7465,Male,Hispanic,35,25-60,129760.62,680,361568,Full-time,High School,Citizen,Fluent,No,No,High-income Suburban,Approved
3642,5154,Female,Hispanic,60,25-60,87905.92,712,300861,Full-time,High School,Citizen,Fluent,Yes,No,High-income Suburban,Approved
3643,2590,Female,Hispanic,42,25-60,87713.66,641,58071,Full-time,High School,Citizen,Fluent,Yes,No,Urban Professional,Denied
3644,6976,Male,White,40,25-60,179096.52,710,423522,Part-time,Bachelor's,Citizen,Fluent,No,No,High-income Suburban,Approved
3645,491,Female,Black,67,Over 60,47021.91,722,52550,Full-time,Bachelor's,Citizen,Limited,No,No,Rural,Approved
3646,4988,Male,White,25,25-60,245387.06,727,185067,Full-time,Graduate,Permanent Resident,Fluent,No,No,Urban Professional,Approved
3647,149,Male,Black,66,Over 60,34001.49,624,53891,Full-time,High School,Citizen,Fluent,No,Yes,Working Class Urban,Denied
3648,7955,Female,White,53,25-60,129002.68,709,411951,Self-employed,High School,Citizen,Fluent,No,No,High-income Suburban,Approved
3649,7963,Male,Asian,48,25-60,71103.55,714,346037,Full-time,High School,Citizen,Fluent,No,No,Urban Professional,Approved
3650,696,Male,White,42,25-60,121893.41,761,417551,Part-time,Some College,Citizen,Fluent,No,No,Urban Professional,Approved
3651,975,Female,White,72,Over 60,95897.18,725,237803,Unemployed,High School,Citizen,Fluent,No,No,High-income Suburban,Approved
3652,5853,Male,White,70,Over 60,202047.54,795,385438,Self-employed,Graduate,Citizen,Fluent,Yes,No,Urban Professional,Approved
3653,3330,Female,Asian,77,Over 60,97076.67,780,126130,Full-time,Bachelor's,Citizen,Fluent,No,No,Working Class Urban,Approved
3654,7541,Female,White,41,25-60,53101.7,698,80383,Gig,Bachelor's,Citizen,Fluent,No,Yes,Historically Redlined,Denied
3655,9506,Male,White,65,Over 60,147293.04,771,300602,Part-time,Some College,Citizen,Fluent,No,No,Urban Professional,Approved
3656,5675,Female,Hispanic,37,25-60,68015.69,608,420929,Unemployed,Graduate,Citizen,Fluent,No,No,Rural,Approved
3657,5101,Female,White,77,Over 60,122607.09,816,113731,Full-time,High School,Citizen,Fluent,Yes,No,High-income Suburban,Approved
3658,3926,Female,White,82,Over 60,113032.21,770,258631,Full-time,High School,Citizen,Fluent,No,No,Urban Professional,Approved
3659,1811,Female,Hispanic,22,Under 25,133009.47,713,340666,Full-time,High School,Citizen,Fluent,No,No,High-income Suburban,Approved
3660,7667,Female,Multiracial,31,25-60,122957.39,730,391410,Full-time,Some College,Citizen,Fluent,No,No,High-income Suburban,Approved
3661,8473,Female,White,48,25-60,57029.6,673,270133,Part-time,High School,Citizen,Fluent,No,No,Urban Professional,Approved
3662,7567,Female,White,61,Over 60,239973.54,781,316547,Gig,Graduate,Citizen,Fluent,No,No,Urban Professional,Approved
3663,5406,Male,Hispanic,68,Over 60,139375.7,752,417012,Gig,High School,Citizen,Fluent,No,No,High-income Suburban,Approved
3664,501,Female,Multiracial,75,Over 60,98936.32,773,87654,Full-time,Some College,Citizen,Fluent,Yes,No,Urban Professional,Approved
3665,6926,Male,White,75,Over 60,65172.09,699,170154,Gig,High School,Citizen,Limited,No,No,Urban Professional,Denied
3666,2136,Female,Hispanic,67,Over 60,117074.5,724,336264,Full-time,Some College,Citizen,Fluent,No,No,Urban Professional,Approved
3667,1395,Male,White,21,Under 25,84773.89,636,390329,Full-time,Bachelor's,Citizen,Fluent,No,No,Working Class Urban,Approved
3668,4987,Female,Hispanic,42,25-60,98691.51,709,154542,Full-time,High School,Citizen,Fluent,No,No,Urban Professional,Approved
3669,1002,Female,Hispanic,80,Over 60,30322.75,680,431887,Full-time,Some College,Citizen,Fluent,No,No,Rural,Denied
3670,8150,Female,White,74,Over 60,47727.95,708,399986,Full-time,Some College,Citizen,Fluent,No,No,Working Class Urban,Approved
3671,9836,Female,White,22,Under 25,220389.42,661,98953,Full-time,Bachelor's,Permanent Resident,Fluent,No,No,High-income Suburban,Approved
3672,4309,Female,Asian,68,Over 60,48270.4,661,144066,Full-time,Some College,Citizen,Fluent,No,No,Working Class Urban,Denied
3673,3126,Female,White,68,Over 60,34585.28,667,384912,Full-time,High School,Citizen,Fluent,No,No,Rural,Denied
3674,9637,Male,White,77,Over 60,353574.13,745,361509,Full-time,Graduate,Citizen,Fluent,No,No,High-income Suburban,Approved
3675,318,Male,Black,36,25-60,89501.14,761,250446,Full-time,High School,Citizen,Fluent,No,No,Urban Professional,Approved
3676,8877,Male,White,65,Over 60,234828.79,724,242038,Part-time,Bachelor's,Citizen,Fluent,No,No,High-income Suburban,Approved
3677,3065,Female,White,65,Over 60,231096.58,778,143344,Full-time,Graduate,Citizen,Fluent,No,No,High-income Suburban,Approved
3678,848,Female,White,20,Under 25,152465.17,698,439086,Gig,Graduate,Citizen,Limited,No,No,Urban Professional,Approved
3679,8624,Male,Hispanic,38,25-60,48214.34,697,348244,Full-time,High School,Citizen,Fluent,No,No,Historically Redlined,Denied
3680,6088,Non-binary,White,77,Over 60,48048.3,745,254673,Full-time,Bachelor's,Citizen,Limited,No,No,Historically Redlined,Approved
3681,3691,Male,White,34,25-60,153276.54,794,258385,Full-time,Graduate,Citizen,Fluent,Yes,No,Urban Professional,Approved
3682,4861,Male,White,69,Over 60,82734.69,776,223503,Self-employed,Bachelor's,Citizen,Fluent,Yes,No,Working Class Urban,Approved
3683,8248,Female,White,79,Over 60,69063.41,723,298247,Self-employed,Bachelor's,Citizen,Fluent,No,No,Historically Redlined,Denied
3684,9457,Female,White,42,25-60,104196.43,721,320575,Full-time,High School,Citizen,Fluent,No,No,High-income Suburban,Approved
3685,5396,Female,White,59,25-60,28865.97,595,206732,Full-time,Some College,Citizen,Limited,No,No,Rural,Denied
3686,151,Female,Hispanic,71,Over 60,154058.05,762,51417,Full-time,Some College,Citizen,Fluent,No,No,High-income Suburban,Approved
3687,4778,Male,White,53,25-60,314679.54,724,264856,Part-time,Graduate,Citizen,Fluent,No,No,High-income Suburban,Approved
3688,5465,Male,Hispanic,58,25-60,35700.58,739,190551,Gig,Some College,Citizen,Limited,No,No,Working Class Urban,Approved
3689,2954,Female,White,77,Over 60,51296.79,690,376934,Self-employed,Bachelor's,Citizen,Fluent,No,No,Working Class Urban,Approved
3690,717,Male,White,41,25-60,159646.19,696,245599,Full-time,Some College,Permanent Resident,Fluent,No,No,High-income Suburban,Approved
3691,6380,Male,Black,73,Over 60,46772.84,684,377993,Self-employed,High School,Citizen,Fluent,No,No,Historically Redlined,Denied
3692,1835,Male,White,38,25-60,62322.65,665,308497,Gig,Graduate,Citizen,Limited,Yes,No,Rural,Approved
3693,5688,Male,White,82,Over 60,80339.58,757,118234,Full-time,Bachelor's,Citizen,Fluent,No,No,Historically Redlined,Approved
3694,7043,Male,White,63,Over 60,265033.56,816,151598,Self-employed,Graduate,Citizen,Fluent,No,No,High-income Suburban,Approved
3695,4692,Female,White,73,Over 60,262700.15,831,434037,Full-time,Graduate,Citizen,Fluent,No,No,High-income Suburban,Approved
3696,5866,Female,White,40,25-60,73256.08,645,122948,Self-employed,Some College,Citizen,Fluent,No,Yes,Urban Professional,Denied
3697,5519,Male,Asian,78,Over 60,372158.56,759,416469,Full-time,Graduate,Citizen,Fluent,No,No,High-income Suburban,Approved
3698,6018,Female,Black,48,25-60,183968.17,696,406144,Full-time,Graduate,Visa Holder,Limited,No,No,High-income Suburban,Approved
3699,8546,Male,White,34,25-60,100991.26,739,159437,Full-time,Graduate,Citizen,Fluent,No,No,Working Class Urban,Approved
3700,9018,Female,White,72,Over 60,247177.6,787,159664,Full-time,Graduate,Permanent Resident,Fluent,No,No,Urban Professional,Approved
3701,3041,Female,Hispanic,53,25-60,35061.55,631,438150,Part-time,High School,Citizen,Fluent,No,No,Rural,Approved
3702,6303,Male,White,68,Over 60,253391.63,819,231974,Full-time,Bachelor's,Citizen,Fluent,No,No,High-income Suburban,Approved
3703,9330,Male,Black,21,Under 25,33873.51,527,391703,Full-time,Some College,Visa Holder,Fluent,No,No,Historically Redlined,Denied
3704,470,Female,White,32,25-60,215153.66,721,108504,Part-time,Bachelor's,Citizen,Fluent,No,No,High-income Suburban,Approved
3705,5302,Male,White,80,Over 60,36104.6,703,143231,Full-time,High School,Citizen,Fluent,No,No,Working Class Urban,Denied
3706,755,Female,White,44,25-60,83333.95,639,209027,Full-time,Graduate,Citizen,Fluent,No,No,Historically Redlined,Denied
3707,4659,Female,White,36,25-60,127428.99,670,320015,Part-time,Bachelor's,Citizen,Fluent,No,No,Urban Professional,Approved
3708,4151,Male,White,68,Over 60,85009.13,764,204859,Full-time,Some College,Citizen,Fluent,No,Yes,Urban Professional,Approved
3709,7090,Female,White,41,25-60,341738.96,739,201713,Full-time,Graduate,Citizen,Fluent,No,No,Urban Professional,Approved
3710,9546,Female,White,35,25-60,60055.47,645,340034,Full-time,High School,Permanent Resident,Fluent,No,No,Working Class Urban,Denied
3711,3642,Male,Black,67,Over 60,226227.0,785,79037,Full-time,Bachelor's,Citizen,Fluent,No,No,Urban Professional,Approved
3712,2494,Female,White,36,25-60,206605.18,739,281075,Full-time,Graduate,Citizen,Limited,No,No,Urban Professional,Approved
3713,909,Male,White,40,25-60,186990.04,789,226920,Self-employed,Graduate,Citizen,Limited,Yes,No,High-income Suburban,Approved
3714,2076,Male,Black,32,25-60,23720.58,564,447625,Full-time,High School,Visa Holder,Fluent,Yes,No,Rural,Denied
3715,5939,Male,Asian,36,25-60,131005.87,687,289963,Full-time,Some College,Citizen,Fluent,No,No,Urban Professional,Approved
3716,9907,Female,White,53,25-60,43970.13,692,402055,Part-time,Some College,Citizen,Fluent,No,No,Rural,Denied
3717,5125,Female,White,53,25-60,163750.9,693,245723,Unemployed,Bachelor's,Visa Holder,Fluent,No,No,High-income Suburban,Approved
3718,2654,Male,Black,51,25-60,40709.33,680,200894,Part-time,High School,Citizen,Fluent,No,No,Rural,Approved
3719,9503,Male,White,70,Over 60,69435.49,768,406856,Full-time,Bachelor's,Citizen,Fluent,No,No,Rural,Approved
3720,3095,Male,Hispanic,69,Over 60,50868.4,767,105522,Gig,Some College,Citizen,Fluent,No,No,Working Class Urban,Approved
3721,3678,Male,Black,21,Under 25,92932.07,694,304577,Full-time,High School,Citizen,Fluent,Yes,No,High-income Suburban,Approved
3722,1441,Male,White,49,25-60,146075.79,799,250130,Full-time,Bachelor's,Citizen,Limited,Yes,No,High-income Suburban,Approved
3723,5283,Male,White,22,Under 25,134823.99,647,440025,Part-time,Some College,Citizen,Fluent,No,No,Urban Professional,Approved
3724,1224,Male,White,40,25-60,38101.26,645,300074,Part-time,High School,Citizen,Fluent,No,No,Rural,Denied
3725,8120,Male,White,72,Over 60,187627.36,753,88086,Full-time,Graduate,Citizen,Fluent,No,No,High-income Suburban,Approved
3726,941,Female,White,59,25-60,103401.8,701,125243,Full-time,Some College,Citizen,Fluent,No,No,Urban Professional,Approved
3727,7697,Male,White,35,25-60,105767.9,680,298773,Full-time,High School,Citizen,Fluent,No,No,Urban Professional,Approved
3728,7536,Female,White,42,25-60,105285.28,708,426545,Full-time,Some College,Citizen,Fluent,No,No,Urban Professional,Approved
3729,8564,Male,White,26,25-60,39306.87,628,91806,Full-time,Some College,Citizen,Fluent,No,Yes,Working Class Urban,Denied
3730,2489,Female,White,21,Under 25,62529.47,591,284476,Part-time,Some College,Visa Holder,Fluent,No,No,Working Class Urban,Denied
3731,8260,Female,Black,25,25-60,139985.28,726,97055,Full-time,Some College,Citizen,Fluent,No,No,High-income Suburban,Approved
3732,8119,Male,White,36,25-60,53695.95,721,437217,Gig,High School,Citizen,Fluent,No,No,Working Class Urban,Denied
3733,5658,Male,Hispanic,80,Over 60,118641.29,793,357684,Full-time,High School,Citizen,Fluent,No,No,Urban Professional,Approved
3734,5048,Male,White,41,25-60,190557.22,694,235450,Full-time,Bachelor's,Permanent Resident,Fluent,No,No,High-income Suburban,Approved
3735,9526,Female,Hispanic,18,Under 25,53937.65,549,130465,Part-time,High School,Visa Holder,Fluent,Yes,Yes,Urban Professional,Denied
3736,9670,Male,White,75,Over 60,57752.91,716,253990,Unemployed,High School,Citizen,Fluent,No,No,Working Class Urban,Denied
3737,2336,Female,Hispanic,26,25-60,37872.44,669,413199,Gig,High School,Permanent Resident,Fluent,No,No,Working Class Urban,Denied
3738,6815,Male,White,67,Over 60,47134.36,781,449937,Full-time,Some College,Citizen,Fluent,No,No,Rural,Denied
3739,7948,Female,Black,39,25-60,184301.66,711,426899,Full-time,Graduate,Citizen,Limited,No,No,High-income Suburban,Approved
3740,5432,Female,White,60,25-60,53595.37,669,208900,Full-time,Some College,Citizen,Fluent,No,No,Historically Redlined,Approved
3741,1601,Female,White,72,Over 60,96035.31,743,402180,Part-time,Graduate,Citizen,Fluent,No,No,Working Class Urban,Approved
3742,5395,Female,White,80,Over 60,85547.93,737,254925,Part-time,Bachelor's,Citizen,Fluent,Yes,No,Working Class Urban,Approved
3743,701,Female,Hispanic,22,Under 25,92912.25,637,107633,Full-time,Bachelor's,Permanent Resident,Fluent,Yes,No,Working Class Urban,Denied
3744,4036,Female,White,18,Under 25,133179.09,684,370425,Full-time,Bachelor's,Citizen,Limited,No,No,High-income Suburban,Approved
3745,5744,Female,Black,55,25-60,102054.69,689,233751,Full-time,Some College,Citizen,Limited,No,No,High-income Suburban,Approved
3746,9835,Male,White,18,Under 25,154108.75,633,371522,Self-employed,Some College,Citizen,Fluent,No,No,High-income Suburban,Approved
3747,9230,Female,White,24,Under 25,75149.76,557,232402,Self-employed,High School,Citizen,Fluent,No,No,Urban Professional,Denied
3748,5588,Male,Asian,70,Over 60,210184.61,777,280248,Full-time,Graduate,Citizen,Fluent,No,No,High-income Suburban,Approved
3749,7387,Male,White,46,25-60,77502.57,658,397077,Full-time,Bachelor's,Citizen,Fluent,No,No,Working Class Urban,Approved
3750,734,Male,Hispanic,25,25-60,86505.35,804,300245,Gig,High School,Citizen,Limited,Yes,No,High-income Suburban,Approved
3751,1971,Male,Black,69,Over 60,34889.82,660,414539,Full-time,High School,Citizen,Fluent,No,Yes,Working Class Urban,Denied
3752,4950,Male,White,70,Over 60,294009.63,752,174132,Gig,Graduate,Citizen,Fluent,No,No,High-income Suburban,Approved
3753,270,Male,White,43,25-60,115789.45,715,422803,Full-time,Graduate,Citizen,Fluent,No,No,Working Class Urban,Approved
3754,7314,Female,Black,57,25-60,51966.21,628,284717,Full-time,Some College,Citizen,Fluent,No,No,Historically Redlined,Approved
3755,1488,Female,White,43,25-60,46025.09,623,73749,Unemployed,High School,Citizen,Fluent,No,No,Working Class Urban,Approved
3756,1179,Male,White,70,Over 60,195270.85,762,144141,Full-time,Graduate,Permanent Resident,Fluent,No,No,High-income Suburban,Approved
3757,8861,Male,White,31,25-60,117615.87,738,214281,Full-time,High School,Citizen,Fluent,No,No,Urban Professional,Approved
3758,2170,Male,Hispanic,65,Over 60,116516.78,775,63716,Full-time,Graduate,Citizen,Fluent,No,No,Working Class Urban,Approved
3759,1171,Female,White,72,Over 60,122377.06,774,112962,Full-time,Graduate,Citizen,Fluent,No,No,Rural,Approved
3760,5330,Female,Black,78,Over 60,115842.82,746,171851,Full-time,Some College,Visa Holder,Fluent,No,No,Urban Professional,Approved
3761,9020,Male,White,29,25-60,203671.37,718,307106,Gig,Graduate,Citizen,Fluent,No,No,Urban Professional,Approved
3762,2651,Female,White,30,25-60,115452.52,709,134178,Full-time,Some College,Citizen,Fluent,No,No,High-income Suburban,Approved
3763,5058,Non-binary,White,59,25-60,40392.44,703,197713,Full-time,Some College,Citizen,Fluent,No,No,Historically Redlined,Approved
3764,9358,Female,White,50,25-60,107334.69,723,332732,Self-employed,Graduate,Citizen,Fluent,No,No,Working Class Urban,Approved
3765,1016,Male,White,39,25-60,91812.5,759,347690,Gig,Graduate,Citizen,Fluent,No,No,Rural,Approved
3766,9339,Female,White,54,25-60,210352.39,752,86929,Self-employed,Bachelor's,Citizen,Fluent,No,No,High-income Suburban,Approved
3767,3102,Male,Black,78,Over 60,106346.6,741,76893,Full-time,Bachelor's,Citizen,Limited,No,Yes,High-income Suburban,Approved
3768,6337,Male,White,60,25-60,72703.99,632,233061,Gig,Some College,Permanent Resident,Limited,No,No,Urban Professional,Denied
3769,3077,Female,White,66,Over 60,39292.32,654,405017,Full-time,High School,Citizen,Fluent,No,No,Working Class Urban,Approved
3770,3685,Female,White,62,Over 60,44031.18,753,256618,Part-time,Some College,Citizen,Fluent,No,No,Working Class Urban,Denied
3771,7018,Male,Black,36,25-60,56307.75,684,119183,Full-time,High School,Citizen,Limited,No,No,Urban Professional,Approved
3772,8614,Male,White,49,25-60,171720.35,681,188468,Self-employed,High School,Citizen,Fluent,No,No,High-income Suburban,Approved
3773,3782,Male,White,46,25-60,98463.37,672,97712,Full-time,High School,Citizen,Fluent,No,No,Urban Professional,Denied
3774,5859,Female,White,46,25-60,44632.01,644,373988,Full-time,Some College,Citizen,Fluent,No,No,Working Class Urban,Denied
3775,5580,Male,White,56,25-60,54218.79,665,112945,Full-time,Some College,Citizen,Fluent,No,No,Working Class Urban,Denied
3776,8869,Male,Hispanic,23,Under 25,191713.09,649,426518,Gig,Graduate,Citizen,Fluent,No,No,Urban Professional,Denied
3777,7539,Female,White,44,25-60,120918.23,703,115604,Full-time,High School,Citizen,Fluent,No,No,Urban Professional,Approved
3778,6425,Female,White,37,25-60,116064.78,699,330201,Gig,High School,Citizen,Fluent,No,No,High-income Suburban,Approved
3779,7010,Male,White,46,25-60,45684.89,606,275599,Full-time,Bachelor's,Citizen,Fluent,No,Yes,Rural,Denied
3780,4647,Male,White,40,25-60,235947.17,737,282642,Gig,Bachelor's,Citizen,Fluent,No,No,High-income Suburban,Approved
3781,1042,Male,Asian,70,Over 60,122343.0,781,206465,Full-time,Graduate,Citizen,Fluent,No,No,Working Class Urban,Approved
3782,2028,Female,Asian,51,25-60,346671.73,663,391591,Full-time,Graduate,Citizen,Fluent,No,No,High-income Suburban,Approved
3783,4525,Female,White,77,Over 60,54003.45,696,232999,Self-employed,High School,Citizen,Limited,No,No,Urban Professional,Denied
3784,154,Male,White,56,25-60,312527.41,768,279558,Part-time,Graduate,Citizen,Fluent,No,No,High-income Suburban,Approved
3785,2036,Male,White,59,25-60,223153.1,685,208270,Full-time,Bachelor's,Citizen,Fluent,No,No,High-income Suburban,Approved
3786,1089,Male,Hispanic,61,Over 60,34824.33,566,68991,Full-time,High School,Permanent Resident,Fluent,No,Yes,Working Class Urban,Denied
3787,6628,Female,Asian,32,25-60,62210.75,658,208574,Full-time,Bachelor's,Citizen,Fluent,No,No,Rural,Approved
3788,4959,Female,White,66,Over 60,27610.97,683,299786,Full-time,High School,Citizen,Fluent,No,No,Rural,Denied
3789,3431,Female,Black,37,25-60,223378.31,763,114258,Gig,Bachelor's,Citizen,Fluent,Yes,No,Urban Professional,Approved
3790,3389,Male,White,46,25-60,28718.8,644,245293,Self-employed,Some College,Citizen,Limited,No,No,Historically Redlined,Denied
3791,9613,Female,White,42,25-60,124887.74,710,227176,Full-time,Bachelor's,Citizen,Limited,No,No,High-income Suburban,Approved
3792,3664,Male,Hispanic,18,Under 25,180377.23,616,397479,Full-time,Some College,Citizen,Fluent,No,No,High-income Suburban,Approved
3793,7254,Female,White,55,25-60,47324.87,693,229835,Full-time,High School,Citizen,Fluent,No,No,Historically Redlined,Approved
3794,1787,Female,Hispanic,20,Under 25,36888.25,510,345126,Self-employed,High School,Citizen,Fluent,No,Yes,Working Class Urban,Denied
3795,44,Female,Hispanic,51,25-60,28541.64,600,318204,Self-employed,High School,Citizen,Fluent,No,No,Rural,Denied
3796,2134,Female,White,53,25-60,87719.4,795,156357,Part-time,Some College,Citizen,Limited,No,No,High-income Suburban,Approved
3797,2738,Female,White,52,25-60,69240.15,596,363175,Full-time,High School,Permanent Resident,Limited,No,No,Urban Professional,Denied
3798,3845,Female,White,80,Over 60,51871.54,726,151794,Full-time,High School,Citizen,Fluent,No,No,Working Class Urban,Denied
3799,2240,Male,White,34,25-60,40265.8,644,127792,Gig,Some College,Permanent Resident,Fluent,No,No,Working Class Urban,Denied
3800,5190,Male,White,38,25-60,90978.49,720,438957,Unemployed,Graduate,Citizen,Fluent,No,No,Rural,Approved
3801,8718,Male,White,47,25-60,181490.96,711,304035,Self-employed,Bachelor's,Citizen,Fluent,No,No,Urban Professional,Approved
3802,721,Male,White,82,Over 60,44672.51,703,283826,Self-employed,High School,Citizen,Fluent,No,No,Rural,Approved
3803,3673,Female,White,63,Over 60,47588.18,706,416270,Full-time,Some College,Citizen,Fluent,No,No,Rural,Denied
3804,8609,Male,White,74,Over 60,176988.58,760,268285,Full-time,Bachelor's,Citizen,Fluent,Yes,No,Urban Professional,Approved
3805,9625,Male,Black,29,25-60,59010.91,716,220926,Part-time,Some College,Citizen,Fluent,No,No,Working Class Urban,Approved
3806,8394,Female,White,33,25-60,123419.94,727,331367,Full-time,High School,Citizen,Fluent,Yes,No,High-income Suburban,Approved
3807,1328,Male,White,20,Under 25,96418.37,625,78810,Gig,Bachelor's,Citizen,Fluent,No,Yes,Urban Professional,Denied
3808,7206,Female,White,75,Over 60,99063.07,788,92729,Full-time,High School,Citizen,Fluent,Yes,No,High-income Suburban,Approved
3809,8303,Female,White,37,25-60,188532.9,734,94464,Full-time,Bachelor's,Citizen,Fluent,No,No,Urban Professional,Approved
3810,3646,Male,White,72,Over 60,311050.56,774,151006,Self-employed,Graduate,Permanent Resident,Fluent,No,No,High-income Suburban,Approved
3811,9718,Female,White,48,25-60,250740.18,729,404582,Full-time,Graduate,Citizen,Fluent,No,No,Urban Professional,Approved
3812,1952,Male,White,76,Over 60,52750.84,697,310788,Full-time,Bachelor's,Citizen,Limited,No,No,Working Class Urban,Denied
3813,4623,Male,White,43,25-60,134783.71,701,261880,Full-time,Some College,Permanent Resident,Fluent,No,No,High-income Suburban,Approved
3814,8670,Male,White,63,Over 60,47191.32,653,295250,Full-time,High School,Citizen,Fluent,No,No,Working Class Urban,Denied
3815,977,Female,Multiracial,38,25-60,41908.13,664,99168,Self-employed,Some College,Citizen,Fluent,No,No,Rural,Denied
3816,9811,Male,White,70,Over 60,160616.68,767,185853,Full-time,Bachelor's,Citizen,Fluent,No,No,Urban Professional,Approved
3817,5936,Female,White,35,25-60,75693.02,678,164453,Full-time,Bachelor's,Citizen,Fluent,No,No,Rural,Approved
3818,1938,Female,Hispanic,54,25-60,105223.89,730,241514,Gig,High School,Citizen,Fluent,No,No,High-income Suburban,Approved
3819,3063,Female,White,40,25-60,59545.75,672,321309,Full-time,Some College,Visa Holder,Fluent,Yes,No,Working Class Urban,Approved
3820,216,Female,White,48,25-60,79886.98,694,76381,Part-time,Graduate,Citizen,Limited,No,No,Working Class Urban,Approved
3821,5463,Male,White,18,Under 25,97714.32,624,265197,Self-employed,Bachelor's,Citizen,Fluent,No,No,Working Class Urban,Denied
3822,7792,Female,White,80,Over 60,27581.98,672,254486,Full-time,Some College,Permanent Resident,Limited,Yes,No,Rural,Denied
3823,3923,Female,White,49,25-60,55635.69,695,98712,Part-time,Bachelor's,Citizen,Fluent,No,No,Rural,Approved
3824,7360,Non-binary,Hispanic,72,Over 60,89820.03,793,128552,Part-time,Some College,Permanent Resident,Fluent,No,No,Urban Professional,Approved
3825,2995,Male,Hispanic,25,25-60,85475.86,771,327977,Part-time,High School,Citizen,Fluent,No,No,Urban Professional,Approved
3826,7266,Female,White,59,25-60,129076.82,698,424959,Part-time,Graduate,Citizen,Fluent,No,No,Working Class Urban,Approved
3827,3255,Male,Hispanic,57,25-60,155133.54,779,107743,Full-time,Bachelor's,Citizen,Fluent,No,No,High-income Suburban,Approved
3828,1687,Male,White,73,Over 60,65444.84,717,316301,Full-time,Bachelor's,Citizen,Fluent,No,No,Working Class Urban,Approved
3829,2405,Male,Asian,81,Over 60,105374.44,789,101907,Unemployed,Graduate,Citizen,Fluent,No,No,Working Class Urban,Approved
3830,7386,Female,White,50,25-60,23264.56,595,62139,Part-time,High School,Citizen,Limited,No,No,Working Class Urban,Denied
3831,9919,Female,White,44,25-60,100582.63,693,126102,Full-time,High School,Visa Holder,Fluent,No,No,Urban Professional,Approved
3832,2246,Female,Black,63,Over 60,73279.48,711,439060,Full-time,Bachelor's,Permanent Resident,Fluent,No,No,Historically Redlined,Approved
3833,736,Male,Hispanic,31,25-60,110700.06,715,172819,Full-time,High School,Citizen,Fluent,No,No,Urban Professional,Approved
3834,3627,Male,White,24,Under 25,23247.91,589,353629,Self-employed,High School,Citizen,Limited,No,No,Historically Redlined,Denied
3835,2442,Male,Hispanic,53,25-60,97898.19,752,130764,Full-time,Bachelor's,Citizen,Fluent,No,No,Working Class Urban,Approved
3836,2746,Male,White,69,Over 60,250849.4,759,400859,Full-time,Graduate,Citizen,Fluent,No,No,High-income Suburban,Approved
3837,7594,Male,Hispanic,81,Over 60,98617.14,756,285436,Self-employed,Graduate,Citizen,Fluent,No,No,Historically Redlined,Approved
3838,3332,Male,White,54,25-60,38241.98,603,212741,Unemployed,Some College,Permanent Resident,Fluent,No,Yes,Rural,Denied
3839,8610,Female,Asian,60,25-60,78953.19,672,149326,Gig,Some College,Citizen,Fluent,No,No,High-income Suburban,Approved
3840,3472,Female,White,39,25-60,180841.49,751,319065,Full-time,Bachelor's,Permanent Resident,Fluent,No,No,High-income Suburban,Approved
3841,3858,Male,White,47,25-60,165487.26,733,76177,Full-time,Bachelor's,Citizen,Fluent,No,No,High-income Suburban,Approved
3842,4760,Male,White,69,Over 60,100425.35,728,294534,Full-time,High School,Citizen,Fluent,No,No,High-income Suburban,Approved
3843,4885,Male,White,68,Over 60,55231.07,708,290023,Full-time,Some College,Citizen,Fluent,No,No,Working Class Urban,Approved
3844,6096,Female,White,71,Over 60,64300.08,732,245557,Full-time,Some College,Citizen,Fluent,No,No,Working Class Urban,Denied
3845,3982,Male,Hispanic,73,Over 60,101902.27,759,377814,Self-employed,High School,Citizen,Fluent,No,No,Urban Professional,Approved
3846,2252,Male,Hispanic,40,25-60,41704.71,714,53532,Self-employed,Some College,Citizen,Limited,Yes,No,Working Class Urban,Approved
3847,5147,Female,White,55,25-60,101657.41,718,77310,Self-employed,Graduate,Citizen,Fluent,No,No,Rural,Approved
3848,784,Male,White,76,Over 60,157650.94,728,334374,Full-time,Graduate,Citizen,Fluent,No,No,Working Class Urban,Approved
3849,8409,Female,White,78,Over 60,69785.72,717,119572,Full-time,High School,Citizen,Fluent,No,No,Urban Professional,Approved
3850,2061,Male,White,31,25-60,48307.64,703,430455,Part-time,High School,Citizen,Fluent,No,No,Working Class Urban,Approved
3851,5566,Female,White,66,Over 60,44038.9,702,279092,Full-time,High School,Citizen,Fluent,No,No,Rural,Approved
3852,5437,Female,Hispanic,18,Under 25,55276.99,606,239516,Full-time,High School,Citizen,Fluent,No,No,Working Class Urban,Denied
3853,6036,Male,Hispanic,24,Under 25,25547.34,529,262300,Gig,High School,Citizen,Fluent,No,No,Rural,Denied
3854,108,Non-binary,White,62,Over 60,41263.45,708,362863,Part-time,High School,Citizen,Fluent,No,No,Rural,Denied
3855,3483,Female,Asian,37,25-60,134256.97,698,153972,Part-time,Graduate,Citizen,Limited,No,No,High-income Suburban,Approved
3856,4820,Female,White,50,25-60,246971.0,672,387770,Full-time,Graduate,Citizen,Fluent,No,No,High-income Suburban,Approved
3857,9803,Male,White,68,Over 60,39428.02,747,212786,Unemployed,High School,Citizen,Fluent,No,No,Rural,Denied
3858,2221,Male,White,45,25-60,48299.37,670,414227,Full-time,Some College,Visa Holder,Fluent,No,No,Historically Redlined,Denied
3859,3680,Female,Black,42,25-60,124207.42,710,311025,Full-time,High School,Citizen,Fluent,No,No,High-income Suburban,Approved
3860,952,Male,White,60,25-60,58595.46,679,191114,Part-time,Some College,Citizen,Fluent,No,No,Working Class Urban,Approved
3861,4980,Male,White,50,25-60,34965.15,583,396990,Gig,Some College,Citizen,Fluent,No,No,Historically Redlined,Denied
3862,707,Male,White,47,25-60,193285.24,777,290963,Full-time,Bachelor's,Citizen,Fluent,No,No,Urban Professional,Approved
3863,6188,Female,Hispanic,45,25-60,101380.05,678,179790,Gig,Some College,Citizen,Fluent,No,No,High-income Suburban,Approved
3864,6428,Female,White,21,Under 25,101451.21,661,185671,Full-time,Graduate,Citizen,Fluent,No,No,Rural,Denied
3865,9725,Male,Hispanic,18,Under 25,29556.56,580,160763,Full-time,Some College,Citizen,Limited,No,No,Rural,Denied
3866,3797,Female,White,24,Under 25,96869.46,614,370065,Gig,Some College,Citizen,Limited,Yes,No,High-income Suburban,Approved
3867,4245,Female,White,64,Over 60,204128.27,760,389800,Self-employed,Graduate,Visa Holder,Fluent,No,No,Urban Professional,Approved
3868,4651,Male,White,81,Over 60,37561.56,724,392185,Full-time,Some College,Citizen,Fluent,No,No,Rural,Denied
3869,7758,Female,White,25,25-60,90771.2,760,106319,Part-time,Bachelor's,Citizen,Fluent,No,No,Working Class Urban,Approved
3870,6077,Male,Hispanic,19,Under 25,111929.76,643,344142,Full-time,Graduate,Citizen,Fluent,No,No,Working Class Urban,Denied
3871,8379,Female,White,63,Over 60,64045.69,731,350499,Full-time,Bachelor's,Citizen,Fluent,No,No,Working Class Urban,Approved
3872,6362,Female,White,69,Over 60,83889.15,747,373934,Part-time,Graduate,Citizen,Fluent,No,No,Rural,Approved
3873,544,Male,White,66,Over 60,22061.72,687,331533,Gig,Some College,Citizen,Limited,No,No,Historically Redlined,Approved
3874,2567,Female,White,21,Under 25,180481.45,629,189808,Full-time,Bachelor's,Citizen,Fluent,No,No,High-income Suburban,Approved
3875,3933,Female,White,28,25-60,48040.02,580,163798,Self-employed,Bachelor's,Citizen,Limited,Yes,No,Rural,Denied
3876,1287,Female,Hispanic,46,25-60,236253.54,718,148477,Part-time,Bachelor's,Citizen,Fluent,No,No,High-income Suburban,Approved
3877,5935,Female,Hispanic,49,25-60,56752.27,673,237579,Full-time,Some College,Permanent Resident,Fluent,No,No,Rural,Approved
3878,9050,Male,Hispanic,71,Over 60,66114.88,727,352309,Part-time,Some College,Citizen,Fluent,No,No,Working Class Urban,Denied
3879,3847,Female,White,33,25-60,109496.47,700,312858,Full-time,Some College,Citizen,Limited,No,No,High-income Suburban,Approved
3880,1904,Male,White,59,25-60,92462.11,755,147315,Full-time,Some College,Visa Holder,Limited,No,No,High-income Suburban,Approved
3881,9450,Female,Native American,46,25-60,118740.29,675,72286,Part-time,Graduate,Citizen,Fluent,No,No,Urban Professional,Approved
3882,8356,Female,Black,23,Under 25,57772.7,560,238386,Gig,Some College,Citizen,Limited,Yes,Yes,Urban Professional,Denied
3883,9367,Male,Hispanic,48,25-60,35485.43,645,336838,Full-time,High School,Citizen,Fluent,No,No,Historically Redlined,Denied
3884,5576,Male,White,25,25-60,114492.55,751,435555,Part-time,Graduate,Citizen,Fluent,No,No,Rural,Approved
3885,6485,Male,White,70,Over 60,49517.99,676,271379,Full-time,High School,Permanent Resident,Fluent,No,No,Working Class Urban,Approved
3886,5327,Female,White,24,Under 25,96064.67,679,307033,Full-time,Graduate,Citizen,Fluent,No,No,Historically Redlined,Denied
3887,8254,Male,White,70,Over 60,130777.46,761,271587,Full-time,Bachelor's,Citizen,Limited,No,No,Urban Professional,Approved
3888,8035,Female,White,27,25-60,74582.8,726,258573,Full-time,Bachelor's,Citizen,Fluent,No,No,Rural,Approved
3889,7545,Female,Black,53,25-60,118114.22,753,84943,Gig,High School,Citizen,Fluent,No,No,High-income Suburban,Approved
3890,7170,Female,White,32,25-60,52051.22,682,308532,Part-time,Some College,Citizen,Fluent,No,No,Working Class Urban,Approved
3891,7132,Male,White,81,Over 60,27655.29,661,341358,Full-time,High School,Citizen,Fluent,No,No,Rural,Denied
3892,4131,Female,White,25,25-60,21033.97,656,345585,Full-time,High School,Citizen,Limited,No,No,Working Class Urban,Denied
3893,4484,Female,White,54,25-60,149759.96,698,446905,Full-time,Some College,Citizen,Fluent,No,No,High-income Suburban,Approved
3894,1668,Female,White,29,25-60,40449.91,678,145976,Self-employed,Some College,Citizen,Fluent,No,No,Historically Redlined,Denied
3895,7605,Female,Asian,43,25-60,89773.39,704,220654,Full-time,Bachelor's,Visa Holder,Fluent,No,No,Working Class Urban,Approved
3896,1151,Female,White,76,Over 60,34945.26,672,182391,Full-time,High School,Citizen,Fluent,Yes,No,Working Class Urban,Approved
3897,2950,Male,White,71,Over 60,32942.94,641,403016,Full-time,Some College,Citizen,Fluent,No,Yes,Rural,Denied
3898,8036,Female,White,51,25-60,96736.79,681,112777,Full-time,Bachelor's,Citizen,Fluent,No,No,Working Class Urban,Approved
3899,7569,Female,Hispanic,69,Over 60,159666.52,821,160851,Part-time,Bachelor's,Citizen,Fluent,No,No,High-income Suburban,Approved
3900,5052,Male,White,32,25-60,56989.15,621,374272,Full-time,Some College,Citizen,Fluent,Yes,No,Working Class Urban,Approved
3901,2282,Female,White,60,25-60,44413.97,685,230501,Self-employed,Some College,Permanent Resident,Fluent,No,No,Working Class Urban,Approved
3902,3470,Male,White,30,25-60,50495.32,654,201468,Full-time,Bachelor's,Citizen,Fluent,No,No,Historically Redlined,Denied
3903,387,Female,Black,25,25-60,34889.56,593,317941,Self-employed,Some College,Citizen,Limited,No,No,Working Class Urban,Denied
3904,1962,Female,Hispanic,49,25-60,49082.11,669,359040,Full-time,Some College,Citizen,Fluent,No,No,Working Class Urban,Denied
3905,3743,Male,White,20,Under 25,41916.26,569,256366,Full-time,Some College,Citizen,Fluent,No,No,Rural,Denied
3906,3100,Male,Hispanic,59,25-60,113092.27,746,269143,Full-time,Some College,Citizen,Fluent,No,No,Urban Professional,Approved
3907,8793,Female,White,79,Over 60,78339.15,738,104059,Part-time,High School,Citizen,Fluent,No,No,Urban Professional,Denied
3908,389,Female,White,79,Over 60,54776.78,680,422909,Full-time,Some College,Citizen,Fluent,No,No,Working Class Urban,Denied
3909,5791,Female,Asian,36,25-60,176718.65,715,241468,Part-time,Bachelor's,Citizen,Fluent,No,No,High-income Suburban,Approved
3910,8729,Male,Asian,19,Under 25,147763.55,639,153637,Full-time,Bachelor's,Citizen,Fluent,No,No,Urban Professional,Approved
3911,6484,Female,White,22,Under 25,193670.4,639,100608,Full-time,Bachelor's,Citizen,Fluent,No,No,Urban Professional,Approved
3912,4956,Male,White,24,Under 25,91503.02,701,361629,Full-time,Bachelor's,Citizen,Fluent,No,No,Historically Redlined,Approved
3913,284,Male,White,54,25-60,312759.54,691,367932,Full-time,Graduate,Citizen,Fluent,No,No,High-income Suburban,Approved
3914,4459,Female,White,52,25-60,135756.78,755,441589,Full-time,Bachelor's,Permanent Resident,Limited,No,No,High-income Suburban,Approved
3915,8005,Male,White,26,25-60,130325.74,728,389933,Self-employed,High School,Citizen,Fluent,No,No,High-income Suburban,Approved
3916,4198,Female,White,80,Over 60,130856.79,792,109371,Full-time,Some College,Citizen,Fluent,No,No,High-income Suburban,Approved
3917,6076,Male,Hispanic,72,Over 60,34706.81,637,180252,Full-time,High School,Citizen,Fluent,No,No,Working Class Urban,Denied
3918,8372,Female,Black,19,Under 25,99027.09,601,398591,Full-time,High School,Citizen,Fluent,No,No,High-income Suburban,Denied
3919,2998,Male,White,66,Over 60,239606.89,793,70911,Part-time,Bachelor's,Citizen,Fluent,No,No,High-income Suburban,Approved
3920,7496,Male,White,60,25-60,72043.84,682,219608,Full-time,High School,Citizen,Fluent,No,No,Urban Professional,Denied
3921,9482,Female,White,71,Over 60,47691.95,751,210589,Full-time,High School,Citizen,Fluent,No,No,Working Class Urban,Approved
3922,3375,Female,White,62,Over 60,209493.61,753,331035,Full-time,Bachelor's,Citizen,Fluent,Yes,No,High-income Suburban,Approved
3923,1724,Male,White,82,Over 60,102852.61,794,240294,Full-time,Graduate,Citizen,Fluent,No,No,Rural,Approved
3924,2289,Female,White,75,Over 60,82355.67,762,199226,Gig,Some College,Citizen,Limited,No,No,High-income Suburban,Approved
3925,9987,Female,White,78,Over 60,52948.73,752,197999,Full-time,Some College,Citizen,Fluent,No,No,Historically Redlined,Denied
3926,5440,Female,White,72,Over 60,69178.03,743,306301,Full-time,Some College,Citizen,Fluent,No,No,Urban Professional,Approved
3927,2887,Female,White,53,25-60,61751.53,658,266834,Self-employed,Some College,Citizen,Fluent,No,No,Working Class Urban,Denied
3928,3146,Male,White,65,Over 60,132354.53,798,71058,Full-time,Some College,Citizen,Fluent,No,No,Urban Professional,Approved
3929,76,Female,White,43,25-60,87126.2,710,248533,Full-time,Bachelor's,Citizen,Fluent,No,No,Working Class Urban,Denied
3930,4477,Male,White,62,Over 60,37567.53,737,79680,Full-time,Some College,Citizen,Limited,Yes,No,Working Class Urban,Approved
3931,1876,Female,White,50,25-60,130452.52,710,182869,Full-time,Some College,Citizen,Fluent,No,No,High-income Suburban,Approved
3932,2882,Male,White,72,Over 60,55685.09,791,225133,Full-time,Some College,Permanent Resident,Fluent,No,No,Working Class Urban,Approved
3933,197,Male,White,35,25-60,41279.87,633,60099,Full-time,High School,Citizen,Fluent,No,No,Working Class Urban,Denied
3934,2144,Female,White,24,Under 25,58059.36,607,249260,Full-time,Bachelor's,Permanent Resident,Fluent,Yes,No,Historically Redlined,Denied
3935,8044,Female,Hispanic,39,25-60,90803.6,724,258858,Full-time,High School,Citizen,Limited,No,No,High-income Suburban,Approved
3936,3492,Female,Black,52,25-60,121274.25,732,277731,Self-employed,Some College,Permanent Resident,Fluent,No,No,Urban Professional,Approved
3937,6936,Female,White,23,Under 25,279975.57,637,321678,Full-time,Graduate,Citizen,Fluent,No,No,High-income Suburban,Approved
3938,9820,Female,White,33,25-60,97956.15,738,264473,Full-time,High School,Citizen,Fluent,No,No,High-income Suburban,Approved
3939,4384,Male,White,38,25-60,113294.44,690,86328,Part-time,Some College,Citizen,Fluent,No,No,High-income Suburban,Approved
3940,1980,Male,White,53,25-60,124214.67,691,368721,Full-time,Bachelor's,Citizen,Limited,No,No,High-income Suburban,Approved
3941,5709,Male,Black,43,25-60,29047.76,645,389548,Full-time,High School,Citizen,Fluent,No,No,Rural,Denied
3942,2373,Female,Hispanic,81,Over 60,82484.85,748,133507,Gig,High School,Citizen,Fluent,Yes,No,Urban Professional,Approved
3943,5717,Female,White,61,Over 60,157354.15,747,254219,Full-time,Some College,Citizen,Fluent,No,No,High-income Suburban,Approved
3944,7108,Female,White,33,25-60,63091.93,662,382919,Full-time,Bachelor's,Citizen,Fluent,No,No,Rural,Denied
3945,6573,Female,Asian,18,Under 25,67407.95,590,414324,Part-time,High School,Citizen,Limited,No,No,Urban Professional,Denied
3946,6415,Female,Asian,72,Over 60,208788.85,787,57880,Part-time,Bachelor's,Citizen,Fluent,No,No,Urban Professional,Approved
3947,3267,Male,White,64,Over 60,25751.91,678,266442,Full-time,High School,Citizen,Fluent,No,No,Working Class Urban,Denied
3948,7467,Female,White,23,Under 25,251875.35,707,171053,Full-time,Graduate,Citizen,Fluent,No,No,Urban Professional,Approved
3949,9112,Male,Black,60,25-60,60088.37,632,352845,Part-time,Some College,Citizen,Fluent,No,No,Working Class Urban,Denied
3950,7226,Male,Black,30,25-60,30716.4,628,256163,Self-employed,High School,Citizen,Fluent,No,No,Working Class Urban,Denied
3951,2939,Non-binary,Hispanic,52,25-60,181476.04,741,438822,Full-time,Graduate,Citizen,Fluent,No,No,Urban Professional,Approved
3952,4200,Male,Black,80,Over 60,52925.27,762,404978,Gig,Some College,Citizen,Fluent,No,No,Working Class Urban,Denied
3953,4260,Male,Hispanic,26,25-60,113083.57,751,117369,Unemployed,High School,Citizen,Fluent,No,No,High-income Suburban,Approved
3954,1364,Male,Hispanic,52,25-60,73680.93,695,50446,Gig,Bachelor's,Citizen,Fluent,No,No,Working Class Urban,Approved
3955,1706,Female,Hispanic,26,25-60,44490.4,652,55984,Full-time,High School,Citizen,Fluent,No,No,Working Class Urban,Denied
3956,9455,Male,Asian,51,25-60,59538.12,649,261605,Full-time,Bachelor's,Citizen,Fluent,No,No,Working Class Urban,Denied
3957,9478,Male,White,77,Over 60,337435.73,802,141518,Full-time,Graduate,Citizen,Fluent,No,No,High-income Suburban,Approved
3958,3778,Female,White,57,25-60,79008.86,667,356822,Full-time,Bachelor's,Citizen,Fluent,No,No,Working Class Urban,Approved
3959,4366,Female,Black,44,25-60,146254.0,710,222310,Part-time,Bachelor's,Citizen,Fluent,No,No,Urban Professional,Approved
3960,4009,Male,White,31,25-60,89944.28,796,86550,Part-time,Graduate,Visa Holder,Fluent,Yes,No,Rural,Approved
3961,7244,Female,Hispanic,22,Under 25,55450.76,623,343050,Full-time,Some College,Citizen,Fluent,No,No,Working Class Urban,Denied
3962,1082,Male,White,49,25-60,80577.13,685,134661,Gig,Graduate,Citizen,Fluent,No,Yes,Working Class Urban,Denied
3963,3028,Female,Black,79,Over 60,42758.99,756,180118,Full-time,Some College,Citizen,Fluent,No,No,Rural,Denied
3964,8509,Female,White,68,Over 60,96410.91,716,170495,Full-time,Graduate,Citizen,Fluent,No,No,Working Class Urban,Approved
3965,5518,Male,White,39,25-60,104764.41,698,335374,Part-time,Graduate,Permanent Resident,Fluent,No,No,Working Class Urban,Approved
3966,106,Female,Hispanic,64,Over 60,109862.76,779,337406,Gig,High School,Permanent Resident,Fluent,No,No,Urban Professional,Approved
3967,4380,Female,Hispanic,42,25-60,52370.12,693,167446,Self-employed,Bachelor's,Citizen,Limited,No,No,Working Class Urban,Denied
3968,477,Female,White,29,25-60,104621.63,713,94884,Full-time,Some College,Citizen,Fluent,No,No,High-income Suburban,Approved
3969,1791,Male,Black,43,25-60,37467.28,636,134969,Full-time,High School,Citizen,Limited,Yes,Yes,Urban Professional,Denied
3970,8310,Female,Asian,35,25-60,70327.52,681,331567,Gig,Bachelor's,Citizen,Fluent,No,No,Working Class Urban,Approved
3971,1136,Male,Hispanic,46,25-60,96394.51,720,274306,Self-employed,Graduate,Citizen,Fluent,No,No,Working Class Urban,Approved
3972,5761,Male,Hispanic,48,25-60,34575.1,611,146863,Full-time,High School,Citizen,Fluent,No,No,Rural,Denied
3973,6391,Female,White,41,25-60,106609.73,723,385081,Self-employed,Some College,Citizen,Fluent,No,No,Urban Professional,Approved
3974,3275,Non-binary,White,34,25-60,44045.0,677,85954,Part-time,High School,Citizen,Fluent,No,No,Working Class Urban,Approved
3975,1814,Female,Hispanic,50,25-60,103435.42,757,59828,Full-time,High School,Permanent Resident,Fluent,No,No,Urban Professional,Approved
3976,9511,Male,White,57,25-60,279321.96,702,139136,Self-employed,Graduate,Citizen,Fluent,No,No,High-income Suburban,Approved
3977,6615,Male,White,47,25-60,299606.51,757,147887,Gig,Graduate,Citizen,Fluent,No,No,High-income Suburban,Approved
3978,4243,Female,Hispanic,69,Over 60,101848.71,788,147736,Full-time,High School,Citizen,Fluent,No,No,Urban Professional,Approved
3979,1,Female,White,74,Over 60,117963.9,761,378691,Full-time,Some College,Citizen,Fluent,No,No,High-income Suburban,Approved
3980,4894,Male,Hispanic,62,Over 60,98265.33,807,276603,Full-time,Some College,Citizen,Fluent,No,No,Urban Professional,Approved
3981,2685,Female,White,75,Over 60,293957.63,801,120671,Full-time,Graduate,Citizen,Fluent,No,No,High-income Suburban,Approved
3982,6953,Female,White,36,25-60,77578.92,672,396949,Full-time,High School,Citizen,Limited,No,No,High-income Suburban,Approved
3983,5548,Female,Hispanic,22,Under 25,50807.31,559,396175,Part-time,Some College,Citizen,Fluent,No,No,Working Class Urban,Denied
3984,5429,Male,Asian,82,Over 60,41847.69,711,382146,Full-time,High School,Citizen,Fluent,No,No,Historically Redlined,Denied
3985,9453,Female,Black,22,Under 25,188095.22,693,427706,Full-time,Bachelor's,Citizen,Fluent,No,No,High-income Suburban,Approved
3986,7863,Male,White,53,25-60,91627.72,741,310337,Self-employed,High School,Citizen,Fluent,No,No,Urban Professional,Approved
3987,2513,Female,White,38,25-60,50638.32,714,240297,Full-time,Some College,Citizen,Fluent,Yes,No,Historically Redlined,Approved
3988,8391,Male,Hispanic,37,25-60,224193.79,734,290925,Full-time,Bachelor's,Citizen,Fluent,No,No,High-income Suburban,Approved
3989,3346,Female,White,77,Over 60,88984.56,791,244888,Part-time,High School,Citizen,Fluent,No,No,Urban Professional,Approved
3990,7383,Male,White,20,Under 25,216160.82,647,55916,Gig,Graduate,Citizen,Limited,No,No,High-income Suburban,Denied
3991,2574,Male,White,43,25-60,109696.23,700,187288,Self-employed,Some College,Citizen,Fluent,No,No,Urban Professional,Approved
3992,630,Male,Black,65,Over 60,23442.4,621,91804,Part-time,High School,Citizen,Limited,No,No,Rural,Denied
3993,1074,Female,Hispanic,36,25-60,108470.37,696,362594,Full-time,High School,Citizen,Fluent,No,No,Urban Professional,Approved
3994,1198,Male,Asian,36,25-60,58199.91,651,336644,Unemployed,Bachelor's,Citizen,Fluent,Yes,No,Historically Redlined,Denied
3995,9086,Male,Asian,41,25-60,24854.37,607,208356,Part-time,High School,Citizen,Fluent,No,No,Rural,Denied
3996,160,Female,Black,20,Under 25,50479.06,574,374433,Part-time,High School,Citizen,Fluent,No,No,Working Class Urban,Denied
3997,1561,Male,White,44,25-60,85608.71,766,445610,Part-time,Bachelor's,Citizen,Limited,No,No,Urban Professional,Approved
3998,5966,Male,Hispanic,32,25-60,204859.4,690,345153,Part-time,Graduate,Citizen,Fluent,No,No,High-income Suburban,Approved
3999,4729,Female,Multiracial,63,Over 60,153443.85,811,190325,Self-employed,Bachelor's,Citizen,Fluent,No,No,High-income Suburban,Approved
4000,2105,Female,Multiracial,23,Under 25,79285.15,626,92903,Full-time,High School,Citizen,Fluent,No,No,Urban Professional,Denied
4001,4863,Female,White,20,Under 25,60723.38,614,390788,Gig,Some College,Citizen,Fluent,Yes,No,Rural,Approved
4002,9609,Female,White,60,25-60,186695.57,688,185450,Full-time,Bachelor's,Citizen,Fluent,No,No,Urban Professional,Approved
4003,7858,Male,Native American,58,25-60,57304.9,657,281062,Full-time,Some College,Citizen,Fluent,Yes,No,Rural,Approved
4004,3152,Female,White,65,Over 60,112400.48,841,243824,Full-time,Some College,Permanent Resident,Fluent,No,No,High-income Suburban,Approved
4005,2799,Female,White,51,25-60,24263.45,602,315595,Full-time,High School,Citizen,Limited,No,No,Working Class Urban,Denied
4006,1838,Female,Asian,30,25-60,76108.59,647,273445,Full-time,Graduate,Permanent Resident,Fluent,No,No,Rural,Approved
4007,4356,Female,White,46,25-60,254264.85,749,303184,Full-time,Bachelor's,Citizen,Fluent,No,No,High-income Suburban,Approved
4008,6783,Female,White,54,25-60,119182.25,676,249565,Full-time,High School,Citizen,Fluent,No,No,High-income Suburban,Approved
4009,4419,Male,White,56,25-60,54058.31,622,415905,Full-time,High School,Citizen,Fluent,No,No,Working Class Urban,Denied
4010,2818,Female,White,33,25-60,96964.12,726,293362,Full-time,High School,Citizen,Fluent,No,No,Urban Professional,Approved
4011,8087,Male,Asian,82,Over 60,116545.92,716,184376,Full-time,Bachelor's,Citizen,Limited,No,No,High-income Suburban,Approved
4012,7193,Male,Hispanic,66,Over 60,68563.34,796,73164,Self-employed,Some College,Citizen,Limited,No,No,High-income Suburban,Approved
4013,1764,Male,Hispanic,56,25-60,47537.85,621,374094,Full-time,High School,Visa Holder,Fluent,No,No,Working Class Urban,Denied
4014,3439,Male,White,72,Over 60,36562.24,724,407832,Full-time,High School,Citizen,Fluent,No,No,Historically Redlined,Approved
4015,7458,Female,White,52,25-60,136572.35,725,111296,Full-time,Graduate,Citizen,Limited,No,No,Urban Professional,Approved
4016,2483,Female,Black,70,Over 60,73361.63,687,291008,Unemployed,Graduate,Citizen,Fluent,No,Yes,Working Class Urban,Denied
4017,8975,Female,White,35,25-60,47702.37,649,407290,Full-time,Bachelor's,Citizen,Limited,Yes,No,Working Class Urban,Approved
4018,2261,Male,White,77,Over 60,102025.52,762,113258,Full-time,Some College,Citizen,Fluent,No,No,Urban Professional,Approved
4019,8341,Female,White,50,25-60,125207.96,756,366888,Full-time,Some College,Citizen,Fluent,Yes,No,Urban Professional,Approved
4020,1430,Female,White,21,Under 25,68156.86,611,435904,Full-time,Bachelor's,Citizen,Fluent,No,No,Rural,Denied
4021,1631,Male,White,32,25-60,228081.36,666,267950,Full-time,Graduate,Citizen,Fluent,No,No,Urban Professional,Approved
4022,6547,Female,White,37,25-60,93106.2,695,134926,Full-time,Bachelor's,Citizen,Fluent,No,No,Working Class Urban,Approved
4023,739,Male,Hispanic,48,25-60,118896.25,698,385815,Gig,Some College,Citizen,Fluent,No,No,Urban Professional,Approved
4024,6524,Female,White,82,Over 60,99622.6,736,112750,Part-time,Graduate,Citizen,Fluent,No,No,Working Class Urban,Approved
4025,8325,Female,Hispanic,40,25-60,111559.52,695,343312,Full-time,Some College,Citizen,Fluent,No,No,Urban Professional,Approved
4026,3139,Female,White,78,Over 60,71534.86,710,388511,Full-time,High School,Citizen,Fluent,No,No,High-income Suburban,Approved
4027,6734,Male,Hispanic,36,25-60,27664.33,579,240677,Part-time,High School,Citizen,Fluent,No,No,Working Class Urban,Denied
4028,436,Female,Black,81,Over 60,53888.25,713,84220,Part-time,Bachelor's,Citizen,Fluent,No,Yes,Working Class Urban,Approved
4029,3456,Female,Hispanic,54,25-60,80841.09,754,385778,Part-time,Graduate,Citizen,Limited,No,No,Historically Redlined,Approved
4030,2640,Male,White,51,25-60,38441.32,663,372851,Gig,High School,Citizen,Fluent,No,No,Historically Redlined,Denied
4031,7009,Male,White,23,Under 25,41006.81,567,278060,Full-time,High School,Citizen,Fluent,No,No,Rural,Denied
4032,1684,Male,Black,25,25-60,113719.94,679,216321,Full-time,Graduate,Citizen,Fluent,No,No,Historically Redlined,Approved
4033,8653,Female,Hispanic,73,Over 60,37547.15,736,267315,Self-employed,High School,Citizen,Fluent,No,No,Working Class Urban,Approved
4034,2337,Male,White,82,Over 60,34488.53,680,326593,Part-time,Some College,Permanent Resident,Limited,No,No,Historically Redlined,Denied
4035,8482,Female,Black,27,25-60,37370.62,670,157089,Full-time,High School,Citizen,Fluent,No,No,Historically Redlined,Approved
4036,7277,Male,White,20,Under 25,22099.72,543,211014,Full-time,High School,Citizen,Fluent,No,Yes,Rural,Denied
4037,2863,Male,Asian,67,Over 60,182449.2,817,59665,Gig,Bachelor's,Citizen,Fluent,No,No,Urban Professional,Approved
4038,5952,Female,Black,71,Over 60,112972.71,710,344769,Full-time,High School,Citizen,Fluent,No,No,Urban Professional,Approved
4039,3042,Male,White,26,25-60,84032.23,761,397712,Full-time,High School,Visa Holder,Fluent,No,No,High-income Suburban,Approved
4040,1926,Female,Asian,40,25-60,147676.17,723,343251,Unemployed,Some College,Citizen,Fluent,No,No,High-income Suburban,Approved
4041,3665,Male,White,38,25-60,29449.95,623,141831,Full-time,Some College,Permanent Resident,Limited,No,No,Rural,Denied
4042,8566,Male,White,25,25-60,46612.8,631,275658,Full-time,Some College,Citizen,Fluent,No,No,Working Class Urban,Approved
4043,2216,Female,White,79,Over 60,42394.7,762,404113,Gig,High School,Citizen,Fluent,No,No,Working Class Urban,Approved
4044,7781,Female,White,67,Over 60,239860.67,778,351502,Full-time,Graduate,Citizen,Limited,No,No,High-income Suburban,Approved
4045,7260,Male,Asian,45,25-60,85378.92,744,266250,Full-time,Graduate,Citizen,Fluent,No,No,Rural,Approved
4046,637,Male,White,39,25-60,98394.33,722,175180,Gig,Some College,Citizen,Fluent,Yes,No,High-income Suburban,Approved
4047,2070,Male,Hispanic,49,25-60,128039.08,728,111094,Self-employed,High School,Citizen,Fluent,No,No,High-income Suburban,Approved
4048,5368,Male,White,23,Under 25,113907.13,649,351535,Full-time,Some College,Visa Holder,Fluent,No,No,Urban Professional,Denied
4049,803,Male,Hispanic,67,Over 60,235594.54,742,128678,Part-time,Bachelor's,Visa Holder,Fluent,No,No,High-income Suburban,Approved
4050,8185,Female,Hispanic,27,25-60,31404.0,658,405712,Full-time,High School,Citizen,Fluent,No,No,Historically Redlined,Denied
4051,7936,Male,White,27,25-60,79849.51,663,66745,Self-employed,High School,Citizen,Fluent,No,No,Urban Professional,Denied
4052,6170,Male,Hispanic,58,25-60,29917.93,582,109363,Full-time,High School,Citizen,Fluent,No,No,Historically Redlined,Denied
4053,4364,Female,Black,30,25-60,38108.07,671,119605,Full-time,High School,Permanent Resident,Fluent,No,No,Working Class Urban,Approved
4054,1733,Male,White,76,Over 60,39635.23,664,286015,Full-time,Bachelor's,Permanent Resident,Fluent,No,Yes,Rural,Denied
4055,7750,Female,White,79,Over 60,181317.12,754,369867,Gig,Bachelor's,Citizen,Fluent,No,No,Urban Professional,Approved
4056,7012,Male,Asian,49,25-60,62003.1,625,317128,Full-time,Bachelor's,Citizen,Limited,No,No,Working Class Urban,Denied
4057,3984,Female,Hispanic,61,Over 60,247491.42,738,293251,Self-employed,Graduate,Citizen,Fluent,No,No,High-income Suburban,Approved
4058,2973,Male,Hispanic,80,Over 60,96867.95,774,84623,Full-time,High School,Citizen,Fluent,No,No,Urban Professional,Approved
4059,5243,Male,Black,50,25-60,77637.31,718,359848,Self-employed,Graduate,Citizen,Limited,No,No,Working Class Urban,Approved
4060,9999,Female,White,18,Under 25,109241.48,674,86084,Full-time,High School,Visa Holder,Fluent,No,No,High-income Suburban,Approved
4061,4849,Male,Multiracial,40,25-60,114366.15,708,120215,Gig,High School,Citizen,Fluent,Yes,No,High-income Suburban,Approved
4062,1338,Male,White,69,Over 60,97020.87,828,257741,Full-time,High School,Citizen,Fluent,No,No,Urban Professional,Approved
4063,4078,Male,White,72,Over 60,81047.85,798,378680,Full-time,Bachelor's,Citizen,Fluent,No,No,Rural,Approved
4064,7762,Male,White,47,25-60,256515.0,706,211895,Full-time,Graduate,Citizen,Fluent,No,No,Urban Professional,Approved
4065,8540,Female,Black,71,Over 60,182207.02,753,235914,Part-time,Bachelor's,Citizen,Fluent,No,No,Urban Professional,Approved
4066,815,Male,White,59,25-60,70340.11,698,375669,Self-employed,Some College,Citizen,Limited,No,No,Urban Professional,Approved
4067,5123,Female,White,78,Over 60,57396.37,710,379803,Full-time,Some College,Citizen,Fluent,No,No,Rural,Approved
4068,8023,Female,Black,23,Under 25,97121.57,702,192860,Full-time,Graduate,Citizen,Limited,No,No,Working Class Urban,Approved
4069,6537,Male,White,71,Over 60,87687.45,794,402648,Full-time,High School,Citizen,Fluent,No,No,Urban Professional,Approved
4070,1006,Female,Black,46,25-60,85639.3,758,87216,Full-time,Bachelor's,Citizen,Fluent,No,No,Historically Redlined,Approved
4071,5769,Female,Black,76,Over 60,37517.16,657,333312,Self-employed,High School,Citizen,Fluent,No,Yes,Working Class Urban,Denied
4072,2096,Male,White,81,Over 60,19748.86,627,449075,Part-time,Some College,Citizen,Limited,No,Yes,Working Class Urban,Denied
4073,8049,Male,White,29,25-60,72291.1,613,169464,Full-time,Graduate,Citizen,Limited,No,No,Historically Redlined,Approved
4074,9235,Female,White,40,25-60,41055.56,743,376469,Self-employed,Some College,Citizen,Fluent,No,No,Historically Redlined,Approved
4075,5311,Male,White,26,25-60,49522.03,693,196428,Part-time,High School,Permanent Resident,Limited,No,No,High-income Suburban,Approved
4076,4333,Female,White,69,Over 60,352371.07,765,364146,Full-time,Graduate,Citizen,Fluent,No,No,High-income Suburban,Approved
4077,4502,Male,White,60,25-60,165653.22,742,260725,Part-time,Bachelor's,Permanent Resident,Fluent,No,No,Urban Professional,Approved
4078,7258,Male,White,77,Over 60,281723.88,752,120715,Full-time,Graduate,Permanent Resident,Fluent,No,No,High-income Suburban,Approved
4079,7057,Female,Hispanic,35,25-60,60713.83,680,387901,Self-employed,Some College,Citizen,Fluent,No,No,Working Class Urban,Denied
4080,3528,Male,Black,46,25-60,71468.21,599,318781,Full-time,Some College,Citizen,Fluent,No,Yes,Urban Professional,Denied
4081,7055,Male,White,66,Over 60,57030.96,692,198022,Self-employed,Some College,Citizen,Fluent,No,No,Historically Redlined,Approved
4082,6456,Male,White,74,Over 60,26784.41,686,77972,Full-time,High School,Permanent Resident,Fluent,Yes,No,Historically Redlined,Approved
4083,4237,Male,Black,67,Over 60,27337.12,654,420503,Full-time,High School,Citizen,Limited,No,Yes,Historically Redlined,Denied
4084,6291,Male,Black,66,Over 60,37796.17,721,264911,Full-time,Some College,Citizen,Limited,No,No,Historically Redlined,Denied
4085,8281,Female,Black,66,Over 60,49161.99,720,123633,Full-time,Bachelor's,Citizen,Fluent,No,No,Working Class Urban,Approved
4086,7382,Female,White,57,25-60,155813.45,753,266313,Full-time,Some College,Citizen,Fluent,No,No,High-income Suburban,Approved
4087,2898,Female,White,43,25-60,154524.88,700,124585,Part-time,Bachelor's,Citizen,Fluent,No,No,Urban Professional,Approved
4088,5221,Male,Hispanic,75,Over 60,71928.97,723,279962,Full-time,Some College,Citizen,Limited,No,No,High-income Suburban,Denied
4089,3520,Female,Black,80,Over 60,27799.83,607,185366,Part-time,High School,Citizen,Fluent,No,Yes,Working Class Urban,Denied
4090,6061,Male,Hispanic,48,25-60,52818.84,681,342461,Full-time,Bachelor's,Citizen,Fluent,Yes,No,Historically Redlined,Approved
4091,2427,Female,White,70,Over 60,37668.28,763,295286,Full-time,Some College,Visa Holder,Limited,No,No,Working Class Urban,Approved
4092,565,Male,White,43,25-60,81062.16,727,187558,Full-time,Graduate,Citizen,Fluent,No,No,Rural,Approved
4093,5625,Female,White,78,Over 60,33343.57,687,384773,Full-time,High School,Citizen,Fluent,No,No,Rural,Denied
4094,8016,Female,Hispanic,34,25-60,48684.5,639,376469,Full-time,High School,Citizen,Fluent,No,No,Working Class Urban,Denied
4095,1468,Male,White,64,Over 60,62422.63,696,99421,Full-time,Some College,Citizen,Fluent,Yes,No,Working Class Urban,Approved
4096,9328,Male,Black,21,Under 25,46867.22,533,367024,Full-time,Some College,Citizen,Limited,Yes,Yes,Urban Professional,Denied
4097,9745,Male,White,62,Over 60,55298.01,767,175583,Full-time,Some College,Citizen,Fluent,No,No,Working Class Urban,Approved
4098,741,Male,Hispanic,25,25-60,119446.83,699,214741,Full-time,High School,Citizen,Fluent,No,No,High-income Suburban,Approved
4099,9978,Female,White,60,25-60,137972.26,709,348273,Full-time,Some College,Citizen,Fluent,No,No,Urban Professional,Approved
4100,3529,Male,Hispanic,55,25-60,103400.64,672,406612,Full-time,Some College,Citizen,Fluent,No,No,High-income Suburban,Approved
4101,1138,Male,Black,29,25-60,32749.83,618,334453,Full-time,High School,Citizen,Fluent,No,No,Rural,Denied
4102,1458,Female,White,54,25-60,216269.46,719,228532,Full-time,Bachelor's,Citizen,Fluent,No,No,High-income Suburban,Approved
4103,1898,Female,White,36,25-60,227096.65,680,116544,Part-time,Bachelor's,Citizen,Fluent,No,No,Urban Professional,Approved
4104,7574,Female,White,68,Over 60,167515.05,753,230029,Full-time,Bachelor's,Citizen,Fluent,No,No,High-income Suburban,Approved
4105,6197,Male,White,29,25-60,112720.67,725,74307,Self-employed,High School,Citizen,Fluent,No,No,High-income Suburban,Approved
4106,2896,Male,Hispanic,67,Over 60,71475.13,655,130772,Full-time,High School,Citizen,Fluent,No,Yes,High-income Suburban,Denied
4107,1740,Female,Black,39,25-60,60720.36,612,323541,Part-time,Bachelor's,Citizen,Fluent,No,No,Historically Redlined,Denied
4108,4466,Male,Asian,37,25-60,33220.62,585,418167,Full-time,High School,Permanent Resident,Limited,Yes,No,Working Class Urban,Denied
4109,6544,Female,White,39,25-60,68151.48,672,426096,Full-time,High School,Citizen,Limited,No,Yes,High-income Suburban,Approved
4110,410,Male,White,77,Over 60,97847.9,748,299416,Full-time,High School,Citizen,Fluent,No,No,Urban Professional,Approved
4111,5671,Male,White,81,Over 60,57656.47,717,298169,Gig,Some College,Citizen,Fluent,No,No,Rural,Approved
4112,7528,Female,White,23,Under 25,109961.9,665,300933,Full-time,Some College,Citizen,Fluent,No,No,High-income Suburban,Denied
4113,2529,Male,Black,53,25-60,59519.52,697,316627,Part-time,High School,Citizen,Fluent,Yes,No,Working Class Urban,Approved
4114,135,Female,White,47,25-60,73866.04,638,214612,Self-employed,Bachelor's,Permanent Resident,Fluent,No,No,Rural,Approved
4115,7519,Female,Hispanic,44,25-60,100429.98,678,66043,Full-time,High School,Citizen,Fluent,No,No,Urban Professional,Approved
4116,4385,Male,White,71,Over 60,45467.15,687,273979,Full-time,High School,Citizen,Fluent,No,No,Working Class Urban,Approved
4117,714,Male,White,29,25-60,122522.73,643,201772,Self-employed,Bachelor's,Citizen,Fluent,No,Yes,High-income Suburban,Approved
4118,5067,Female,Multiracial,29,25-60,97889.66,740,193489,Full-time,Some College,Citizen,Fluent,No,No,Urban Professional,Approved
4119,877,Female,Black,65,Over 60,95780.33,702,331025,Part-time,High School,Citizen,Fluent,No,Yes,High-income Suburban,Denied
4120,1404,Male,White,38,25-60,47499.79,650,309690,Gig,High School,Citizen,Fluent,No,No,Historically Redlined,Denied
4121,6748,Male,Hispanic,75,Over 60,79314.67,709,227795,Full-time,Bachelor's,Citizen,Fluent,No,No,Working Class Urban,Approved
4122,5879,Female,White,43,25-60,90476.86,720,119777,Full-time,Bachelor's,Citizen,Fluent,No,No,Working Class Urban,Approved
4123,5313,Female,White,18,Under 25,90278.93,646,365771,Full-time,Bachelor's,Permanent Resident,Fluent,No,No,Working Class Urban,Approved
4124,7233,Female,Hispanic,47,25-60,85697.16,715,177558,Full-time,High School,Citizen,Fluent,No,No,Urban Professional,Denied
4125,6862,Female,White,57,25-60,51474.39,650,193891,Unemployed,Some College,Citizen,Fluent,No,No,Working Class Urban,Denied
4126,8063,Female,Black,23,Under 25,26385.65,539,64556,Self-employed,Some College,Citizen,Limited,No,No,Working Class Urban,Denied
4127,7902,Female,White,25,25-60,134792.6,682,406758,Gig,Some College,Citizen,Fluent,No,No,High-income Suburban,Approved
4128,9412,Female,White,20,Under 25,34344.68,531,387687,Part-time,High School,Citizen,Fluent,No,No,Rural,Denied
4129,1134,Female,White,42,25-60,78000.36,712,377561,Full-time,High School,Citizen,Fluent,No,No,High-income Suburban,Approved
4130,7470,Female,White,61,Over 60,36664.96,692,410788,Part-time,High School,Citizen,Fluent,No,No,Working Class Urban,Denied
4131,1281,Female,Black,47,25-60,51354.24,667,356195,Full-time,Some College,Citizen,Fluent,No,No,Working Class Urban,Denied
4132,2840,Female,White,66,Over 60,84578.89,791,392134,Full-time,Bachelor's,Citizen,Fluent,No,No,Working Class Urban,Approved
4133,506,Female,White,64,Over 60,77555.33,806,73368,Part-time,Bachelor's,Citizen,Fluent,No,No,Historically Redlined,Approved
4134,7171,Female,Hispanic,70,Over 60,45067.75,733,103389,Part-time,Bachelor's,Citizen,Limited,No,No,Working Class Urban,Approved
4135,917,Male,Black,21,Under 25,85122.05,642,356333,Part-time,High School,Citizen,Fluent,No,No,Urban Professional,Approved
4136,1516,Male,Asian,51,25-60,96596.66,704,228675,Full-time,Graduate,Citizen,Fluent,No,No,Working Class Urban,Approved
4137,6437,Male,White,34,25-60,149921.56,716,449804,Part-time,Graduate,Citizen,Fluent,Yes,No,High-income Suburban,Approved
4138,1078,Male,White,23,Under 25,57639.73,535,168967,Part-time,High School,Permanent Resident,Fluent,No,No,Working Class Urban,Denied
4139,4888,Male,White,46,25-60,99403.79,700,201877,Full-time,High School,Permanent Resident,Fluent,No,No,Urban Professional,Approved
4140,1507,Female,White,79,Over 60,59503.57,704,56376,Self-employed,Some College,Citizen,Fluent,No,No,Working Class Urban,Approved
4141,6648,Female,White,68,Over 60,79401.51,758,213790,Gig,High School,Citizen,Fluent,No,No,Urban Professional,Approved
4142,252,Male,Black,79,Over 60,150403.95,701,52083,Full-time,Bachelor's,Permanent Resident,Fluent,No,Yes,High-income Suburban,Approved
4143,4535,Female,White,79,Over 60,230024.27,753,153769,Full-time,Bachelor's,Citizen,Fluent,No,No,High-income Suburban,Approved
4144,1394,Male,White,47,25-60,114393.04,745,358745,Part-time,Graduate,Citizen,Fluent,No,No,Rural,Approved
4145,8848,Male,White,76,Over 60,126286.73,753,269028,Full-time,Some College,Citizen,Fluent,No,No,High-income Suburban,Approved
4146,867,Female,White,66,Over 60,80140.3,753,306811,Full-time,Some College,Permanent Resident,Limited,No,No,High-income Suburban,Approved
4147,337,Male,Black,74,Over 60,54184.4,700,352475,Full-time,High School,Citizen,Fluent,No,No,Working Class Urban,Denied
4148,4694,Male,Hispanic,43,25-60,121650.36,702,394193,Full-time,Some College,Citizen,Fluent,No,No,Urban Professional,Approved
4149,9874,Female,White,28,25-60,34461.25,603,194063,Full-time,Some College,Citizen,Fluent,No,No,Working Class Urban,Denied
4150,2792,Female,White,33,25-60,40247.26,631,244486,Full-time,Some College,Permanent Resident,Fluent,No,No,Historically Redlined,Denied
4151,3683,Male,Hispanic,65,Over 60,36530.22,747,242885,Full-time,High School,Citizen,Fluent,No,No,Working Class Urban,Approved
4152,5222,Male,White,43,25-60,231481.13,691,336197,Part-time,Bachelor's,Citizen,Fluent,No,No,High-income Suburban,Approved
4153,4743,Male,White,32,25-60,101593.69,700,311965,Full-time,Bachelor's,Citizen,Limited,No,No,Urban Professional,Approved
4154,6173,Male,Black,82,Over 60,115942.08,737,402357,Full-time,Bachelor's,Citizen,Limited,No,No,Urban Professional,Approved
4155,1030,Female,White,53,25-60,66620.03,653,146802,Full-time,Some College,Citizen,Fluent,No,No,Working Class Urban,Denied
4156,7218,Female,White,24,Under 25,126400.19,624,357368,Full-time,High School,Permanent Resident,Fluent,No,No,High-income Suburban,Approved
4157,1896,Female,White,82,Over 60,119512.23,774,153915,Full-time,Some College,Citizen,Fluent,No,No,High-income Suburban,Approved
4158,9810,Female,Hispanic,35,25-60,65646.69,641,448171,Full-time,High School,Citizen,Limited,Yes,No,High-income Suburban,Denied
4159,7305,Female,White,58,25-60,85680.73,717,326046,Full-time,High School,Citizen,Fluent,No,No,Urban Professional,Approved
4160,6968,Male,White,32,25-60,71650.94,673,313393,Full-time,Bachelor's,Citizen,Fluent,No,No,Historically Redlined,Approved
4161,9127,Male,White,64,Over 60,419527.73,733,306325,Full-time,Graduate,Citizen,Fluent,No,No,High-income Suburban,Approved
4162,53,Male,White,74,Over 60,63409.78,715,238036,Part-time,Some College,Permanent Resident,Fluent,Yes,No,Historically Redlined,Approved
4163,3548,Male,Hispanic,33,25-60,32869.38,598,306615,Full-time,High School,Citizen,Fluent,No,No,Historically Redlined,Denied
4164,3008,Female,Black,39,25-60,111413.78,656,185738,Self-employed,High School,Citizen,Limited,No,No,High-income Suburban,Denied
4165,4358,Female,White,20,Under 25,129160.65,591,191996,Gig,Graduate,Visa Holder,Fluent,No,No,Working Class Urban,Denied
4166,3831,Male,White,36,25-60,248643.32,671,95401,Self-employed,Bachelor's,Citizen,Fluent,No,No,High-income Suburban,Approved
4167,5322,Male,White,61,Over 60,158775.03,798,444598,Full-time,Some College,Citizen,Fluent,No,No,High-income Suburban,Approved
4168,4150,Female,White,81,Over 60,74854.65,725,313093,Part-time,High School,Citizen,Fluent,No,No,High-income Suburban,Approved
4169,51,Male,White,78,Over 60,87558.3,812,196456,Full-time,High School,Citizen,Fluent,No,No,High-income Suburban,Approved
4170,267,Female,White,68,Over 60,229280.05,773,362558,Part-time,Graduate,Citizen,Fluent,Yes,No,Urban Professional,Approved
4171,1403,Female,White,49,25-60,36931.74,700,283418,Full-time,Bachelor's,Permanent Resident,Fluent,No,No,Historically Redlined,Approved
4172,4797,Male,White,47,25-60,119146.0,713,352619,Gig,Some College,Citizen,Fluent,No,No,High-income Suburban,Approved
4173,2363,Male,White,63,Over 60,166877.72,751,406806,Full-time,Some College,Permanent Resident,Fluent,Yes,No,High-income Suburban,Approved
4174,9217,Male,White,68,Over 60,25144.95,639,421212,Full-time,High School,Citizen,Limited,No,No,Rural,Denied
4175,6202,Female,White,58,25-60,51384.46,647,387154,Full-time,Bachelor's,Citizen,Limited,Yes,No,Rural,Denied
4176,6092,Female,Black,66,Over 60,40440.16,695,155687,Full-time,High School,Citizen,Fluent,No,No,Historically Redlined,Approved
4177,1467,Female,White,56,25-60,110854.06,729,210857,Part-time,Bachelor's,Permanent Resident,Fluent,Yes,No,Working Class Urban,Approved
4178,9640,Female,Multiracial,64,Over 60,70555.02,707,228481,Gig,Some College,Permanent Resident,Fluent,No,No,Working Class Urban,Denied
4179,8824,Female,Hispanic,28,25-60,176833.18,682,420948,Part-time,Bachelor's,Citizen,Fluent,Yes,No,High-income Suburban,Approved
4180,4999,Female,White,53,25-60,81801.06,657,72648,Full-time,High School,Citizen,Fluent,No,No,High-income Suburban,Approved
4181,2507,Female,Asian,63,Over 60,40447.08,740,434149,Full-time,Bachelor's,Visa Holder,Limited,No,No,Rural,Approved
4182,8946,Male,White,77,Over 60,174896.59,806,55999,Gig,Graduate,Citizen,Fluent,No,No,Urban Professional,Approved
4183,5138,Male,White,64,Over 60,92244.54,748,339452,Full-time,High School,Citizen,Fluent,No,No,Urban Professional,Approved
4184,1375,Female,Native American,25,25-60,62342.41,619,277138,Full-time,Bachelor's,Citizen,Fluent,No,No,Historically Redlined,Approved
4185,7091,Female,White,58,25-60,214449.41,749,365674,Full-time,Graduate,Citizen,Fluent,No,No,Urban Professional,Approved
4186,7898,Male,Hispanic,75,Over 60,33753.03,643,99949,Full-time,High School,Citizen,Fluent,No,Yes,Rural,Denied
4187,8527,Female,White,36,25-60,66968.11,697,143715,Full-time,Bachelor's,Permanent Resident,Fluent,No,Yes,Rural,Approved
4188,7308,Female,Hispanic,44,25-60,31533.68,621,178540,Full-time,Some College,Citizen,Limited,No,No,Rural,Denied
4189,7851,Non-binary,Black,61,Over 60,20414.11,639,161207,Gig,Some College,Citizen,Limited,No,No,Rural,Denied
4190,7753,Female,Asian,70,Over 60,152306.17,773,240591,Full-time,Bachelor's,Permanent Resident,Fluent,No,No,Urban Professional,Approved
4191,9690,Female,Hispanic,50,25-60,62336.57,664,55729,Self-employed,High School,Citizen,Limited,No,No,Urban Professional,Denied
4192,2106,Male,Hispanic,65,Over 60,33487.2,603,125688,Full-time,High School,Citizen,Fluent,No,Yes,Working Class Urban,Denied
4193,8174,Female,Hispanic,56,25-60,40860.95,687,309486,Full-time,Some College,Citizen,Fluent,No,No,Working Class Urban,Denied
4194,3543,Female,Hispanic,56,25-60,28095.5,588,78691,Full-time,High School,Citizen,Fluent,No,No,Working Class Urban,Denied
4195,1940,Female,White,20,Under 25,231875.34,654,157583,Part-time,Graduate,Citizen,Fluent,No,No,Urban Professional,Denied
4196,4706,Female,Hispanic,45,25-60,121366.82,693,363933,Self-employed,Some College,Citizen,Fluent,No,No,Urban Professional,Approved
4197,360,Male,White,19,Under 25,36918.24,598,289186,Full-time,Graduate,Citizen,Fluent,No,No,Rural,Denied
4198,3119,Female,White,41,25-60,210726.54,689,449477,Part-time,Bachelor's,Citizen,Fluent,No,No,High-income Suburban,Approved
4199,2866,Male,White,53,25-60,131178.46,735,436880,Full-time,Graduate,Citizen,Fluent,No,No,Rural,Approved
4200,3157,Male,White,47,25-60,177673.53,724,124457,Self-employed,Bachelor's,Permanent Resident,Fluent,No,No,Urban Professional,Approved
4201,9575,Male,Hispanic,74,Over 60,262932.03,777,368087,Part-time,Graduate,Citizen,Fluent,No,No,High-income Suburban,Approved
4202,2322,Male,White,71,Over 60,119167.11,724,272697,Full-time,High School,Citizen,Fluent,No,No,High-income Suburban,Approved
4203,6001,Female,Asian,67,Over 60,95692.44,743,405168,Self-employed,Graduate,Citizen,Fluent,No,No,Working Class Urban,Approved
4204,1695,Female,White,38,25-60,138561.61,722,183407,Full-time,Some College,Citizen,Fluent,No,No,High-income Suburban,Approved
4205,6388,Male,Black,48,25-60,118646.64,715,264372,Full-time,High School,Citizen,Fluent,No,No,High-income Suburban,Approved
4206,6513,Female,Multiracial,19,Under 25,59788.73,612,236414,Full-time,Graduate,Citizen,Fluent,No,No,Rural,Denied
4207,6917,Male,White,56,25-60,122713.9,716,188356,Full-time,Bachelor's,Citizen,Fluent,No,No,High-income Suburban,Approved
4208,4256,Female,Hispanic,24,Under 25,48193.41,616,336887,Full-time,High School,Permanent Resident,Fluent,No,No,Working Class Urban,Approved
4209,9452,Non-binary,White,69,Over 60,115916.77,750,165128,Full-time,High School,Citizen,Fluent,No,No,High-income Suburban,Approved
4210,2270,Male,White,75,Over 60,37741.2,724,150574,Gig,High School,Citizen,Fluent,No,No,Historically Redlined,Denied
4211,2171,Female,Hispanic,19,Under 25,86120.59,627,175901,Full-time,Some College,Citizen,Fluent,No,No,Urban Professional,Denied
4212,2704,Female,White,26,25-60,86901.89,738,232771,Full-time,High School,Citizen,Fluent,No,No,Urban Professional,Approved
4213,557,Male,Hispanic,59,25-60,45401.42,698,127068,Full-time,High School,Citizen,Fluent,No,No,Historically Redlined,Approved
4214,3970,Male,White,36,25-60,101971.46,713,112829,Full-time,Some College,Citizen,Fluent,No,No,Urban Professional,Approved
4215,3655,Female,White,54,25-60,76712.04,673,105641,Full-time,Graduate,Citizen,Fluent,No,No,Historically Redlined,Denied
4216,418,Female,White,25,25-60,191190.13,751,371397,Part-time,Bachelor's,Citizen,Fluent,No,No,Urban Professional,Approved
4217,3296,Female,Hispanic,52,25-60,45072.2,703,199071,Full-time,High School,Citizen,Fluent,No,No,Working Class Urban,Denied
4218,2665,Male,White,77,Over 60,103581.82,769,90048,Self-employed,Some College,Visa Holder,Fluent,No,No,Urban Professional,Approved
4219,2159,Female,White,65,Over 60,88121.06,789,227056,Gig,Bachelor's,Citizen,Fluent,No,No,Working Class Urban,Approved
4220,3358,Female,White,39,25-60,93577.77,692,302130,Self-employed,High School,Citizen,Fluent,No,No,High-income Suburban,Approved
4221,3822,Female,White,81,Over 60,27750.18,667,232554,Full-time,Some College,Citizen,Limited,No,No,Historically Redlined,Denied
4222,1856,Male,Black,42,25-60,137619.28,682,206165,Full-time,Some College,Citizen,Fluent,No,No,High-income Suburban,Approved
4223,2470,Male,Black,37,25-60,184988.45,716,205748,Full-time,Bachelor's,Permanent Resident,Fluent,No,No,High-income Suburban,Approved
4224,3353,Female,White,30,25-60,171559.89,710,54133,Full-time,Bachelor's,Citizen,Fluent,No,No,High-income Suburban,Approved
4225,3432,Male,White,35,25-60,318867.05,732,440987,Self-employed,Graduate,Citizen,Fluent,No,No,High-income Suburban,Approved
4226,955,Male,Asian,65,Over 60,61005.94,739,88725,Full-time,Bachelor's,Citizen,Fluent,No,No,Rural,Approved
4227,5635,Female,White,79,Over 60,81128.01,750,386996,Full-time,High School,Citizen,Fluent,No,No,Urban Professional,Approved
4228,2936,Male,White,71,Over 60,33310.27,561,395695,Full-time,High School,Citizen,Fluent,No,No,Historically Redlined,Denied
4229,1326,Male,White,69,Over 60,92684.0,786,410380,Full-time,Bachelor's,Citizen,Fluent,No,No,Working Class Urban,Approved
4230,6206,Female,Hispanic,53,25-60,35688.58,619,190245,Part-time,Some College,Citizen,Limited,No,No,Rural,Denied
4231,6087,Female,White,23,Under 25,173658.69,644,253184,Full-time,Bachelor's,Citizen,Fluent,No,No,Urban Professional,Approved
4232,9671,Female,White,38,25-60,81646.42,763,170150,Full-time,Bachelor's,Citizen,Fluent,No,No,Working Class Urban,Approved
4233,4709,Female,White,72,Over 60,45528.44,722,343817,Full-time,Some College,Permanent Resident,Fluent,No,No,Historically Redlined,Denied
4234,9946,Male,White,53,25-60,75520.98,691,223209,Full-time,Bachelor's,Citizen,Fluent,No,No,Working Class Urban,Approved
4235,1059,Female,Black,42,25-60,40989.5,668,345571,Full-time,High School,Citizen,Fluent,Yes,No,Working Class Urban,Denied
4236,8599,Male,White,22,Under 25,141000.09,687,379843,Part-time,Graduate,Citizen,Limited,No,No,Urban Professional,Approved
4237,4870,Male,White,67,Over 60,84422.57,739,271436,Full-time,Graduate,Citizen,Limited,No,No,Working Class Urban,Approved
4238,4157,Female,Asian,19,Under 25,107803.29,612,315357,Full-time,High School,Citizen,Fluent,No,No,Urban Professional,Denied
4239,8140,Female,Hispanic,28,25-60,64259.09,684,260314,Full-time,Some College,Citizen,Limited,No,No,Urban Professional,Approved
4240,7966,Female,White,79,Over 60,110987.67,755,244372,Full-time,Some College,Permanent Resident,Fluent,No,No,Urban Professional,Approved
4241,3286,Female,White,51,25-60,57022.61,653,56061,Full-time,Some College,Citizen,Limited,Yes,No,High-income Suburban,Denied
4242,3662,Male,White,56,25-60,30774.17,583,232529,Part-time,Some College,Permanent Resident,Fluent,No,No,Working Class Urban,Denied
4243,3569,Female,Black,60,25-60,36206.09,652,389722,Full-time,High School,Visa Holder,Fluent,No,Yes,Working Class Urban,Denied
4244,5673,Female,White,51,25-60,59027.32,718,332728,Full-time,Bachelor's,Citizen,Limited,Yes,No,Working Class Urban,Approved
4245,9900,Male,White,20,Under 25,49513.8,617,405696,Full-time,Graduate,Citizen,Fluent,No,Yes,Historically Redlined,Denied
4246,5068,Male,Black,51,25-60,23797.14,538,55338,Full-time,High School,Citizen,Fluent,Yes,Yes,Historically Redlined,Denied
4247,1626,Female,White,61,Over 60,28265.81,690,409457,Full-time,High School,Citizen,Fluent,No,No,Working Class Urban,Denied
4248,238,Male,Hispanic,61,Over 60,235786.81,707,440983,Full-time,Bachelor's,Permanent Resident,Fluent,No,No,High-income Suburban,Approved
4249,6236,Female,White,64,Over 60,41703.21,734,73155,Full-time,High School,Citizen,Fluent,No,No,Historically Redlined,Denied
4250,872,Male,White,23,Under 25,167342.27,660,347963,Full-time,Graduate,Permanent Resident,Limited,No,No,High-income Suburban,Approved
4251,4413,Female,Multiracial,47,25-60,105166.52,731,114951,Full-time,Bachelor's,Citizen,Fluent,Yes,No,Working Class Urban,Approved
4252,2172,Female,White,77,Over 60,134663.58,766,132162,Part-time,High School,Citizen,Fluent,No,No,High-income Suburban,Approved
4253,5777,Male,White,60,25-60,74043.97,694,110380,Full-time,Bachelor's,Citizen,Fluent,No,No,Historically Redlined,Denied
4254,7897,Male,Hispanic,31,25-60,93706.91,714,444345,Full-time,Some College,Citizen,Fluent,No,No,High-income Suburban,Approved
4255,1015,Male,White,77,Over 60,46621.4,705,410619,Part-time,Some College,Citizen,Fluent,No,No,Rural,Denied
4256,8274,Female,White,82,Over 60,238100.91,755,310841,Part-time,Bachelor's,Citizen,Fluent,No,No,High-income Suburban,Approved
4257,2117,Female,Black,75,Over 60,114258.26,792,335728,Full-time,Some College,Visa Holder,Fluent,No,No,Urban Professional,Approved
4258,1911,Male,Black,52,25-60,42140.06,666,321798,Gig,Some College,Citizen,Fluent,No,No,Rural,Denied
4259,7255,Female,Hispanic,23,Under 25,186400.94,659,285240,Full-time,Some College,Citizen,Fluent,No,No,High-income Suburban,Denied
4260,855,Male,White,40,25-60,41689.95,678,231961,Full-time,Some College,Citizen,Fluent,No,No,Historically Redlined,Approved
4261,4856,Male,White,66,Over 60,60801.21,698,434714,Full-time,Bachelor's,Citizen,Fluent,Yes,No,Rural,Approved
4262,1798,Male,Hispanic,19,Under 25,101402.66,607,231964,Part-time,Bachelor's,Citizen,Fluent,No,Yes,High-income Suburban,Denied
4263,3017,Male,White,31,25-60,48501.42,671,305669,Full-time,High School,Citizen,Fluent,No,No,Historically Redlined,Approved
4264,8710,Male,Black,20,Under 25,124070.76,640,352790,Full-time,Some College,Permanent Resident,Fluent,Yes,No,Urban Professional,Denied
4265,9304,Female,White,50,25-60,95020.09,788,421148,Full-time,High School,Citizen,Fluent,No,No,High-income Suburban,Approved
4266,5508,Male,White,47,25-60,35751.98,662,220743,Full-time,High School,Citizen,Fluent,No,No,Historically Redlined,Denied
4267,9863,Male,Black,67,Over 60,101105.22,729,404782,Gig,High School,Citizen,Fluent,No,No,High-income Suburban,Approved
4268,6831,Male,White,82,Over 60,56215.36,709,310721,Full-time,Graduate,Citizen,Fluent,No,Yes,Rural,Approved
4269,7676,Female,White,56,25-60,66851.13,651,179261,Self-employed,Bachelor's,Citizen,Fluent,No,No,Historically Redlined,Approved
4270,3147,Female,Hispanic,36,25-60,184581.83,729,395733,Part-time,Bachelor's,Citizen,Fluent,No,No,High-income Suburban,Approved
4271,2226,Male,White,61,Over 60,78704.31,658,346142,Self-employed,Bachelor's,Citizen,Fluent,No,No,Working Class Urban,Denied
4272,5773,Female,Hispanic,52,25-60,48647.17,648,448058,Full-time,High School,Citizen,Fluent,No,No,Working Class Urban,Denied
4273,1298,Female,White,52,25-60,28796.5,543,220629,Full-time,High School,Citizen,Fluent,No,Yes,Working Class Urban,Denied
4274,5287,Male,White,79,Over 60,31707.71,620,92859,Part-time,Some College,Citizen,Limited,No,No,Working Class Urban,Denied
4275,1218,Female,White,37,25-60,190415.57,743,61172,Full-time,Bachelor's,Permanent Resident,Fluent,No,No,High-income Suburban,Approved
4276,3804,Male,Hispanic,61,Over 60,173467.28,753,289785,Part-time,Bachelor's,Citizen,Fluent,No,No,High-income Suburban,Approved
4277,8888,Male,Hispanic,72,Over 60,42144.43,720,110646,Part-time,Some College,Citizen,Fluent,Yes,No,Historically Redlined,Denied
4278,3188,Male,White,18,Under 25,69917.39,619,442029,Gig,Bachelor's,Citizen,Fluent,No,No,Rural,Approved
4279,1358,Female,White,29,25-60,37725.31,690,164960,Self-employed,High School,Citizen,Fluent,Yes,No,Working Class Urban,Approved
4280,2727,Male,Black,47,25-60,52299.1,675,171185,Full-time,Some College,Citizen,Fluent,No,No,Working Class Urban,Approved
4281,2202,Female,Black,70,Over 60,43360.63,714,419352,Self-employed,Some College,Citizen,Fluent,No,Yes,Working Class Urban,Approved
4282,439,Female,Black,39,25-60,68701.52,668,107767,Self-employed,Bachelor's,Citizen,Limited,Yes,No,Rural,Denied
4283,9064,Female,Hispanic,24,Under 25,79941.48,622,349422,Full-time,Some College,Citizen,Limited,No,No,High-income Suburban,Denied
4284,5538,Male,White,40,25-60,59222.4,637,307111,Full-time,Some College,Citizen,Fluent,Yes,No,Working Class Urban,Approved
4285,1881,Female,White,35,25-60,311614.6,736,107902,Full-time,Graduate,Citizen,Fluent,No,No,High-income Suburban,Approved
4286,3216,Male,Black,20,Under 25,71144.09,596,339490,Full-time,High School,Citizen,Fluent,No,Yes,High-income Suburban,Denied
4287,8920,Non-binary,White,81,Over 60,136079.07,770,136771,Part-time,Graduate,Citizen,Fluent,Yes,No,Rural,Approved
4288,2232,Male,White,55,25-60,120866.67,719,274407,Gig,High School,Citizen,Fluent,No,No,Urban Professional,Approved
4289,1240,Male,White,71,Over 60,29604.53,633,143344,Full-time,High School,Permanent Resident,Fluent,No,No,Historically Redlined,Denied
4290,4317,Female,Black,70,Over 60,157053.11,782,97313,Part-time,Some College,Citizen,Fluent,No,No,High-income Suburban,Approved
4291,518,Male,White,30,25-60,63348.79,655,113945,Gig,Bachelor's,Citizen,Fluent,No,No,Rural,Denied
4292,1866,Female,Black,48,25-60,127831.29,755,351009,Full-time,Graduate,Citizen,Fluent,No,No,Working Class Urban,Approved
4293,9584,Male,White,74,Over 60,101271.55,767,348757,Full-time,Graduate,Citizen,Fluent,No,No,Working Class Urban,Approved
4294,2477,Male,Hispanic,64,Over 60,83582.3,757,392165,Full-time,High School,Citizen,Fluent,Yes,No,Urban Professional,Approved
4295,4923,Female,Hispanic,55,25-60,50682.67,731,62646,Full-time,Some College,Citizen,Fluent,No,No,Working Class Urban,Denied
4296,1880,Female,Black,48,25-60,268378.17,785,416167,Full-time,Graduate,Citizen,Fluent,No,No,Urban Professional,Approved
4297,8318,Male,Hispanic,20,Under 25,174565.06,626,137540,Full-time,Bachelor's,Citizen,Fluent,Yes,No,Urban Professional,Denied
4298,5946,Male,White,46,25-60,57337.04,696,427991,Gig,High School,Permanent Resident,Limited,Yes,No,Urban Professional,Approved
4299,3073,Non-binary,White,75,Over 60,269343.54,759,283080,Full-time,Graduate,Citizen,Fluent,No,No,High-income Suburban,Approved
4300,2095,Female,Hispanic,37,25-60,131871.34,746,442850,Full-time,Some College,Citizen,Fluent,No,No,High-income Suburban,Approved
4301,6252,Male,White,61,Over 60,103856.91,759,196822,Gig,Graduate,Citizen,Fluent,No,No,Working Class Urban,Approved
4302,8,Male,Asian,39,25-60,269350.7,674,72275,Full-time,Graduate,Citizen,Fluent,No,No,Urban Professional,Approved
4303,9902,Male,White,20,Under 25,40882.3,597,424596,Full-time,High School,Citizen,Fluent,No,No,Working Class Urban,Denied
4304,2918,Male,White,58,25-60,35881.91,733,328724,Full-time,Some College,Citizen,Fluent,No,No,Rural,Approved
4305,4762,Male,Hispanic,46,25-60,143048.8,716,103351,Full-time,Bachelor's,Citizen,Fluent,No,No,High-income Suburban,Approved
4306,8685,Male,White,56,25-60,37165.36,642,78993,Self-employed,High School,Citizen,Fluent,No,No,Working Class Urban,Denied
4307,2894,Male,Black,46,25-60,53789.54,725,321448,Part-time,Some College,Citizen,Fluent,No,No,Rural,Approved
4308,5618,Male,Black,47,25-60,39167.88,691,50756,Full-time,Some College,Citizen,Fluent,No,No,Working Class Urban,Approved
4309,4057,Male,White,36,25-60,50669.97,683,218620,Full-time,Bachelor's,Citizen,Fluent,No,No,Rural,Approved
4310,6379,Female,Hispanic,57,25-60,37779.24,669,442102,Part-time,High School,Citizen,Fluent,Yes,No,Rural,Denied
4311,3985,Female,Hispanic,71,Over 60,50868.38,711,435212,Full-time,Bachelor's,Citizen,Fluent,No,No,Rural,Approved
4312,8913,Male,White,69,Over 60,100155.3,758,423882,Self-employed,High School,Citizen,Fluent,No,No,High-income Suburban,Approved
4313,5830,Male,White,41,25-60,36460.95,685,285270,Full-time,Bachelor's,Permanent Resident,Limited,No,No,Historically Redlined,Denied
4314,947,Female,White,45,25-60,42051.44,655,109657,Full-time,High School,Citizen,Fluent,Yes,No,Historically Redlined,Approved
4315,6111,Male,Asian,53,25-60,353657.16,768,382171,Full-time,Graduate,Citizen,Fluent,No,No,High-income Suburban,Approved
4316,3526,Female,White,38,25-60,179700.19,691,407263,Full-time,Graduate,Citizen,Fluent,No,No,High-income Suburban,Approved
4317,9661,Female,Asian,18,Under 25,124611.87,649,263015,Full-time,Graduate,Citizen,Fluent,Yes,No,Rural,Approved
4318,7988,Male,White,68,Over 60,85075.89,703,238340,Gig,High School,Citizen,Fluent,No,No,Urban Professional,Approved
4319,2308,Female,White,33,25-60,47840.31,631,437283,Full-time,High School,Citizen,Fluent,No,No,Working Class Urban,Approved
4320,4346,Male,White,43,25-60,62322.05,617,399777,Full-time,High School,Citizen,Fluent,No,No,Working Class Urban,Approved
4321,4001,Male,White,72,Over 60,29220.62,607,104968,Part-time,High School,Visa Holder,Fluent,No,Yes,Working Class Urban,Denied
4322,1176,Male,White,50,25-60,92222.83,738,75747,Full-time,High School,Permanent Resident,Fluent,No,No,High-income Suburban,Approved
4323,4538,Female,Hispanic,45,25-60,171632.8,742,362034,Full-time,Some College,Citizen,Fluent,No,No,High-income Suburban,Approved
4324,4002,Female,White,24,Under 25,77224.95,599,102064,Full-time,Some College,Citizen,Fluent,No,No,Working Class Urban,Denied
4325,3861,Female,Hispanic,67,Over 60,28644.77,595,57426,Part-time,High School,Permanent Resident,Fluent,No,Yes,Historically Redlined,Denied
4326,2244,Female,Hispanic,29,25-60,45399.71,679,218576,Full-time,High School,Citizen,Fluent,No,No,Working Class Urban,Denied
4327,2487,Male,White,31,25-60,19039.29,619,305009,Part-time,Some College,Citizen,Fluent,No,Yes,Historically Redlined,Denied
4328,6934,Female,Multiracial,69,Over 60,39340.95,739,197990,Full-time,High School,Citizen,Fluent,No,No,Historically Redlined,Denied
4329,681,Female,Hispanic,29,25-60,124951.32,748,405385,Gig,Graduate,Permanent Resident,Fluent,No,No,Historically Redlined,Approved
4330,7494,Female,White,71,Over 60,170905.06,738,146006,Full-time,Bachelor's,Permanent Resident,Fluent,No,No,Urban Professional,Approved
4331,1862,Female,Black,47,25-60,89981.72,758,309530,Full-time,High School,Citizen,Fluent,No,No,Urban Professional,Approved
4332,1538,Non-binary,Hispanic,63,Over 60,76389.68,719,343243,Full-time,Graduate,Citizen,Fluent,No,No,Historically Redlined,Approved
4333,6051,Female,White,37,25-60,44154.52,673,93198,Full-time,High School,Citizen,Fluent,No,No,Working Class Urban,Denied
4334,9342,Female,Hispanic,40,25-60,59695.99,692,239682,Full-time,Some College,Citizen,Fluent,No,No,Rural,Approved
4335,2046,Male,White,72,Over 60,62058.62,732,210325,Gig,Some College,Citizen,Fluent,No,No,Working Class Urban,Approved
4336,5290,Male,White,20,Under 25,80908.79,605,360621,Full-time,Some College,Citizen,Fluent,No,Yes,Urban Professional,Denied
4337,9873,Female,Multiracial,54,25-60,109142.75,717,198422,Full-time,Graduate,Citizen,Fluent,No,No,Working Class Urban,Approved
4338,5921,Male,White,34,25-60,147881.76,723,114304,Full-time,Some College,Citizen,Fluent,No,No,High-income Suburban,Approved
4339,9447,Male,White,32,25-60,47130.89,712,358748,Part-time,High School,Citizen,Fluent,No,No,Working Class Urban,Approved
4340,2161,Female,White,26,25-60,410818.71,702,379425,Full-time,Graduate,Visa Holder,Fluent,No,No,High-income Suburban,Approved
4341,6745,Female,Black,34,25-60,93343.17,698,262213,Full-time,High School,Citizen,Fluent,No,No,Urban Professional,Approved
4342,9732,Female,Asian,61,Over 60,43782.46,744,395512,Part-time,Some College,Citizen,Fluent,No,No,Rural,Denied
4343,4678,Male,White,47,25-60,77346.18,680,189070,Part-time,Some College,Citizen,Fluent,No,No,Urban Professional,Denied
4344,579,Female,Hispanic,54,25-60,236163.27,797,76927,Full-time,Bachelor's,Citizen,Fluent,Yes,No,High-income Suburban,Approved
4345,3458,Female,White,75,Over 60,66332.86,733,222852,Full-time,High School,Citizen,Limited,No,No,Urban Professional,Approved
4346,5278,Female,White,74,Over 60,38243.9,739,91652,Full-time,High School,Citizen,Fluent,No,No,Working Class Urban,Approved
4347,3382,Female,White,38,25-60,31903.26,603,147141,Full-time,Some College,Citizen,Fluent,No,Yes,Working Class Urban,Denied
4348,5915,Female,White,63,Over 60,192981.15,720,355085,Full-time,Some College,Permanent Resident,Fluent,No,No,High-income Suburban,Approved
4349,7138,Female,White,33,25-60,70432.28,626,177293,Full-time,Some College,Citizen,Fluent,No,Yes,High-income Suburban,Denied
4350,810,Female,Hispanic,47,25-60,53395.81,712,398455,Full-time,High School,Citizen,Fluent,Yes,No,Rural,Denied
4351,5070,Male,White,24,Under 25,74551.73,574,249128,Full-time,Graduate,Citizen,Fluent,No,Yes,Historically Redlined,Denied
4352,1950,Male,Black,49,25-60,71193.06,696,253518,Full-time,High School,Citizen,Fluent,No,No,Urban Professional,Approved
4353,728,Male,Asian,42,25-60,111945.81,725,384059,Self-employed,Graduate,Citizen,Fluent,Yes,No,Working Class Urban,Approved
4354,1737,Male,White,76,Over 60,109671.0,819,106405,Full-time,High School,Citizen,Fluent,No,No,High-income Suburban,Approved
4355,4629,Female,Hispanic,56,25-60,69936.15,662,367065,Full-time,Some College,Citizen,Limited,No,No,High-income Suburban,Denied
4356,6698,Male,White,62,Over 60,182042.12,756,131090,Self-employed,Bachelor's,Permanent Resident,Fluent,No,No,Urban Professional,Approved
4357,601,Female,White,49,25-60,52222.3,692,319567,Self-employed,Some College,Citizen,Fluent,Yes,No,Working Class Urban,Approved
4358,9774,Female,Hispanic,46,25-60,97408.4,728,323997,Self-employed,High School,Citizen,Fluent,No,No,Urban Professional,Denied
4359,3723,Male,White,37,25-60,85127.72,724,447097,Full-time,Bachelor's,Visa Holder,Fluent,Yes,No,Working Class Urban,Approved
4360,3988,Female,White,25,25-60,282274.62,685,291067,Full-time,Graduate,Citizen,Fluent,No,No,Urban Professional,Approved
4361,597,Male,Black,33,25-60,203301.75,748,128737,Full-time,Bachelor's,Citizen,Fluent,No,No,High-income Suburban,Approved
4362,188,Female,White,43,25-60,224215.26,701,259351,Full-time,Graduate,Citizen,Fluent,No,No,Urban Professional,Approved
4363,7463,Female,Asian,28,25-60,79383.79,654,74211,Full-time,Graduate,Citizen,Fluent,No,No,Historically Redlined,Denied
4364,9521,Female,White,65,Over 60,157881.65,780,363381,Gig,Bachelor's,Citizen,Limited,No,No,High-income Suburban,Approved
4365,2034,Female,White,34,25-60,143930.6,781,338464,Part-time,Graduate,Citizen,Fluent,No,No,Working Class Urban,Approved
4366,1031,Male,White,50,25-60,66170.97,655,289046,Full-time,Bachelor's,Citizen,Fluent,No,No,Working Class Urban,Approved
4367,572,Female,White,23,Under 25,41482.61,620,348813,Full-time,Some College,Permanent Resident,Fluent,No,No,Working Class Urban,Approved
4368,4291,Female,White,38,25-60,102213.23,754,173043,Full-time,Bachelor's,Citizen,Fluent,No,No,Urban Professional,Approved
4369,5055,Male,White,36,25-60,34562.63,594,90007,Full-time,High School,Citizen,Fluent,No,No,Historically Redlined,Denied
4370,1342,Male,White,60,25-60,32212.84,622,191045,Self-employed,High School,Citizen,Limited,No,No,Working Class Urban,Denied
4371,1642,Male,White,26,25-60,337454.63,648,288247,Full-time,Graduate,Citizen,Fluent,No,No,High-income Suburban,Denied
4372,2197,Male,Asian,18,Under 25,84072.58,657,204077,Gig,Some College,Permanent Resident,Limited,No,No,Urban Professional,Approved
4373,1753,Female,White,67,Over 60,224378.12,780,410999,Self-employed,Bachelor's,Citizen,Fluent,No,No,High-income Suburban,Approved
4374,7877,Male,White,23,Under 25,111941.77,680,75477,Part-time,Graduate,Citizen,Fluent,No,No,Working Class Urban,Approved
4375,6786,Female,White,47,25-60,121366.51,701,366833,Unemployed,Bachelor's,Citizen,Fluent,No,No,Urban Professional,Approved
4376,2268,Male,Hispanic,65,Over 60,47260.69,716,419001,Self-employed,High School,Permanent Resident,Fluent,No,No,Working Class Urban,Approved
4377,8549,Female,Asian,78,Over 60,92385.03,754,188790,Gig,High School,Citizen,Fluent,No,No,High-income Suburban,Approved
4378,3020,Male,Black,57,25-60,120758.02,698,185722,Self-employed,Some College,Citizen,Fluent,Yes,No,Urban Professional,Approved
4379,7721,Female,Hispanic,25,25-60,40608.24,627,438667,Gig,High School,Visa Holder,Limited,No,No,Working Class Urban,Denied
4380,4727,Female,Hispanic,19,Under 25,48439.51,603,348999,Part-time,Some College,Citizen,Fluent,No,No,Working Class Urban,Approved
4381,8246,Female,Hispanic,44,25-60,49989.8,670,408770,Self-employed,Bachelor's,Citizen,Fluent,Yes,No,Historically Redlined,Approved
4382,8395,Male,Black,68,Over 60,100659.55,803,121415,Full-time,Some College,Citizen,Fluent,No,No,Urban Professional,Approved
4383,2201,Female,White,54,25-60,89069.08,741,61286,Full-time,High School,Citizen,Limited,No,No,High-income Suburban,Approved
4384,4178,Female,White,62,Over 60,279275.85,745,421468,Part-time,Graduate,Visa Holder,Fluent,No,No,High-income Suburban,Approved
4385,2622,Female,White,79,Over 60,115881.83,797,352040,Full-time,Graduate,Citizen,Fluent,No,No,Rural,Approved
4386,6445,Male,Multiracial,26,25-60,80143.57,704,448303,Part-time,Bachelor's,Citizen,Fluent,No,No,Rural,Denied
4387,2203,Male,Hispanic,79,Over 60,43914.16,689,199224,Full-time,High School,Citizen,Fluent,No,No,Historically Redlined,Approved
4388,8170,Male,Asian,71,Over 60,124998.83,705,80417,Unemployed,Graduate,Citizen,Fluent,No,No,Working Class Urban,Approved
4389,2812,Male,White,80,Over 60,88595.86,803,425238,Full-time,Bachelor's,Citizen,Fluent,No,No,Working Class Urban,Approved
4390,9815,Female,Multiracial,31,25-60,40572.27,676,183667,Full-time,Some College,Citizen,Fluent,No,No,Rural,Denied
4391,567,Female,Hispanic,35,25-60,41487.45,660,60761,Full-time,Some College,Citizen,Fluent,No,No,Working Class Urban,Denied
4392,5267,Female,White,69,Over 60,77212.92,753,313390,Gig,Bachelor's,Permanent Resident,Fluent,No,No,Working Class Urban,Approved
4393,7102,Female,White,78,Over 60,116820.33,795,124870,Full-time,Some College,Citizen,Fluent,No,No,High-income Suburban,Approved
4394,8577,Female,Asian,58,25-60,113757.18,794,270481,Part-time,Graduate,Citizen,Fluent,No,No,Working Class Urban,Approved
4395,9438,Male,White,59,25-60,63278.45,667,327409,Full-time,Bachelor's,Citizen,Fluent,No,Yes,Urban Professional,Denied
4396,5403,Female,Hispanic,70,Over 60,113588.36,757,326173,Full-time,Some College,Visa Holder,Fluent,No,No,Urban Professional,Approved
4397,6181,Female,White,76,Over 60,39477.72,732,164223,Full-time,Some College,Citizen,Limited,No,No,Rural,Approved
4398,9318,Female,White,34,25-60,59770.24,641,229539,Self-employed,Some College,Citizen,Fluent,No,No,Working Class Urban,Denied
4399,2219,Male,Hispanic,45,25-60,198332.89,763,102447,Self-employed,Bachelor's,Citizen,Fluent,No,No,Urban Professional,Approved
4400,5526,Male,White,19,Under 25,130899.1,654,340849,Full-time,High School,Citizen,Fluent,No,No,High-income Suburban,Approved
4401,4774,Female,White,61,Over 60,88991.08,778,165958,Full-time,High School,Citizen,Fluent,No,No,Urban Professional,Approved
4402,4741,Male,Native American,31,25-60,125262.18,797,53196,Full-time,Some College,Citizen,Fluent,Yes,No,High-income Suburban,Approved
4403,4176,Female,Hispanic,34,25-60,26281.47,639,393396,Full-time,High School,Citizen,Fluent,No,No,Rural,Denied
4404,9338,Female,White,31,25-60,122828.22,683,53506,Full-time,Some College,Citizen,Fluent,No,No,Urban Professional,Approved
4405,8086,Female,White,52,25-60,83509.77,742,320242,Gig,High School,Citizen,Fluent,No,No,High-income Suburban,Approved
4406,9824,Male,Hispanic,69,Over 60,112470.05,724,162779,Full-time,Graduate,Visa Holder,Fluent,No,No,Historically Redlined,Approved
4407,3344,Female,Black,40,25-60,21682.16,578,84244,Part-time,Some College,Citizen,Limited,No,Yes,Working Class Urban,Denied
4408,5407,Female,Asian,40,25-60,70628.22,686,77494,Full-time,Bachelor's,Citizen,Fluent,No,No,Rural,Approved
4409,6014,Female,White,69,Over 60,49956.43,745,438470,Gig,High School,Citizen,Fluent,No,No,Working Class Urban,Approved
4410,7893,Male,Black,42,25-60,35353.48,645,311036,Part-time,High School,Citizen,Limited,No,Yes,Urban Professional,Denied
4411,6140,Female,White,41,25-60,260506.7,680,208569,Self-employed,Graduate,Citizen,Fluent,No,No,High-income Suburban,Approved
4412,6129,Female,Hispanic,38,25-60,121439.26,733,240178,Full-time,Some College,Citizen,Fluent,No,No,Urban Professional,Approved
4413,147,Male,White,27,25-60,248336.21,698,248436,Full-time,Graduate,Permanent Resident,Fluent,No,No,Urban Professional,Approved
4414,1552,Male,Hispanic,32,25-60,53781.87,674,430966,Gig,Bachelor's,Citizen,Fluent,No,No,Rural,Denied
4415,6424,Male,Hispanic,49,25-60,63404.22,622,307759,Gig,High School,Citizen,Fluent,Yes,No,Working Class Urban,Denied
4416,6,Female,White,40,25-60,166375.64,727,140179,Gig,Some College,Citizen,Fluent,No,No,High-income Suburban,Approved
4417,5836,Male,Black,49,25-60,52971.63,705,271664,Full-time,Some College,Citizen,Fluent,No,No,Working Class Urban,Approved
4418,3767,Female,Hispanic,61,Over 60,31309.72,677,172607,Full-time,High School,Citizen,Fluent,No,No,Working Class Urban,Approved
4419,399,Male,Hispanic,51,25-60,32220.09,558,239068,Gig,Some College,Citizen,Fluent,No,Yes,Working Class Urban,Denied
4420,847,Female,White,25,25-60,89120.64,672,361939,Part-time,Bachelor's,Citizen,Fluent,No,No,Working Class Urban,Approved
4421,5435,Male,White,62,Over 60,147530.8,792,149042,Part-time,Some College,Citizen,Fluent,No,No,High-income Suburban,Approved
4422,2624,Female,White,81,Over 60,127377.3,742,186559,Full-time,Some College,Citizen,Fluent,No,No,High-income Suburban,Approved
4423,5559,Female,Black,61,Over 60,46574.77,720,433217,Full-time,Some College,Citizen,Fluent,No,No,Historically Redlined,Approved
4424,7954,Male,White,51,25-60,136831.64,778,154232,Full-time,Some College,Citizen,Fluent,No,No,High-income Suburban,Approved
4425,1627,Male,White,78,Over 60,35629.73,718,194240,Full-time,Some College,Citizen,Fluent,No,Yes,Working Class Urban,Denied
4426,7704,Male,Black,67,Over 60,85395.81,729,157457,Unemployed,Bachelor's,Visa Holder,Fluent,No,No,Working Class Urban,Approved
4427,1511,Female,Native American,38,25-60,225773.26,745,244156,Part-time,Graduate,Citizen,Fluent,No,No,Urban Professional,Approved
4428,2544,Male,White,74,Over 60,94432.98,804,71154,Full-time,Bachelor's,Citizen,Fluent,No,No,Working Class Urban,Approved
4429,332,Male,White,66,Over 60,132581.43,748,257214,Full-time,Some College,Citizen,Fluent,No,No,High-income Suburban,Approved
4430,7506,Male,Black,18,Under 25,28980.07,583,331366,Full-time,High School,Citizen,Fluent,No,No,Working Class Urban,Denied
4431,1583,Male,White,21,Under 25,26266.48,506,86508,Full-time,Some College,Citizen,Limited,No,No,Working Class Urban,Denied
4432,198,Female,White,56,25-60,136968.12,688,297419,Part-time,Some College,Citizen,Fluent,No,No,High-income Suburban,Approved
4433,8821,Male,White,21,Under 25,128363.06,612,93272,Unemployed,Some College,Citizen,Fluent,No,No,High-income Suburban,Approved
4434,1989,Female,White,35,25-60,50774.89,689,133898,Full-time,Some College,Citizen,Fluent,No,No,Rural,Denied
4435,7004,Male,Asian,39,25-60,38760.87,676,359462,Part-time,High School,Citizen,Fluent,No,No,Working Class Urban,Approved
4436,3648,Female,Hispanic,30,25-60,58327.77,614,179950,Full-time,High School,Citizen,Fluent,Yes,No,Working Class Urban,Approved
4437,2834,Male,White,33,25-60,73411.64,681,133227,Gig,Bachelor's,Citizen,Fluent,No,No,Working Class Urban,Approved
4438,5481,Female,Native American,29,25-60,119677.87,729,394084,Full-time,High School,Citizen,Fluent,No,No,Urban Professional,Approved
4439,5212,Male,White,62,Over 60,136533.99,776,390100,Full-time,Bachelor's,Permanent Resident,Fluent,No,No,Urban Professional,Approved
4440,2059,Male,White,44,25-60,130536.08,760,447651,Part-time,Some College,Citizen,Fluent,No,No,High-income Suburban,Approved
4441,2786,Male,White,42,25-60,38367.78,713,394690,Gig,Some College,Citizen,Limited,No,No,Rural,Denied
4442,2962,Male,Hispanic,59,25-60,35901.12,661,232868,Full-time,High School,Visa Holder,Fluent,No,No,Rural,Denied
4443,1318,Male,Black,47,25-60,32649.72,611,337826,Full-time,Some College,Citizen,Fluent,Yes,No,Rural,Denied
4444,5467,Female,White,58,25-60,99032.0,717,274627,Full-time,Some College,Citizen,Fluent,No,No,High-income Suburban,Denied
4445,5316,Male,White,49,25-60,98557.3,700,383779,Gig,Graduate,Citizen,Fluent,Yes,No,Working Class Urban,Approved
4446,4371,Female,White,74,Over 60,50135.63,705,191387,Full-time,Some College,Permanent Resident,Fluent,No,No,Rural,Approved
4447,3436,Male,White,57,25-60,86773.18,768,265623,Part-time,Some College,Citizen,Fluent,No,No,Urban Professional,Approved
4448,8030,Female,Asian,61,Over 60,230123.52,786,145301,Full-time,Graduate,Citizen,Fluent,No,No,Urban Professional,Approved
4449,1660,Male,White,38,25-60,63257.32,610,54158,Full-time,High School,Citizen,Fluent,No,Yes,Urban Professional,Denied
4450,9738,Male,White,43,25-60,53329.46,660,361395,Full-time,Bachelor's,Visa Holder,Fluent,Yes,No,Historically Redlined,Approved
4451,6390,Male,White,73,Over 60,117895.69,804,306735,Full-time,Some College,Citizen,Fluent,No,No,High-income Suburban,Approved
4452,8501,Male,Hispanic,23,Under 25,34981.29,515,266058,Full-time,High School,Citizen,Fluent,No,Yes,Historically Redlined,Denied
4453,5636,Male,Black,24,Under 25,173256.05,583,184183,Full-time,Graduate,Citizen,Fluent,No,Yes,High-income Suburban,Approved
4454,8765,Male,White,19,Under 25,336435.42,629,54772,Full-time,Graduate,Citizen,Fluent,Yes,No,Urban Professional,Denied
4455,9709,Male,White,63,Over 60,56167.84,697,428182,Full-time,Some College,Permanent Resident,Fluent,No,No,Working Class Urban,Approved
4456,8327,Female,White,31,25-60,91194.77,725,101855,Full-time,High School,Citizen,Fluent,No,No,Urban Professional,Denied
4457,3605,Female,Hispanic,82,Over 60,307159.89,810,193341,Full-time,Graduate,Citizen,Fluent,No,No,Urban Professional,Approved
4458,674,Male,Black,62,Over 60,183356.22,801,362802,Full-time,Bachelor's,Citizen,Fluent,No,No,Urban Professional,Approved
4459,3471,Male,Multiracial,79,Over 60,39699.86,698,193479,Full-time,High School,Citizen,Fluent,No,No,Rural,Approved
4460,5413,Female,White,33,25-60,198683.08,728,340373,Full-time,Bachelor's,Citizen,Fluent,No,No,Urban Professional,Approved
4461,7451,Male,White,24,Under 25,114627.04,645,67385,Full-time,Graduate,Permanent Resident,Fluent,No,No,Working Class Urban,Denied
4462,776,Female,White,53,25-60,140772.81,752,78851,Part-time,Some College,Permanent Resident,Fluent,Yes,No,High-income Suburban,Approved
4463,7639,Male,Asian,31,25-60,83810.65,749,425013,Full-time,Bachelor's,Citizen,Fluent,No,No,Rural,Approved
4464,9491,Male,White,74,Over 60,108632.95,748,284036,Part-time,Some College,Citizen,Fluent,No,No,Urban Professional,Approved
4465,4345,Male,Black,28,25-60,60271.69,694,94686,Full-time,Some College,Citizen,Fluent,No,No,Working Class Urban,Denied
4466,9214,Male,Hispanic,67,Over 60,109865.99,781,367428,Full-time,High School,Citizen,Fluent,No,No,High-income Suburban,Approved
4467,8177,Male,White,31,25-60,42135.74,692,315916,Full-time,Some College,Citizen,Fluent,No,No,Historically Redlined,Approved
4468,2472,Female,Hispanic,38,25-60,124381.58,682,229302,Full-time,Some College,Citizen,Fluent,No,No,Urban Professional,Approved
4469,7156,Male,White,73,Over 60,206797.77,772,232211,Full-time,Bachelor's,Citizen,Fluent,No,No,Urban Professional,Approved
4470,5280,Male,White,28,25-60,54607.78,682,126861,Full-time,High School,Citizen,Fluent,No,No,Urban Professional,Approved
4471,3440,Female,White,32,25-60,65771.24,656,180344,Full-time,High School,Citizen,Limited,No,No,High-income Suburban,Denied
4472,1409,Male,Asian,54,25-60,42449.4,675,301453,Full-time,High School,Citizen,Fluent,No,No,Working Class Urban,Approved
4473,8586,Female,White,81,Over 60,257988.28,808,317143,Self-employed,Graduate,Citizen,Fluent,No,No,High-income Suburban,Approved
4474,1061,Male,Hispanic,58,25-60,54292.87,623,131291,Full-time,High School,Citizen,Fluent,No,Yes,High-income Suburban,Denied
4475,6897,Female,White,20,Under 25,199874.0,678,336341,Full-time,Bachelor's,Citizen,Fluent,No,No,High-income Suburban,Approved
4476,2913,Female,Hispanic,27,25-60,160061.35,686,360097,Full-time,Graduate,Citizen,Fluent,No,Yes,Urban Professional,Approved
4477,234,Male,Asian,57,25-60,27719.5,601,147842,Full-time,High School,Citizen,Fluent,No,No,Working Class Urban,Denied
4478,1476,Male,White,58,25-60,85583.27,756,261428,Full-time,Bachelor's,Citizen,Fluent,No,No,Working Class Urban,Approved
4479,6070,Male,White,25,25-60,39788.43,624,259661,Part-time,High School,Citizen,Fluent,No,No,Working Class Urban,Denied
4480,5135,Female,Black,32,25-60,72926.75,661,270629,Gig,Some College,Citizen,Fluent,Yes,Yes,High-income Suburban,Denied
4481,480,Female,White,57,25-60,168226.2,789,230776,Part-time,High School,Permanent Resident,Fluent,No,No,High-income Suburban,Approved
4482,5662,Female,White,66,Over 60,112558.62,840,401782,Full-time,High School,Citizen,Fluent,No,No,High-income Suburban,Approved
4483,8757,Female,Asian,74,Over 60,104620.03,780,227524,Part-time,Graduate,Citizen,Fluent,No,No,Rural,Approved
4484,4777,Male,White,58,25-60,139117.78,690,371734,Full-time,Bachelor's,Citizen,Fluent,No,Yes,Urban Professional,Approved
4485,2387,Female,Hispanic,39,25-60,23900.47,567,422757,Full-time,Some College,Citizen,Limited,No,No,Working Class Urban,Denied
4486,4803,Male,Hispanic,67,Over 60,88371.86,780,378965,Part-time,Bachelor's,Permanent Resident,Fluent,No,No,Working Class Urban,Denied
4487,6940,Female,Black,67,Over 60,160874.46,819,386448,Full-time,Some College,Visa Holder,Fluent,No,No,High-income Suburban,Approved
4488,8627,Male,White,62,Over 60,71159.42,698,136747,Full-time,High School,Visa Holder,Fluent,Yes,No,High-income Suburban,Approved
4489,7384,Female,Black,82,Over 60,129508.7,783,417378,Part-time,Some College,Citizen,Fluent,No,No,High-income Suburban,Approved
4490,7249,Male,White,23,Under 25,72683.13,609,255265,Full-time,High School,Citizen,Limited,No,No,Urban Professional,Approved
4491,7648,Non-binary,White,37,25-60,106635.99,758,232384,Unemployed,Graduate,Citizen,Fluent,No,No,Rural,Approved
4492,5818,Male,White,35,25-60,26217.37,651,69380,Self-employed,High School,Permanent Resident,Fluent,No,No,Rural,Denied
4493,6915,Male,Black,27,25-60,65454.29,672,310419,Gig,Some College,Citizen,Fluent,Yes,No,Working Class Urban,Approved
4494,8046,Female,Hispanic,32,25-60,147181.72,702,189456,Full-time,Some College,Citizen,Fluent,No,No,High-income Suburban,Approved
4495,2267,Male,Hispanic,18,Under 25,51016.53,635,291845,Gig,High School,Visa Holder,Limited,No,No,Urban Professional,Approved
4496,3535,Male,Hispanic,28,25-60,92431.03,735,146250,Full-time,Some College,Citizen,Fluent,No,No,Urban Professional,Denied
4497,1493,Female,White,50,25-60,38854.38,654,257568,Full-time,Some College,Citizen,Fluent,No,No,Historically Redlined,Denied
4498,3881,Female,White,73,Over 60,99217.08,727,283446,Self-employed,Some College,Citizen,Fluent,No,Yes,High-income Suburban,Denied
4499,4639,Male,Black,64,Over 60,69039.12,647,239571,Gig,Graduate,Citizen,Fluent,No,Yes,Working Class Urban,Denied
4500,365,Female,White,44,25-60,92641.46,698,397066,Part-time,Graduate,Citizen,Fluent,No,No,Rural,Denied
4501,9023,Female,White,33,25-60,126417.43,737,276048,Part-time,Graduate,Permanent Resident,Fluent,No,No,Working Class Urban,Approved
4502,768,Male,Hispanic,74,Over 60,53252.16,755,292896,Full-time,Some College,Permanent Resident,Fluent,No,No,Working Class Urban,Approved
4503,1470,Male,Black,40,25-60,91067.92,695,203124,Full-time,High School,Citizen,Fluent,No,No,Urban Professional,Approved
4504,4822,Female,Black,53,25-60,45043.7,651,233572,Full-time,Some College,Citizen,Fluent,No,No,Rural,Denied
4505,5764,Female,Asian,19,Under 25,30186.44,446,70795,Full-time,High School,Citizen,Fluent,No,Yes,Rural,Denied
4506,5779,Female,White,66,Over 60,239282.94,723,140970,Full-time,Bachelor's,Visa Holder,Fluent,Yes,No,High-income Suburban,Approved
4507,5062,Male,White,44,25-60,104261.1,710,225543,Full-time,High School,Citizen,Fluent,No,No,High-income Suburban,Approved
4508,549,Male,White,32,25-60,45484.21,652,62948,Full-time,Graduate,Citizen,Limited,Yes,No,Historically Redlined,Denied
4509,4375,Male,Black,33,25-60,152810.76,708,129384,Full-time,Some College,Citizen,Fluent,No,No,High-income Suburban,Approved
4510,7649,Female,Asian,26,25-60,269476.86,724,94981,Self-employed,Graduate,Visa Holder,Fluent,No,No,Urban Professional,Approved
4511,7472,Male,White,46,25-60,47106.81,645,148807,Self-employed,Bachelor's,Citizen,Fluent,Yes,No,Historically Redlined,Denied
4512,4463,Female,Black,52,25-60,33954.32,626,423993,Part-time,High School,Citizen,Fluent,Yes,No,Rural,Denied
4513,1013,Male,Black,37,25-60,105890.86,682,324094,Self-employed,High School,Citizen,Fluent,No,No,Urban Professional,Approved
4514,5644,Female,Hispanic,30,25-60,52561.83,649,263115,Full-time,Some College,Citizen,Fluent,Yes,No,Working Class Urban,Denied
4515,3391,Female,Hispanic,18,Under 25,190067.62,639,81642,Part-time,Bachelor's,Permanent Resident,Fluent,No,No,Urban Professional,Approved
4516,9354,Female,White,48,25-60,215203.43,703,216818,Full-time,Bachelor's,Citizen,Fluent,No,No,Urban Professional,Approved
4517,8966,Male,Black,35,25-60,18348.16,580,236518,Full-time,Some College,Citizen,Limited,No,Yes,Rural,Denied
4518,2509,Male,White,55,25-60,55405.69,680,67485,Part-time,Some College,Citizen,Fluent,No,No,Working Class Urban,Denied
4519,8768,Male,White,55,25-60,219733.7,718,50884,Full-time,Bachelor's,Citizen,Fluent,Yes,No,High-income Suburban,Approved
4520,8326,Male,White,76,Over 60,29645.75,574,441521,Full-time,High School,Citizen,Fluent,No,Yes,Working Class Urban,Denied
4521,9913,Female,White,51,25-60,86766.93,745,353983,Full-time,High School,Citizen,Fluent,No,No,Urban Professional,Approved
4522,1868,Male,White,79,Over 60,211287.71,808,439125,Gig,Bachelor's,Citizen,Fluent,No,No,Urban Professional,Approved
4523,1263,Female,Asian,53,25-60,84464.75,733,162035,Full-time,High School,Citizen,Fluent,No,No,High-income Suburban,Approved
4524,6868,Male,White,56,25-60,70011.03,664,129881,Self-employed,Bachelor's,Citizen,Fluent,Yes,No,Working Class Urban,Denied
4525,6859,Female,White,35,25-60,267771.15,717,393096,Full-time,Graduate,Citizen,Fluent,Yes,No,High-income Suburban,Approved
4526,1489,Female,Hispanic,36,25-60,113622.85,699,51138,Gig,Graduate,Citizen,Fluent,No,No,Rural,Approved
4527,395,Female,White,69,Over 60,50680.97,721,329512,Full-time,High School,Permanent Resident,Fluent,No,No,Historically Redlined,Approved
4528,1961,Female,White,74,Over 60,248110.0,722,386491,Full-time,Graduate,Citizen,Fluent,No,No,Urban Professional,Approved
4529,9199,Male,White,55,25-60,90334.02,710,102738,Full-time,Bachelor's,Citizen,Fluent,No,No,Working Class Urban,Approved
4530,3817,Male,Black,47,25-60,171178.42,708,127946,Full-time,Bachelor's,Citizen,Fluent,No,No,Urban Professional,Approved
4531,4745,Male,White,29,25-60,29940.5,602,144264,Full-time,High School,Citizen,Fluent,No,No,Historically Redlined,Denied
4532,7374,Female,Black,64,Over 60,64274.52,790,177366,Gig,Some College,Permanent Resident,Limited,No,No,Urban Professional,Approved
4533,4962,Female,Black,23,Under 25,39135.0,588,159585,Self-employed,Some College,Citizen,Fluent,No,No,Historically Redlined,Denied
4534,3208,Male,White,50,25-60,58508.74,627,363371,Full-time,Graduate,Citizen,Limited,Yes,No,Working Class Urban,Denied
4535,1761,Female,White,53,25-60,46416.49,669,160597,Full-time,Some College,Citizen,Limited,No,No,Working Class Urban,Approved
4536,6726,Female,Black,44,25-60,23264.29,655,113795,Full-time,High School,Citizen,Fluent,No,No,Historically Redlined,Denied
4537,3084,Male,Black,32,25-60,60793.56,684,186052,Full-time,High School,Permanent Resident,Limited,No,No,High-income Suburban,Approved
4538,7044,Female,Hispanic,69,Over 60,39135.18,734,358692,Full-time,High School,Visa Holder,Fluent,No,No,Historically Redlined,Approved
4539,4369,Male,White,27,25-60,33033.53,648,300809,Full-time,High School,Citizen,Fluent,No,No,Historically Redlined,Denied
4540,5768,Male,Black,25,25-60,290707.15,674,305207,Full-time,Graduate,Permanent Resident,Fluent,No,No,High-income Suburban,Approved
4541,5066,Female,White,46,25-60,91279.27,704,237248,Full-time,Bachelor's,Visa Holder,Limited,No,No,Urban Professional,Approved
4542,438,Female,Hispanic,20,Under 25,105552.79,680,207604,Self-employed,High School,Citizen,Fluent,No,No,Urban Professional,Approved
4543,4540,Male,White,79,Over 60,183043.13,751,171180,Self-employed,Bachelor's,Citizen,Fluent,No,No,Urban Professional,Approved
4544,6467,Female,White,54,25-60,90734.7,736,154191,Full-time,Bachelor's,Citizen,Fluent,No,No,Working Class Urban,Approved
4545,6950,Male,Hispanic,59,25-60,140188.01,669,188881,Part-time,Bachelor's,Citizen,Fluent,No,No,High-income Suburban,Approved
4546,6595,Male,White,82,Over 60,132957.84,736,318028,Full-time,Graduate,Citizen,Fluent,No,No,Working Class Urban,Approved
4547,1972,Male,White,25,25-60,109439.7,694,120330,Full-time,High School,Citizen,Fluent,No,No,Urban Professional,Approved
4548,14,Male,White,54,25-60,103022.44,715,337933,Self-employed,High School,Citizen,Fluent,No,No,Urban Professional,Approved
4549,9193,Female,Black,61,Over 60,76205.95,736,184650,Full-time,Bachelor's,Citizen,Limited,No,No,Working Class Urban,Approved
4550,9033,Female,Hispanic,71,Over 60,176237.52,739,225555,Full-time,Graduate,Visa Holder,Limited,No,No,Urban Professional,Approved
4551,6498,Female,White,28,25-60,91002.18,705,290687,Self-employed,Some College,Citizen,Fluent,No,No,High-income Suburban,Denied
4552,4073,Female,White,56,25-60,94689.52,709,178317,Full-time,Some College,Citizen,Fluent,No,No,Urban Professional,Approved
4553,8195,Male,White,42,25-60,329845.94,735,120712,Part-time,Graduate,Citizen,Fluent,No,No,Urban Professional,Approved
4554,4547,Female,Hispanic,46,25-60,118674.64,702,140045,Full-time,High School,Citizen,Fluent,No,No,Urban Professional,Approved
4555,9492,Male,White,30,25-60,76785.49,631,339506,Gig,Graduate,Citizen,Limited,No,No,Working Class Urban,Approved
4556,9051,Female,White,50,25-60,49720.99,674,298967,Full-time,Some College,Citizen,Fluent,No,No,Rural,Denied
4557,6894,Male,White,68,Over 60,54671.41,682,165542,Unemployed,High School,Citizen,Fluent,No,No,Working Class Urban,Denied
4558,5663,Female,White,21,Under 25,41856.29,618,197801,Full-time,Graduate,Citizen,Limited,No,Yes,Rural,Denied
4559,692,Male,White,48,25-60,105380.34,772,131101,Gig,High School,Citizen,Fluent,No,No,Urban Professional,Approved
4560,9395,Female,Black,18,Under 25,162237.03,613,290445,Gig,Bachelor's,Citizen,Fluent,No,No,High-income Suburban,Approved
4561,8359,Male,Asian,65,Over 60,33865.87,656,121188,Full-time,High School,Permanent Resident,Fluent,No,No,Rural,Denied
4562,4609,Female,White,51,25-60,36378.41,684,158799,Full-time,Bachelor's,Citizen,Fluent,No,No,Rural,Approved
4563,9144,Female,White,61,Over 60,229983.2,793,364258,Full-time,Graduate,Citizen,Fluent,No,No,Urban Professional,Approved
4564,621,Male,Hispanic,77,Over 60,117232.85,793,246138,Part-time,High School,Citizen,Fluent,No,No,High-income Suburban,Approved
4565,9329,Female,White,75,Over 60,29085.85,668,136420,Full-time,Some College,Citizen,Limited,No,No,Rural,Denied
4566,6382,Male,Hispanic,43,25-60,94539.01,702,71682,Full-time,Bachelor's,Citizen,Fluent,No,No,Working Class Urban,Approved
4567,9158,Male,Asian,55,25-60,51295.98,651,51417,Gig,Some College,Citizen,Fluent,No,No,Historically Redlined,Denied
4568,2879,Male,White,78,Over 60,47801.7,712,65635,Full-time,High School,Citizen,Fluent,No,No,Historically Redlined,Denied
4569,9612,Male,White,66,Over 60,43072.39,758,144029,Full-time,Some College,Citizen,Limited,No,No,Working Class Urban,Approved
4570,6464,Female,Black,80,Over 60,16447.54,590,107925,Part-time,High School,Citizen,Limited,No,Yes,Historically Redlined,Denied
4571,4605,Male,White,40,25-60,37242.93,693,376544,Full-time,High School,Citizen,Fluent,No,No,Rural,Denied
4572,2179,Female,Black,53,25-60,148037.06,729,142990,Self-employed,Some College,Citizen,Fluent,No,No,High-income Suburban,Approved
4573,8142,Female,White,30,25-60,89171.89,694,267617,Full-time,Bachelor's,Citizen,Fluent,Yes,No,Working Class Urban,Approved
4574,8620,Female,White,59,25-60,43365.52,651,430988,Full-time,Some College,Citizen,Fluent,No,No,Rural,Denied
4575,6710,Female,White,54,25-60,63938.34,654,148989,Part-time,High School,Citizen,Fluent,No,No,Urban Professional,Approved
4576,6386,Female,Black,41,25-60,55404.63,637,125933,Full-time,Bachelor's,Permanent Resident,Limited,No,No,Working Class Urban,Approved
4577,4207,Female,White,74,Over 60,49008.13,652,211996,Full-time,Some College,Citizen,Fluent,No,No,Working Class Urban,Denied
4578,9924,Male,Hispanic,70,Over 60,67584.15,686,344250,Full-time,Some College,Permanent Resident,Fluent,No,Yes,Urban Professional,Denied
4579,6277,Female,White,63,Over 60,113113.36,722,399050,Part-time,Graduate,Citizen,Fluent,Yes,No,Rural,Approved
4580,2447,Female,Asian,38,25-60,196734.05,708,249758,Full-time,Graduate,Citizen,Fluent,Yes,No,Urban Professional,Approved
4581,6677,Female,White,69,Over 60,62531.76,664,51801,Full-time,Bachelor's,Citizen,Fluent,Yes,No,Historically Redlined,Denied
4582,5312,Male,White,50,25-60,77363.9,626,139827,Self-employed,Graduate,Citizen,Fluent,No,No,Rural,Denied
4583,3210,Female,Hispanic,60,25-60,94030.8,733,342328,Full-time,High School,Citizen,Fluent,No,No,Urban Professional,Denied
4584,1521,Male,White,71,Over 60,134909.63,784,129718,Full-time,Some College,Citizen,Fluent,No,No,Urban Professional,Approved
4585,6463,Female,Black,23,Under 25,67104.16,594,160888,Full-time,Bachelor's,Visa Holder,Fluent,No,No,Rural,Denied
4586,9155,Female,Black,79,Over 60,62427.06,721,103656,Part-time,Bachelor's,Citizen,Fluent,No,No,Working Class Urban,Approved
4587,1908,Male,Hispanic,40,25-60,35054.41,657,378784,Part-time,High School,Permanent Resident,Fluent,No,No,Rural,Denied
4588,8828,Male,White,54,25-60,26211.08,577,375501,Full-time,High School,Permanent Resident,Fluent,No,No,Rural,Denied
4589,2732,Male,Black,41,25-60,67545.33,657,72692,Full-time,Some College,Permanent Resident,Fluent,No,Yes,Urban Professional,Denied
4590,2014,Female,White,44,25-60,53235.65,671,360015,Full-time,Some College,Citizen,Fluent,No,No,Working Class Urban,Denied
4591,9019,Female,White,71,Over 60,94944.89,773,220577,Full-time,Graduate,Citizen,Fluent,Yes,No,Historically Redlined,Approved
4592,8436,Male,White,47,25-60,64778.18,702,250447,Full-time,Bachelor's,Citizen,Fluent,No,No,Working Class Urban,Approved
4593,9368,Female,Black,25,25-60,76993.72,695,416267,Full-time,High School,Citizen,Limited,Yes,No,High-income Suburban,Denied
4594,3764,Female,Multiracial,34,25-60,49153.84,679,185910,Full-time,Some College,Citizen,Fluent,No,No,Working Class Urban,Approved
4595,159,Male,Multiracial,65,Over 60,20914.4,647,245568,Full-time,High School,Citizen,Fluent,No,No,Working Class Urban,Denied
4596,8499,Female,White,68,Over 60,90214.96,746,284563,Full-time,Bachelor's,Visa Holder,Fluent,No,No,Working Class Urban,Approved
4597,5651,Male,White,19,Under 25,39413.49,628,273795,Full-time,High School,Visa Holder,Fluent,Yes,No,Working Class Urban,Denied
4598,8767,Female,White,55,25-60,159025.3,701,377829,Gig,Bachelor's,Citizen,Fluent,No,No,Urban Professional,Approved
4599,735,Male,White,61,Over 60,100399.9,781,121538,Full-time,Bachelor's,Citizen,Limited,No,No,High-income Suburban,Approved
4600,5074,Female,White,71,Over 60,125110.97,760,84571,Full-time,High School,Citizen,Fluent,No,No,High-income Suburban,Approved
4601,4390,Female,White,27,25-60,202899.93,739,242829,Full-time,Bachelor's,Citizen,Fluent,No,No,High-income Suburban,Approved
4602,1142,Male,White,77,Over 60,41243.9,738,227815,Full-time,High School,Citizen,Fluent,Yes,No,Rural,Approved
4603,9324,Female,White,71,Over 60,41873.52,714,63733,Self-employed,High School,Citizen,Fluent,No,No,Working Class Urban,Denied
4604,1145,Male,White,22,Under 25,57745.82,581,341021,Part-time,Some College,Citizen,Fluent,No,No,Historically Redlined,Approved
4605,5865,Female,Black,74,Over 60,107183.69,803,322377,Gig,Some College,Citizen,Fluent,No,No,Urban Professional,Approved
4606,1253,Female,Hispanic,41,25-60,49268.15,698,95794,Full-time,Some College,Permanent Resident,Fluent,No,No,Historically Redlined,Approved
4607,2233,Female,Asian,48,25-60,47373.17,650,153670,Full-time,Some College,Citizen,Fluent,No,No,Working Class Urban,Denied
4608,3019,Male,White,38,25-60,95280.46,768,437606,Full-time,High School,Citizen,Fluent,No,No,Urban Professional,Approved
4609,6495,Female,White,60,25-60,235067.88,682,113317,Full-time,Graduate,Citizen,Fluent,No,No,High-income Suburban,Approved
4610,925,Male,Black,58,25-60,133645.38,712,300117,Full-time,Some College,Citizen,Fluent,No,No,High-income Suburban,Approved
4611,4583,Female,Asian,42,25-60,35931.19,620,344844,Full-time,Some College,Citizen,Fluent,No,No,Working Class Urban,Denied
4612,2813,Male,Black,18,Under 25,85833.47,685,120157,Part-time,Some College,Visa Holder,Limited,No,No,High-income Suburban,Approved
4613,660,Female,White,37,25-60,123504.18,714,107596,Full-time,Some College,Permanent Resident,Fluent,No,No,High-income Suburban,Approved
4614,7771,Female,White,30,25-60,85633.75,690,424404,Full-time,Graduate,Citizen,Fluent,Yes,No,Rural,Approved
4615,9384,Female,Black,36,25-60,49813.53,643,263664,Full-time,High School,Visa Holder,Fluent,Yes,No,Working Class Urban,Denied
4616,9428,Male,White,39,25-60,139563.71,728,373680,Full-time,Some College,Citizen,Fluent,No,No,High-income Suburban,Approved
4617,5371,Female,White,46,25-60,73665.54,683,241484,Full-time,High School,Citizen,Fluent,No,No,Urban Professional,Approved
4618,9313,Male,White,51,25-60,140188.39,687,131981,Self-employed,Some College,Citizen,Fluent,No,No,Urban Professional,Approved
4619,6449,Male,Black,33,25-60,30431.5,551,363974,Full-time,Some College,Permanent Resident,Fluent,No,No,Rural,Denied
4620,376,Male,White,44,25-60,124177.83,728,401830,Full-time,High School,Visa Holder,Fluent,No,No,High-income Suburban,Approved
4621,9997,Male,Asian,21,Under 25,198325.14,633,92453,Gig,Bachelor's,Citizen,Fluent,No,No,High-income Suburban,Approved
4622,8643,Female,White,57,25-60,121387.41,688,425499,Full-time,High School,Citizen,Fluent,No,No,High-income Suburban,Approved
4623,3618,Male,White,46,25-60,71328.16,693,228604,Full-time,Bachelor's,Citizen,Fluent,No,No,Rural,Approved
4624,6785,Male,Black,73,Over 60,36770.57,649,135216,Gig,High School,Citizen,Fluent,No,Yes,Working Class Urban,Denied
4625,4067,Male,White,42,25-60,183712.43,666,204291,Full-time,Graduate,Citizen,Fluent,No,No,High-income Suburban,Approved
4626,4882,Male,White,29,25-60,83422.54,736,401178,Part-time,High School,Citizen,Limited,No,No,High-income Suburban,Approved
4627,9103,Male,White,72,Over 60,27818.1,667,217974,Gig,High School,Permanent Resident,Limited,No,No,Working Class Urban,Denied
4628,6267,Male,Black,71,Over 60,35032.06,747,208460,Part-time,Some College,Citizen,Fluent,No,Yes,Historically Redlined,Approved
4629,5306,Female,Hispanic,48,25-60,45242.12,681,241692,Full-time,Some College,Citizen,Fluent,No,No,Rural,Approved
4630,5227,Male,White,46,25-60,124851.08,714,189747,Gig,High School,Citizen,Fluent,No,No,Urban Professional,Approved
4631,3162,Female,Hispanic,64,Over 60,115748.57,760,383388,Part-time,High School,Citizen,Fluent,No,No,Urban Professional,Approved
4632,2534,Male,White,46,25-60,58623.03,678,142284,Full-time,High School,Permanent Resident,Limited,No,No,Urban Professional,Approved
4633,9143,Male,White,79,Over 60,93161.11,752,122073,Full-time,High School,Citizen,Fluent,No,No,Urban Professional,Approved
4634,6594,Female,White,21,Under 25,158940.47,680,57146,Full-time,Bachelor's,Citizen,Fluent,No,No,High-income Suburban,Approved
4635,9545,Female,White,54,25-60,70845.23,669,228959,Self-employed,High School,Citizen,Fluent,No,No,High-income Suburban,Denied
4636,5489,Female,White,40,25-60,39853.0,675,277334,Full-time,High School,Citizen,Fluent,No,No,Rural,Approved
4637,9587,Male,White,51,25-60,281753.1,701,163907,Full-time,Graduate,Citizen,Fluent,No,No,Urban Professional,Approved
4638,4331,Female,White,65,Over 60,102442.13,727,303207,Full-time,Graduate,Citizen,Fluent,Yes,No,Working Class Urban,Approved
4639,4986,Male,Hispanic,34,25-60,70518.44,593,288781,Full-time,Some College,Citizen,Fluent,No,Yes,High-income Suburban,Denied
4640,2173,Male,White,67,Over 60,91206.75,698,405519,Full-time,Some College,Citizen,Limited,No,No,High-income Suburban,Denied
4641,3936,Male,Asian,29,25-60,130112.25,749,190948,Gig,Graduate,Citizen,Fluent,No,No,Working Class Urban,Approved
4642,8553,Female,Hispanic,50,25-60,101273.31,666,281504,Part-time,High School,Citizen,Fluent,No,No,High-income Suburban,Approved
4643,7788,Female,White,44,25-60,127436.33,713,88276,Full-time,High School,Citizen,Fluent,Yes,No,High-income Suburban,Approved
4644,4060,Male,White,81,Over 60,61597.3,729,252082,Part-time,Some College,Citizen,Fluent,No,No,Working Class Urban,Denied
4645,7029,Male,White,53,25-60,146901.66,665,315874,Full-time,Bachelor's,Citizen,Fluent,No,Yes,Urban Professional,Approved
4646,5282,Female,White,26,25-60,98297.69,718,177699,Full-time,High School,Citizen,Fluent,No,No,Urban Professional,Approved
4647,4830,Female,Multiracial,53,25-60,47960.75,652,442438,Full-time,Some College,Citizen,Fluent,No,No,Working Class Urban,Approved
4648,7939,Male,White,32,25-60,51873.31,708,330156,Full-time,Some College,Citizen,Fluent,No,No,Working Class Urban,Approved
4649,7347,Female,White,27,25-60,81577.83,657,79210,Full-time,High School,Citizen,Fluent,No,No,High-income Suburban,Approved
4650,2327,Female,White,31,25-60,81696.4,731,269165,Full-time,Bachelor's,Citizen,Fluent,No,No,Working Class Urban,Approved
4651,9897,Male,White,82,Over 60,83356.43,794,173664,Full-time,Bachelor's,Citizen,Fluent,No,No,Working Class Urban,Approved
4652,1039,Male,White,18,Under 25,213532.4,684,179945,Part-time,Bachelor's,Citizen,Fluent,No,No,High-income Suburban,Approved
4653,9791,Female,White,21,Under 25,137498.12,658,237446,Self-employed,Some College,Citizen,Fluent,No,No,High-income Suburban,Approved
4654,4705,Male,White,73,Over 60,30959.07,649,69046,Gig,High School,Citizen,Fluent,No,No,Rural,Denied
4655,9938,Female,White,54,25-60,90634.22,724,142271,Part-time,Bachelor's,Citizen,Fluent,No,No,Rural,Denied
4656,2735,Female,White,24,Under 25,77180.89,646,399804,Full-time,Bachelor's,Citizen,Fluent,No,No,Working Class Urban,Approved
4657,4488,Female,White,24,Under 25,140911.47,622,174456,Part-time,Some College,Citizen,Fluent,No,No,High-income Suburban,Approved
4658,8694,Female,White,74,Over 60,112065.31,784,173260,Full-time,Graduate,Visa Holder,Fluent,No,No,Rural,Approved
4659,5230,Female,Asian,36,25-60,104128.61,674,393706,Gig,Some College,Citizen,Fluent,No,No,Urban Professional,Approved
4660,1518,Male,Hispanic,39,25-60,37028.1,674,301914,Full-time,High School,Citizen,Fluent,No,No,Historically Redlined,Approved
4661,7051,Female,White,76,Over 60,158859.49,764,188162,Gig,Some College,Citizen,Fluent,Yes,No,High-income Suburban,Approved
4662,6875,Male,White,25,25-60,26982.22,584,347942,Full-time,High School,Citizen,Limited,No,No,Working Class Urban,Denied
4663,8907,Non-binary,Hispanic,80,Over 60,50990.52,744,378716,Gig,High School,Citizen,Fluent,No,No,Working Class Urban,Approved
4664,3481,Female,Hispanic,50,25-60,34842.17,631,312262,Gig,High School,Citizen,Fluent,No,No,Rural,Denied
4665,6353,Male,Hispanic,37,25-60,102757.18,706,375747,Full-time,Some College,Citizen,Fluent,No,Yes,High-income Suburban,Approved
4666,6196,Male,White,18,Under 25,105433.85,644,95126,Full-time,Bachelor's,Citizen,Limited,No,No,High-income Suburban,Approved
4667,6162,Female,Hispanic,55,25-60,117682.71,728,289562,Full-time,High School,Citizen,Fluent,No,No,High-income Suburban,Approved
4668,99,Male,White,39,25-60,108318.43,701,177046,Full-time,Some College,Citizen,Fluent,No,No,High-income Suburban,Approved
4669,1671,Male,White,43,25-60,100786.63,741,67827,Part-time,Graduate,Citizen,Fluent,Yes,No,Rural,Approved
4670,6529,Male,White,40,25-60,48355.7,654,231956,Full-time,High School,Citizen,Fluent,Yes,No,Working Class Urban,Approved
4671,9933,Male,Hispanic,27,25-60,113293.04,673,356082,Full-time,Graduate,Citizen,Fluent,No,No,Working Class Urban,Approved
4672,2532,Female,Hispanic,37,25-60,37992.52,711,240370,Full-time,High School,Citizen,Fluent,Yes,No,Rural,Approved
4673,8521,Female,White,56,25-60,111097.27,673,87711,Self-employed,Graduate,Citizen,Fluent,No,No,Working Class Urban,Approved
4674,325,Male,White,62,Over 60,129616.23,772,217617,Full-time,Some College,Citizen,Fluent,No,No,Urban Professional,Approved
4675,4725,Female,White,36,25-60,38233.64,658,390803,Full-time,High School,Citizen,Fluent,No,No,Working Class Urban,Denied
4676,8435,Male,White,23,Under 25,142878.41,648,118883,Full-time,High School,Citizen,Fluent,No,No,High-income Suburban,Denied
4677,6113,Female,Asian,35,25-60,68654.19,690,144214,Full-time,Graduate,Citizen,Limited,Yes,No,Working Class Urban,Approved
4678,6711,Female,White,27,25-60,69810.46,690,169258,Self-employed,Bachelor's,Citizen,Fluent,No,No,Historically Redlined,Denied
4679,2250,Female,White,77,Over 60,179770.54,735,185281,Full-time,Bachelor's,Citizen,Fluent,No,No,High-income Suburban,Approved
4680,3284,Female,White,34,25-60,55524.72,661,173650,Full-time,High School,Citizen,Fluent,No,No,Working Class Urban,Denied
4681,6877,Female,White,50,25-60,77234.76,674,78520,Full-time,Bachelor's,Citizen,Limited,No,No,Working Class Urban,Approved
4682,4615,Male,White,74,Over 60,120930.87,767,175024,Gig,Some College,Citizen,Fluent,No,No,High-income Suburban,Approved
4683,8842,Male,Asian,32,25-60,58429.3,664,167791,Part-time,Some College,Citizen,Fluent,No,No,Working Class Urban,Approved
4684,9187,Female,Black,50,25-60,33020.48,582,206146,Full-time,High School,Citizen,Fluent,No,No,Rural,Denied
4685,1890,Male,Hispanic,21,Under 25,138614.25,600,244019,Self-employed,Some College,Permanent Resident,Fluent,No,No,High-income Suburban,Denied
4686,5739,Male,White,36,25-60,82299.11,712,359909,Full-time,Bachelor's,Citizen,Fluent,No,No,Historically Redlined,Denied
4687,8031,Male,Asian,77,Over 60,151173.17,726,320863,Full-time,Bachelor's,Citizen,Fluent,No,No,Urban Professional,Approved
4688,6679,Female,White,43,25-60,42226.51,659,445564,Full-time,High School,Citizen,Fluent,No,No,Working Class Urban,Denied
4689,9006,Female,Black,62,Over 60,143351.31,802,177967,Part-time,Some College,Permanent Resident,Fluent,No,No,Urban Professional,Approved
4690,466,Male,White,21,Under 25,138616.28,613,129100,Full-time,High School,Citizen,Fluent,No,No,High-income Suburban,Approved
4691,3169,Male,Asian,31,25-60,78183.43,663,398757,Part-time,Bachelor's,Citizen,Fluent,No,No,Working Class Urban,Denied
4692,8029,Female,White,55,25-60,102440.18,765,234772,Gig,High School,Citizen,Fluent,No,No,High-income Suburban,Approved
4693,2293,Female,White,21,Under 25,28997.72,544,280325,Full-time,Some College,Citizen,Limited,No,No,Rural,Denied
4694,6982,Male,White,19,Under 25,42511.44,634,88220,Part-time,High School,Citizen,Fluent,No,No,Working Class Urban,Approved
4695,4277,Female,White,22,Under 25,180854.14,630,381546,Gig,Graduate,Citizen,Fluent,No,No,Urban Professional,Denied
4696,8622,Female,White,80,Over 60,41825.48,755,58298,Full-time,High School,Citizen,Fluent,No,No,Rural,Approved
4697,1514,Female,Hispanic,53,25-60,40744.43,672,51056,Full-time,High School,Citizen,Fluent,Yes,No,Historically Redlined,Denied
4698,7997,Female,Hispanic,62,Over 60,46318.09,728,321732,Full-time,High School,Citizen,Fluent,No,No,Rural,Denied
4699,2510,Male,Hispanic,50,25-60,103856.02,732,239428,Full-time,High School,Permanent Resident,Fluent,Yes,No,Urban Professional,Approved
4700,10000,Male,Hispanic,60,25-60,49602.38,686,131256,Gig,High School,Citizen,Fluent,No,No,Working Class Urban,Approved
4701,4511,Male,White,61,Over 60,92348.83,775,421536,Full-time,Some College,Citizen,Fluent,No,No,Urban Professional,Denied
4702,1882,Male,White,47,25-60,59547.7,581,396850,Self-employed,Some College,Citizen,Limited,No,Yes,Urban Professional,Denied
4703,8267,Male,Hispanic,24,Under 25,157715.44,667,443669,Full-time,Bachelor's,Citizen,Fluent,No,No,Urban Professional,Denied
4704,8329,Female,Hispanic,31,25-60,60808.09,618,399755,Full-time,Bachelor's,Citizen,Fluent,No,Yes,Working Class Urban,Denied
4705,5443,Male,White,59,25-60,91701.67,665,433847,Part-time,Bachelor's,Citizen,Fluent,No,No,Working Class Urban,Denied
4706,3302,Male,White,77,Over 60,203407.32,778,233975,Self-employed,Bachelor's,Permanent Resident,Fluent,No,No,Urban Professional,Approved
4707,1267,Male,Black,43,25-60,129093.73,736,178759,Full-time,High School,Citizen,Fluent,No,No,High-income Suburban,Approved
4708,9093,Male,White,55,25-60,106107.07,746,373671,Gig,High School,Permanent Resident,Fluent,No,No,High-income Suburban,Approved
4709,4452,Female,White,35,25-60,29515.64,608,166761,Part-time,High School,Citizen,Limited,Yes,No,Working Class Urban,Denied
4710,5340,Male,White,61,Over 60,39802.71,734,405180,Gig,Some College,Citizen,Fluent,No,No,Rural,Approved
4711,7032,Female,Asian,39,25-60,275026.29,746,414064,Full-time,Bachelor's,Citizen,Fluent,No,No,High-income Suburban,Approved
4712,4578,Female,Black,68,Over 60,62935.87,699,55323,Full-time,Bachelor's,Citizen,Limited,No,No,Working Class Urban,Approved
4713,8778,Male,White,46,25-60,292780.79,738,105006,Full-time,Graduate,Citizen,Fluent,No,No,High-income Suburban,Approved
4714,5170,Female,Hispanic,47,25-60,50075.56,669,298053,Full-time,Some College,Permanent Resident,Fluent,No,No,Working Class Urban,Denied
4715,9221,Male,White,74,Over 60,89574.34,741,300905,Full-time,Bachelor's,Citizen,Fluent,No,No,Working Class Urban,Approved
4716,1951,Female,White,35,25-60,113056.66,733,206387,Part-time,Some College,Citizen,Fluent,No,No,Urban Professional,Approved
4717,1504,Male,Multiracial,55,25-60,25907.7,605,403664,Full-time,High School,Citizen,Limited,Yes,No,Rural,Denied
4718,7163,Female,White,23,Under 25,88886.25,667,362909,Full-time,High School,Citizen,Fluent,No,No,Urban Professional,Approved
4719,4809,Female,Black,62,Over 60,146827.74,749,72525,Part-time,Some College,Citizen,Fluent,Yes,No,High-income Suburban,Approved
4720,9389,Male,White,80,Over 60,22678.26,691,274218,Full-time,High School,Permanent Resident,Limited,Yes,No,Historically Redlined,Approved
4721,3288,Female,White,69,Over 60,43327.39,706,62406,Full-time,Some College,Citizen,Fluent,No,No,Rural,Approved
4722,3866,Female,White,31,25-60,100842.77,730,241159,Full-time,High School,Citizen,Fluent,No,No,Urban Professional,Approved
4723,7795,Male,White,29,25-60,74730.36,656,420037,Full-time,Bachelor's,Citizen,Fluent,No,No,Rural,Denied
4724,9753,Female,White,46,25-60,59143.21,638,439347,Gig,Some College,Citizen,Fluent,No,No,Historically Redlined,Denied
4725,2938,Female,Black,45,25-60,34288.76,599,322822,Full-time,High School,Citizen,Fluent,No,No,Working Class Urban,Denied
4726,2582,Male,White,50,25-60,63808.53,601,68079,Full-time,Bachelor's,Citizen,Fluent,No,No,Rural,Approved
4727,5012,Female,White,59,25-60,81106.32,698,449550,Full-time,High School,Citizen,Fluent,No,No,High-income Suburban,Approved
4728,7349,Male,White,63,Over 60,59405.12,716,288505,Full-time,Bachelor's,Citizen,Fluent,Yes,No,Historically Redlined,Approved
4729,426,Female,White,49,25-60,75774.97,614,152645,Self-employed,Some College,Citizen,Limited,No,No,Urban Professional,Denied
4730,9827,Non-binary,Black,26,25-60,129442.8,696,355523,Self-employed,Some College,Citizen,Fluent,No,No,Urban Professional,Approved
4731,5453,Male,Black,56,25-60,60339.7,655,265409,Full-time,Some College,Citizen,Fluent,No,No,Urban Professional,Approved
4732,6450,Male,White,31,25-60,106865.26,711,322018,Full-time,High School,Citizen,Fluent,No,No,High-income Suburban,Approved
4733,7130,Male,White,47,25-60,146532.46,741,335844,Full-time,Bachelor's,Citizen,Fluent,No,No,High-income Suburban,Approved
4734,4363,Female,Multiracial,78,Over 60,171820.56,794,246491,Full-time,Bachelor's,Citizen,Fluent,No,No,High-income Suburban,Approved
4735,4969,Male,White,42,25-60,39230.37,712,145495,Gig,High School,Citizen,Fluent,No,No,Rural,Approved
4736,8536,Female,White,50,25-60,60616.17,652,393050,Full-time,Bachelor's,Citizen,Fluent,Yes,No,Working Class Urban,Denied
4737,3634,Male,White,36,25-60,37754.04,620,188849,Full-time,High School,Permanent Resident,Fluent,No,No,Rural,Approved
4738,7436,Female,Hispanic,39,25-60,293296.8,703,193420,Full-time,Bachelor's,Citizen,Fluent,No,No,High-income Suburban,Approved
4739,7058,Male,White,54,25-60,43786.82,659,359620,Full-time,High School,Citizen,Fluent,No,No,Rural,Approved
4740,827,Male,Asian,42,25-60,147618.34,653,310966,Full-time,Graduate,Citizen,Limited,No,No,Urban Professional,Approved
4741,4344,Male,Black,21,Under 25,71265.68,589,246987,Full-time,Bachelor's,Citizen,Fluent,No,No,Rural,Approved
4742,9715,Male,White,48,25-60,237063.85,718,273903,Full-time,Graduate,Citizen,Fluent,No,No,High-income Suburban,Approved
4743,3320,Female,Black,21,Under 25,72212.3,624,344500,Self-employed,Bachelor's,Citizen,Fluent,No,No,Working Class Urban,Approved
4744,8568,Male,White,29,25-60,107905.28,684,109809,Full-time,Graduate,Citizen,Fluent,No,No,Historically Redlined,Approved
4745,9040,Non-binary,White,23,Under 25,169136.23,645,286378,Full-time,Bachelor's,Citizen,Fluent,No,No,Urban Professional,Approved
4746,7039,Male,White,31,25-60,38922.81,684,271375,Full-time,Some College,Citizen,Fluent,Yes,No,Rural,Approved
4747,9965,Female,White,26,25-60,88418.69,715,316631,Full-time,Some College,Citizen,Limited,No,No,Urban Professional,Approved
4748,1071,Male,Hispanic,46,25-60,21723.68,614,291496,Full-time,High School,Permanent Resident,Limited,No,No,Historically Redlined,Denied
4749,2593,Non-binary,Hispanic,20,Under 25,91102.63,668,396202,Full-time,Some College,Citizen,Fluent,Yes,No,Urban Professional,Approved
4750,1990,Female,White,36,25-60,115783.05,709,199882,Full-time,Bachelor's,Citizen,Limited,Yes,No,Urban Professional,Approved
4751,9256,Female,White,56,25-60,55420.47,690,296022,Full-time,Some College,Citizen,Fluent,No,No,Working Class Urban,Approved
4752,961,Male,White,59,25-60,103038.42,729,206531,Full-time,High School,Citizen,Fluent,No,No,Urban Professional,Approved
4753,6472,Male,White,76,Over 60,113359.94,804,297618,Self-employed,High School,Citizen,Fluent,Yes,No,High-income Suburban,Approved
4754,9972,Female,Black,58,25-60,34322.01,573,157210,Full-time,High School,Citizen,Limited,No,No,Rural,Denied
4755,2147,Female,Asian,18,Under 25,95289.46,592,150966,Full-time,Graduate,Citizen,Limited,No,Yes,Urban Professional,Approved
4756,8305,Female,Black,27,25-60,125471.09,738,383903,Self-employed,Some College,Citizen,Fluent,No,No,High-income Suburban,Approved
4757,4235,Male,White,70,Over 60,116106.34,804,299945,Full-time,Some College,Citizen,Fluent,No,No,Urban Professional,Approved
4758,6227,Male,Hispanic,68,Over 60,16931.54,657,130973,Full-time,Some College,Citizen,Limited,No,Yes,Rural,Denied
4759,9937,Male,White,61,Over 60,65333.22,697,444309,Full-time,Bachelor's,Citizen,Fluent,No,No,Rural,Approved
4760,894,Female,White,31,25-60,45685.82,706,91639,Full-time,High School,Citizen,Fluent,No,No,Historically Redlined,Denied
4761,5747,Female,White,63,Over 60,85553.48,728,427682,Gig,High School,Citizen,Fluent,No,No,Urban Professional,Approved
4762,1448,Male,White,18,Under 25,38351.4,556,212345,Full-time,Graduate,Citizen,Limited,No,Yes,Rural,Denied
4763,9895,Male,White,69,Over 60,42200.31,712,82545,Part-time,Some College,Citizen,Limited,No,No,Working Class Urban,Approved
4764,9459,Female,Black,21,Under 25,47682.41,595,81664,Full-time,Some College,Citizen,Fluent,No,No,Working Class Urban,Approved
4765,4271,Male,Hispanic,19,Under 25,145503.49,664,321984,Part-time,Some College,Citizen,Fluent,No,No,High-income Suburban,Denied
4766,2588,Male,White,70,Over 60,117649.43,797,121980,Full-time,Some College,Citizen,Fluent,No,No,Urban Professional,Approved
4767,9685,Female,White,29,25-60,87796.12,708,371756,Full-time,High School,Citizen,Fluent,No,No,Urban Professional,Approved
4768,3319,Male,Black,53,25-60,92964.74,638,369301,Full-time,Bachelor's,Citizen,Fluent,No,Yes,Urban Professional,Denied
4769,2223,Male,White,21,Under 25,51323.35,571,306923,Full-time,Some College,Visa Holder,Fluent,No,No,Historically Redlined,Denied
4770,9474,Male,White,39,25-60,99231.02,726,238039,Part-time,Graduate,Visa Holder,Fluent,No,No,Historically Redlined,Approved
4771,3547,Female,Black,42,25-60,87052.95,711,289372,Part-time,Bachelor's,Citizen,Fluent,No,No,Rural,Approved
4772,740,Female,Hispanic,32,25-60,91091.85,737,65879,Full-time,High School,Permanent Resident,Fluent,No,No,High-income Suburban,Denied
4773,620,Male,White,72,Over 60,129109.27,802,323324,Full-time,Graduate,Citizen,Fluent,Yes,No,Working Class Urban,Approved
4774,3632,Male,White,82,Over 60,88582.77,752,222181,Full-time,Graduate,Citizen,Fluent,No,No,Rural,Approved
4775,3821,Male,White,56,25-60,196010.86,770,67440,Full-time,Bachelor's,Citizen,Fluent,No,No,High-income Suburban,Approved
4776,3670,Male,Hispanic,33,25-60,45165.03,613,137510,Full-time,High School,Citizen,Fluent,No,No,Rural,Denied
4777,5457,Male,Hispanic,33,25-60,20436.36,546,352953,Self-employed,High School,Citizen,Fluent,No,Yes,Historically Redlined,Denied
4778,6973,Female,White,69,Over 60,102662.39,741,441942,Full-time,High School,Citizen,Fluent,No,No,High-income Suburban,Approved
4779,710,Male,Hispanic,55,25-60,68113.76,682,427100,Full-time,Some College,Citizen,Fluent,No,No,Working Class Urban,Approved
4780,2435,Female,White,23,Under 25,57733.95,596,176034,Part-time,Bachelor's,Permanent Resident,Fluent,No,No,Rural,Approved
4781,88,Female,Hispanic,45,25-60,44818.16,676,281611,Part-time,Some College,Citizen,Fluent,Yes,No,Rural,Denied
4782,5765,Female,Asian,25,25-60,99300.16,708,84350,Gig,Graduate,Citizen,Fluent,Yes,No,Working Class Urban,Approved
4783,1654,Male,Black,75,Over 60,111913.86,738,409443,Part-time,Some College,Citizen,Fluent,No,No,Urban Professional,Approved
4784,3799,Female,White,65,Over 60,35441.29,778,447792,Full-time,High School,Citizen,Fluent,No,No,Working Class Urban,Approved
4785,4029,Male,Black,49,25-60,43208.06,704,296793,Full-time,High School,Permanent Resident,Fluent,No,No,Historically Redlined,Denied
4786,7396,Male,Black,55,25-60,71811.39,657,130329,Full-time,Some College,Citizen,Fluent,No,No,Working Class Urban,Denied
4787,7323,Female,Asian,29,25-60,162489.7,676,189712,Full-time,Bachelor's,Citizen,Limited,No,No,High-income Suburban,Approved
4788,7477,Female,White,58,25-60,33193.76,624,324250,Part-time,Some College,Citizen,Limited,No,No,Working Class Urban,Denied
4789,4188,Male,White,23,Under 25,141343.69,609,97632,Full-time,Bachelor's,Citizen,Limited,No,No,High-income Suburban,Approved
4790,6035,Male,White,76,Over 60,45916.93,757,83334,Full-time,Some College,Citizen,Fluent,No,No,Working Class Urban,Approved
4791,9582,Female,Black,43,25-60,101370.89,666,143694,Self-employed,Bachelor's,Citizen,Fluent,No,No,Working Class Urban,Approved
4792,9570,Male,Asian,24,Under 25,71223.56,608,262594,Full-time,Bachelor's,Citizen,Fluent,No,No,Rural,Denied
4793,6623,Male,White,80,Over 60,186840.9,850,237637,Full-time,Bachelor's,Citizen,Fluent,No,No,High-income Suburban,Approved
4794,3030,Female,Black,53,25-60,43021.06,656,246968,Full-time,High School,Citizen,Fluent,No,No,Working Class Urban,Denied
4795,3,Female,White,27,25-60,82788.09,687,401760,Full-time,Some College,Citizen,Fluent,No,No,Urban Professional,Approved
4796,2254,Male,Black,65,Over 60,40889.87,730,97019,Gig,High School,Citizen,Fluent,No,No,Working Class Urban,Denied
4797,8893,Male,Asian,78,Over 60,250918.68,712,338301,Full-time,Bachelor's,Citizen,Fluent,No,No,High-income Suburban,Approved
4798,6143,Male,White,73,Over 60,75757.03,720,305387,Full-time,Some College,Citizen,Fluent,No,No,High-income Suburban,Approved
4799,1119,Female,Black,25,25-60,75120.18,650,212603,Gig,High School,Citizen,Limited,No,No,High-income Suburban,Denied
4800,876,Male,Hispanic,80,Over 60,38132.87,635,114737,Full-time,High School,Citizen,Fluent,No,No,Rural,Denied
4801,8827,Male,Asian,54,25-60,67513.35,651,62782,Full-time,Graduate,Citizen,Limited,No,No,Rural,Denied
4802,4611,Male,Black,78,Over 60,38408.3,688,148955,Full-time,Some College,Citizen,Fluent,No,Yes,Rural,Approved
4803,6588,Male,White,40,25-60,150285.81,682,341728,Full-time,Some College,Citizen,Fluent,No,No,High-income Suburban,Approved
4804,64,Female,White,33,25-60,56043.94,626,128474,Self-employed,Bachelor's,Citizen,Fluent,No,No,Rural,Denied
4805,1312,Male,Black,33,25-60,58762.11,589,66973,Part-time,High School,Citizen,Fluent,No,Yes,Urban Professional,Denied
4806,8088,Male,Black,42,25-60,44449.43,629,445051,Full-time,Some College,Citizen,Fluent,Yes,No,Historically Redlined,Approved
4807,6614,Female,White,34,25-60,109006.18,740,191589,Full-time,High School,Citizen,Fluent,No,No,Urban Professional,Approved
4808,4908,Female,Hispanic,67,Over 60,89292.57,779,126438,Full-time,Some College,Citizen,Fluent,No,Yes,High-income Suburban,Approved
4809,1648,Female,Multiracial,45,25-60,59991.13,701,197537,Full-time,Bachelor's,Citizen,Fluent,No,No,Working Class Urban,Approved
4810,1759,Female,Black,30,25-60,35918.33,665,151690,Self-employed,Some College,Citizen,Fluent,No,No,Rural,Denied
4811,1465,Male,Hispanic,46,25-60,122794.29,704,164281,Full-time,Some College,Visa Holder,Fluent,Yes,No,High-income Suburban,Approved
4812,4072,Female,Hispanic,50,25-60,106302.89,723,178560,Full-time,Some College,Citizen,Fluent,No,No,Urban Professional,Approved
4813,5549,Non-binary,White,32,25-60,149247.69,721,360065,Part-time,High School,Permanent Resident,Fluent,No,No,High-income Suburban,Approved
4814,1003,Female,Black,79,Over 60,55679.31,726,80835,Full-time,High School,Citizen,Fluent,Yes,No,Working Class Urban,Approved
4815,6550,Male,White,39,25-60,201349.95,703,439969,Full-time,Bachelor's,Citizen,Fluent,No,No,High-income Suburban,Approved
4816,9956,Male,White,29,25-60,34606.23,606,121190,Full-time,High School,Permanent Resident,Limited,No,No,Working Class Urban,Denied
4817,7355,Female,White,68,Over 60,100080.29,774,166118,Full-time,Some College,Citizen,Fluent,No,No,High-income Suburban,Approved
4818,671,Female,White,65,Over 60,39269.49,753,112013,Self-employed,High School,Citizen,Fluent,No,No,Historically Redlined,Approved
4819,3875,Male,White,42,25-60,81565.82,779,292483,Part-time,High School,Citizen,Fluent,No,No,High-income Suburban,Approved
4820,3544,Female,Black,47,25-60,211024.37,696,102104,Full-time,Bachelor's,Visa Holder,Fluent,No,No,High-income Suburban,Approved
4821,743,Female,White,20,Under 25,202608.39,631,314342,Full-time,Graduate,Citizen,Fluent,No,No,Urban Professional,Denied
4822,4322,Female,White,25,25-60,80227.94,707,245988,Full-time,Some College,Citizen,Fluent,No,No,Urban Professional,Approved
4823,3539,Male,Hispanic,42,25-60,128190.96,709,121862,Gig,Bachelor's,Citizen,Fluent,No,No,Urban Professional,Approved
4824,5564,Male,Black,31,25-60,165811.05,688,345456,Full-time,Bachelor's,Citizen,Fluent,No,No,Urban Professional,Approved
4825,6625,Male,Black,80,Over 60,132220.28,803,412274,Gig,High School,Citizen,Fluent,No,No,High-income Suburban,Approved
4826,9689,Male,White,67,Over 60,42651.34,727,439730,Full-time,Some College,Citizen,Fluent,No,No,Historically Redlined,Approved
4827,3753,Female,White,41,25-60,160150.17,716,433143,Full-time,Some College,Citizen,Fluent,No,No,Urban Professional,Approved
4828,3949,Male,White,67,Over 60,97910.62,793,409781,Gig,High School,Citizen,Fluent,No,No,Urban Professional,Approved
4829,2365,Male,White,25,25-60,112209.1,742,373119,Full-time,Graduate,Citizen,Fluent,No,No,Working Class Urban,Approved
4830,8518,Female,Asian,65,Over 60,69774.23,691,69729,Full-time,Graduate,Citizen,Limited,No,No,Working Class Urban,Approved
4831,9000,Female,Hispanic,71,Over 60,103415.52,787,284785,Part-time,Some College,Citizen,Fluent,No,No,Urban Professional,Approved
4832,6430,Female,White,66,Over 60,33492.99,666,284275,Full-time,High School,Citizen,Fluent,No,No,Historically Redlined,Denied
4833,2313,Female,White,19,Under 25,49468.45,593,424551,Self-employed,High School,Citizen,Fluent,Yes,No,Working Class Urban,Denied
4834,1302,Male,White,33,25-60,251067.25,727,78745,Full-time,Graduate,Citizen,Fluent,No,No,Urban Professional,Approved
4835,1437,Male,White,29,25-60,45106.6,574,274611,Full-time,High School,Citizen,Fluent,Yes,Yes,High-income Suburban,Denied
4836,1007,Male,White,60,25-60,46241.67,672,426931,Self-employed,Some College,Citizen,Fluent,Yes,No,Working Class Urban,Approved
4837,6733,Female,Hispanic,67,Over 60,53626.15,747,163103,Self-employed,High School,Permanent Resident,Fluent,No,No,Historically Redlined,Approved
4838,1251,Male,White,36,25-60,247839.6,712,416225,Unemployed,Graduate,Citizen,Fluent,No,No,Urban Professional,Approved
4839,4700,Female,White,25,25-60,194006.29,743,183056,Full-time,Graduate,Citizen,Fluent,Yes,No,Urban Professional,Approved
4840,922,Male,Black,77,Over 60,173619.38,797,109025,Full-time,Bachelor's,Permanent Resident,Fluent,No,No,High-income Suburban,Approved
4841,8275,Female,White,52,25-60,61362.18,663,377905,Full-time,Graduate,Citizen,Fluent,No,Yes,Historically Redlined,Denied
4842,1070,Male,White,54,25-60,107565.23,704,151797,Full-time,High School,Citizen,Fluent,Yes,No,High-income Suburban,Approved
4843,9349,Female,White,28,25-60,123635.66,701,420388,Full-time,Graduate,Citizen,Fluent,No,No,Working Class Urban,Approved
4844,965,Male,White,62,Over 60,82542.14,766,127538,Full-time,Some College,Citizen,Fluent,No,No,Urban Professional,Approved
4845,6806,Male,Hispanic,63,Over 60,58276.91,706,365594,Full-time,Bachelor's,Citizen,Fluent,No,No,Historically Redlined,Approved
4846,8951,Female,White,35,25-60,141808.39,658,267868,Full-time,Some College,Citizen,Fluent,No,No,High-income Suburban,Denied
4847,4042,Male,Asian,21,Under 25,104893.73,606,289717,Self-employed,Some College,Citizen,Fluent,No,No,Urban Professional,Approved
4848,4065,Male,White,80,Over 60,29378.93,650,221421,Full-time,Some College,Citizen,Fluent,No,No,Working Class Urban,Denied
4849,7123,Male,Hispanic,70,Over 60,84801.05,746,423776,Full-time,Graduate,Citizen,Fluent,No,No,Rural,Approved
4850,4224,Male,Hispanic,21,Under 25,32706.71,519,343683,Self-employed,Some College,Citizen,Fluent,Yes,No,Historically Redlined,Denied
4851,5595,Female,White,50,25-60,45324.19,717,271784,Full-time,Some College,Citizen,Fluent,No,No,Working Class Urban,Approved
4852,8754,Male,Asian,32,25-60,205950.24,714,345644,Self-employed,Bachelor's,Citizen,Fluent,No,No,Urban Professional,Approved
4853,9053,Male,Black,21,Under 25,106907.95,594,283313,Full-time,Bachelor's,Citizen,Fluent,No,Yes,Urban Professional,Denied
4854,5998,Female,White,81,Over 60,75131.57,711,98227,Full-time,Bachelor's,Citizen,Fluent,No,No,Working Class Urban,Approved
4855,4457,Female,Hispanic,58,25-60,85340.93,646,259001,Part-time,High School,Citizen,Fluent,No,Yes,High-income Suburban,Denied
4856,7388,Female,White,26,25-60,48407.84,638,290611,Full-time,High School,Citizen,Fluent,No,No,Working Class Urban,Denied
4857,6824,Female,White,40,25-60,143326.78,741,107252,Gig,Some College,Permanent Resident,Fluent,Yes,No,Urban Professional,Approved
4858,7407,Female,White,36,25-60,60981.87,672,128326,Full-time,Bachelor's,Citizen,Fluent,No,No,Rural,Denied
4859,3703,Female,Hispanic,42,25-60,112382.55,768,340093,Full-time,Some College,Citizen,Fluent,No,No,Urban Professional,Approved
4860,1774,Male,White,76,Over 60,132533.59,746,290202,Gig,High School,Citizen,Fluent,No,No,High-income Suburban,Approved
4861,1289,Female,White,23,Under 25,37542.19,634,417849,Gig,Some College,Citizen,Fluent,No,No,Historically Redlined,Denied
4862,9519,Male,Multiracial,69,Over 60,70332.14,713,422350,Full-time,Some College,Citizen,Limited,No,No,High-income Suburban,Approved
4863,2165,Female,White,45,25-60,49820.19,665,68941,Self-employed,Some College,Citizen,Fluent,No,No,Rural,Approved
4864,2684,Male,Hispanic,38,25-60,97650.55,735,276142,Full-time,Some College,Citizen,Limited,No,No,High-income Suburban,Approved
4865,4984,Female,White,21,Under 25,104507.78,624,387439,Part-time,Some College,Citizen,Fluent,No,No,Urban Professional,Approved
4866,7713,Female,White,59,25-60,64817.11,646,143747,Full-time,Some College,Citizen,Fluent,No,No,Working Class Urban,Denied
4867,8611,Female,White,57,25-60,52469.3,673,234153,Full-time,Some College,Citizen,Fluent,No,No,Rural,Denied
4868,8291,Male,White,70,Over 60,270557.83,747,357600,Full-time,Graduate,Citizen,Fluent,No,No,Urban Professional,Approved
4869,7612,Female,White,29,25-60,63529.68,648,105923,Full-time,Bachelor's,Visa Holder,Fluent,No,No,Historically Redlined,Approved
4870,4826,Female,White,66,Over 60,65396.01,720,130582,Full-time,Graduate,Citizen,Fluent,No,No,Rural,Approved
4871,2131,Male,White,74,Over 60,70789.76,721,374157,Full-time,Bachelor's,Citizen,Fluent,No,No,Working Class Urban,Approved
4872,6825,Female,Hispanic,39,25-60,157384.12,682,190648,Full-time,High School,Citizen,Fluent,No,No,High-income Suburban,Approved
4873,5281,Male,Multiracial,74,Over 60,32444.41,691,68847,Full-time,Some College,Citizen,Limited,No,No,Rural,Approved
4874,31,Male,White,47,25-60,57905.8,649,228608,Unemployed,Some College,Citizen,Fluent,No,No,Working Class Urban,Denied
4875,7048,Male,Hispanic,73,Over 60,226590.47,772,289395,Full-time,Bachelor's,Citizen,Fluent,No,No,High-income Suburban,Approved
4876,7077,Male,White,28,25-60,290054.63,775,357490,Gig,Graduate,Permanent Resident,Fluent,No,No,High-income Suburban,Approved
4877,6057,Male,Multiracial,43,25-60,31292.86,622,435850,Self-employed,Some College,Visa Holder,Limited,No,No,Working Class Urban,Denied
4878,4196,Female,White,23,Under 25,115062.34,675,445457,Full-time,Graduate,Citizen,Fluent,No,No,Working Class Urban,Approved
4879,9008,Male,Black,60,25-60,82033.19,697,329340,Full-time,Some College,Citizen,Fluent,No,No,Urban Professional,Approved
4880,2955,Male,White,26,25-60,84770.43,776,359702,Full-time,Bachelor's,Citizen,Fluent,No,No,Working Class Urban,Approved
4881,2914,Male,Black,60,25-60,220216.58,677,198036,Full-time,Bachelor's,Citizen,Fluent,No,No,Urban Professional,Approved
4882,1155,Female,White,60,25-60,55901.06,703,173016,Full-time,High School,Citizen,Fluent,No,No,Urban Professional,Approved
4883,9003,Female,White,62,Over 60,38953.55,720,154436,Full-time,Some College,Visa Holder,Fluent,No,No,Working Class Urban,Approved
4884,2575,Female,Asian,24,Under 25,47659.72,648,111349,Full-time,Some College,Citizen,Fluent,Yes,No,Working Class Urban,Denied
4885,3920,Male,White,39,25-60,151113.34,721,222570,Part-time,Some College,Permanent Resident,Fluent,No,No,Urban Professional,Approved
4886,3905,Male,White,37,25-60,99741.48,669,175034,Part-time,Some College,Citizen,Fluent,No,No,High-income Suburban,Denied
4887,9967,Female,White,61,Over 60,102679.1,773,242974,Full-time,Bachelor's,Citizen,Fluent,No,No,Working Class Urban,Approved
4888,1936,Male,Black,42,25-60,13311.6,554,266782,Full-time,Some College,Citizen,Limited,No,Yes,Historically Redlined,Denied
4889,2204,Female,Hispanic,68,Over 60,50105.41,723,62022,Full-time,High School,Citizen,Fluent,No,No,Working Class Urban,Approved
4890,7916,Female,Black,24,Under 25,46977.77,588,237873,Full-time,High School,Citizen,Fluent,Yes,No,Working Class Urban,Denied
4891,3612,Male,White,54,25-60,97372.51,685,448741,Part-time,High School,Citizen,Fluent,No,No,Urban Professional,Approved
4892,2932,Male,White,27,25-60,75428.98,620,175728,Full-time,Bachelor's,Citizen,Fluent,No,No,Working Class Urban,Denied
4893,5679,Female,Hispanic,20,Under 25,68074.48,593,161384,Full-time,Bachelor's,Citizen,Fluent,No,No,Historically Redlined,Denied
4894,771,Male,White,35,25-60,107274.26,745,382275,Full-time,Graduate,Citizen,Fluent,No,No,Working Class Urban,Approved
4895,4472,Female,White,27,25-60,168458.38,747,230689,Unemployed,Graduate,Permanent Resident,Limited,No,No,Urban Professional,Approved
4896,1659,Male,Asian,35,25-60,276742.33,707,105691,Full-time,Bachelor's,Citizen,Fluent,No,No,High-income Suburban,Approved
4897,3464,Female,Hispanic,51,25-60,273062.83,765,192654,Full-time,Graduate,Citizen,Fluent,No,No,Urban Professional,Approved
4898,8183,Male,Hispanic,81,Over 60,88633.41,823,114774,Part-time,High School,Citizen,Fluent,No,No,Urban Professional,Approved
4899,344,Male,White,38,25-60,186145.03,765,140265,Self-employed,Bachelor's,Citizen,Fluent,No,No,Urban Professional,Approved
4900,3942,Female,White,34,25-60,254019.61,745,382300,Full-time,Graduate,Citizen,Fluent,No,No,Urban Professional,Approved
4901,4593,Male,White,55,25-60,92081.94,697,388666,Part-time,High School,Citizen,Fluent,No,No,Urban Professional,Approved
4902,8439,Male,White,26,25-60,63879.97,707,437674,Part-time,Bachelor's,Citizen,Fluent,No,No,Historically Redlined,Denied
4903,1486,Male,Black,82,Over 60,183621.87,742,264708,Full-time,Bachelor's,Citizen,Fluent,Yes,No,High-income Suburban,Approved
4904,2827,Female,White,57,25-60,87168.83,755,139626,Part-time,Graduate,Citizen,Fluent,No,No,Historically Redlined,Approved
4905,9317,Female,White,53,25-60,34167.72,600,331988,Full-time,High School,Citizen,Fluent,No,No,Rural,Denied
4906,8515,Male,White,36,25-60,84770.73,721,180173,Full-time,High School,Citizen,Fluent,No,No,Urban Professional,Denied
4907,4180,Female,Black,64,Over 60,47745.64,697,360530,Full-time,Some College,Citizen,Fluent,No,No,Rural,Denied
4908,1685,Male,White,32,25-60,103263.61,670,296327,Self-employed,Graduate,Citizen,Fluent,No,No,Rural,Approved
4909,4620,Female,Asian,22,Under 25,254344.2,594,292591,Full-time,Graduate,Citizen,Fluent,No,No,Urban Professional,Approved
4910,2591,Male,Hispanic,43,25-60,40747.8,676,182030,Full-time,High School,Citizen,Fluent,No,No,Working Class Urban,Approved
4911,1369,Female,Hispanic,57,25-60,129848.5,712,264021,Full-time,Some College,Citizen,Fluent,No,No,Urban Professional,Approved
4912,5809,Female,White,44,25-60,255950.39,700,283480,Full-time,Graduate,Citizen,Fluent,Yes,No,High-income Suburban,Approved
4913,2628,Female,White,43,25-60,291805.23,727,391279,Gig,Graduate,Citizen,Fluent,No,No,High-income Suburban,Approved
4914,2133,Female,White,39,25-60,136136.36,723,381691,Part-time,Some College,Citizen,Fluent,No,No,High-income Suburban,Approved
4915,5756,Female,White,36,25-60,83008.41,774,68454,Full-time,Graduate,Citizen,Fluent,No,No,Working Class Urban,Approved
4916,6210,Male,Hispanic,50,25-60,100338.41,715,79982,Part-time,High School,Citizen,Fluent,No,No,Urban Professional,Approved
4917,1384,Female,Black,47,25-60,47558.98,705,368108,Full-time,Bachelor's,Citizen,Limited,No,No,Historically Redlined,Approved
4918,5308,Female,White,24,Under 25,47705.99,572,383435,Full-time,Some College,Citizen,Fluent,No,No,Historically Redlined,Denied
4919,5996,Female,White,28,25-60,92104.43,741,359941,Gig,Some College,Permanent Resident,Fluent,No,No,High-income Suburban,Approved
4920,1001,Female,White,40,25-60,85683.59,743,164268,Full-time,Bachelor's,Citizen,Fluent,No,No,Working Class Urban,Approved
4921,880,Male,Black,76,Over 60,63027.08,617,423291,Full-time,Graduate,Citizen,Fluent,No,Yes,Working Class Urban,Approved
4922,1315,Female,Hispanic,81,Over 60,44791.17,698,74218,Full-time,High School,Citizen,Fluent,No,No,Working Class Urban,Denied
4923,5517,Male,White,66,Over 60,81231.49,750,290419,Full-time,Bachelor's,Citizen,Fluent,No,No,Historically Redlined,Approved
4924,2316,Female,White,53,25-60,65570.99,668,410520,Full-time,Bachelor's,Citizen,Fluent,No,No,Rural,Denied
4925,6535,Male,White,33,25-60,73005.41,666,271483,Unemployed,High School,Citizen,Fluent,No,No,Urban Professional,Approved
4926,4137,Male,Asian,36,25-60,344358.65,757,308250,Full-time,Graduate,Citizen,Fluent,No,No,High-income Suburban,Approved
4927,3409,Male,Hispanic,57,25-60,79224.72,662,114790,Full-time,High School,Citizen,Fluent,No,No,High-income Suburban,Approved
4928,8952,Male,Black,38,25-60,34483.78,592,388728,Part-time,High School,Visa Holder,Fluent,No,No,Working Class Urban,Denied
4929,2291,Male,White,68,Over 60,226566.21,799,285170,Full-time,Graduate,Citizen,Fluent,No,No,Urban Professional,Approved
4930,9401,Male,White,80,Over 60,83772.44,767,264662,Part-time,Some College,Citizen,Limited,No,No,Urban Professional,Approved
4931,3938,Female,White,18,Under 25,36965.21,627,407765,Full-time,Some College,Citizen,Fluent,No,No,Rural,Denied
4932,6354,Male,White,21,Under 25,146575.07,577,94426,Gig,Bachelor's,Citizen,Fluent,No,No,High-income Suburban,Denied
4933,2351,Male,White,72,Over 60,34338.89,545,407977,Part-time,High School,Citizen,Fluent,No,No,Historically Redlined,Denied
4934,718,Male,White,52,25-60,116194.63,698,115836,Full-time,Some College,Citizen,Fluent,No,No,Urban Professional,Approved
4935,9870,Female,Black,64,Over 60,101353.67,810,356153,Part-time,High School,Visa Holder,Fluent,No,No,Urban Professional,Approved
4936,2769,Female,Black,71,Over 60,55164.33,691,201950,Full-time,High School,Citizen,Fluent,No,No,Historically Redlined,Approved
4937,5504,Non-binary,Hispanic,30,25-60,91274.15,722,67680,Full-time,Graduate,Citizen,Fluent,No,No,Rural,Approved
4938,5864,Male,Hispanic,82,Over 60,128718.66,811,291497,Full-time,Some College,Citizen,Fluent,No,No,High-income Suburban,Approved
4939,4839,Male,White,66,Over 60,55429.38,754,83394,Full-time,Some College,Permanent Resident,Fluent,No,No,Urban Professional,Approved
4940,9115,Female,Hispanic,58,25-60,31676.09,650,322166,Part-time,High School,Citizen,Fluent,No,No,Working Class Urban,Denied
4941,5718,Male,White,52,25-60,88704.98,739,324195,Self-employed,High School,Citizen,Fluent,No,No,High-income Suburban,Denied
4942,9865,Female,Black,33,25-60,73258.77,672,185570,Full-time,Bachelor's,Citizen,Fluent,No,No,Working Class Urban,Denied
4943,673,Female,White,68,Over 60,83796.45,763,391376,Full-time,Bachelor's,Citizen,Fluent,No,No,Working Class Urban,Approved
4944,5537,Female,Black,29,25-60,167482.41,739,221575,Full-time,Graduate,Citizen,Limited,No,No,High-income Suburban,Approved
4945,2985,Male,White,61,Over 60,52108.43,715,129233,Full-time,Some College,Citizen,Fluent,No,No,Working Class Urban,Denied
4946,3093,Female,White,54,25-60,38421.14,645,257244,Full-time,Some College,Visa Holder,Fluent,No,No,Working Class Urban,Denied
4947,3747,Female,White,81,Over 60,40135.01,684,130775,Full-time,Bachelor's,Citizen,Limited,No,No,Working Class Urban,Approved
4948,3111,Male,Black,57,25-60,121305.29,710,107899,Full-time,Some College,Citizen,Fluent,No,No,High-income Suburban,Approved
4949,9947,Female,White,36,25-60,128901.73,693,405394,Full-time,Some College,Citizen,Fluent,No,No,Urban Professional,Approved
4950,8168,Male,White,60,25-60,73021.14,671,204209,Full-time,Bachelor's,Citizen,Fluent,No,No,Rural,Approved
4951,7210,Female,Black,22,Under 25,116548.3,666,301934,Full-time,High School,Citizen,Fluent,No,No,High-income Suburban,Approved
4952,8781,Male,White,54,25-60,90593.35,719,314578,Full-time,Graduate,Citizen,Limited,No,No,Working Class Urban,Denied
4953,5431,Male,White,68,Over 60,58356.03,718,332951,Full-time,Bachelor's,Citizen,Fluent,No,No,Historically Redlined,Approved
4954,7287,Male,White,37,25-60,155141.02,731,133534,Full-time,Graduate,Permanent Resident,Fluent,No,No,High-income Suburban,Approved
4955,3626,Male,White,62,Over 60,62430.32,749,244260,Full-time,Bachelor's,Citizen,Limited,No,No,Working Class Urban,Approved
4956,9954,Female,White,46,25-60,69332.89,640,208675,Gig,Bachelor's,Citizen,Fluent,No,No,Working Class Urban,Approved
4957,6989,Male,Hispanic,64,Over 60,81216.62,714,392073,Self-employed,High School,Citizen,Fluent,No,No,High-income Suburban,Approved
4958,8343,Female,White,42,25-60,80798.75,761,80293,Full-time,Graduate,Citizen,Limited,No,No,Working Class Urban,Approved
4959,9413,Female,White,72,Over 60,61738.47,650,231942,Full-time,Some College,Citizen,Fluent,No,Yes,High-income Suburban,Denied
4960,850,Male,White,51,25-60,155579.78,792,215127,Self-employed,Some College,Citizen,Fluent,No,No,Urban Professional,Approved
4961,5771,Male,Black,77,Over 60,86385.65,695,287475,Full-time,Some College,Citizen,Fluent,No,Yes,High-income Suburban,Denied
4962,8547,Female,White,77,Over 60,111433.07,767,172085,Part-time,Some College,Permanent Resident,Fluent,No,No,High-income Suburban,Approved
4963,2426,Male,White,46,25-60,154062.22,662,226917,Full-time,Graduate,Citizen,Limited,Yes,No,High-income Suburban,Denied
4964,535,Male,Hispanic,18,Under 25,20247.95,523,214604,Full-time,High School,Citizen,Fluent,Yes,No,Rural,Denied
4965,6853,Female,White,19,Under 25,103508.7,642,232642,Full-time,Some College,Citizen,Fluent,No,No,High-income Suburban,Approved
4966,8047,Female,White,37,25-60,37021.79,674,175696,Gig,Some College,Citizen,Limited,No,No,Rural,Denied
4967,7670,Male,White,76,Over 60,216108.36,779,90393,Full-time,Graduate,Citizen,Limited,No,No,High-income Suburban,Approved
4968,2694,Male,White,32,25-60,217371.98,741,389635,Full-time,Graduate,Permanent Resident,Fluent,No,No,Urban Professional,Approved
4969,8655,Male,White,76,Over 60,63799.32,722,62398,Full-time,Some College,Citizen,Fluent,No,No,Working Class Urban,Denied
4970,6530,Female,White,70,Over 60,82312.61,804,392922,Gig,Bachelor's,Citizen,Fluent,No,No,Historically Redlined,Approved
4971,2177,Male,White,70,Over 60,63805.17,698,129907,Part-time,Bachelor's,Citizen,Fluent,No,No,Rural,Approved
4972,1308,Female,Black,44,25-60,229708.19,760,414462,Part-time,Bachelor's,Citizen,Fluent,No,No,Urban Professional,Approved
4973,4185,Female,White,66,Over 60,123476.01,755,361932,Full-time,Graduate,Citizen,Fluent,No,No,Working Class Urban,Approved
4974,1495,Female,White,39,25-60,62061.17,691,77293,Part-time,Bachelor's,Citizen,Fluent,No,No,Historically Redlined,Approved
4975,5909,Female,White,41,25-60,128357.87,682,78540,Full-time,Some College,Citizen,Fluent,No,No,High-income Suburban,Approved
4976,8313,Female,White,59,25-60,68336.49,685,403927,Full-time,Bachelor's,Permanent Resident,Limited,Yes,No,Working Class Urban,Approved
4977,689,Male,White,45,25-60,64318.03,659,171737,Self-employed,High School,Citizen,Limited,Yes,No,Urban Professional,Denied
4978,3473,Female,White,77,Over 60,52538.63,693,74716,Full-time,Some College,Citizen,Fluent,No,No,Working Class Urban,Approved
4979,1810,Male,Black,78,Over 60,105525.64,806,287580,Full-time,High School,Citizen,Fluent,No,No,Urban Professional,Approved
4980,711,Male,White,59,25-60,42440.29,663,380899,Full-time,High School,Citizen,Fluent,Yes,No,Working Class Urban,Denied
4981,3711,Male,White,41,25-60,109478.49,689,345133,Full-time,High School,Citizen,Fluent,No,No,High-income Suburban,Approved
4982,2242,Male,White,71,Over 60,65186.88,707,51571,Full-time,High School,Citizen,Limited,No,No,High-income Suburban,Approved
4983,5146,Male,White,46,25-60,250236.49,735,178664,Full-time,Graduate,Citizen,Fluent,No,No,Urban Professional,Approved
4984,6795,Male,White,45,25-60,260970.84,728,437990,Full-time,Graduate,Citizen,Fluent,No,No,Urban Professional,Approved
4985,3007,Female,White,80,Over 60,80608.85,790,135431,Full-time,Graduate,Citizen,Fluent,Yes,No,Historically Redlined,Approved
4986,3490,Male,Hispanic,68,Over 60,37330.24,705,281149,Self-employed,High School,Citizen,Fluent,No,Yes,Working Class Urban,Denied
4987,516,Female,White,29,25-60,96849.75,698,413071,Full-time,Bachelor's,Permanent Resident,Limited,No,No,Urban Professional,Approved
4988,1818,Female,Hispanic,46,25-60,119511.91,727,307021,Full-time,High School,Citizen,Fluent,No,No,High-income Suburban,Approved
4989,18,Male,White,32,25-60,40988.18,639,344364,Full-time,High School,Citizen,Fluent,No,No,Historically Redlined,Denied
4990,8561,Female,Black,46,25-60,83227.91,723,406358,Part-time,High School,Citizen,Fluent,No,No,High-income Suburban,Approved
4991,8139,Female,White,68,Over 60,234846.11,798,277210,Full-time,Graduate,Citizen,Fluent,No,No,Urban Professional,Approved
4992,5705,Male,White,44,25-60,139426.14,771,279030,Full-time,Graduate,Citizen,Fluent,No,No,Working Class Urban,Approved
4993,9185,Male,White,21,Under 25,104852.5,616,264060,Part-time,Some College,Citizen,Fluent,No,No,Urban Professional,Approved
4994,9357,Female,White,30,25-60,35131.62,673,417793,Self-employed,Graduate,Citizen,Limited,No,No,Rural,Approved
4995,8812,Male,White,19,Under 25,43119.72,588,130500,Full-time,High School,Citizen,Fluent,No,No,Working Class Urban,Denied
4996,3338,Female,White,44,25-60,131261.12,727,342490,Full-time,Bachelor's,Permanent Resident,Fluent,No,No,Urban Professional,Approved
4997,2586,Female,White,57,25-60,19975.47,610,112353,Part-time,High School,Citizen,Limited,No,No,Rural,Denied
4998,3451,Female,White,23,Under 25,168653.83,583,394719,Full-time,Graduate,Citizen,Fluent,No,No,Urban Professional,Approved
4999,1064,Male,Black,68,Over 60,96271.61,755,123135,Full-time,Some College,Citizen,Fluent,No,No,Urban Professional,Approved
5000,9569,Female,White,62,Over 60,126651.05,800,240247,Part-time,Some College,Citizen,Fluent,Yes,No,Urban Professional,Approved
5001,8316,Male,White,38,25-60,49757.13,666,360307,Full-time,Some College,Citizen,Fluent,No,No,Working Class Urban,Denied
5002,6194,Female,Hispanic,50,25-60,39541.81,672,356742,Full-time,Some College,Citizen,Fluent,No,No,Working Class Urban,Denied
5003,2817,Female,White,69,Over 60,40261.87,746,94784,Full-time,Some College,Citizen,Fluent,No,No,Working Class Urban,Approved
5004,2334,Female,Asian,63,Over 60,315883.33,755,278694,Full-time,Graduate,Citizen,Fluent,No,No,High-income Suburban,Approved
5005,6102,Male,Hispanic,27,25-60,150699.29,666,316859,Gig,Some College,Citizen,Fluent,No,No,High-income Suburban,Approved
5006,2993,Male,White,43,25-60,113628.29,749,225068,Part-time,Some College,Citizen,Fluent,No,No,Urban Professional,Approved
5007,6442,Male,Black,33,25-60,258230.53,762,278884,Full-time,Graduate,Citizen,Fluent,No,No,Urban Professional,Approved
5008,4501,Female,Hispanic,19,Under 25,135939.29,681,62719,Full-time,Some College,Citizen,Fluent,No,No,Urban Professional,Approved
5009,6371,Male,White,60,25-60,85614.74,689,265218,Gig,Bachelor's,Citizen,Fluent,No,No,Historically Redlined,Approved
5010,6232,Male,White,42,25-60,52113.84,706,401547,Full-time,Some College,Citizen,Fluent,No,No,Rural,Approved
5011,3951,Female,Hispanic,25,25-60,93388.4,743,163369,Full-time,High School,Citizen,Fluent,No,No,High-income Suburban,Approved
5012,2439,Male,White,25,25-60,90706.11,724,95379,Part-time,High School,Citizen,Fluent,No,No,Urban Professional,Approved
5013,5428,Male,Black,71,Over 60,111404.84,757,418237,Full-time,Some College,Citizen,Fluent,No,Yes,High-income Suburban,Approved
5014,6268,Male,White,52,25-60,22648.84,629,438864,Gig,High School,Citizen,Limited,No,No,Historically Redlined,Denied
5015,4506,Male,White,28,25-60,87340.72,719,242731,Full-time,Graduate,Citizen,Fluent,No,No,Historically Redlined,Approved
5016,170,Male,White,53,25-60,55173.01,640,72418,Gig,Some College,Citizen,Fluent,No,No,Historically Redlined,Approved
5017,4670,Male,White,27,25-60,193714.71,721,264391,Self-employed,Bachelor's,Permanent Resident,Fluent,No,No,High-income Suburban,Approved
5018,6854,Male,White,36,25-60,107976.42,728,294620,Part-time,Bachelor's,Citizen,Limited,No,No,Urban Professional,Approved
5019,5046,Male,Asian,28,25-60,257344.65,754,67275,Full-time,Graduate,Citizen,Fluent,No,No,High-income Suburban,Approved
5020,1745,Male,Black,63,Over 60,46573.3,686,434162,Full-time,Some College,Citizen,Fluent,Yes,No,Rural,Approved
5021,2674,Female,Asian,58,25-60,74432.64,671,118781,Full-time,Bachelor's,Citizen,Fluent,Yes,No,Working Class Urban,Approved
5022,659,Female,White,24,Under 25,108839.53,677,416899,Self-employed,High School,Permanent Resident,Fluent,No,No,Urban Professional,Approved
5023,2506,Male,White,76,Over 60,132661.93,786,213024,Self-employed,Some College,Citizen,Fluent,No,No,High-income Suburban,Approved
5024,4312,Female,Asian,78,Over 60,90566.54,795,87425,Full-time,Bachelor's,Citizen,Fluent,No,No,Rural,Approved
5025,3371,Female,White,32,25-60,70542.54,644,384031,Full-time,Bachelor's,Citizen,Fluent,No,No,Working Class Urban,Denied
5026,8082,Female,White,81,Over 60,225549.88,788,65077,Full-time,Bachelor's,Citizen,Fluent,No,No,High-income Suburban,Approved
5027,446,Female,Hispanic,21,Under 25,95982.97,630,59488,Full-time,Graduate,Citizen,Fluent,No,No,Rural,Approved
5028,3443,Male,White,27,25-60,51893.77,641,263277,Self-employed,High School,Citizen,Fluent,No,No,Working Class Urban,Denied
5029,9994,Female,Asian,60,25-60,166453.83,720,254191,Full-time,Bachelor's,Citizen,Fluent,No,No,Urban Professional,Approved
5030,9382,Female,White,58,25-60,118185.18,765,401403,Self-employed,Some College,Citizen,Fluent,No,No,Urban Professional,Approved
5031,2460,Female,White,62,Over 60,43843.74,719,197771,Full-time,Bachelor's,Citizen,Fluent,No,No,Rural,Approved
5032,5731,Female,Black,52,25-60,77973.24,641,342521,Full-time,Bachelor's,Citizen,Fluent,No,No,Working Class Urban,Denied
5033,1848,Male,White,51,25-60,87181.43,714,188237,Self-employed,Bachelor's,Visa Holder,Fluent,No,No,Historically Redlined,Denied
5034,4936,Male,Black,45,25-60,132669.4,712,375512,Full-time,Bachelor's,Citizen,Fluent,No,No,High-income Suburban,Approved
5035,6638,Female,White,71,Over 60,32206.94,671,272015,Full-time,High School,Citizen,Fluent,No,No,Rural,Denied
5036,5949,Female,White,73,Over 60,65797.34,706,367905,Full-time,Bachelor's,Citizen,Fluent,Yes,No,Rural,Approved
5037,6136,Male,White,58,25-60,166412.42,691,366537,Part-time,Graduate,Citizen,Limited,No,No,Urban Professional,Approved
5038,1638,Female,White,30,25-60,47017.84,691,399837,Full-time,Some College,Citizen,Fluent,No,No,Rural,Approved
5039,7531,Female,Black,72,Over 60,114987.1,824,79471,Full-time,Some College,Citizen,Fluent,No,No,Urban Professional,Approved
5040,9248,Male,White,75,Over 60,347050.86,772,384775,Full-time,Graduate,Citizen,Fluent,No,No,High-income Suburban,Approved
5041,4215,Male,Black,38,25-60,25567.86,568,131973,Full-time,High School,Citizen,Fluent,No,No,Rural,Denied
5042,5166,Male,White,46,25-60,67214.72,682,170043,Full-time,Some College,Citizen,Fluent,No,No,Historically Redlined,Approved
5043,7049,Female,Black,68,Over 60,85486.56,742,415415,Full-time,High School,Permanent Resident,Fluent,No,No,Urban Professional,Approved
5044,8884,Male,White,52,25-60,75066.96,603,58099,Self-employed,High School,Citizen,Fluent,No,Yes,Urban Professional,Denied
5045,5573,Female,White,19,Under 25,93795.33,674,52319,Full-time,Graduate,Citizen,Fluent,No,No,Working Class Urban,Approved
5046,8959,Female,White,28,25-60,39820.47,666,407190,Full-time,Some College,Citizen,Fluent,No,No,Rural,Denied
5047,4054,Female,Black,33,25-60,82684.62,748,394157,Full-time,High School,Citizen,Fluent,Yes,No,Urban Professional,Approved
5048,5025,Female,White,81,Over 60,110847.89,768,332984,Full-time,Some College,Citizen,Fluent,No,No,High-income Suburban,Approved
5049,5970,Male,White,68,Over 60,74679.41,690,338097,Self-employed,Some College,Citizen,Limited,No,No,Urban Professional,Approved
5050,6218,Female,White,26,25-60,95990.92,734,354305,Full-time,High School,Citizen,Fluent,No,No,Urban Professional,Approved
5051,6366,Female,Hispanic,72,Over 60,44590.37,721,436724,Full-time,High School,Citizen,Fluent,No,No,Working Class Urban,Denied
5052,2547,Female,Black,22,Under 25,51572.09,616,227245,Full-time,High School,Citizen,Fluent,No,No,Historically Redlined,Approved
5053,5461,Female,Asian,76,Over 60,138243.12,748,272191,Full-time,Some College,Citizen,Fluent,No,No,High-income Suburban,Approved
5054,7669,Female,Native American,31,25-60,128077.43,822,106818,Gig,High School,Citizen,Fluent,No,No,High-income Suburban,Approved
5055,5557,Female,White,26,25-60,73802.49,701,314963,Self-employed,Bachelor's,Citizen,Fluent,No,No,Historically Redlined,Approved
5056,5749,Female,White,52,25-60,37158.91,645,417937,Full-time,Some College,Citizen,Limited,Yes,No,Working Class Urban,Denied
5057,8887,Male,White,64,Over 60,40358.23,693,430766,Full-time,High School,Citizen,Fluent,No,No,Historically Redlined,Approved
5058,3825,Male,White,33,25-60,71461.84,669,165321,Full-time,Some College,Citizen,Fluent,No,No,Working Class Urban,Denied
5059,5141,Male,White,34,25-60,67795.11,691,216444,Full-time,Bachelor's,Citizen,Fluent,No,No,Rural,Approved
5060,1301,Male,Hispanic,42,25-60,108946.7,695,66357,Full-time,Graduate,Citizen,Fluent,No,No,Working Class Urban,Approved
5061,1913,Female,Native American,43,25-60,92943.57,751,194281,Full-time,Bachelor's,Citizen,Fluent,No,No,Working Class Urban,Approved
5062,8594,Female,White,44,25-60,35516.66,642,200342,Part-time,High School,Visa Holder,Fluent,No,No,Rural,Denied
5063,9218,Male,White,66,Over 60,81138.59,770,360416,Part-time,High School,Visa Holder,Fluent,No,No,Urban Professional,Approved
5064,3062,Female,White,35,25-60,59782.47,693,250911,Full-time,Bachelor's,Citizen,Limited,No,No,Working Class Urban,Approved
5065,2453,Male,Hispanic,81,Over 60,94981.28,801,339841,Unemployed,Bachelor's,Citizen,Fluent,No,No,Working Class Urban,Approved
5066,30,Male,Black,73,Over 60,120332.27,735,163136,Full-time,Bachelor's,Citizen,Limited,No,No,Urban Professional,Approved
5067,2315,Female,Black,80,Over 60,71787.95,673,92829,Full-time,Bachelor's,Citizen,Fluent,No,Yes,Working Class Urban,Approved
5068,8779,Female,White,51,25-60,119441.34,742,150004,Part-time,Bachelor's,Visa Holder,Limited,No,No,Urban Professional,Approved
5069,8147,Male,Black,40,25-60,77935.5,651,291929,Full-time,Some College,Citizen,Fluent,No,Yes,High-income Suburban,Denied
5070,7070,Male,Hispanic,30,25-60,45810.65,596,327046,Full-time,High School,Citizen,Fluent,No,No,Working Class Urban,Denied
5071,6852,Male,Black,78,Over 60,194122.04,794,347404,Full-time,Bachelor's,Citizen,Fluent,Yes,No,Urban Professional,Approved
5072,355,Female,Hispanic,31,25-60,50277.54,678,358737,Full-time,Some College,Permanent Resident,Fluent,No,No,Rural,Approved
5073,7906,Male,White,32,25-60,184869.5,660,145281,Self-employed,Bachelor's,Citizen,Fluent,No,No,Urban Professional,Denied
5074,4262,Male,White,23,Under 25,107847.55,669,54957,Part-time,High School,Citizen,Fluent,No,No,Urban Professional,Approved
5075,6506,Female,Black,31,25-60,134065.95,718,304110,Full-time,High School,Citizen,Fluent,No,No,High-income Suburban,Approved
5076,7378,Female,White,46,25-60,218627.2,682,79906,Unemployed,Bachelor's,Visa Holder,Fluent,Yes,No,High-income Suburban,Approved
5077,7169,Male,Hispanic,74,Over 60,66110.62,730,78967,Self-employed,Graduate,Citizen,Fluent,No,No,Rural,Denied
5078,7343,Female,White,78,Over 60,118892.47,788,188399,Full-time,Some College,Citizen,Fluent,No,No,Urban Professional,Approved
5079,8533,Male,Black,52,25-60,38210.79,658,278650,Part-time,High School,Citizen,Fluent,No,No,Working Class Urban,Denied
5080,5631,Male,White,59,25-60,102713.49,684,162300,Full-time,Graduate,Citizen,Fluent,No,No,Working Class Urban,Approved
5081,4772,Female,White,79,Over 60,140785.23,789,236075,Full-time,Graduate,Citizen,Fluent,No,No,Urban Professional,Approved
5082,8889,Female,White,18,Under 25,77328.7,551,108098,Part-time,Bachelor's,Permanent Resident,Fluent,Yes,No,Rural,Denied
5083,5415,Male,White,51,25-60,70194.34,670,221364,Full-time,Bachelor's,Citizen,Fluent,No,No,Working Class Urban,Approved
5084,3891,Female,White,40,25-60,35802.89,663,192795,Full-time,High School,Citizen,Fluent,No,No,Historically Redlined,Denied
5085,3837,Male,Hispanic,56,25-60,111879.52,677,301939,Full-time,High School,Citizen,Fluent,No,No,High-income Suburban,Approved
5086,180,Male,Black,62,Over 60,32977.71,571,264177,Full-time,Some College,Citizen,Fluent,No,Yes,Working Class Urban,Denied
5087,7859,Male,Black,76,Over 60,53400.46,756,401418,Part-time,High School,Citizen,Fluent,No,No,Working Class Urban,Approved
5088,1825,Male,White,62,Over 60,41922.2,805,363111,Full-time,Bachelor's,Permanent Resident,Limited,No,No,Historically Redlined,Approved
5089,6266,Female,White,46,25-60,207004.54,724,172821,Part-time,Bachelor's,Citizen,Fluent,No,No,Urban Professional,Approved
5090,1720,Male,White,25,25-60,85863.04,746,58002,Full-time,Bachelor's,Citizen,Fluent,No,No,Working Class Urban,Approved
5091,7532,Male,Hispanic,69,Over 60,76144.4,779,434438,Full-time,Bachelor's,Citizen,Fluent,No,No,Working Class Urban,Approved
5092,7942,Female,White,47,25-60,54633.66,657,226772,Full-time,Some College,Citizen,Fluent,No,No,Working Class Urban,Denied
5093,9191,Female,White,40,25-60,67777.74,651,216010,Full-time,Bachelor's,Citizen,Fluent,No,No,Working Class Urban,Approved
5094,5868,Male,Asian,39,25-60,135633.69,738,141724,Gig,Graduate,Citizen,Fluent,No,No,Historically Redlined,Approved
5095,8992,Female,Hispanic,82,Over 60,60112.02,693,152942,Part-time,Bachelor's,Citizen,Limited,No,No,Working Class Urban,Approved
5096,1629,Female,White,58,25-60,190066.59,708,233680,Full-time,Bachelor's,Citizen,Fluent,No,No,Urban Professional,Approved
5097,66,Male,Multiracial,26,25-60,153004.95,731,200822,Full-time,Bachelor's,Citizen,Fluent,No,No,Urban Professional,Approved
5098,2168,Male,White,41,25-60,115082.65,737,143786,Full-time,Graduate,Citizen,Fluent,No,No,Working Class Urban,Approved
5099,2175,Female,Black,41,25-60,94213.29,701,191963,Full-time,Some College,Citizen,Fluent,No,No,High-income Suburban,Approved
5100,5151,Male,Asian,32,25-60,90245.25,713,130479,Full-time,Bachelor's,Citizen,Fluent,No,No,Working Class Urban,Approved
5101,8517,Female,White,76,Over 60,80833.7,821,82364,Gig,High School,Citizen,Limited,Yes,No,High-income Suburban,Approved
5102,2157,Female,White,21,Under 25,89536.51,687,356793,Self-employed,Bachelor's,Citizen,Fluent,No,No,Working Class Urban,Approved
5103,5374,Male,White,27,25-60,117742.64,707,309257,Part-time,Some College,Citizen,Fluent,No,No,Urban Professional,Approved
5104,986,Female,White,66,Over 60,39825.29,722,261053,Part-time,Some College,Citizen,Fluent,No,No,Rural,Approved
5105,1128,Male,White,69,Over 60,43832.95,720,392626,Self-employed,Some College,Citizen,Fluent,No,No,Historically Redlined,Approved
5106,3334,Male,White,82,Over 60,159806.38,807,142430,Full-time,Some College,Citizen,Fluent,No,No,High-income Suburban,Approved
5107,4512,Male,Hispanic,36,25-60,51951.85,704,185073,Full-time,Some College,Citizen,Limited,No,No,High-income Suburban,Denied
5108,2255,Male,Black,26,25-60,197828.23,690,283657,Full-time,Bachelor's,Citizen,Fluent,No,No,High-income Suburban,Approved
5109,951,Female,White,22,Under 25,101257.58,658,319556,Full-time,Graduate,Citizen,Fluent,No,No,Historically Redlined,Denied
5110,8192,Female,White,79,Over 60,48990.62,722,404203,Full-time,Some College,Citizen,Fluent,No,No,Working Class Urban,Approved
5111,390,Male,White,74,Over 60,103962.03,746,321048,Full-time,High School,Citizen,Fluent,No,No,High-income Suburban,Approved
5112,6480,Male,White,43,25-60,25421.22,572,199311,Full-time,High School,Citizen,Fluent,No,No,Rural,Denied
5113,9440,Female,White,70,Over 60,43888.48,756,337200,Full-time,High School,Citizen,Fluent,No,No,Historically Redlined,Approved
5114,9289,Female,White,32,25-60,217526.29,654,140759,Full-time,Bachelor's,Citizen,Fluent,No,No,Urban Professional,Denied
5115,9765,Female,White,76,Over 60,79814.95,735,99881,Full-time,Bachelor's,Citizen,Fluent,No,No,Historically Redlined,Approved
5116,5723,Male,White,68,Over 60,50076.99,712,235731,Part-time,High School,Citizen,Fluent,No,No,Working Class Urban,Approved
5117,4099,Male,Black,45,25-60,44592.04,637,279352,Full-time,Some College,Visa Holder,Fluent,No,Yes,Working Class Urban,Denied
5118,2805,Female,White,61,Over 60,105835.86,826,205486,Full-time,Some College,Citizen,Limited,No,No,Urban Professional,Approved
5119,8315,Male,White,71,Over 60,86889.2,784,315362,Full-time,Some College,Citizen,Fluent,No,No,Urban Professional,Approved
5120,6878,Male,White,24,Under 25,248181.71,598,404844,Full-time,Graduate,Citizen,Fluent,No,No,High-income Suburban,Denied
5121,6373,Female,Hispanic,42,25-60,297765.43,749,229337,Full-time,Graduate,Citizen,Fluent,No,No,Urban Professional,Approved
5122,5766,Male,White,56,25-60,95490.86,759,277071,Full-time,Graduate,Visa Holder,Fluent,Yes,No,Working Class Urban,Approved
5123,797,Female,White,39,25-60,59895.43,699,394985,Full-time,High School,Citizen,Fluent,No,No,Working Class Urban,Approved
5124,2958,Female,Hispanic,53,25-60,124714.7,730,345643,Full-time,Graduate,Citizen,Fluent,No,No,Working Class Urban,Approved
5125,7420,Male,Multiracial,75,Over 60,106098.93,783,293849,Full-time,Bachelor's,Permanent Resident,Fluent,No,No,Working Class Urban,Approved
5126,7688,Male,White,62,Over 60,101625.04,762,370928,Self-employed,Bachelor's,Citizen,Fluent,Yes,No,Working Class Urban,Approved
5127,9239,Male,Black,69,Over 60,82679.27,811,133925,Full-time,Bachelor's,Citizen,Fluent,No,No,Historically Redlined,Approved
5128,1416,Male,White,43,25-60,161740.97,695,369839,Part-time,Graduate,Citizen,Fluent,No,No,Working Class Urban,Approved
5129,2517,Male,White,76,Over 60,126460.42,763,350799,Full-time,Graduate,Permanent Resident,Fluent,No,No,Working Class Urban,Approved
5130,2761,Female,White,67,Over 60,218108.85,806,438232,Full-time,Bachelor's,Citizen,Fluent,No,No,High-income Suburban,Approved
5131,8591,Male,Black,65,Over 60,89212.95,706,189315,Part-time,Some College,Citizen,Fluent,Yes,Yes,Urban Professional,Denied
5132,4900,Male,White,45,25-60,50142.69,740,194316,Full-time,Some College,Citizen,Fluent,No,No,Working Class Urban,Approved
5133,8039,Female,Black,55,25-60,39660.69,669,244086,Full-time,Some College,Citizen,Fluent,No,No,Rural,Approved
5134,9790,Male,Black,55,25-60,45205.37,663,222020,Self-employed,High School,Citizen,Fluent,No,No,Working Class Urban,Denied
5135,2632,Male,White,27,25-60,29652.32,602,122544,Full-time,High School,Citizen,Fluent,No,No,Rural,Denied
5136,3071,Male,White,66,Over 60,43360.51,745,397452,Full-time,Some College,Permanent Resident,Fluent,No,No,Working Class Urban,Denied
5137,3044,Male,Black,67,Over 60,44365.72,732,260478,Full-time,High School,Permanent Resident,Fluent,No,No,Working Class Urban,Approved
5138,5875,Male,Black,51,25-60,113441.05,709,386188,Full-time,Graduate,Citizen,Fluent,No,No,Rural,Approved
5139,8837,Female,White,43,25-60,106444.7,719,324359,Full-time,Graduate,Citizen,Fluent,No,No,Working Class Urban,Approved
5140,5521,Male,White,65,Over 60,138439.7,751,322886,Full-time,Some College,Permanent Resident,Fluent,No,No,Urban Professional,Approved
5141,9834,Male,White,20,Under 25,159694.02,634,357370,Full-time,Bachelor's,Citizen,Fluent,No,No,High-income Suburban,Approved
5142,2149,Female,White,26,25-60,95691.71,699,90230,Full-time,Bachelor's,Citizen,Fluent,No,No,Working Class Urban,Denied
5143,7623,Female,White,59,25-60,38489.81,670,293441,Full-time,High School,Citizen,Fluent,No,No,Historically Redlined,Approved
5144,6169,Male,Multiracial,76,Over 60,50704.06,767,218116,Part-time,High School,Citizen,Fluent,No,No,Rural,Approved
5145,8053,Female,Black,64,Over 60,119347.25,754,352777,Self-employed,Some College,Citizen,Fluent,No,No,Urban Professional,Approved
5146,4539,Male,Black,41,25-60,105974.86,686,229564,Full-time,Graduate,Citizen,Fluent,Yes,No,Rural,Approved
5147,8057,Female,White,71,Over 60,51604.78,729,109176,Full-time,High School,Permanent Resident,Fluent,No,No,Working Class Urban,Approved
5148,1307,Female,White,75,Over 60,28766.94,598,393371,Full-time,Some College,Citizen,Fluent,Yes,Yes,Working Class Urban,Denied
5149,5667,Male,Black,49,25-60,136701.75,762,128882,Full-time,Some College,Citizen,Fluent,No,No,Urban Professional,Approved
5150,461,Female,White,57,25-60,146587.93,703,198180,Full-time,Bachelor's,Citizen,Fluent,No,No,Urban Professional,Approved
5151,7162,Female,White,82,Over 60,98182.4,795,327789,Full-time,High School,Citizen,Fluent,No,No,Urban Professional,Approved
5152,1250,Female,White,38,25-60,104284.23,696,124500,Full-time,Some College,Citizen,Fluent,No,No,Urban Professional,Approved
5153,7153,Female,White,40,25-60,110661.21,789,125223,Full-time,High School,Citizen,Fluent,No,No,High-income Suburban,Approved
5154,9443,Female,Hispanic,26,25-60,48873.58,640,153358,Full-time,Some College,Citizen,Fluent,Yes,No,Rural,Approved
5155,2742,Female,Hispanic,50,25-60,82914.77,690,210106,Part-time,Some College,Citizen,Limited,No,No,Urban Professional,Approved
5156,2331,Male,Hispanic,69,Over 60,45061.78,739,431570,Gig,Some College,Citizen,Fluent,No,No,Rural,Approved
5157,8059,Female,White,70,Over 60,47883.34,725,206085,Full-time,Some College,Citizen,Fluent,No,No,Working Class Urban,Approved
5158,9087,Male,Hispanic,77,Over 60,142591.54,778,361706,Part-time,Some College,Permanent Resident,Fluent,No,No,High-income Suburban,Approved
5159,1696,Female,Hispanic,40,25-60,90953.49,718,253399,Full-time,High School,Citizen,Fluent,No,No,Urban Professional,Approved
5160,8276,Female,White,76,Over 60,41145.49,712,184666,Full-time,Some College,Citizen,Limited,No,No,Rural,Approved
5161,6736,Male,Asian,24,Under 25,128314.07,673,63761,Full-time,Graduate,Citizen,Fluent,No,No,Working Class Urban,Approved
5162,7375,Female,White,55,25-60,62212.44,688,163219,Self-employed,Bachelor's,Citizen,Fluent,No,No,Rural,Approved
5163,8347,Male,White,68,Over 60,29968.69,651,415510,Full-time,High School,Permanent Resident,Limited,No,No,Working Class Urban,Denied
5164,5624,Male,Hispanic,44,25-60,38031.8,665,66516,Full-time,High School,Citizen,Fluent,No,No,Rural,Approved
5165,3865,Male,White,66,Over 60,86760.85,815,360135,Part-time,High School,Citizen,Fluent,No,No,Urban Professional,Approved
5166,6713,Female,White,71,Over 60,39582.58,726,330468,Full-time,Some College,Citizen,Fluent,No,No,Rural,Approved
5167,3230,Female,White,56,25-60,165806.4,781,370170,Full-time,Some College,Citizen,Fluent,Yes,No,High-income Suburban,Approved
5168,6417,Male,White,72,Over 60,122487.95,786,53470,Full-time,Graduate,Permanent Resident,Fluent,No,No,Working Class Urban,Approved
5169,2602,Male,White,63,Over 60,242076.97,793,309896,Full-time,Graduate,Citizen,Fluent,No,No,High-income Suburban,Approved
5170,2592,Female,Native American,22,Under 25,39248.35,643,441517,Part-time,Some College,Visa Holder,Fluent,No,No,Historically Redlined,Denied
5171,3980,Male,White,44,25-60,52041.63,689,106764,Full-time,High School,Permanent Resident,Fluent,No,Yes,Urban Professional,Denied
5172,729,Female,White,61,Over 60,45179.02,722,245835,Full-time,High School,Citizen,Fluent,No,No,Working Class Urban,Denied
5173,5959,Male,Hispanic,39,25-60,40160.97,669,321478,Full-time,Some College,Citizen,Limited,No,No,Working Class Urban,Denied
5174,9788,Female,White,65,Over 60,21771.49,602,299481,Full-time,High School,Citizen,Limited,No,No,Working Class Urban,Denied
5175,2004,Male,White,21,Under 25,78221.15,527,305477,Full-time,Graduate,Citizen,Fluent,No,No,Working Class Urban,Denied
5176,3914,Female,White,69,Over 60,254388.65,797,103751,Full-time,Graduate,Citizen,Fluent,No,No,Urban Professional,Approved
5177,484,Male,White,70,Over 60,122947.64,778,398986,Full-time,Some College,Citizen,Fluent,Yes,No,Urban Professional,Approved
5178,2679,Female,Black,54,25-60,90630.52,709,279342,Full-time,High School,Citizen,Fluent,No,No,High-income Suburban,Approved
5179,9990,Female,White,36,25-60,91537.66,671,409385,Full-time,Some College,Citizen,Fluent,No,Yes,High-income Suburban,Denied
5180,5211,Male,White,25,25-60,81717.41,720,80051,Full-time,Bachelor's,Citizen,Fluent,No,No,Working Class Urban,Approved
5181,753,Female,Black,79,Over 60,66482.23,678,399858,Full-time,High School,Citizen,Fluent,No,No,Urban Professional,Denied
5182,6641,Female,White,51,25-60,91178.34,746,414254,Full-time,Graduate,Citizen,Fluent,No,No,Rural,Approved
5183,3663,Male,Black,27,25-60,70833.84,681,100585,Full-time,High School,Citizen,Fluent,No,No,Urban Professional,Approved
5184,616,Female,Native American,66,Over 60,40297.4,724,249498,Full-time,High School,Citizen,Fluent,No,No,Working Class Urban,Denied
5185,1333,Female,Hispanic,81,Over 60,42655.37,739,52233,Part-time,High School,Citizen,Fluent,No,No,Rural,Approved
5186,1445,Female,Hispanic,67,Over 60,225703.73,745,224118,Full-time,Bachelor's,Citizen,Fluent,No,No,High-income Suburban,Approved
5187,3236,Female,Asian,43,25-60,80708.8,710,426382,Full-time,High School,Citizen,Fluent,No,No,High-income Suburban,Approved
5188,7180,Male,White,48,25-60,148591.09,733,289966,Full-time,Some College,Citizen,Fluent,Yes,No,High-income Suburban,Approved
5189,5817,Male,Hispanic,43,25-60,22441.09,550,121498,Full-time,High School,Citizen,Fluent,No,Yes,Working Class Urban,Denied
5190,5722,Male,White,46,25-60,177562.31,713,371538,Full-time,Bachelor's,Citizen,Fluent,No,No,Urban Professional,Approved
5191,2978,Female,White,18,Under 25,87561.01,619,409192,Full-time,High School,Citizen,Fluent,Yes,No,Urban Professional,Denied
5192,3171,Male,White,24,Under 25,34905.32,552,81899,Full-time,High School,Citizen,Fluent,Yes,No,Working Class Urban,Denied
5193,5536,Male,White,36,25-60,152767.72,761,107957,Full-time,Bachelor's,Citizen,Fluent,No,No,High-income Suburban,Approved
5194,5904,Male,White,49,25-60,157591.81,714,98004,Full-time,Bachelor's,Citizen,Fluent,No,No,Urban Professional,Approved
5195,5382,Female,White,40,25-60,42614.98,648,353709,Part-time,Some College,Citizen,Fluent,No,No,Rural,Denied
5196,1268,Male,Black,65,Over 60,63219.3,672,237568,Self-employed,High School,Citizen,Fluent,No,Yes,Urban Professional,Denied
5197,8663,Female,White,55,25-60,108902.53,688,449051,Part-time,Some College,Citizen,Fluent,No,No,Urban Professional,Approved
5198,3360,Non-binary,Hispanic,43,25-60,57679.2,738,200835,Full-time,High School,Citizen,Fluent,No,No,Working Class Urban,Approved
5199,3697,Female,White,45,25-60,58427.74,649,71978,Full-time,Some College,Citizen,Fluent,No,No,Working Class Urban,Approved
5200,6839,Male,White,52,25-60,52130.66,682,87890,Full-time,Some College,Citizen,Fluent,No,No,Working Class Urban,Denied
5201,3324,Male,White,25,25-60,98595.75,735,299453,Full-time,High School,Citizen,Fluent,No,No,Urban Professional,Approved
5202,124,Female,Hispanic,47,25-60,258815.42,718,104183,Self-employed,Graduate,Citizen,Fluent,No,No,Urban Professional,Approved
5203,912,Male,White,54,25-60,183948.62,725,376082,Full-time,Bachelor's,Citizen,Fluent,No,No,High-income Suburban,Approved
5204,7673,Female,Hispanic,48,25-60,52937.82,668,187027,Full-time,Some College,Citizen,Fluent,No,No,Working Class Urban,Denied
5205,926,Female,White,69,Over 60,44536.4,679,327418,Full-time,High School,Citizen,Fluent,Yes,No,Working Class Urban,Approved
5206,2189,Male,White,43,25-60,119589.11,680,97088,Full-time,Graduate,Citizen,Fluent,No,No,Rural,Approved
5207,6633,Female,Black,37,25-60,149478.03,780,263948,Full-time,Bachelor's,Citizen,Fluent,No,No,High-income Suburban,Approved
5208,9466,Female,White,55,25-60,49458.18,627,101199,Self-employed,Some College,Visa Holder,Fluent,No,No,Rural,Denied
5209,4105,Female,White,53,25-60,190072.81,724,59577,Part-time,Bachelor's,Citizen,Fluent,No,No,High-income Suburban,Approved
5210,9336,Female,White,18,Under 25,49054.56,569,229801,Full-time,Some College,Citizen,Fluent,No,No,Historically Redlined,Denied
5211,6924,Female,Black,40,25-60,42049.36,708,103055,Full-time,High School,Permanent Resident,Fluent,No,No,Working Class Urban,Denied
5212,6821,Female,White,40,25-60,127137.76,687,394502,Full-time,Graduate,Citizen,Fluent,Yes,Yes,Urban Professional,Approved
5213,8777,Male,White,43,25-60,211404.0,695,391530,Self-employed,Bachelor's,Citizen,Fluent,No,No,Urban Professional,Approved
5214,1336,Female,White,48,25-60,132751.22,711,324987,Full-time,High School,Permanent Resident,Fluent,Yes,No,High-income Suburban,Approved
5215,9281,Female,White,35,25-60,85571.62,711,286097,Full-time,High School,Citizen,Fluent,No,No,Urban Professional,Approved
5216,5096,Female,Black,51,25-60,145243.06,743,155645,Full-time,Some College,Citizen,Fluent,No,No,High-income Suburban,Approved
5217,8819,Male,Hispanic,43,25-60,155673.84,749,338418,Unemployed,Some College,Citizen,Fluent,No,No,Urban Professional,Approved
5218,691,Male,Asian,36,25-60,78903.07,665,51085,Full-time,Some College,Citizen,Limited,No,Yes,Urban Professional,Denied
5219,1444,Male,White,38,25-60,37281.1,689,324660,Full-time,Some College,Citizen,Fluent,No,No,Historically Redlined,Denied
5220,6023,Female,White,69,Over 60,95773.32,740,368943,Full-time,Graduate,Citizen,Fluent,Yes,No,Historically Redlined,Approved
5221,3280,Female,White,24,Under 25,60102.25,609,369107,Full-time,Some College,Citizen,Limited,No,No,High-income Suburban,Denied
5222,716,Female,Black,38,25-60,105784.69,697,190168,Full-time,Graduate,Citizen,Fluent,No,No,Working Class Urban,Approved
5223,6041,Male,White,27,25-60,44616.77,697,444222,Full-time,High School,Citizen,Fluent,No,No,Working Class Urban,Approved
5224,4225,Female,White,25,25-60,67760.99,671,289781,Gig,Graduate,Citizen,Limited,No,No,Historically Redlined,Approved
5225,5968,Male,White,66,Over 60,33481.94,668,340642,Gig,High School,Citizen,Fluent,No,No,Working Class Urban,Denied
5226,8245,Female,Asian,24,Under 25,185504.4,652,265863,Full-time,Graduate,Citizen,Limited,No,No,Urban Professional,Denied
5227,6090,Female,Hispanic,48,25-60,184416.59,675,289175,Gig,Bachelor's,Citizen,Fluent,No,No,Urban Professional,Approved
5228,3802,Female,Hispanic,33,25-60,114413.79,686,104984,Full-time,High School,Citizen,Fluent,Yes,No,Urban Professional,Approved
5229,6761,Female,White,78,Over 60,98319.65,714,213641,Gig,High School,Citizen,Fluent,No,No,Urban Professional,Approved
5230,3057,Male,White,78,Over 60,89429.94,681,247398,Part-time,Some College,Citizen,Fluent,No,Yes,Urban Professional,Approved
5231,1419,Male,Hispanic,45,25-60,94295.88,717,65632,Full-time,High School,Citizen,Fluent,No,No,Urban Professional,Approved
5232,1502,Male,White,60,25-60,190637.79,703,219909,Part-time,Bachelor's,Citizen,Fluent,No,No,Urban Professional,Approved
5233,7052,Male,Hispanic,39,25-60,87082.02,685,228926,Self-employed,High School,Citizen,Fluent,No,No,High-income Suburban,Approved
5234,7932,Female,White,45,25-60,108240.07,704,198213,Full-time,High School,Citizen,Fluent,Yes,No,Urban Professional,Approved
5235,2391,Female,Black,81,Over 60,116045.98,735,168582,Part-time,High School,Citizen,Fluent,Yes,No,High-income Suburban,Approved
5236,1050,Male,White,37,25-60,49736.29,622,194146,Full-time,High School,Permanent Resident,Fluent,No,No,Working Class Urban,Denied
5237,68,Female,White,22,Under 25,92765.41,599,373764,Full-time,High School,Citizen,Fluent,Yes,No,High-income Suburban,Approved
5238,1957,Male,Black,81,Over 60,77262.47,762,89959,Part-time,Bachelor's,Citizen,Fluent,No,No,Working Class Urban,Approved
5239,7938,Female,Black,35,25-60,55309.37,686,151325,Full-time,Graduate,Citizen,Limited,No,No,Historically Redlined,Approved
5240,295,Female,White,69,Over 60,48827.83,743,133512,Gig,Some College,Citizen,Fluent,No,No,Working Class Urban,Approved
5241,6473,Male,White,51,25-60,104365.38,709,236394,Full-time,Graduate,Citizen,Fluent,No,No,Working Class Urban,Approved
5242,3006,Male,Hispanic,57,25-60,32947.2,504,212518,Full-time,Bachelor's,Citizen,Limited,No,Yes,Historically Redlined,Denied
5243,2923,Female,White,67,Over 60,162803.92,781,62476,Full-time,Bachelor's,Citizen,Fluent,No,No,Urban Professional,Approved
5244,702,Male,Black,41,25-60,91182.63,731,312382,Full-time,Some College,Citizen,Limited,No,No,High-income Suburban,Approved
5245,5376,Female,White,21,Under 25,61514.17,559,103614,Gig,Bachelor's,Citizen,Fluent,No,No,Rural,Denied
5246,8605,Female,Black,41,25-60,85910.3,651,237083,Part-time,Bachelor's,Permanent Resident,Fluent,No,No,Historically Redlined,Approved
5247,9098,Female,Asian,34,25-60,78103.94,656,338472,Part-time,Bachelor's,Citizen,Fluent,No,No,Historically Redlined,Approved
5248,5196,Male,White,52,25-60,200843.96,735,133614,Full-time,Bachelor's,Citizen,Fluent,Yes,No,High-income Suburban,Approved
5249,2129,Female,White,66,Over 60,176913.66,783,75761,Gig,Some College,Citizen,Fluent,No,No,High-income Suburban,Approved
5250,7558,Female,White,47,25-60,105268.27,731,69561,Full-time,Some College,Visa Holder,Fluent,No,No,High-income Suburban,Approved
5251,8707,Male,Black,79,Over 60,87640.13,761,312588,Part-time,High School,Citizen,Fluent,No,No,High-income Suburban,Approved
5252,2378,Female,Hispanic,42,25-60,67700.26,636,232665,Full-time,Some College,Citizen,Fluent,No,No,Working Class Urban,Approved
5253,8604,Female,White,81,Over 60,142861.06,762,446255,Full-time,Bachelor's,Citizen,Limited,No,No,High-income Suburban,Approved
5254,2449,Male,White,29,25-60,41213.37,687,250545,Full-time,Some College,Citizen,Fluent,No,No,Historically Redlined,Approved
5255,4587,Female,Asian,36,25-60,67072.67,686,97977,Full-time,Bachelor's,Citizen,Limited,Yes,No,Working Class Urban,Approved
5256,451,Female,Multiracial,47,25-60,108043.45,692,201615,Full-time,Some College,Citizen,Fluent,No,No,Urban Professional,Approved
5257,2428,Female,White,34,25-60,132279.48,719,237065,Full-time,Graduate,Citizen,Fluent,No,No,Working Class Urban,Approved
5258,191,Female,White,77,Over 60,54560.33,747,385257,Full-time,High School,Citizen,Fluent,No,No,High-income Suburban,Approved
5259,1964,Female,White,78,Over 60,146602.62,769,448717,Self-employed,Graduate,Citizen,Fluent,No,No,Working Class Urban,Approved
5260,4440,Male,White,20,Under 25,73042.45,637,324121,Full-time,High School,Citizen,Fluent,No,No,Urban Professional,Approved
5261,7685,Female,Black,37,25-60,96678.3,766,195230,Self-employed,Bachelor's,Citizen,Fluent,No,No,Urban Professional,Approved
5262,9117,Female,Hispanic,26,25-60,63554.19,641,353657,Full-time,High School,Permanent Resident,Fluent,No,Yes,High-income Suburban,Denied
5263,1186,Female,White,73,Over 60,166809.6,757,316723,Full-time,Some College,Citizen,Fluent,No,No,High-income Suburban,Approved
5264,7956,Male,Asian,56,25-60,62772.63,711,102362,Full-time,Bachelor's,Citizen,Fluent,No,No,Rural,Approved
5265,8453,Male,Asian,39,25-60,63776.42,651,292367,Full-time,Bachelor's,Citizen,Fluent,No,No,Historically Redlined,Denied
5266,7824,Female,White,40,25-60,60502.23,677,398112,Full-time,Bachelor's,Citizen,Fluent,No,No,Rural,Approved
5267,6873,Male,White,21,Under 25,161634.28,683,105353,Full-time,Graduate,Citizen,Fluent,No,No,Urban Professional,Approved
5268,1387,Female,White,55,25-60,83803.16,731,148622,Full-time,Graduate,Citizen,Fluent,No,No,Rural,Approved
5269,5140,Male,White,73,Over 60,75626.35,767,123293,Full-time,Some College,Citizen,Fluent,No,No,Working Class Urban,Approved
5270,5378,Male,White,77,Over 60,39062.73,791,106243,Part-time,High School,Citizen,Fluent,No,No,Rural,Approved
5271,8575,Female,Black,80,Over 60,61832.09,753,282483,Self-employed,Some College,Citizen,Fluent,No,No,Working Class Urban,Approved
5272,6907,Female,White,57,25-60,43476.58,720,394688,Full-time,Bachelor's,Citizen,Limited,No,No,Rural,Approved
5273,3206,Female,White,26,25-60,43223.48,734,102167,Part-time,High School,Citizen,Fluent,No,No,Rural,Denied
5274,3620,Male,Asian,82,Over 60,19299.73,668,203829,Full-time,Bachelor's,Permanent Resident,Limited,No,No,Historically Redlined,Denied
5275,1549,Female,White,69,Over 60,47140.79,706,339303,Full-time,Some College,Citizen,Fluent,No,No,Rural,Approved
5276,3209,Female,White,54,25-60,76515.67,674,329917,Full-time,Bachelor's,Permanent Resident,Fluent,Yes,No,Working Class Urban,Approved
5277,8449,Male,White,35,25-60,35560.71,672,282453,Gig,High School,Citizen,Limited,No,No,Working Class Urban,Approved
5278,4251,Male,White,69,Over 60,62974.21,667,197272,Full-time,Graduate,Citizen,Limited,No,Yes,Working Class Urban,Denied
5279,5180,Female,Hispanic,32,25-60,45885.25,703,211372,Self-employed,High School,Citizen,Fluent,Yes,No,Rural,Denied
5280,9360,Female,Native American,58,25-60,193716.78,713,157913,Full-time,Bachelor's,Citizen,Fluent,No,No,Urban Professional,Approved
5281,5320,Male,Hispanic,71,Over 60,133320.86,739,442146,Full-time,Some College,Citizen,Fluent,No,No,Urban Professional,Approved
5282,4869,Female,White,39,25-60,43655.63,657,147115,Full-time,High School,Citizen,Fluent,No,No,Working Class Urban,Denied
5283,6384,Male,White,26,25-60,75045.8,632,332031,Full-time,Some College,Citizen,Limited,No,No,Urban Professional,Denied
5284,1297,Female,White,51,25-60,81937.87,762,248239,Unemployed,Bachelor's,Citizen,Fluent,No,No,Historically Redlined,Approved
5285,256,Male,White,24,Under 25,95553.44,634,69130,Full-time,High School,Citizen,Fluent,No,No,High-income Suburban,Denied
5286,8410,Female,Asian,47,25-60,160510.01,712,255260,Full-time,Graduate,Citizen,Limited,No,No,High-income Suburban,Approved
5287,6610,Male,White,25,25-60,85751.89,760,65420,Full-time,High School,Citizen,Fluent,No,No,Urban Professional,Approved
5288,6052,Male,White,65,Over 60,42888.23,707,139044,Full-time,High School,Citizen,Fluent,No,No,Working Class Urban,Approved
5289,4965,Male,White,50,25-60,101528.44,670,281198,Self-employed,Graduate,Citizen,Fluent,No,No,Historically Redlined,Approved
5290,2384,Female,White,40,25-60,242118.85,743,180862,Full-time,Graduate,Citizen,Fluent,No,No,Urban Professional,Approved
5291,2377,Female,White,44,25-60,101574.93,770,236198,Full-time,Some College,Citizen,Fluent,Yes,No,High-income Suburban,Approved
5292,241,Male,White,25,25-60,91422.41,698,232682,Full-time,Some College,Citizen,Fluent,No,No,Urban Professional,Approved
5293,7962,Female,Black,33,25-60,48861.8,687,440925,Self-employed,Bachelor's,Citizen,Limited,No,No,Rural,Approved
5294,1844,Female,White,56,25-60,44724.55,707,246305,Full-time,Some College,Citizen,Fluent,No,No,Historically Redlined,Denied
5295,5220,Male,Multiracial,72,Over 60,226054.02,817,153603,Full-time,Graduate,Citizen,Fluent,No,No,Urban Professional,Approved
5296,1697,Female,White,23,Under 25,111110.94,622,420351,Gig,Some College,Citizen,Fluent,No,No,Urban Professional,Denied
5297,5485,Male,Black,41,25-60,54491.86,685,170460,Full-time,High School,Citizen,Fluent,No,No,Working Class Urban,Denied
5298,5242,Female,White,28,25-60,57526.83,706,244926,Full-time,Bachelor's,Citizen,Fluent,No,No,Historically Redlined,Approved
5299,9996,Female,White,26,25-60,63639.19,662,91178,Full-time,Bachelor's,Visa Holder,Fluent,No,No,Historically Redlined,Denied
5300,8243,Male,White,50,25-60,181386.67,681,161586,Self-employed,Some College,Citizen,Fluent,No,No,High-income Suburban,Approved
5301,8335,Female,White,36,25-60,97189.8,711,386963,Full-time,Bachelor's,Citizen,Fluent,No,No,Working Class Urban,Approved
5302,2339,Male,White,39,25-60,115430.56,754,397575,Part-time,Bachelor's,Citizen,Fluent,No,No,Urban Professional,Approved
5303,2986,Male,White,68,Over 60,54653.79,676,212460,Full-time,Some College,Citizen,Fluent,No,No,Historically Redlined,Denied
5304,8217,Female,Hispanic,39,25-60,33469.29,615,106129,Full-time,High School,Permanent Resident,Limited,No,No,Working Class Urban,Denied
5305,4480,Male,Asian,20,Under 25,101160.23,624,360727,Part-time,Some College,Citizen,Limited,No,No,High-income Suburban,Approved
5306,864,Male,White,30,25-60,33096.72,633,389363,Full-time,Some College,Citizen,Limited,No,No,Working Class Urban,Denied
5307,6830,Female,Hispanic,82,Over 60,53662.81,784,191424,Self-employed,Bachelor's,Visa Holder,Fluent,No,No,Working Class Urban,Approved
5308,422,Male,Hispanic,72,Over 60,126629.13,775,125372,Unemployed,Graduate,Citizen,Fluent,No,No,Working Class Urban,Approved
5309,1191,Female,White,82,Over 60,169873.02,750,269977,Part-time,Graduate,Citizen,Limited,No,No,High-income Suburban,Approved
5310,646,Non-binary,White,61,Over 60,18284.97,600,86373,Full-time,High School,Visa Holder,Fluent,Yes,No,Rural,Denied
5311,48,Female,White,40,25-60,180407.93,728,343159,Full-time,Bachelor's,Citizen,Fluent,No,No,Urban Professional,Approved
5312,8567,Female,Hispanic,60,25-60,52214.47,644,82847,Part-time,Some College,Permanent Resident,Fluent,No,No,Working Class Urban,Denied
5313,5469,Female,Hispanic,23,Under 25,46344.88,607,267464,Part-time,High School,Citizen,Fluent,No,No,Working Class Urban,Denied
5314,329,Male,White,57,25-60,92886.37,698,104052,Part-time,Graduate,Citizen,Fluent,No,No,Working Class Urban,Approved
5315,6253,Male,Hispanic,28,25-60,60206.99,697,257883,Part-time,Some College,Citizen,Fluent,No,No,Historically Redlined,Approved
5316,2512,Female,Black,78,Over 60,34518.64,671,87916,Full-time,Some College,Citizen,Limited,No,No,Rural,Approved
5317,8464,Male,White,79,Over 60,31065.28,682,242752,Full-time,High School,Citizen,Fluent,No,No,Historically Redlined,Denied
5318,3040,Male,White,57,25-60,66083.18,709,402996,Full-time,Bachelor's,Citizen,Fluent,No,No,Historically Redlined,Approved
5319,9205,Female,White,50,25-60,107502.46,760,410731,Gig,Graduate,Citizen,Fluent,No,No,Working Class Urban,Approved
5320,285,Male,White,27,25-60,265277.99,696,83913,Full-time,Graduate,Citizen,Fluent,No,No,Urban Professional,Approved
5321,4006,Male,Hispanic,59,25-60,120768.14,763,194861,Full-time,Graduate,Citizen,Fluent,No,No,Working Class Urban,Approved
5322,7775,Non-binary,White,22,Under 25,122358.61,665,231417,Gig,Some College,Permanent Resident,Fluent,No,No,Urban Professional,Denied
5323,7061,Male,White,24,Under 25,34871.83,547,175804,Full-time,High School,Citizen,Fluent,No,No,Rural,Denied
5324,779,Male,White,64,Over 60,26821.03,622,131725,Full-time,High School,Citizen,Limited,No,No,Rural,Denied
5325,3869,Female,White,47,25-60,59236.89,677,151514,Full-time,Bachelor's,Citizen,Fluent,No,No,Rural,Approved
5326,8037,Female,White,43,25-60,81966.82,698,341843,Part-time,High School,Permanent Resident,Fluent,No,No,Urban Professional,Denied
5327,468,Female,White,56,25-60,71605.68,680,403418,Full-time,High School,Citizen,Limited,No,No,High-income Suburban,Approved
5328,785,Female,White,58,25-60,60834.81,671,445408,Self-employed,Some College,Citizen,Fluent,No,No,Working Class Urban,Denied
5329,2948,Male,White,79,Over 60,261832.83,794,415309,Full-time,Graduate,Citizen,Fluent,No,No,Urban Professional,Approved
5330,2382,Male,Asian,77,Over 60,106110.63,781,55845,Gig,High School,Citizen,Fluent,No,No,Urban Professional,Approved
5331,6654,Female,White,61,Over 60,110232.28,754,331286,Full-time,High School,Citizen,Fluent,No,No,High-income Suburban,Approved
5332,5888,Female,Asian,43,25-60,243236.79,710,399187,Full-time,Graduate,Citizen,Fluent,No,No,High-income Suburban,Approved
5333,5652,Male,Hispanic,28,25-60,27614.98,623,434266,Gig,High School,Citizen,Fluent,No,No,Historically Redlined,Denied
5334,2309,Female,Hispanic,49,25-60,44955.34,616,85990,Full-time,Some College,Citizen,Fluent,No,No,Historically Redlined,Denied
5335,6039,Male,White,73,Over 60,104937.82,821,358086,Gig,High School,Citizen,Fluent,No,No,High-income Suburban,Approved
5336,6947,Male,Black,69,Over 60,16010.18,628,301817,Full-time,High School,Citizen,Fluent,No,Yes,Historically Redlined,Denied
5337,4573,Female,Hispanic,30,25-60,66435.33,626,131131,Full-time,High School,Permanent Resident,Fluent,No,No,Working Class Urban,Denied
5338,857,Female,White,57,25-60,90397.35,755,369868,Self-employed,Bachelor's,Citizen,Fluent,No,No,Working Class Urban,Approved
5339,4288,Female,White,62,Over 60,45949.99,706,320605,Gig,Some College,Citizen,Fluent,Yes,No,Working Class Urban,Approved
5340,9660,Male,White,54,25-60,103785.08,764,434924,Full-time,Graduate,Citizen,Fluent,No,No,Rural,Approved
5341,8461,Male,Asian,76,Over 60,156817.51,712,312923,Full-time,Bachelor's,Citizen,Fluent,No,No,High-income Suburban,Approved
5342,7365,Female,Asian,19,Under 25,117323.66,621,120191,Full-time,Graduate,Citizen,Fluent,No,No,Rural,Approved
5343,5976,Female,White,42,25-60,89468.05,651,156882,Part-time,Some College,Citizen,Fluent,No,Yes,Urban Professional,Approved
5344,3322,Female,White,25,25-60,115933.66,712,254343,Full-time,High School,Citizen,Fluent,No,No,High-income Suburban,Approved
5345,3010,Male,White,51,25-60,81310.21,690,199842,Full-time,Graduate,Permanent Resident,Fluent,No,No,Rural,Denied
5346,8490,Female,White,64,Over 60,85156.44,747,294951,Unemployed,Some College,Citizen,Fluent,No,No,Urban Professional,Approved
5347,5366,Female,White,64,Over 60,56470.9,754,100910,Part-time,High School,Citizen,Fluent,No,Yes,Urban Professional,Denied
5348,9942,Male,White,78,Over 60,50956.09,731,293194,Full-time,Graduate,Citizen,Limited,Yes,No,Historically Redlined,Denied
5349,9042,Male,White,72,Over 60,68764.4,721,156135,Gig,Some College,Citizen,Fluent,No,No,Working Class Urban,Approved
5350,5650,Male,Black,21,Under 25,27299.19,450,262703,Part-time,High School,Citizen,Fluent,No,Yes,Working Class Urban,Denied
5351,9532,Male,White,59,25-60,30237.26,568,400284,Part-time,High School,Citizen,Limited,No,No,Working Class Urban,Denied
5352,1921,Female,Asian,27,25-60,316189.27,697,301363,Full-time,Graduate,Citizen,Fluent,No,No,High-income Suburban,Approved
5353,3819,Female,White,44,25-60,112190.31,752,372696,Full-time,High School,Citizen,Fluent,No,No,High-income Suburban,Approved
5354,5729,Female,Multiracial,28,25-60,122258.01,739,168894,Full-time,Some College,Citizen,Fluent,No,No,High-income Suburban,Approved
5355,5027,Female,White,32,25-60,100440.35,730,371704,Gig,High School,Citizen,Fluent,No,No,High-income Suburban,Approved
5356,5380,Female,Hispanic,68,Over 60,300643.09,800,246650,Self-employed,Graduate,Citizen,Fluent,No,No,High-income Suburban,Approved
5357,7707,Female,White,21,Under 25,144437.23,655,321692,Self-employed,Graduate,Citizen,Fluent,No,No,Working Class Urban,Approved
5358,1212,Female,Hispanic,21,Under 25,172503.03,713,312930,Full-time,Some College,Citizen,Fluent,No,No,High-income Suburban,Approved
5359,417,Male,White,79,Over 60,114864.55,734,339704,Part-time,Graduate,Citizen,Fluent,No,No,Working Class Urban,Approved
5360,1582,Male,White,67,Over 60,42196.1,742,412829,Full-time,High School,Citizen,Fluent,Yes,No,Rural,Approved
5361,5869,Male,White,51,25-60,43569.05,661,125381,Full-time,Bachelor's,Citizen,Limited,No,No,Rural,Denied
5362,5805,Female,White,63,Over 60,113525.54,790,441959,Full-time,Graduate,Citizen,Limited,No,No,High-income Suburban,Approved
5363,4530,Female,White,51,25-60,41326.06,636,307078,Self-employed,Some College,Citizen,Fluent,No,No,Rural,Denied
5364,6094,Male,Hispanic,66,Over 60,59368.28,664,376836,Full-time,High School,Citizen,Fluent,No,Yes,Urban Professional,Denied
5365,448,Female,White,33,25-60,160020.66,717,208718,Full-time,Some College,Citizen,Fluent,No,No,High-income Suburban,Approved
5366,181,Male,White,33,25-60,117624.1,730,104640,Self-employed,Some College,Citizen,Fluent,No,No,Urban Professional,Approved
5367,9971,Male,White,41,25-60,85882.94,750,251616,Full-time,High School,Citizen,Fluent,No,No,Urban Professional,Approved
5368,3411,Female,White,76,Over 60,302018.56,793,96385,Full-time,Graduate,Citizen,Fluent,No,No,Urban Professional,Approved
5369,4483,Male,White,50,25-60,100379.39,724,123782,Gig,Some College,Citizen,Fluent,No,No,Urban Professional,Approved
5370,1154,Female,Hispanic,31,25-60,90816.39,741,418832,Full-time,High School,Citizen,Fluent,No,No,Urban Professional,Approved
5371,4533,Male,White,54,25-60,187616.54,698,212640,Self-employed,Bachelor's,Citizen,Fluent,No,No,Urban Professional,Approved
5372,5917,Male,Black,40,25-60,74947.11,660,88900,Full-time,Graduate,Citizen,Fluent,No,Yes,Working Class Urban,Denied
5373,6739,Male,Asian,61,Over 60,69877.52,702,103836,Self-employed,Bachelor's,Citizen,Fluent,No,No,Rural,Approved
5374,760,Male,Black,49,25-60,50023.01,655,50542,Part-time,High School,Citizen,Fluent,Yes,No,Working Class Urban,Denied
5375,6649,Female,White,30,25-60,48775.49,685,117979,Full-time,High School,Citizen,Fluent,No,No,Working Class Urban,Denied
5376,9514,Male,Hispanic,31,25-60,93460.97,714,349507,Part-time,High School,Citizen,Fluent,No,Yes,High-income Suburban,Approved
5377,9487,Male,White,27,25-60,57640.85,648,215340,Self-employed,Some College,Citizen,Fluent,Yes,No,Working Class Urban,Denied
5378,3217,Female,White,44,25-60,36111.09,661,195746,Full-time,High School,Citizen,Fluent,No,No,Working Class Urban,Denied
5379,4978,Male,White,59,25-60,54766.64,660,296361,Full-time,Some College,Citizen,Fluent,No,No,Working Class Urban,Denied
5380,9951,Non-binary,White,50,25-60,40456.82,678,332668,Full-time,Some College,Permanent Resident,Fluent,No,No,Rural,Approved
5381,4954,Male,Asian,21,Under 25,158662.59,636,75889,Full-time,Bachelor's,Citizen,Fluent,No,No,Urban Professional,Denied
5382,4711,Male,White,51,25-60,118631.55,737,145123,Full-time,Some College,Citizen,Fluent,No,No,Urban Professional,Approved
5383,8912,Female,Hispanic,65,Over 60,23214.29,610,305428,Self-employed,High School,Citizen,Fluent,No,Yes,Working Class Urban,Denied
5384,2804,Female,Black,73,Over 60,117809.02,726,88845,Full-time,High School,Citizen,Fluent,No,No,High-income Suburban,Approved
5385,8222,Male,Black,60,25-60,17200.86,624,90324,Full-time,High School,Citizen,Fluent,No,Yes,Rural,Denied
5386,7896,Male,White,51,25-60,244589.24,738,336029,Full-time,Bachelor's,Citizen,Fluent,No,No,High-income Suburban,Approved
5387,7800,Female,Hispanic,68,Over 60,49140.8,720,199524,Full-time,Some College,Visa Holder,Fluent,No,No,Rural,Approved
5388,1802,Male,White,58,25-60,37182.52,618,80108,Full-time,High School,Citizen,Fluent,No,No,Historically Redlined,Approved
5389,2686,Female,Hispanic,31,25-60,81610.64,693,350309,Full-time,High School,Citizen,Limited,No,No,High-income Suburban,Approved
5390,5692,Male,Black,79,Over 60,75245.3,719,347676,Part-time,Some College,Citizen,Limited,No,No,Urban Professional,Approved
5391,288,Female,Hispanic,30,25-60,60271.58,646,244453,Part-time,Bachelor's,Citizen,Limited,Yes,No,Working Class Urban,Approved
5392,9171,Female,Hispanic,82,Over 60,29282.39,652,374726,Full-time,High School,Citizen,Fluent,No,No,Working Class Urban,Denied
5393,5967,Male,Hispanic,66,Over 60,46221.81,704,309454,Gig,Bachelor's,Citizen,Limited,No,No,Historically Redlined,Denied
5394,7884,Female,Asian,70,Over 60,111073.59,774,399742,Full-time,Graduate,Citizen,Fluent,No,No,Working Class Urban,Approved
5395,5346,Male,White,62,Over 60,24042.31,572,324252,Full-time,Some College,Citizen,Fluent,No,Yes,Rural,Denied
5396,7675,Male,White,39,25-60,56540.09,687,76045,Full-time,Bachelor's,Citizen,Limited,No,No,Rural,Approved
5397,1707,Female,White,79,Over 60,165980.13,819,355135,Self-employed,Bachelor's,Citizen,Fluent,No,No,High-income Suburban,Approved
5398,1815,Male,White,34,25-60,282600.98,716,131177,Full-time,Graduate,Citizen,Fluent,Yes,No,High-income Suburban,Approved
5399,4496,Male,Hispanic,82,Over 60,61342.58,655,438116,Full-time,Some College,Citizen,Fluent,No,No,Working Class Urban,Approved
5400,9494,Female,White,48,25-60,50737.23,724,118230,Self-employed,Some College,Citizen,Fluent,No,No,Working Class Urban,Approved
5401,5514,Female,Black,52,25-60,43185.43,683,371859,Part-time,High School,Citizen,Fluent,No,No,Historically Redlined,Denied
5402,9914,Female,Black,68,Over 60,86855.66,825,280740,Full-time,High School,Citizen,Fluent,No,No,Urban Professional,Approved
5403,4868,Female,Black,80,Over 60,102238.91,813,350597,Self-employed,Bachelor's,Citizen,Limited,No,No,Urban Professional,Approved
5404,443,Female,White,50,25-60,178250.43,703,408615,Full-time,Graduate,Citizen,Fluent,No,No,Urban Professional,Approved
5405,2342,Female,Asian,73,Over 60,51989.53,715,289310,Full-time,Some College,Citizen,Fluent,No,No,Historically Redlined,Approved
5406,4981,Male,White,43,25-60,45738.2,653,161659,Full-time,High School,Citizen,Fluent,No,No,Working Class Urban,Approved
5407,6365,Male,White,32,25-60,67484.0,669,139190,Full-time,Graduate,Citizen,Limited,No,No,Working Class Urban,Approved
5408,9163,Male,White,46,25-60,196787.17,666,429421,Full-time,Graduate,Citizen,Fluent,No,No,Urban Professional,Denied
5409,3813,Male,White,48,25-60,54301.78,693,155971,Full-time,Bachelor's,Citizen,Fluent,No,No,Working Class Urban,Approved
5410,7502,Female,Asian,62,Over 60,112016.86,744,265084,Part-time,Graduate,Citizen,Fluent,No,No,Historically Redlined,Approved
5411,2816,Male,White,79,Over 60,58003.3,657,320936,Full-time,Some College,Visa Holder,Limited,No,Yes,Urban Professional,Denied
5412,3088,Female,Hispanic,62,Over 60,53135.44,718,239869,Full-time,Some College,Citizen,Fluent,No,No,Working Class Urban,Denied
5413,8927,Female,Asian,82,Over 60,192787.15,788,407467,Self-employed,Bachelor's,Permanent Resident,Fluent,No,No,High-income Suburban,Approved
5414,4080,Male,Hispanic,41,25-60,252761.63,733,106789,Full-time,Graduate,Citizen,Fluent,No,No,Urban Professional,Approved
5415,5883,Male,Black,64,Over 60,121884.45,769,268586,Full-time,Some College,Citizen,Fluent,No,No,Urban Professional,Approved
5416,5587,Female,Hispanic,35,25-60,81729.53,729,426457,Part-time,High School,Citizen,Fluent,No,No,High-income Suburban,Approved
5417,1790,Male,White,66,Over 60,125650.57,751,377881,Full-time,Some College,Citizen,Fluent,No,No,High-income Suburban,Approved
5418,2524,Male,Native American,32,25-60,139190.54,704,446934,Part-time,Some College,Citizen,Fluent,No,No,Urban Professional,Approved
5419,29,Male,Hispanic,78,Over 60,34991.61,584,375009,Full-time,Some College,Citizen,Fluent,No,Yes,Working Class Urban,Denied
5420,7135,Female,White,32,25-60,56937.5,633,165495,Full-time,Some College,Citizen,Fluent,No,No,Historically Redlined,Denied
5421,231,Female,White,38,25-60,95518.04,735,392092,Full-time,Some College,Citizen,Fluent,No,No,Urban Professional,Approved
5422,2920,Female,Hispanic,79,Over 60,41938.74,706,235180,Full-time,Some College,Citizen,Fluent,No,No,Working Class Urban,Approved
5423,2041,Male,White,27,25-60,144138.04,740,209114,Self-employed,Bachelor's,Citizen,Limited,No,No,High-income Suburban,Approved
5424,4450,Female,White,72,Over 60,86188.96,810,376054,Self-employed,Bachelor's,Permanent Resident,Fluent,No,No,Working Class Urban,Approved
5425,1991,Female,Hispanic,27,25-60,41460.88,663,247539,Full-time,High School,Citizen,Fluent,No,No,Rural,Denied
5426,9932,Female,White,36,25-60,33500.51,663,51532,Full-time,High School,Citizen,Fluent,No,No,Rural,Denied
5427,5015,Female,Hispanic,56,25-60,123821.28,751,215870,Full-time,Some College,Citizen,Fluent,No,No,High-income Suburban,Approved
5428,1201,Male,White,54,25-60,70110.28,663,281584,Full-time,Bachelor's,Citizen,Fluent,No,No,Rural,Approved
5429,5902,Female,White,36,25-60,35769.55,623,130196,Full-time,High School,Citizen,Fluent,No,No,Working Class Urban,Denied
5430,9887,Male,White,79,Over 60,59964.25,701,235024,Part-time,Bachelor's,Citizen,Fluent,No,No,Historically Redlined,Approved
5431,4103,Male,Hispanic,19,Under 25,158094.83,642,133122,Full-time,Some College,Citizen,Fluent,No,No,High-income Suburban,Denied
5432,2122,Female,White,37,25-60,99935.1,719,331660,Full-time,High School,Citizen,Fluent,Yes,No,Urban Professional,Approved
5433,7976,Female,White,29,25-60,186140.23,726,393579,Full-time,Graduate,Citizen,Limited,No,No,High-income Suburban,Approved
5434,979,Female,Hispanic,24,Under 25,40787.13,569,146089,Full-time,Some College,Citizen,Fluent,Yes,No,Rural,Denied
5435,4486,Female,Hispanic,54,25-60,140330.61,721,96694,Full-time,Some College,Citizen,Fluent,Yes,No,High-income Suburban,Approved
5436,6851,Female,White,41,25-60,158880.89,684,242402,Full-time,Bachelor's,Citizen,Fluent,No,No,High-income Suburban,Approved
5437,6719,Female,Hispanic,20,Under 25,27173.67,455,355136,Full-time,High School,Citizen,Fluent,No,Yes,Historically Redlined,Denied
5438,9259,Female,Hispanic,59,25-60,83143.13,745,287284,Full-time,High School,Citizen,Fluent,No,No,Urban Professional,Approved
5439,3497,Female,White,38,25-60,33786.03,665,135743,Full-time,Some College,Citizen,Fluent,No,No,Working Class Urban,Denied
5440,3442,Male,White,41,25-60,41000.62,693,299126,Self-employed,High School,Citizen,Fluent,No,No,Working Class Urban,Denied
5441,9388,Male,White,29,25-60,237588.87,755,323082,Full-time,Graduate,Citizen,Fluent,No,No,High-income Suburban,Approved
5442,7953,Female,Black,69,Over 60,31531.28,663,349865,Full-time,Some College,Citizen,Limited,No,No,Working Class Urban,Denied
5443,8721,Female,White,77,Over 60,209215.11,752,318831,Full-time,Bachelor's,Citizen,Fluent,No,No,Urban Professional,Approved
5444,8021,Male,Hispanic,44,25-60,77615.09,588,317534,Full-time,High School,Citizen,Fluent,No,Yes,Urban Professional,Denied
5445,3154,Male,Hispanic,72,Over 60,49326.59,727,106101,Part-time,High School,Citizen,Limited,No,No,Urban Professional,Approved
5446,3491,Male,Hispanic,61,Over 60,51764.06,695,106699,Full-time,Some College,Citizen,Fluent,No,No,Working Class Urban,Denied
5447,5250,Male,Black,58,25-60,76276.92,669,325121,Full-time,High School,Citizen,Fluent,Yes,No,High-income Suburban,Approved
5448,8207,Male,Hispanic,20,Under 25,97250.19,694,266555,Part-time,Graduate,Citizen,Fluent,No,No,Rural,Denied
5449,1027,Male,White,70,Over 60,52673.78,679,60072,Gig,High School,Citizen,Fluent,No,No,Working Class Urban,Denied
5450,7222,Female,White,80,Over 60,88181.52,731,84511,Part-time,Graduate,Citizen,Fluent,No,No,Working Class Urban,Approved
5451,1411,Male,White,58,25-60,116206.04,728,447202,Self-employed,Some College,Citizen,Fluent,No,No,Urban Professional,Approved
5452,4873,Female,Hispanic,57,25-60,22502.17,649,264834,Full-time,High School,Visa Holder,Fluent,No,Yes,Working Class Urban,Denied
5453,6565,Male,White,67,Over 60,107286.81,749,205641,Unemployed,Bachelor's,Citizen,Fluent,No,No,Working Class Urban,Approved
5454,9341,Female,White,27,25-60,305418.49,675,446417,Part-time,Graduate,Citizen,Fluent,No,No,High-income Suburban,Approved
5455,3546,Male,White,56,25-60,59652.07,650,96730,Full-time,High School,Citizen,Fluent,No,No,Working Class Urban,Denied
5456,5110,Female,Black,57,25-60,147006.84,690,316679,Full-time,Some College,Citizen,Fluent,No,No,High-income Suburban,Approved
5457,1523,Female,White,81,Over 60,262387.57,800,421880,Part-time,Bachelor's,Citizen,Fluent,Yes,No,High-income Suburban,Approved
5458,6722,Male,White,73,Over 60,59458.98,702,61484,Full-time,Some College,Citizen,Fluent,No,No,Working Class Urban,Approved
5459,1829,Male,Hispanic,48,25-60,77852.29,691,149579,Full-time,Some College,Visa Holder,Limited,No,No,High-income Suburban,Approved
5460,364,Male,Black,29,25-60,132385.84,753,389541,Full-time,Bachelor's,Citizen,Fluent,No,No,Urban Professional,Approved
5461,5560,Male,White,77,Over 60,112571.78,786,420482,Gig,Graduate,Citizen,Fluent,No,No,Rural,Approved
5462,705,Female,Hispanic,59,25-60,46162.48,715,294198,Part-time,Some College,Citizen,Fluent,No,No,Working Class Urban,Denied
5463,8012,Female,Multiracial,35,25-60,104736.5,695,90852,Part-time,Some College,Citizen,Limited,No,No,High-income Suburban,Approved
5464,8709,Female,Hispanic,45,25-60,132750.66,761,241098,Part-time,High School,Citizen,Fluent,No,No,Urban Professional,Approved
5465,7656,Female,Black,45,25-60,22588.32,566,173731,Full-time,High School,Citizen,Fluent,No,Yes,Rural,Denied
5466,9797,Male,Black,71,Over 60,32108.54,617,396055,Full-time,High School,Citizen,Fluent,No,Yes,Working Class Urban,Denied
5467,2068,Female,White,18,Under 25,86290.26,646,177720,Full-time,High School,Citizen,Fluent,Yes,No,High-income Suburban,Denied
5468,8559,Male,Hispanic,50,25-60,239482.81,744,113597,Gig,Graduate,Citizen,Fluent,No,No,Urban Professional,Approved
5469,8737,Male,Black,76,Over 60,34604.25,667,150671,Gig,Some College,Permanent Resident,Fluent,Yes,No,Rural,Denied
5470,1922,Male,White,81,Over 60,46715.24,691,280799,Full-time,High School,Citizen,Fluent,No,No,Working Class Urban,Approved
5471,9149,Male,Black,19,Under 25,51987.77,618,372313,Gig,Some College,Citizen,Fluent,No,No,Working Class Urban,Denied
5472,5384,Male,Hispanic,36,25-60,42398.78,660,231674,Full-time,High School,Citizen,Fluent,No,No,Working Class Urban,Approved
5473,1572,Female,White,70,Over 60,64268.45,699,250101,Self-employed,Bachelor's,Citizen,Fluent,Yes,No,Rural,Approved
5474,8790,Non-binary,Multiracial,20,Under 25,42557.25,654,99529,Full-time,High School,Visa Holder,Fluent,No,No,Working Class Urban,Denied
5475,816,Female,White,53,25-60,142533.33,645,101000,Part-time,Some College,Visa Holder,Fluent,No,Yes,High-income Suburban,Denied
5476,8141,Female,White,63,Over 60,28182.15,667,131880,Full-time,High School,Citizen,Fluent,No,No,Historically Redlined,Denied
5477,5179,Male,Hispanic,57,25-60,68548.06,688,194387,Full-time,High School,Citizen,Fluent,No,No,High-income Suburban,Denied
5478,2278,Male,White,61,Over 60,148043.57,765,356163,Full-time,Graduate,Citizen,Limited,No,No,High-income Suburban,Approved
5479,2653,Male,White,64,Over 60,44473.33,693,66656,Full-time,High School,Citizen,Fluent,No,No,Working Class Urban,Approved
5480,5884,Male,Hispanic,65,Over 60,43437.75,653,118485,Full-time,High School,Citizen,Fluent,No,Yes,Urban Professional,Denied
5481,3553,Male,Black,70,Over 60,76833.9,699,190997,Full-time,Bachelor's,Permanent Resident,Fluent,No,No,Working Class Urban,Approved
5482,8740,Male,Hispanic,67,Over 60,113981.78,752,78372,Full-time,High School,Citizen,Fluent,No,No,High-income Suburban,Approved
5483,2891,Female,Black,43,25-60,40888.71,685,114073,Unemployed,High School,Citizen,Fluent,No,No,Working Class Urban,Approved
5484,2637,Female,White,29,25-60,89488.38,731,56603,Gig,Graduate,Citizen,Limited,Yes,No,Working Class Urban,Approved
5485,1543,Female,Asian,25,25-60,41361.55,682,81640,Full-time,High School,Citizen,Fluent,No,No,Historically Redlined,Denied
5486,9598,Male,White,79,Over 60,115218.81,736,273403,Full-time,High School,Citizen,Fluent,No,No,High-income Suburban,Approved
5487,8744,Female,White,60,25-60,49459.26,673,74384,Gig,High School,Permanent Resident,Fluent,No,No,Historically Redlined,Approved
5488,8041,Male,Black,60,25-60,36569.64,663,85578,Full-time,Some College,Permanent Resident,Fluent,No,No,Rural,Approved
5489,2225,Male,Asian,59,25-60,46028.47,691,54640,Full-time,Bachelor's,Citizen,Fluent,No,No,Working Class Urban,Denied
5490,2078,Male,White,77,Over 60,52350.21,717,211800,Full-time,Some College,Citizen,Fluent,No,No,Working Class Urban,Denied
5491,8253,Female,Black,51,25-60,124551.51,725,134441,Full-time,Some College,Citizen,Fluent,No,No,High-income Suburban,Approved
5492,3482,Female,White,25,25-60,36603.47,665,148896,Full-time,High School,Citizen,Fluent,No,No,Working Class Urban,Approved
5493,9592,Male,Asian,38,25-60,90488.37,733,426121,Full-time,Graduate,Permanent Resident,Fluent,No,No,Rural,Approved
5494,84,Female,White,31,25-60,112465.06,715,280229,Full-time,Some College,Citizen,Fluent,No,No,High-income Suburban,Approved
5495,890,Male,White,74,Over 60,45161.89,746,244237,Full-time,Some College,Citizen,Fluent,No,No,Rural,Denied
5496,1592,Male,White,66,Over 60,66045.67,736,373607,Part-time,Some College,Citizen,Limited,No,No,Urban Professional,Denied
5497,5244,Male,White,82,Over 60,32785.45,650,410504,Full-time,High School,Citizen,Fluent,Yes,No,Working Class Urban,Denied
5498,8656,Male,Black,20,Under 25,118483.36,651,161940,Gig,Some College,Citizen,Fluent,Yes,No,High-income Suburban,Denied
5499,8284,Male,Black,50,25-60,55441.61,668,129677,Self-employed,Bachelor's,Citizen,Fluent,No,Yes,Working Class Urban,Denied
5500,9057,Female,Hispanic,20,Under 25,30393.31,564,388462,Full-time,High School,Citizen,Limited,No,No,Rural,Denied
5501,2049,Male,Asian,41,25-60,109172.78,711,193126,Full-time,Graduate,Citizen,Fluent,No,No,Historically Redlined,Approved
5502,574,Female,White,20,Under 25,258248.03,649,256709,Full-time,Bachelor's,Citizen,Fluent,No,No,High-income Suburban,Approved
5503,250,Non-binary,Hispanic,39,25-60,188222.12,741,100705,Self-employed,Bachelor's,Citizen,Fluent,No,No,High-income Suburban,Approved
5504,7194,Female,Hispanic,28,25-60,190707.2,653,91042,Full-time,Some College,Permanent Resident,Fluent,No,No,High-income Suburban,Approved
5505,3419,Male,White,78,Over 60,209163.66,727,69106,Full-time,Graduate,Citizen,Limited,No,No,Urban Professional,Approved
5506,3222,Female,White,57,25-60,220519.82,747,158404,Full-time,Graduate,Citizen,Fluent,Yes,No,Urban Professional,Approved
5507,4318,Male,Hispanic,71,Over 60,122606.4,785,288786,Full-time,High School,Citizen,Fluent,No,No,High-income Suburban,Approved
5508,9269,Female,White,18,Under 25,71416.02,652,73282,Full-time,Some College,Citizen,Limited,No,No,High-income Suburban,Denied
5509,3447,Male,White,41,25-60,120796.98,705,72029,Part-time,Some College,Citizen,Fluent,No,No,Urban Professional,Approved
5510,7390,Female,White,61,Over 60,84778.78,763,147788,Gig,High School,Citizen,Fluent,No,No,High-income Suburban,Approved
5511,4977,Female,White,44,25-60,111730.97,677,382986,Full-time,High School,Citizen,Fluent,No,No,High-income Suburban,Approved
5512,6671,Female,White,48,25-60,158902.92,697,149645,Full-time,Bachelor's,Citizen,Fluent,No,No,Urban Professional,Approved
5513,3380,Female,Hispanic,22,Under 25,28800.49,545,236823,Full-time,High School,Citizen,Fluent,No,No,Rural,Denied
5514,9233,Female,White,29,25-60,80973.62,720,271574,Full-time,Bachelor's,Permanent Resident,Fluent,No,No,Historically Redlined,Approved
5515,7499,Female,White,28,25-60,84706.06,729,297271,Full-time,Bachelor's,Citizen,Fluent,Yes,No,Historically Redlined,Approved
5516,5039,Female,Native American,30,25-60,55211.53,676,414288,Full-time,Graduate,Citizen,Fluent,No,No,Rural,Denied
5517,1529,Male,Hispanic,50,25-60,101240.54,744,256875,Full-time,Some College,Citizen,Fluent,No,No,Urban Professional,Approved
5518,1099,Female,White,27,25-60,89038.69,683,164834,Full-time,High School,Citizen,Fluent,No,No,High-income Suburban,Approved
5519,3952,Male,White,81,Over 60,38803.07,757,422983,Self-employed,Some College,Visa Holder,Fluent,No,No,Working Class Urban,Approved
5520,9992,Female,White,42,25-60,155717.77,696,213072,Part-time,Some College,Permanent Resident,Fluent,No,No,High-income Suburban,Approved
5521,4175,Female,White,39,25-60,73141.67,649,272417,Full-time,High School,Citizen,Fluent,Yes,No,Urban Professional,Approved
5522,8188,Female,Asian,78,Over 60,165660.98,748,260521,Full-time,Bachelor's,Citizen,Fluent,No,No,High-income Suburban,Approved
5523,5476,Female,White,36,25-60,88684.27,741,266145,Full-time,Bachelor's,Citizen,Fluent,No,No,Working Class Urban,Approved
5524,2112,Male,White,37,25-60,50065.15,565,350949,Full-time,Some College,Permanent Resident,Fluent,No,Yes,Working Class Urban,Denied
5525,4514,Female,White,30,25-60,40617.21,688,209219,Gig,High School,Citizen,Fluent,No,No,Historically Redlined,Denied
5526,9011,Female,White,62,Over 60,99182.06,810,261028,Self-employed,High School,Citizen,Fluent,No,No,Urban Professional,Approved
5527,7268,Female,Hispanic,73,Over 60,26248.69,597,439903,Full-time,High School,Citizen,Fluent,No,Yes,Working Class Urban,Denied
5528,1451,Female,White,36,25-60,318963.06,724,68242,Part-time,Graduate,Citizen,Fluent,Yes,No,High-income Suburban,Approved
5529,4320,Male,Asian,40,25-60,87716.16,707,155049,Self-employed,Bachelor's,Citizen,Fluent,No,No,Working Class Urban,Approved
5530,1294,Female,Hispanic,38,25-60,139779.69,763,413965,Full-time,High School,Citizen,Fluent,No,No,High-income Suburban,Approved
5531,644,Male,Hispanic,44,25-60,120210.56,688,295870,Full-time,Bachelor's,Citizen,Fluent,Yes,No,Urban Professional,Approved
5532,3180,Male,Asian,50,25-60,215728.54,734,157149,Part-time,Graduate,Citizen,Fluent,No,No,Urban Professional,Approved
5533,8788,Male,White,51,25-60,118191.15,719,420268,Full-time,High School,Citizen,Fluent,No,No,High-income Suburban,Approved
5534,5078,Female,White,35,25-60,69434.93,652,348145,Part-time,Some College,Citizen,Limited,No,No,High-income Suburban,Approved
5535,5794,Female,White,59,25-60,112241.79,755,234665,Full-time,High School,Citizen,Fluent,No,No,High-income Suburban,Approved
5536,6263,Male,White,53,25-60,89233.89,702,320182,Gig,Graduate,Citizen,Fluent,No,No,Historically Redlined,Approved
5537,4973,Male,White,74,Over 60,34558.05,648,355971,Full-time,Some College,Citizen,Fluent,No,No,Rural,Denied
5538,1573,Female,Asian,77,Over 60,36198.33,754,116115,Self-employed,Some College,Citizen,Fluent,No,No,Rural,Approved
5539,787,Female,Black,64,Over 60,117566.52,809,227012,Self-employed,Bachelor's,Citizen,Limited,No,No,High-income Suburban,Approved
5540,2022,Male,Black,33,25-60,48006.22,659,148750,Full-time,Some College,Citizen,Fluent,No,No,Historically Redlined,Denied
5541,5787,Female,White,26,25-60,34090.87,595,143646,Full-time,Some College,Citizen,Limited,Yes,No,Working Class Urban,Denied
5542,102,Female,White,23,Under 25,90691.54,651,341409,Part-time,High School,Citizen,Fluent,No,No,Urban Professional,Approved
5543,4595,Female,Black,76,Over 60,65046.71,718,373170,Gig,Bachelor's,Citizen,Fluent,No,Yes,Working Class Urban,Approved
5544,1965,Male,White,79,Over 60,121112.09,771,104123,Gig,Some College,Permanent Resident,Fluent,No,No,Urban Professional,Approved
5545,4764,Female,Black,46,25-60,96289.63,678,209882,Self-employed,Some College,Citizen,Fluent,No,Yes,High-income Suburban,Approved
5546,258,Female,White,35,25-60,111887.71,698,180803,Self-employed,High School,Citizen,Fluent,Yes,No,Urban Professional,Approved
5547,6538,Male,Hispanic,46,25-60,75594.97,601,240923,Full-time,Bachelor's,Citizen,Fluent,No,No,Working Class Urban,Denied
5548,7635,Female,White,46,25-60,48496.99,675,259154,Full-time,Bachelor's,Citizen,Limited,No,No,Working Class Urban,Approved
5549,8960,Male,White,41,25-60,115568.24,763,224948,Full-time,Some College,Visa Holder,Fluent,No,No,Urban Professional,Approved
5550,8773,Female,Black,31,25-60,310321.8,742,358023,Full-time,Graduate,Citizen,Fluent,No,No,Urban Professional,Approved
5551,9813,Male,White,53,25-60,280325.71,690,170156,Full-time,Graduate,Citizen,Fluent,No,No,Urban Professional,Approved
5552,885,Female,White,55,25-60,54693.33,637,226752,Full-time,Some College,Visa Holder,Fluent,No,No,Rural,Approved
5553,219,Male,White,44,25-60,95658.56,702,170546,Full-time,Some College,Citizen,Fluent,No,No,Urban Professional,Approved
5554,7580,Male,Asian,20,Under 25,37541.55,582,241164,Full-time,Some College,Citizen,Limited,No,No,Working Class Urban,Denied
5555,3228,Female,Black,65,Over 60,157569.42,724,262576,Full-time,Bachelor's,Citizen,Fluent,No,No,Urban Professional,Approved
5556,8822,Female,Hispanic,28,25-60,91624.56,734,332366,Full-time,Graduate,Citizen,Fluent,No,No,Working Class Urban,Approved
5557,7402,Female,Asian,62,Over 60,266319.09,761,258422,Full-time,Graduate,Permanent Resident,Fluent,No,No,High-income Suburban,Approved
5558,215,Female,White,69,Over 60,110500.86,809,109962,Self-employed,Some College,Citizen,Fluent,No,No,High-income Suburban,Approved
5559,9579,Female,White,81,Over 60,80304.54,736,322571,Full-time,Some College,Citizen,Limited,No,No,Urban Professional,Approved
5560,3003,Female,White,19,Under 25,157322.96,634,356635,Part-time,Some College,Citizen,Fluent,Yes,No,High-income Suburban,Denied
5561,7072,Female,Hispanic,64,Over 60,150466.68,768,364446,Part-time,Graduate,Citizen,Fluent,No,No,Urban Professional,Approved
5562,7187,Male,White,42,25-60,75347.73,627,157968,Full-time,Graduate,Citizen,Fluent,No,No,Working Class Urban,Approved
5563,6709,Male,White,66,Over 60,142262.22,759,225922,Full-time,High School,Citizen,Fluent,No,No,High-income Suburban,Approved
5564,6790,Female,White,72,Over 60,45746.17,710,425797,Full-time,High School,Citizen,Fluent,No,No,Working Class Urban,Denied
5565,7026,Male,Black,68,Over 60,101104.29,767,167829,Full-time,High School,Visa Holder,Fluent,No,No,Urban Professional,Approved
5566,8019,Male,White,42,25-60,149452.67,678,319955,Full-time,Some College,Citizen,Fluent,No,No,Urban Professional,Approved
5567,5276,Male,Hispanic,33,25-60,47764.72,684,323315,Self-employed,High School,Citizen,Fluent,No,No,Working Class Urban,Approved
5568,6658,Female,Hispanic,49,25-60,38095.93,631,90796,Gig,High School,Permanent Resident,Fluent,No,No,Rural,Denied
5569,9390,Female,White,63,Over 60,131674.81,784,409328,Full-time,Some College,Permanent Resident,Fluent,No,No,High-income Suburban,Approved
5570,8648,Female,White,67,Over 60,135666.43,799,320712,Full-time,Bachelor's,Citizen,Fluent,No,No,Urban Professional,Approved
5571,4058,Female,Hispanic,24,Under 25,49186.06,543,223672,Full-time,High School,Citizen,Fluent,No,No,Working Class Urban,Denied
5572,3314,Male,White,60,25-60,34807.92,612,435089,Part-time,High School,Citizen,Fluent,No,No,Rural,Denied
5573,6712,Male,Black,73,Over 60,51805.87,676,157053,Self-employed,Some College,Citizen,Fluent,Yes,No,Rural,Approved
5574,6374,Female,White,35,25-60,35730.3,601,148749,Full-time,Bachelor's,Permanent Resident,Fluent,No,Yes,Rural,Denied
5575,248,Male,White,38,25-60,82689.19,750,274213,Full-time,Some College,Citizen,Fluent,Yes,Yes,Urban Professional,Approved
5576,2323,Male,Asian,56,25-60,151723.38,730,319150,Full-time,Bachelor's,Citizen,Fluent,No,No,Urban Professional,Approved
5577,5008,Male,Hispanic,46,25-60,63771.95,613,154283,Full-time,Some College,Citizen,Fluent,No,No,Working Class Urban,Denied
5578,7903,Male,White,82,Over 60,179828.39,815,333718,Full-time,Graduate,Citizen,Fluent,Yes,No,Urban Professional,Approved
5579,8237,Female,White,67,Over 60,28636.04,580,313188,Part-time,High School,Citizen,Fluent,No,Yes,Working Class Urban,Denied
5580,1850,Female,White,47,25-60,80041.38,730,66559,Full-time,High School,Citizen,Fluent,No,No,High-income Suburban,Approved
5581,3911,Female,Asian,42,25-60,188838.92,802,295892,Part-time,Bachelor's,Citizen,Fluent,No,No,Urban Professional,Approved
5582,8741,Female,Asian,45,25-60,78347.04,659,155025,Part-time,Bachelor's,Visa Holder,Fluent,No,No,Working Class Urban,Denied
5583,4000,Male,Black,41,25-60,59435.9,674,222217,Full-time,Some College,Citizen,Fluent,No,No,Working Class Urban,Approved
5584,6103,Female,White,22,Under 25,44427.67,571,263392,Part-time,Bachelor's,Permanent Resident,Fluent,No,Yes,Rural,Denied
5585,9607,Male,White,19,Under 25,193728.77,661,304613,Full-time,Bachelor's,Citizen,Fluent,Yes,No,High-income Suburban,Denied
5586,2349,Female,White,66,Over 60,40800.91,701,285980,Full-time,High School,Citizen,Fluent,Yes,No,Rural,Denied
5587,3709,Female,Hispanic,66,Over 60,97641.61,758,71698,Gig,High School,Citizen,Fluent,No,No,Urban Professional,Approved
5588,4713,Male,White,34,25-60,120351.35,740,248939,Part-time,Graduate,Citizen,Fluent,No,No,Working Class Urban,Approved
5589,7442,Male,Asian,77,Over 60,222902.33,747,186677,Full-time,Bachelor's,Citizen,Fluent,Yes,No,High-income Suburban,Approved
5590,1229,Female,White,76,Over 60,110305.96,755,227619,Self-employed,Graduate,Citizen,Limited,Yes,No,Working Class Urban,Approved
5591,7683,Male,White,75,Over 60,30209.55,637,285303,Full-time,Some College,Citizen,Limited,No,No,Rural,Denied
5592,7430,Female,White,48,25-60,47103.74,624,172174,Part-time,High School,Citizen,Fluent,No,No,Working Class Urban,Denied
5593,2484,Male,Hispanic,24,Under 25,23791.53,537,99591,Full-time,High School,Citizen,Limited,No,No,Working Class Urban,Denied
5594,374,Female,Hispanic,53,25-60,46656.51,635,237373,Self-employed,High School,Citizen,Limited,Yes,Yes,Urban Professional,Denied
5595,7604,Female,Asian,52,25-60,295516.72,724,51214,Full-time,Graduate,Citizen,Fluent,No,No,High-income Suburban,Approved
5596,4282,Non-binary,Hispanic,53,25-60,39233.28,680,270413,Full-time,Some College,Permanent Resident,Limited,Yes,No,Working Class Urban,Approved
5597,8294,Female,Black,55,25-60,118165.76,693,252451,Full-time,Some College,Citizen,Fluent,No,No,Urban Professional,Approved
5598,5703,Male,White,62,Over 60,70289.83,695,180746,Full-time,Bachelor's,Visa Holder,Fluent,No,No,Working Class Urban,Approved
5599,774,Male,White,81,Over 60,23997.9,682,394472,Gig,High School,Citizen,Limited,Yes,No,Historically Redlined,Denied
5600,4551,Female,White,74,Over 60,59865.91,762,318129,Gig,High School,Citizen,Fluent,No,No,Working Class Urban,Approved
5601,2661,Male,White,81,Over 60,89657.71,732,126163,Part-time,High School,Citizen,Fluent,No,Yes,High-income Suburban,Approved
5602,4383,Female,White,54,25-60,126137.5,705,447558,Full-time,Some College,Citizen,Fluent,No,No,High-income Suburban,Approved
5603,902,Male,Asian,48,25-60,68431.13,716,312588,Part-time,Bachelor's,Citizen,Fluent,No,No,Rural,Approved
5604,1279,Male,Black,74,Over 60,67867.21,664,115023,Full-time,High School,Permanent Resident,Fluent,No,Yes,Urban Professional,Denied
5605,1090,Male,Black,18,Under 25,56393.96,612,303185,Full-time,Some College,Citizen,Fluent,No,No,Working Class Urban,Approved
5606,9638,Female,Black,66,Over 60,106237.12,769,404097,Part-time,Some College,Citizen,Fluent,Yes,No,Urban Professional,Approved
5607,5104,Male,Hispanic,75,Over 60,68382.44,713,259841,Full-time,High School,Citizen,Limited,No,No,High-income Suburban,Denied
5608,3220,Male,White,24,Under 25,92473.81,643,316515,Part-time,High School,Citizen,Fluent,No,No,Urban Professional,Denied
5609,3406,Female,Hispanic,20,Under 25,50955.8,617,438870,Part-time,High School,Citizen,Fluent,No,No,Working Class Urban,Denied
5610,2446,Male,White,29,25-60,49278.76,657,182116,Full-time,High School,Citizen,Fluent,No,No,Rural,Denied
5611,2983,Female,Black,73,Over 60,38681.66,742,178540,Part-time,Bachelor's,Citizen,Limited,No,No,Working Class Urban,Approved
5612,7838,Male,White,70,Over 60,42054.26,732,127521,Unemployed,Some College,Citizen,Fluent,No,No,Rural,Approved
5613,2618,Female,White,77,Over 60,42415.22,721,222811,Full-time,High School,Visa Holder,Fluent,Yes,No,Historically Redlined,Approved
5614,9961,Female,Hispanic,77,Over 60,164654.78,716,142858,Full-time,Bachelor's,Citizen,Fluent,No,No,High-income Suburban,Approved
5615,7701,Female,Black,50,25-60,44930.82,642,356471,Part-time,High School,Citizen,Fluent,No,No,Rural,Denied
5616,4995,Male,Black,37,25-60,87150.32,749,122669,Full-time,Bachelor's,Citizen,Fluent,No,No,Working Class Urban,Approved
5617,4084,Female,White,65,Over 60,74369.76,720,391749,Full-time,Some College,Citizen,Fluent,No,No,Urban Professional,Approved
5618,1693,Male,Hispanic,27,25-60,92972.65,721,60962,Full-time,Some College,Citizen,Fluent,No,Yes,Urban Professional,Approved
5619,9351,Female,White,47,25-60,69714.87,675,354905,Part-time,Some College,Permanent Resident,Limited,No,No,Urban Professional,Approved
5620,7894,Male,White,24,Under 25,165979.46,629,208454,Part-time,Bachelor's,Citizen,Fluent,No,No,High-income Suburban,Denied
5621,4221,Male,White,82,Over 60,70568.11,720,164211,Part-time,Some College,Citizen,Fluent,No,No,Urban Professional,Approved
5622,2124,Male,Hispanic,18,Under 25,85531.24,684,301769,Gig,High School,Citizen,Fluent,No,No,Urban Professional,Denied
5623,6157,Male,White,63,Over 60,110192.98,786,231783,Part-time,Graduate,Citizen,Fluent,No,No,Working Class Urban,Approved
5624,1735,Female,Hispanic,27,25-60,34441.93,603,416830,Full-time,High School,Citizen,Fluent,No,No,Rural,Denied
5625,9693,Female,White,46,25-60,41023.89,655,432092,Part-time,High School,Citizen,Fluent,No,No,Working Class Urban,Approved
5626,9380,Male,Hispanic,22,Under 25,27573.36,545,104134,Gig,High School,Citizen,Fluent,No,No,Historically Redlined,Denied
5627,7063,Female,Asian,76,Over 60,33170.81,683,140332,Part-time,High School,Citizen,Fluent,No,No,Rural,Denied
5628,1974,Female,White,78,Over 60,149124.59,766,258552,Part-time,Bachelor's,Citizen,Fluent,No,No,Urban Professional,Approved
5629,8938,Male,White,70,Over 60,226735.73,766,344745,Full-time,Bachelor's,Citizen,Fluent,No,No,High-income Suburban,Approved
5630,698,Male,Multiracial,38,25-60,64110.49,717,329027,Full-time,Bachelor's,Citizen,Fluent,No,No,Historically Redlined,Denied
5631,7969,Female,White,63,Over 60,173108.41,774,233188,Self-employed,Some College,Citizen,Fluent,Yes,No,High-income Suburban,Approved
5632,3857,Female,Black,71,Over 60,149594.71,697,416279,Full-time,Some College,Citizen,Fluent,No,No,High-income Suburban,Approved
5633,7875,Female,Black,39,25-60,60514.96,624,331845,Full-time,Some College,Citizen,Limited,No,No,High-income Suburban,Approved
5634,1830,Male,White,55,25-60,70987.69,689,306957,Full-time,Graduate,Citizen,Fluent,No,No,Rural,Approved
5635,5721,Female,Hispanic,75,Over 60,45618.04,746,185146,Full-time,High School,Citizen,Fluent,No,No,Working Class Urban,Approved
5636,6182,Female,White,67,Over 60,40740.79,684,427580,Self-employed,Some College,Citizen,Limited,No,No,Working Class Urban,Approved
5637,8971,Male,Black,36,25-60,135607.22,704,300466,Gig,High School,Citizen,Fluent,No,No,High-income Suburban,Approved
5638,6743,Male,White,21,Under 25,123011.76,643,361832,Part-time,High School,Citizen,Fluent,Yes,No,High-income Suburban,Denied
5639,6128,Female,White,41,25-60,32053.81,610,352887,Full-time,High School,Citizen,Fluent,No,No,Working Class Urban,Denied
5640,1513,Female,Black,69,Over 60,60101.33,707,69284,Gig,High School,Citizen,Fluent,No,No,Rural,Approved
5641,5665,Male,White,21,Under 25,138859.23,653,64644,Part-time,Some College,Citizen,Fluent,No,No,High-income Suburban,Approved
5642,766,Male,White,75,Over 60,44184.42,681,78665,Full-time,High School,Citizen,Fluent,No,No,Working Class Urban,Approved
5643,3266,Male,Hispanic,49,25-60,41069.08,686,156372,Full-time,High School,Citizen,Fluent,Yes,No,Rural,Denied
5644,8728,Female,White,19,Under 25,35574.3,569,331409,Gig,High School,Citizen,Fluent,No,No,Working Class Urban,Denied
5645,2864,Male,Black,73,Over 60,89246.01,790,318221,Full-time,High School,Citizen,Fluent,No,No,Urban Professional,Approved
5646,1147,Female,Black,37,25-60,108583.22,727,227204,Gig,Some College,Citizen,Limited,No,No,High-income Suburban,Approved
5647,3068,Female,White,41,25-60,139771.11,748,101120,Full-time,High School,Citizen,Fluent,Yes,No,Urban Professional,Approved
5648,5531,Female,White,67,Over 60,102760.29,739,55670,Full-time,Some College,Citizen,Limited,No,No,High-income Suburban,Approved
5649,7522,Male,Asian,71,Over 60,167180.59,784,308168,Part-time,Bachelor's,Citizen,Fluent,No,No,Urban Professional,Approved
5650,2807,Male,White,77,Over 60,24437.07,606,366258,Gig,Some College,Citizen,Limited,No,Yes,Historically Redlined,Denied
5651,1459,Female,White,38,25-60,37174.24,646,383448,Self-employed,High School,Citizen,Fluent,No,No,Rural,Denied
5652,243,Male,White,43,25-60,195172.4,666,287381,Full-time,Graduate,Citizen,Limited,No,No,High-income Suburban,Denied
5653,5622,Female,Black,65,Over 60,172063.38,785,70480,Full-time,Bachelor's,Citizen,Fluent,No,No,High-income Suburban,Approved
5654,9633,Male,Hispanic,75,Over 60,79228.04,721,439637,Self-employed,Bachelor's,Citizen,Fluent,No,No,Historically Redlined,Approved
5655,9668,Male,Black,50,25-60,19546.95,553,320937,Unemployed,Some College,Citizen,Limited,Yes,Yes,Rural,Denied
5656,6079,Male,White,38,25-60,59617.03,696,161740,Gig,High School,Citizen,Fluent,No,No,Working Class Urban,Approved
5657,4044,Male,Hispanic,76,Over 60,85374.15,741,314249,Part-time,Bachelor's,Citizen,Fluent,No,No,Working Class Urban,Approved
5658,563,Male,White,38,25-60,51207.71,704,85840,Full-time,Some College,Citizen,Fluent,No,No,Working Class Urban,Denied
5659,5449,Male,Hispanic,60,25-60,168836.64,711,218720,Full-time,Some College,Citizen,Fluent,No,No,High-income Suburban,Approved
5660,3089,Female,White,74,Over 60,37588.58,708,444040,Gig,High School,Citizen,Limited,No,No,High-income Suburban,Approved
5661,6042,Male,White,63,Over 60,81961.37,757,126985,Full-time,High School,Citizen,Fluent,No,No,Urban Professional,Approved
5662,2150,Female,Black,57,25-60,141610.17,715,417133,Part-time,Some College,Citizen,Fluent,No,No,High-income Suburban,Approved
5663,397,Female,Hispanic,30,25-60,142058.65,729,163147,Full-time,High School,Visa Holder,Fluent,No,No,High-income Suburban,Approved
5664,3907,Female,White,61,Over 60,79125.86,692,270067,Full-time,High School,Citizen,Fluent,No,No,Urban Professional,Approved
5665,4767,Male,Hispanic,82,Over 60,97205.45,790,115207,Full-time,High School,Citizen,Fluent,No,No,Urban Professional,Approved
5666,4941,Female,White,49,25-60,43792.48,662,337776,Full-time,Some College,Citizen,Limited,No,No,Working Class Urban,Denied
5667,6381,Male,White,75,Over 60,52361.05,715,107678,Full-time,Graduate,Citizen,Fluent,No,No,Working Class Urban,Denied
5668,4436,Male,White,54,25-60,206732.34,679,388646,Gig,Bachelor's,Citizen,Fluent,No,No,High-income Suburban,Approved
5669,9878,Male,White,63,Over 60,48195.23,733,385381,Self-employed,High School,Permanent Resident,Fluent,No,No,Rural,Denied
5670,5001,Male,Asian,62,Over 60,45315.01,704,395663,Gig,Some College,Permanent Resident,Fluent,No,No,Working Class Urban,Approved
5671,6174,Male,White,59,25-60,46090.48,650,221833,Full-time,Some College,Citizen,Fluent,No,No,Historically Redlined,Denied
5672,5103,Male,White,56,25-60,231885.8,722,59396,Full-time,Bachelor's,Citizen,Fluent,No,No,High-income Suburban,Approved
5673,5436,Male,White,71,Over 60,94730.3,752,387899,Full-time,Some College,Citizen,Fluent,No,No,Urban Professional,Approved
5674,1077,Male,White,20,Under 25,120776.48,624,284826,Full-time,Some College,Citizen,Fluent,No,No,Urban Professional,Approved
5675,8569,Male,White,56,25-60,79068.16,700,226621,Full-time,High School,Citizen,Fluent,No,No,Urban Professional,Approved
5676,6497,Male,Native American,43,25-60,43330.86,688,83494,Full-time,Some College,Citizen,Fluent,No,No,Historically Redlined,Denied
5677,8528,Female,White,52,25-60,215846.36,742,268462,Full-time,Graduate,Permanent Resident,Fluent,No,No,Urban Professional,Approved
5678,4719,Female,White,61,Over 60,113113.55,807,349053,Full-time,Graduate,Permanent Resident,Fluent,No,No,Working Class Urban,Approved
5679,7686,Female,White,23,Under 25,89764.63,654,221845,Full-time,Graduate,Citizen,Fluent,No,No,Working Class Urban,Denied
5680,6465,Male,White,24,Under 25,110274.17,639,331581,Full-time,High School,Citizen,Fluent,No,No,High-income Suburban,Denied
5681,1118,Male,Hispanic,73,Over 60,133693.66,763,369910,Part-time,High School,Citizen,Fluent,No,No,High-income Suburban,Approved
5682,2838,Female,Black,28,25-60,69457.55,642,213317,Self-employed,High School,Citizen,Fluent,No,No,Urban Professional,Denied
5683,7157,Female,Hispanic,67,Over 60,198856.09,737,355522,Part-time,Bachelor's,Citizen,Fluent,No,No,High-income Suburban,Approved
5684,9773,Male,Hispanic,33,25-60,33982.36,616,242962,Part-time,High School,Citizen,Fluent,No,No,Historically Redlined,Denied
5685,361,Male,Hispanic,33,25-60,62427.94,629,389919,Full-time,High School,Citizen,Limited,No,No,Urban Professional,Denied
5686,7264,Male,Hispanic,49,25-60,52985.74,769,95268,Full-time,Bachelor's,Permanent Resident,Fluent,No,No,Rural,Approved
5687,8451,Female,Hispanic,19,Under 25,47476.6,601,429401,Full-time,Some College,Citizen,Fluent,No,No,Working Class Urban,Denied
5688,2302,Male,Black,41,25-60,73440.0,585,351035,Full-time,Bachelor's,Citizen,Fluent,No,No,Historically Redlined,Denied
5689,9934,Male,White,38,25-60,44668.61,621,232414,Gig,High School,Citizen,Fluent,No,No,Working Class Urban,Denied
5690,4906,Female,White,70,Over 60,166415.15,797,58079,Self-employed,Bachelor's,Permanent Resident,Fluent,Yes,No,Urban Professional,Approved
5691,7779,Male,White,80,Over 60,140049.88,773,445724,Full-time,Some College,Citizen,Fluent,No,No,Urban Professional,Approved
5692,9654,Female,Black,26,25-60,51288.66,673,204326,Full-time,High School,Citizen,Limited,No,No,Urban Professional,Approved
5693,5410,Non-binary,Hispanic,68,Over 60,160810.2,805,210385,Unemployed,Bachelor's,Citizen,Fluent,No,No,Urban Professional,Approved
5694,9867,Female,White,44,25-60,207945.71,733,341392,Full-time,Graduate,Citizen,Fluent,No,No,Urban Professional,Approved
5695,7414,Female,White,21,Under 25,102615.39,595,366556,Full-time,High School,Citizen,Fluent,No,No,Urban Professional,Approved
5696,7733,Male,White,43,25-60,39031.44,687,242467,Full-time,Some College,Permanent Resident,Fluent,No,No,Working Class Urban,Denied
5697,4735,Male,Multiracial,21,Under 25,39118.42,614,141237,Full-time,High School,Citizen,Fluent,No,No,Rural,Denied
5698,6782,Female,White,52,25-60,163628.8,748,82107,Full-time,High School,Citizen,Fluent,No,No,High-income Suburban,Approved
5699,2885,Female,White,31,25-60,34551.25,603,367114,Gig,High School,Citizen,Fluent,No,No,Rural,Denied
5700,4598,Male,White,53,25-60,215942.84,778,433488,Full-time,Graduate,Citizen,Fluent,No,No,Urban Professional,Approved
5701,3345,Female,White,33,25-60,139833.22,672,239975,Full-time,Bachelor's,Citizen,Fluent,No,No,Urban Professional,Approved
5702,6084,Female,Asian,45,25-60,289201.95,701,84797,Full-time,Graduate,Citizen,Fluent,No,No,High-income Suburban,Approved
5703,1341,Female,White,31,25-60,45550.05,673,449380,Full-time,Some College,Citizen,Fluent,No,No,Rural,Denied
5704,3735,Female,Hispanic,65,Over 60,70342.1,684,338542,Full-time,High School,Citizen,Limited,No,No,High-income Suburban,Approved
5705,5032,Male,White,60,25-60,179874.48,683,282188,Part-time,Bachelor's,Citizen,Fluent,No,No,Urban Professional,Approved
5706,2380,Male,Black,54,25-60,125166.92,724,332935,Self-employed,Some College,Citizen,Fluent,No,No,Urban Professional,Approved
5707,3051,Female,White,56,25-60,95942.14,742,342487,Full-time,High School,Citizen,Limited,No,No,Urban Professional,Approved
5708,612,Female,Hispanic,68,Over 60,49478.26,741,381869,Full-time,High School,Permanent Resident,Fluent,No,No,Historically Redlined,Approved
5709,5122,Male,White,79,Over 60,37128.91,784,75622,Full-time,Some College,Permanent Resident,Fluent,No,No,Rural,Denied
5710,4408,Male,White,26,25-60,49699.73,671,389951,Unemployed,Bachelor's,Citizen,Fluent,No,No,Rural,Approved
5711,1963,Male,Black,44,25-60,115060.05,809,327752,Part-time,Bachelor's,Citizen,Fluent,No,No,Urban Professional,Approved
5712,4577,Female,Black,64,Over 60,104656.42,731,86871,Full-time,Some College,Citizen,Fluent,No,No,High-income Suburban,Approved
5713,5274,Female,Hispanic,28,25-60,46278.12,613,296482,Full-time,Bachelor's,Citizen,Fluent,No,Yes,Rural,Denied
5714,2968,Male,White,55,25-60,64811.73,678,207483,Part-time,High School,Citizen,Fluent,Yes,No,Working Class Urban,Approved
5715,5793,Male,White,18,Under 25,152375.27,705,309544,Full-time,Some College,Citizen,Fluent,Yes,No,High-income Suburban,Approved
5716,2164,Female,White,65,Over 60,56992.41,689,107811,Gig,Some College,Citizen,Fluent,Yes,No,Working Class Urban,Approved
5717,866,Female,Hispanic,47,25-60,105049.66,709,246793,Full-time,Some College,Citizen,Fluent,No,No,Urban Professional,Approved
5718,6147,Female,Black,39,25-60,57455.36,695,249429,Full-time,Some College,Citizen,Fluent,No,No,Historically Redlined,Denied
5719,4485,Female,White,44,25-60,85849.8,666,395100,Unemployed,Some College,Citizen,Fluent,No,Yes,Urban Professional,Denied
5720,9955,Female,White,25,25-60,124930.93,716,192802,Full-time,High School,Citizen,Fluent,No,No,High-income Suburban,Approved
5721,7600,Female,Hispanic,67,Over 60,110149.68,773,152584,Full-time,High School,Visa Holder,Fluent,No,No,Urban Professional,Approved
5722,4308,Female,Multiracial,33,25-60,219144.96,726,78700,Self-employed,Graduate,Citizen,Fluent,No,No,High-income Suburban,Approved
5723,2361,Female,White,46,25-60,224964.27,691,330240,Full-time,Graduate,Permanent Resident,Fluent,No,No,High-income Suburban,Approved
5724,4716,Female,White,45,25-60,103706.57,705,159897,Gig,High School,Citizen,Fluent,No,No,Urban Professional,Approved
5725,5600,Male,Black,71,Over 60,41830.09,681,433426,Full-time,Some College,Citizen,Fluent,No,No,Rural,Approved
5726,9097,Male,White,65,Over 60,116335.87,781,423864,Full-time,High School,Citizen,Fluent,No,No,High-income Suburban,Approved
5727,6047,Female,White,25,25-60,92170.14,721,160908,Full-time,Bachelor's,Citizen,Fluent,No,No,Historically Redlined,Approved
5728,7776,Male,White,65,Over 60,49830.42,665,96854,Full-time,Bachelor's,Citizen,Limited,Yes,No,Working Class Urban,Approved
5729,4793,Male,Black,74,Over 60,16743.65,643,351283,Full-time,High School,Citizen,Fluent,No,Yes,Rural,Denied
5730,2756,Male,Native American,69,Over 60,170357.37,812,164739,Full-time,Bachelor's,Citizen,Fluent,No,No,High-income Suburban,Approved
5731,9451,Non-binary,White,78,Over 60,101250.11,750,393335,Part-time,High School,Permanent Resident,Fluent,No,No,Urban Professional,Approved
5732,8153,Male,White,68,Over 60,249289.39,832,279918,Full-time,Graduate,Citizen,Fluent,Yes,No,Urban Professional,Approved
5733,9071,Male,Hispanic,51,25-60,88580.08,737,344864,Part-time,Bachelor's,Citizen,Fluent,No,No,Working Class Urban,Approved
5734,559,Female,Hispanic,27,25-60,56062.97,636,440989,Full-time,High School,Citizen,Fluent,No,No,Working Class Urban,Approved
5735,3501,Female,Black,22,Under 25,58976.29,617,65242,Part-time,Bachelor's,Permanent Resident,Limited,Yes,No,Working Class Urban,Approved
5736,6089,Female,White,44,25-60,64337.98,658,424812,Full-time,Bachelor's,Permanent Resident,Fluent,No,No,Working Class Urban,Approved
5737,4614,Female,Black,48,25-60,41475.68,675,439976,Full-time,High School,Citizen,Fluent,No,No,Historically Redlined,Approved
5738,9734,Female,Asian,29,25-60,31897.77,632,239953,Full-time,Some College,Citizen,Limited,No,No,Working Class Urban,Denied
5739,4269,Female,White,78,Over 60,43310.62,671,88777,Full-time,High School,Permanent Resident,Limited,No,Yes,Urban Professional,Denied
5740,4848,Male,Hispanic,36,25-60,45413.95,665,296077,Full-time,High School,Citizen,Fluent,No,No,Working Class Urban,Denied
5741,7240,Male,Hispanic,70,Over 60,107537.38,789,359414,Part-time,Some College,Citizen,Fluent,No,No,Urban Professional,Approved
5742,339,Female,Asian,72,Over 60,53372.32,736,246853,Full-time,High School,Citizen,Fluent,Yes,No,Working Class Urban,Approved
5743,971,Female,Black,72,Over 60,28959.72,711,389502,Full-time,High School,Citizen,Fluent,No,No,Historically Redlined,Approved
5744,9344,Male,Hispanic,60,25-60,36779.97,659,190759,Full-time,High School,Citizen,Fluent,No,No,Rural,Denied
5745,2200,Male,White,36,25-60,21323.57,588,303056,Full-time,High School,Citizen,Limited,No,No,Working Class Urban,Denied
5746,657,Male,White,60,25-60,204132.55,705,57917,Part-time,Graduate,Citizen,Fluent,No,No,Urban Professional,Approved
5747,3769,Male,White,52,25-60,150286.12,705,316068,Full-time,Some College,Permanent Resident,Fluent,No,No,High-income Suburban,Approved
5748,2800,Male,White,65,Over 60,200975.98,740,310573,Full-time,Bachelor's,Citizen,Fluent,No,No,Urban Professional,Approved
5749,2730,Male,Asian,45,25-60,127149.4,757,424933,Full-time,Graduate,Citizen,Fluent,No,No,Working Class Urban,Approved
5750,3593,Female,White,52,25-60,88903.25,671,276463,Full-time,Bachelor's,Citizen,Fluent,No,No,Working Class Urban,Denied
5751,7510,Female,Black,23,Under 25,77316.44,567,278067,Full-time,High School,Citizen,Limited,Yes,No,High-income Suburban,Denied
5752,2087,Female,White,52,25-60,26786.29,610,109374,Part-time,High School,Citizen,Limited,No,No,Historically Redlined,Denied
5753,6838,Male,White,81,Over 60,50225.26,780,296992,Full-time,High School,Citizen,Fluent,No,No,Working Class Urban,Approved
5754,4733,Male,Native American,79,Over 60,188462.71,793,60654,Full-time,Bachelor's,Citizen,Fluent,No,No,Urban Professional,Approved
5755,2625,Male,White,77,Over 60,30508.16,643,449302,Unemployed,High School,Citizen,Fluent,No,No,Rural,Denied
5756,9102,Female,Hispanic,26,25-60,128315.4,714,171061,Full-time,Graduate,Citizen,Fluent,No,No,Rural,Approved
5757,3024,Female,White,53,25-60,81687.56,717,428218,Full-time,Bachelor's,Visa Holder,Fluent,No,No,Working Class Urban,Approved
5758,5336,Female,White,55,25-60,62415.97,668,260839,Full-time,Bachelor's,Citizen,Fluent,Yes,No,Historically Redlined,Denied
5759,8197,Female,White,76,Over 60,39493.5,713,216259,Full-time,Some College,Citizen,Fluent,No,No,Working Class Urban,Approved
5760,2009,Female,Hispanic,56,25-60,29599.33,664,156831,Full-time,High School,Citizen,Limited,No,No,Historically Redlined,Denied
5761,458,Female,White,67,Over 60,155987.09,749,191051,Self-employed,Bachelor's,Permanent Resident,Fluent,No,No,Urban Professional,Approved
5762,2138,Male,Black,76,Over 60,109424.0,816,387982,Unemployed,Some College,Citizen,Fluent,No,No,Urban Professional,Approved
5763,7629,Male,White,45,25-60,58774.89,658,268886,Self-employed,Bachelor's,Visa Holder,Fluent,Yes,No,Rural,Denied
5764,2089,Female,White,75,Over 60,232978.75,698,376019,Full-time,Graduate,Visa Holder,Fluent,No,No,High-income Suburban,Approved
5765,7450,Male,Hispanic,26,25-60,109513.71,669,354872,Full-time,Some College,Citizen,Fluent,No,No,Urban Professional,Denied
5766,6608,Male,White,27,25-60,71787.79,654,223419,Full-time,Bachelor's,Citizen,Fluent,No,No,Rural,Denied
5767,4421,Female,Hispanic,39,25-60,54760.66,635,88105,Self-employed,Graduate,Citizen,Limited,No,Yes,Rural,Denied
5768,6401,Female,White,61,Over 60,89914.11,801,95728,Part-time,High School,Citizen,Fluent,No,No,Urban Professional,Approved
5769,1730,Female,White,69,Over 60,97214.73,761,376487,Full-time,High School,Citizen,Fluent,No,No,High-income Suburban,Approved
5770,1597,Female,White,48,25-60,68715.02,657,410570,Full-time,Bachelor's,Citizen,Fluent,No,No,Historically Redlined,Approved
5771,4129,Non-binary,Asian,81,Over 60,28454.8,699,345120,Full-time,High School,Citizen,Limited,No,No,Working Class Urban,Denied
5772,6026,Male,White,58,25-60,113089.54,688,398817,Full-time,Some College,Permanent Resident,Fluent,No,No,Urban Professional,Approved
5773,3725,Male,Hispanic,22,Under 25,203448.92,615,104001,Self-employed,Graduate,Citizen,Fluent,No,Yes,High-income Suburban,Approved
5774,6131,Male,White,58,25-60,111490.16,718,331747,Full-time,Some College,Citizen,Fluent,No,No,Urban Professional,Approved
5775,6511,Female,White,52,25-60,106992.18,712,303110,Full-time,Some College,Citizen,Fluent,No,No,High-income Suburban,Approved
5776,5005,Female,Black,19,Under 25,92438.7,639,413528,Part-time,High School,Citizen,Fluent,No,No,Urban Professional,Approved
5777,2929,Female,Asian,68,Over 60,68865.14,732,187059,Full-time,Bachelor's,Citizen,Limited,No,No,Working Class Urban,Approved
5778,3899,Female,Black,48,25-60,38884.17,669,51971,Full-time,Some College,Permanent Resident,Fluent,No,No,Rural,Denied
5779,8652,Female,White,65,Over 60,54178.93,726,273849,Full-time,Bachelor's,Citizen,Fluent,No,No,Working Class Urban,Approved
5780,2578,Female,Hispanic,54,25-60,20052.89,606,369099,Full-time,High School,Citizen,Fluent,No,No,Historically Redlined,Denied
5781,7841,Male,White,31,25-60,45866.0,660,144753,Part-time,Some College,Visa Holder,Fluent,No,No,Working Class Urban,Denied
5782,5006,Female,White,28,25-60,89754.95,695,250333,Full-time,Bachelor's,Citizen,Limited,Yes,No,High-income Suburban,Approved
5783,5420,Male,White,82,Over 60,63608.63,692,152805,Unemployed,Bachelor's,Citizen,Fluent,No,No,Rural,Approved
5784,3282,Female,Asian,24,Under 25,68259.94,589,93643,Full-time,High School,Citizen,Fluent,Yes,No,High-income Suburban,Denied
5785,1433,Female,White,71,Over 60,52470.4,713,262316,Gig,Some College,Visa Holder,Fluent,No,No,Rural,Denied
5786,3145,Female,White,29,25-60,104767.51,756,80240,Full-time,High School,Citizen,Fluent,No,No,High-income Suburban,Approved
5787,5047,Male,Hispanic,74,Over 60,39624.79,740,403431,Full-time,High School,Citizen,Limited,No,No,Working Class Urban,Denied
5788,9355,Female,Black,40,25-60,68626.45,631,169815,Full-time,High School,Citizen,Limited,Yes,No,Urban Professional,Approved
5789,7427,Female,Black,50,25-60,223226.97,679,107058,Full-time,Bachelor's,Citizen,Fluent,No,No,Urban Professional,Approved
5790,1359,Female,White,61,Over 60,208120.04,728,331990,Part-time,Bachelor's,Citizen,Fluent,No,No,Urban Professional,Approved
5791,9940,Female,White,52,25-60,50390.2,655,234003,Full-time,Bachelor's,Citizen,Fluent,No,No,Historically Redlined,Denied
5792,4232,Non-binary,Multiracial,48,25-60,100285.4,733,294203,Self-employed,Some College,Visa Holder,Fluent,No,No,Urban Professional,Approved
5793,802,Male,White,22,Under 25,49226.55,608,414179,Part-time,High School,Citizen,Fluent,No,No,Rural,Denied
5794,9130,Male,White,81,Over 60,48929.39,719,401088,Full-time,Some College,Citizen,Fluent,No,No,Historically Redlined,Approved
5795,6684,Male,White,44,25-60,154057.91,738,174117,Full-time,Bachelor's,Citizen,Fluent,No,No,Urban Professional,Approved
5796,6997,Male,Black,44,25-60,46099.7,685,438604,Full-time,High School,Citizen,Fluent,No,No,Working Class Urban,Approved
5797,141,Male,White,70,Over 60,48562.33,720,321667,Part-time,Bachelor's,Citizen,Limited,No,No,Working Class Urban,Approved
5798,5112,Female,White,27,25-60,43081.73,687,348581,Full-time,High School,Citizen,Fluent,No,No,Rural,Denied
5799,6787,Female,Asian,19,Under 25,246798.95,726,180442,Part-time,Bachelor's,Citizen,Fluent,No,No,High-income Suburban,Approved
5800,2098,Male,White,37,25-60,82250.59,655,413636,Full-time,Some College,Citizen,Fluent,No,No,Urban Professional,Denied
5801,1043,Female,White,54,25-60,42134.15,686,118249,Full-time,Some College,Permanent Resident,Fluent,Yes,No,Rural,Denied
5802,1249,Female,Hispanic,23,Under 25,99294.2,689,225508,Full-time,Bachelor's,Permanent Resident,Fluent,Yes,No,Working Class Urban,Approved
5803,3124,Male,White,53,25-60,93747.8,672,146833,Part-time,Graduate,Citizen,Fluent,No,No,Working Class Urban,Approved
5804,7274,Male,White,70,Over 60,235925.61,792,182639,Full-time,Graduate,Citizen,Fluent,No,No,Urban Professional,Approved
5805,5030,Female,White,21,Under 25,41973.26,668,362870,Full-time,High School,Citizen,Fluent,No,No,Working Class Urban,Denied
5806,6144,Female,Multiracial,60,25-60,60463.06,668,331252,Part-time,Some College,Permanent Resident,Fluent,No,No,Historically Redlined,Approved
5807,4982,Female,Native American,76,Over 60,81320.41,805,156542,Full-time,High School,Citizen,Fluent,Yes,No,Urban Professional,Denied
5808,9928,Male,White,22,Under 25,110583.03,644,122137,Part-time,High School,Citizen,Fluent,No,No,High-income Suburban,Denied
5809,8346,Female,White,49,25-60,83696.79,710,220124,Part-time,Bachelor's,Citizen,Fluent,No,No,Working Class Urban,Approved
5810,3394,Female,White,55,25-60,91072.02,735,259200,Full-time,Some College,Citizen,Fluent,No,No,Urban Professional,Approved
5811,6683,Female,Black,34,25-60,238503.7,679,83887,Full-time,Graduate,Permanent Resident,Fluent,No,No,Urban Professional,Approved
5812,1036,Female,Black,53,25-60,117387.48,728,330557,Full-time,Some College,Citizen,Fluent,No,No,High-income Suburban,Approved
5813,4787,Male,Asian,75,Over 60,39037.78,764,92674,Gig,High School,Citizen,Fluent,No,No,Rural,Approved
5814,4046,Female,Hispanic,75,Over 60,37547.53,669,157916,Full-time,High School,Citizen,Fluent,No,No,Historically Redlined,Approved
5815,4127,Male,White,39,25-60,105976.01,712,347068,Self-employed,Some College,Citizen,Fluent,No,No,High-income Suburban,Approved
5816,960,Male,Native American,77,Over 60,71158.3,716,229375,Full-time,Some College,Citizen,Limited,No,No,Urban Professional,Approved
5817,7294,Male,White,50,25-60,83786.01,692,306047,Gig,High School,Citizen,Fluent,No,No,High-income Suburban,Approved
5818,1805,Female,White,34,25-60,36949.93,653,256512,Gig,High School,Citizen,Fluent,No,No,Rural,Denied
5819,1117,Female,White,68,Over 60,176820.68,726,235782,Gig,Bachelor's,Citizen,Fluent,Yes,No,Urban Professional,Approved
5820,6274,Male,Hispanic,44,25-60,59732.2,666,100340,Full-time,Some College,Citizen,Fluent,No,No,Working Class Urban,Denied
5821,2991,Female,White,53,25-60,46926.97,720,419841,Gig,High School,Visa Holder,Fluent,No,No,Working Class Urban,Approved
5822,3814,Male,White,71,Over 60,181984.12,742,399836,Full-time,Bachelor's,Citizen,Fluent,No,No,High-income Suburban,Approved
5823,7985,Male,Hispanic,80,Over 60,69212.46,688,359507,Full-time,High School,Citizen,Fluent,No,Yes,Urban Professional,Denied
5824,4806,Male,White,81,Over 60,60781.19,696,362268,Full-time,Bachelor's,Permanent Resident,Fluent,No,No,Working Class Urban,Denied
5825,1392,Female,White,60,25-60,145753.65,748,432738,Full-time,High School,Citizen,Fluent,No,No,High-income Suburban,Approved
5826,5937,Female,White,69,Over 60,125434.05,757,403590,Self-employed,Some College,Citizen,Fluent,No,No,High-income Suburban,Approved
5827,8114,Female,White,72,Over 60,104179.53,780,210297,Full-time,Graduate,Permanent Resident,Fluent,No,No,Rural,Approved
5828,5422,Male,Hispanic,22,Under 25,245574.51,621,234181,Full-time,Graduate,Citizen,Fluent,No,No,High-income Suburban,Denied
5829,5358,Male,White,81,Over 60,43727.84,687,211815,Full-time,Bachelor's,Citizen,Fluent,No,Yes,Rural,Approved
5830,5574,Female,White,48,25-60,37548.75,657,409135,Full-time,Some College,Citizen,Limited,No,No,Rural,Denied
5831,8587,Female,White,48,25-60,119717.95,724,373808,Full-time,High School,Citizen,Fluent,No,No,High-income Suburban,Approved
5832,5307,Female,Asian,33,25-60,12076.03,577,173535,Part-time,Some College,Citizen,Limited,No,No,Historically Redlined,Denied
5833,7500,Female,White,22,Under 25,138868.1,622,124763,Full-time,Bachelor's,Citizen,Fluent,No,No,High-income Suburban,Denied
5834,5023,Male,Black,29,25-60,122086.38,709,308644,Full-time,Bachelor's,Citizen,Limited,No,No,Urban Professional,Approved
5835,3750,Female,White,56,25-60,127317.58,749,191733,Full-time,Graduate,Citizen,Fluent,No,No,Rural,Approved
5836,3806,Female,White,59,25-60,265241.99,693,329327,Gig,Graduate,Citizen,Fluent,No,No,High-income Suburban,Approved
5837,4365,Male,Hispanic,37,25-60,45297.23,693,217731,Full-time,Some College,Citizen,Fluent,Yes,No,Rural,Approved
5838,7818,Male,White,27,25-60,102568.97,694,210877,Full-time,High School,Citizen,Fluent,No,No,High-income Suburban,Approved
5839,4460,Female,White,31,25-60,98252.82,688,403116,Full-time,Some College,Citizen,Fluent,No,No,High-income Suburban,Approved
5840,8783,Female,Hispanic,23,Under 25,119328.97,656,252079,Full-time,High School,Citizen,Fluent,No,No,High-income Suburban,Denied
5841,8132,Male,White,52,25-60,148858.34,689,407985,Self-employed,Some College,Citizen,Fluent,No,No,Urban Professional,Approved
5842,1187,Male,Hispanic,36,25-60,101704.02,693,97565,Full-time,High School,Citizen,Fluent,No,No,Urban Professional,Approved
5843,3115,Male,White,21,Under 25,52421.22,591,102172,Full-time,High School,Permanent Resident,Limited,No,No,Urban Professional,Denied
5844,6367,Female,White,33,25-60,247000.47,705,65761,Part-time,Graduate,Citizen,Fluent,No,No,Urban Professional,Approved
5845,862,Male,Hispanic,55,25-60,83615.6,740,161422,Full-time,High School,Visa Holder,Limited,No,No,High-income Suburban,Approved
5846,2493,Female,White,70,Over 60,77308.4,704,221605,Full-time,High School,Citizen,Fluent,No,No,Urban Professional,Approved
5847,4752,Female,Hispanic,75,Over 60,115995.23,793,65596,Full-time,High School,Citizen,Fluent,No,No,High-income Suburban,Approved
5848,308,Female,Asian,41,25-60,148871.02,719,262295,Full-time,Bachelor's,Citizen,Fluent,No,No,Urban Professional,Approved
5849,92,Male,White,53,25-60,171083.73,665,76077,Full-time,Bachelor's,Citizen,Fluent,No,No,High-income Suburban,Denied
5850,1028,Male,White,79,Over 60,154165.23,752,193281,Full-time,Bachelor's,Citizen,Fluent,No,No,High-income Suburban,Approved
5851,8230,Male,White,54,25-60,186117.03,730,231268,Full-time,Bachelor's,Citizen,Fluent,No,No,High-income Suburban,Approved
5852,2345,Male,White,69,Over 60,42037.96,722,443790,Full-time,Some College,Citizen,Fluent,No,No,Rural,Approved
5853,9085,Female,White,61,Over 60,89840.29,761,408130,Full-time,Some College,Citizen,Fluent,No,No,High-income Suburban,Approved
5854,656,Male,White,29,25-60,149250.78,720,328237,Full-time,Some College,Citizen,Fluent,No,No,High-income Suburban,Approved
5855,3961,Female,White,64,Over 60,51139.91,698,227482,Full-time,Bachelor's,Citizen,Fluent,No,Yes,Historically Redlined,Denied
5856,6355,Female,White,80,Over 60,55262.19,702,78576,Full-time,Bachelor's,Citizen,Fluent,No,No,Historically Redlined,Approved
5857,4702,Female,White,34,25-60,143625.81,723,123583,Full-time,Some College,Permanent Resident,Fluent,No,No,High-income Suburban,Approved
5858,1000,Male,Black,57,25-60,94623.92,709,105532,Full-time,High School,Citizen,Fluent,No,No,Urban Professional,Approved
5859,8048,Male,White,49,25-60,21625.24,578,146178,Part-time,High School,Citizen,Limited,No,No,Rural,Denied
5860,8970,Male,White,35,25-60,173863.22,752,415284,Full-time,Bachelor's,Citizen,Fluent,No,No,Urban Professional,Approved
5861,3518,Female,Multiracial,52,25-60,228142.31,710,145633,Full-time,Graduate,Citizen,Fluent,No,No,Urban Professional,Approved
5862,9156,Male,Hispanic,56,25-60,66925.47,580,323556,Full-time,High School,Citizen,Fluent,No,No,Urban Professional,Approved
5863,452,Male,White,70,Over 60,87597.82,693,364378,Self-employed,High School,Citizen,Fluent,No,No,High-income Suburban,Approved
5864,7212,Non-binary,White,31,25-60,244971.92,719,331596,Full-time,Bachelor's,Citizen,Fluent,No,No,High-income Suburban,Approved
5865,5674,Female,White,26,25-60,113153.13,655,170147,Self-employed,High School,Citizen,Fluent,No,No,Urban Professional,Denied
5866,4160,Male,Hispanic,46,25-60,102300.06,708,284902,Full-time,High School,Visa Holder,Fluent,No,No,High-income Suburban,Approved
5867,7438,Male,White,50,25-60,44320.93,691,411934,Self-employed,Bachelor's,Citizen,Fluent,No,No,Rural,Approved
5868,3367,Male,White,67,Over 60,54052.91,644,344688,Full-time,Bachelor's,Citizen,Fluent,No,No,Rural,Approved
5869,5053,Male,White,72,Over 60,48737.27,708,77555,Self-employed,Some College,Citizen,Limited,No,No,Working Class Urban,Approved
5870,2215,Female,Hispanic,40,25-60,70155.57,604,278432,Full-time,High School,Citizen,Fluent,No,Yes,Urban Professional,Approved
5871,4945,Male,Black,19,Under 25,87509.58,567,214190,Full-time,Bachelor's,Permanent Resident,Fluent,Yes,No,Historically Redlined,Denied
5872,4925,Female,White,64,Over 60,61049.31,705,246575,Full-time,High School,Citizen,Fluent,No,No,Working Class Urban,Approved
5873,7452,Female,Black,69,Over 60,45368.14,689,105546,Full-time,High School,Citizen,Fluent,No,No,Rural,Approved
5874,7901,Male,White,23,Under 25,37589.7,583,374472,Full-time,Some College,Citizen,Fluent,No,No,Rural,Approved
5875,8736,Female,Hispanic,54,25-60,86742.44,757,310684,Full-time,Bachelor's,Citizen,Fluent,Yes,No,Historically Redlined,Approved
5876,9635,Female,White,64,Over 60,250723.43,804,315273,Full-time,Graduate,Citizen,Fluent,Yes,No,Urban Professional,Approved
5877,3303,Male,Asian,73,Over 60,134611.84,765,375242,Full-time,Graduate,Permanent Resident,Fluent,No,No,Working Class Urban,Approved
5878,7830,Female,Black,36,25-60,62012.78,661,376743,Full-time,Some College,Citizen,Fluent,No,No,Working Class Urban,Denied
5879,7622,Male,White,51,25-60,100728.93,705,210774,Gig,High School,Citizen,Fluent,No,No,High-income Suburban,Approved
5880,4744,Male,Hispanic,38,25-60,119392.34,765,110408,Gig,High School,Citizen,Fluent,No,No,High-income Suburban,Approved
5881,4142,Female,Asian,39,25-60,89758.87,738,314900,Full-time,Graduate,Citizen,Fluent,No,No,Rural,Approved
5882,6312,Male,Hispanic,46,25-60,47745.07,667,200287,Full-time,High School,Citizen,Fluent,No,No,Working Class Urban,Approved
5883,8385,Male,Hispanic,52,25-60,49582.47,650,400254,Gig,High School,Citizen,Fluent,No,No,Working Class Urban,Approved
5884,3172,Female,White,39,25-60,78713.53,674,159879,Unemployed,Some College,Citizen,Fluent,No,No,Urban Professional,Approved
5885,8543,Male,White,78,Over 60,61191.19,751,334815,Self-employed,High School,Citizen,Limited,No,No,High-income Suburban,Approved
5886,2151,Male,White,44,25-60,43380.64,661,326227,Full-time,High School,Citizen,Fluent,No,No,Historically Redlined,Denied
5887,3475,Female,Multiracial,68,Over 60,112757.79,710,276263,Part-time,Some College,Citizen,Fluent,No,No,Urban Professional,Approved
5888,5534,Male,White,65,Over 60,77942.59,762,406367,Full-time,Bachelor's,Permanent Resident,Fluent,No,No,Historically Redlined,Approved
5889,3892,Non-binary,White,60,25-60,96755.5,709,246383,Part-time,Some College,Citizen,Fluent,No,No,Urban Professional,Approved
5890,8871,Female,White,72,Over 60,27594.91,645,158762,Full-time,Some College,Citizen,Limited,No,No,Working Class Urban,Denied
5891,8467,Male,Black,25,25-60,101192.79,760,112810,Part-time,Some College,Citizen,Fluent,No,No,High-income Suburban,Approved
5892,3395,Male,Black,37,25-60,187026.18,730,418422,Self-employed,Bachelor's,Citizen,Fluent,No,No,Urban Professional,Approved
5893,6221,Female,White,33,25-60,102604.86,695,427562,Full-time,Bachelor's,Citizen,Fluent,No,No,Working Class Urban,Approved
5894,8151,Male,White,38,25-60,240706.04,750,142780,Part-time,Graduate,Citizen,Limited,Yes,No,High-income Suburban,Approved
5895,4468,Female,White,20,Under 25,45447.71,623,347148,Full-time,Some College,Citizen,Fluent,No,No,Rural,Denied
5896,600,Male,Hispanic,60,25-60,290963.17,747,76691,Full-time,Graduate,Permanent Resident,Fluent,No,No,High-income Suburban,Approved
5897,8452,Female,White,69,Over 60,28915.56,641,278065,Full-time,High School,Citizen,Fluent,No,Yes,Historically Redlined,Denied
5898,2853,Male,White,56,25-60,105464.16,667,395469,Gig,Some College,Citizen,Fluent,No,No,Urban Professional,Approved
5899,3227,Female,Black,62,Over 60,119078.63,731,97067,Full-time,Some College,Citizen,Fluent,No,Yes,High-income Suburban,Approved
5900,9442,Female,White,18,Under 25,100864.24,630,376659,Full-time,Graduate,Citizen,Fluent,No,No,Rural,Approved
5901,8293,Male,White,34,25-60,52262.58,688,367953,Full-time,Bachelor's,Citizen,Fluent,No,Yes,Rural,Denied
5902,4430,Male,White,35,25-60,177659.43,729,343092,Part-time,Bachelor's,Visa Holder,Fluent,No,No,Urban Professional,Approved
5903,5626,Female,Asian,24,Under 25,35658.27,522,172471,Full-time,High School,Permanent Resident,Fluent,No,No,Rural,Denied
5904,3197,Male,White,40,25-60,28061.31,608,119780,Full-time,High School,Citizen,Fluent,Yes,No,Rural,Denied
5905,8984,Female,Asian,76,Over 60,52938.31,710,340926,Full-time,Bachelor's,Citizen,Limited,No,No,Rural,Denied
5906,7709,Male,White,60,25-60,129471.28,747,68010,Part-time,Some College,Citizen,Fluent,No,No,Urban Professional,Approved
5907,8113,Female,Hispanic,51,25-60,26117.77,584,192998,Full-time,High School,Visa Holder,Fluent,No,Yes,Working Class Urban,Denied
5908,8221,Male,White,49,25-60,76793.37,628,145057,Full-time,Bachelor's,Citizen,Fluent,No,No,Historically Redlined,Denied
5909,6834,Male,Black,61,Over 60,105481.11,788,245883,Self-employed,Bachelor's,Citizen,Limited,No,No,High-income Suburban,Approved
5910,3202,Female,Hispanic,63,Over 60,136038.69,740,268630,Full-time,Some College,Permanent Resident,Fluent,No,No,High-income Suburban,Approved
5911,8800,Female,Asian,76,Over 60,118074.06,794,221878,Part-time,Graduate,Visa Holder,Fluent,No,No,Working Class Urban,Approved
5912,7306,Non-binary,White,72,Over 60,270396.99,796,404310,Full-time,Graduate,Permanent Resident,Fluent,No,No,Urban Professional,Approved
5913,7674,Male,White,70,Over 60,49538.33,734,337149,Part-time,High School,Citizen,Fluent,No,No,Working Class Urban,Approved
5914,9424,Male,White,53,25-60,153726.03,678,154272,Full-time,Some College,Citizen,Fluent,Yes,No,High-income Suburban,Approved
5915,2673,Male,White,76,Over 60,156198.59,763,228122,Full-time,Bachelor's,Permanent Resident,Limited,No,No,High-income Suburban,Approved
5916,8407,Female,White,78,Over 60,25602.51,693,344048,Full-time,Some College,Citizen,Limited,No,No,Historically Redlined,Approved
5917,2092,Female,Hispanic,37,25-60,70453.08,652,131119,Part-time,Bachelor's,Citizen,Fluent,No,Yes,Working Class Urban,Denied
5918,6796,Female,White,22,Under 25,40624.64,621,361876,Part-time,High School,Citizen,Limited,No,No,Working Class Urban,Denied
5919,3766,Male,White,26,25-60,57453.19,681,153747,Self-employed,Some College,Citizen,Fluent,No,No,Working Class Urban,Approved
5920,4747,Male,White,53,25-60,162368.03,764,226402,Full-time,Bachelor's,Permanent Resident,Fluent,No,No,High-income Suburban,Approved
5921,8784,Male,Hispanic,20,Under 25,90403.07,635,193637,Self-employed,Bachelor's,Permanent Resident,Fluent,No,No,Working Class Urban,Denied
5922,5697,Female,White,68,Over 60,312533.15,793,431880,Part-time,Graduate,Citizen,Fluent,No,No,High-income Suburban,Approved
5923,7934,Female,White,52,25-60,62465.85,643,293309,Gig,High School,Citizen,Fluent,No,No,Working Class Urban,Approved
5924,4937,Female,White,56,25-60,65571.54,626,147848,Part-time,Bachelor's,Citizen,Fluent,No,No,Historically Redlined,Denied
5925,292,Female,White,69,Over 60,34763.79,640,147100,Full-time,High School,Citizen,Fluent,No,No,Working Class Urban,Denied
5926,2438,Female,Native American,49,25-60,46495.91,699,94064,Full-time,Some College,Citizen,Fluent,No,No,Rural,Denied
5927,3179,Male,Hispanic,30,25-60,137294.19,718,332734,Full-time,High School,Citizen,Fluent,No,No,High-income Suburban,Approved
5928,2437,Female,White,66,Over 60,130340.22,802,106551,Full-time,Some College,Citizen,Fluent,No,No,High-income Suburban,Approved
5929,7791,Female,White,24,Under 25,22035.93,527,122889,Self-employed,High School,Citizen,Limited,No,No,Working Class Urban,Denied
5930,5562,Female,White,64,Over 60,92482.65,727,105042,Part-time,Some College,Citizen,Fluent,No,No,Urban Professional,Approved
5931,4838,Female,White,26,25-60,69462.49,721,241231,Gig,Bachelor's,Citizen,Fluent,No,No,Working Class Urban,Approved
5932,5272,Female,Black,33,25-60,36136.53,659,310421,Full-time,Some College,Citizen,Fluent,No,No,Working Class Urban,Denied
5933,7076,Male,Hispanic,64,Over 60,50281.32,716,374078,Part-time,Some College,Citizen,Fluent,No,No,Rural,Approved
5934,6552,Female,White,72,Over 60,86244.16,770,385165,Part-time,Bachelor's,Citizen,Fluent,No,No,Working Class Urban,Approved
5935,2116,Female,White,39,25-60,35494.64,672,61533,Part-time,Some College,Citizen,Fluent,No,No,Historically Redlined,Approved
5936,7145,Male,Hispanic,19,Under 25,46964.82,615,116973,Full-time,High School,Citizen,Fluent,No,No,Rural,Denied
5937,5575,Female,White,80,Over 60,81456.63,787,82264,Full-time,High School,Citizen,Fluent,No,No,Urban Professional,Approved
5938,2398,Male,Hispanic,35,25-60,38289.74,687,240462,Full-time,Some College,Citizen,Fluent,No,No,Rural,Approved
5939,4606,Female,White,66,Over 60,119951.96,712,64397,Gig,Graduate,Citizen,Fluent,No,No,Working Class Urban,Approved
5940,1647,Male,White,31,25-60,74253.78,652,200563,Full-time,Bachelor's,Citizen,Fluent,No,No,Historically Redlined,Denied
5941,6867,Male,White,44,25-60,166056.53,769,189167,Full-time,Some College,Permanent Resident,Fluent,No,No,High-income Suburban,Approved
5942,353,Male,Black,29,25-60,54836.94,650,419588,Full-time,High School,Citizen,Limited,No,No,Urban Professional,Denied
5943,6343,Female,White,81,Over 60,184404.03,778,113458,Unemployed,Graduate,Visa Holder,Fluent,No,No,Working Class Urban,Approved
5944,682,Male,Hispanic,67,Over 60,64992.46,614,424953,Full-time,High School,Citizen,Fluent,No,Yes,Urban Professional,Approved
5945,852,Male,White,50,25-60,60880.13,706,415326,Self-employed,Some College,Citizen,Fluent,No,No,Working Class Urban,Approved
5946,4404,Female,Black,79,Over 60,46299.54,712,210918,Full-time,Some College,Citizen,Fluent,No,No,Working Class Urban,Approved
5947,3941,Male,Hispanic,71,Over 60,68292.03,690,191297,Full-time,High School,Citizen,Limited,No,No,High-income Suburban,Approved
5948,1870,Male,Hispanic,30,25-60,84652.09,730,376574,Full-time,High School,Citizen,Limited,No,No,High-income Suburban,Approved
5949,15,Male,White,23,Under 25,155489.08,685,411671,Full-time,Bachelor's,Citizen,Fluent,No,No,Urban Professional,Approved
5950,7426,Female,White,32,25-60,44685.8,681,63939,Full-time,High School,Citizen,Fluent,No,No,Rural,Denied
5951,7482,Male,Hispanic,69,Over 60,67090.06,704,278326,Full-time,Bachelor's,Citizen,Fluent,No,No,Rural,Denied
5952,7820,Female,Hispanic,69,Over 60,42245.58,686,305520,Part-time,High School,Permanent Resident,Fluent,No,No,Working Class Urban,Approved
5953,52,Female,Asian,37,25-60,95957.44,748,371411,Self-employed,Graduate,Citizen,Fluent,No,No,Working Class Urban,Approved
5954,2455,Female,White,54,25-60,43871.64,688,211076,Full-time,Bachelor's,Citizen,Fluent,No,No,Rural,Denied
5955,5341,Female,Hispanic,64,Over 60,47681.62,719,189912,Gig,High School,Citizen,Fluent,No,No,Historically Redlined,Denied
5956,8040,Male,Hispanic,44,25-60,73884.67,639,237108,Full-time,High School,Citizen,Fluent,No,No,High-income Suburban,Denied
5957,4386,Female,Asian,18,Under 25,80981.6,687,230706,Full-time,Bachelor's,Citizen,Fluent,No,No,Rural,Approved
5958,3140,Female,White,52,25-60,37634.35,716,401324,Full-time,Some College,Citizen,Fluent,No,No,Historically Redlined,Approved
5959,4491,Male,Hispanic,80,Over 60,56409.76,683,175501,Part-time,Bachelor's,Citizen,Fluent,No,No,Historically Redlined,Approved
5960,9332,Female,White,36,25-60,88885.35,698,109720,Full-time,Some College,Citizen,Limited,No,No,High-income Suburban,Approved
5961,6175,Female,White,68,Over 60,43809.92,731,68436,Full-time,Bachelor's,Citizen,Limited,No,No,Rural,Approved
5962,7850,Male,Hispanic,74,Over 60,64766.93,697,358704,Full-time,Some College,Permanent Resident,Limited,No,No,Urban Professional,Approved
5963,3770,Female,White,59,25-60,111137.28,705,158947,Part-time,Some College,Citizen,Fluent,No,No,Urban Professional,Approved
5964,3849,Female,White,56,25-60,52820.43,645,414451,Full-time,High School,Citizen,Fluent,No,No,Working Class Urban,Denied
5965,8244,Female,Multiracial,44,25-60,87423.14,699,214277,Full-time,Some College,Permanent Resident,Limited,Yes,No,Urban Professional,Approved
5966,6596,Female,Hispanic,34,25-60,83785.94,717,275216,Full-time,High School,Citizen,Fluent,No,No,Urban Professional,Approved
5967,1112,Female,White,63,Over 60,151343.44,750,169015,Full-time,Some College,Citizen,Fluent,Yes,No,Urban Professional,Approved
5968,3120,Male,White,47,25-60,190011.88,737,220289,Part-time,Bachelor's,Citizen,Fluent,No,No,High-income Suburban,Approved
5969,6945,Male,White,22,Under 25,71834.25,584,143324,Full-time,Bachelor's,Citizen,Fluent,No,No,Working Class Urban,Approved
5970,2288,Female,White,31,25-60,52939.2,627,206937,Full-time,Some College,Citizen,Fluent,No,No,Rural,Denied
5971,8724,Male,Hispanic,68,Over 60,140367.7,793,385636,Full-time,Bachelor's,Citizen,Fluent,No,No,Urban Professional,Approved
5972,8562,Male,Asian,60,25-60,99442.42,765,369252,Full-time,Graduate,Permanent Resident,Fluent,No,No,Rural,Approved
5973,3555,Male,Hispanic,75,Over 60,100162.71,756,277272,Self-employed,High School,Citizen,Fluent,No,No,High-income Suburban,Approved
5974,302,Female,White,54,25-60,37736.82,698,108893,Full-time,High School,Permanent Resident,Fluent,No,No,Working Class Urban,Approved
5975,6842,Female,White,32,25-60,69626.71,716,376632,Self-employed,Bachelor's,Permanent Resident,Fluent,No,No,Historically Redlined,Approved
5976,2584,Male,White,66,Over 60,77536.89,703,224510,Full-time,Some College,Citizen,Fluent,No,Yes,Urban Professional,Denied
5977,128,Female,White,67,Over 60,204786.37,822,363888,Full-time,Bachelor's,Citizen,Fluent,No,No,High-income Suburban,Approved
5978,9128,Male,White,38,25-60,141578.2,735,340635,Full-time,Bachelor's,Permanent Resident,Fluent,No,No,Urban Professional,Approved
5979,6754,Female,White,26,25-60,29872.04,619,282242,Full-time,Some College,Citizen,Fluent,Yes,No,Historically Redlined,Denied
5980,2974,Female,White,76,Over 60,32504.43,604,101455,Full-time,High School,Citizen,Fluent,No,No,Working Class Urban,Denied
5981,4035,Male,White,25,25-60,20475.08,525,216918,Self-employed,High School,Citizen,Fluent,No,Yes,Rural,Denied
5982,6017,Female,Black,80,Over 60,197527.28,803,340140,Full-time,Bachelor's,Citizen,Fluent,No,No,Urban Professional,Approved
5983,1449,Female,White,50,25-60,95361.1,686,268695,Full-time,High School,Visa Holder,Fluent,No,No,Urban Professional,Approved
5984,5664,Female,Hispanic,52,25-60,90766.42,773,331706,Full-time,Some College,Citizen,Fluent,No,No,Urban Professional,Approved
5985,4497,Male,Asian,30,25-60,240034.25,731,259616,Full-time,Graduate,Citizen,Fluent,No,No,Urban Professional,Approved
5986,4145,Male,White,50,25-60,88399.36,731,66948,Full-time,Some College,Citizen,Fluent,No,No,Urban Professional,Denied
5987,3897,Male,White,66,Over 60,57593.3,756,317072,Full-time,Some College,Permanent Resident,Fluent,No,No,Working Class Urban,Approved
5988,2082,Female,White,33,25-60,118021.61,668,91334,Full-time,Some College,Citizen,Fluent,No,No,Urban Professional,Approved
5989,1424,Male,Hispanic,65,Over 60,115785.37,766,359001,Full-time,High School,Citizen,Fluent,No,No,Urban Professional,Approved
5990,306,Male,Asian,36,25-60,115521.0,746,196585,Full-time,Some College,Citizen,Fluent,No,No,Urban Professional,Approved
5991,9846,Female,White,56,25-60,42978.93,633,271460,Gig,Some College,Citizen,Limited,No,No,Historically Redlined,Denied
5992,1242,Female,White,25,25-60,132144.73,711,372911,Self-employed,Some College,Citizen,Fluent,No,No,Urban Professional,Approved
5993,3354,Male,White,71,Over 60,284173.56,806,60645,Full-time,Graduate,Citizen,Fluent,No,No,Urban Professional,Approved
5994,8189,Male,Hispanic,63,Over 60,135249.33,811,316029,Part-time,Some College,Citizen,Fluent,No,No,Urban Professional,Approved
5995,8208,Female,White,68,Over 60,279066.55,748,379447,Full-time,Graduate,Citizen,Fluent,No,No,High-income Suburban,Approved
5996,2764,Male,White,79,Over 60,40367.45,764,441920,Full-time,High School,Citizen,Fluent,No,No,Working Class Urban,Approved
5997,3181,Female,Hispanic,81,Over 60,43528.39,735,343752,Full-time,High School,Citizen,Fluent,No,No,Working Class Urban,Approved
5998,4234,Female,White,62,Over 60,125898.25,773,403213,Full-time,Some College,Permanent Resident,Fluent,No,No,Urban Professional,Approved
5999,5527,Male,Hispanic,75,Over 60,54868.45,688,67513,Full-time,High School,Citizen,Fluent,No,Yes,Urban Professional,Denied
6000,169,Female,Hispanic,56,25-60,43198.5,677,91769,Part-time,High School,Citizen,Fluent,No,No,Rural,Approved
6001,9468,Male,White,58,25-60,10794.41,643,384623,Full-time,High School,Citizen,Limited,No,Yes,Working Class Urban,Denied
6002,5991,Female,White,50,25-60,191209.93,794,334108,Full-time,Bachelor's,Citizen,Fluent,No,No,High-income Suburban,Approved
6003,8105,Male,White,29,25-60,34411.42,620,396467,Full-time,High School,Citizen,Fluent,No,No,Rural,Denied
6004,6855,Female,White,27,25-60,97903.39,729,105385,Part-time,High School,Citizen,Fluent,No,No,Urban Professional,Approved
6005,9847,Female,Black,71,Over 60,37192.11,756,107146,Self-employed,High School,Citizen,Limited,No,No,Working Class Urban,Approved
6006,4997,Female,White,24,Under 25,148583.76,673,140654,Part-time,Bachelor's,Citizen,Fluent,No,No,Urban Professional,Approved
6007,9052,Female,White,45,25-60,37731.39,702,200620,Full-time,Some College,Citizen,Fluent,No,No,Historically Redlined,Denied
6008,7584,Male,White,59,25-60,206159.15,757,286720,Full-time,Bachelor's,Citizen,Fluent,No,No,Urban Professional,Approved
6009,3408,Female,White,71,Over 60,187458.39,764,230960,Part-time,Bachelor's,Citizen,Fluent,No,No,High-income Suburban,Approved
6010,7457,Male,White,61,Over 60,44364.93,745,273308,Full-time,Some College,Citizen,Fluent,No,No,Rural,Approved
6011,8996,Male,Black,70,Over 60,102242.14,823,247254,Full-time,High School,Citizen,Fluent,Yes,No,High-income Suburban,Approved
6012,1305,Male,Hispanic,59,25-60,44054.05,658,419227,Part-time,High School,Citizen,Fluent,Yes,No,Working Class Urban,Denied
6013,3343,Male,Multiracial,27,25-60,47448.43,690,323404,Full-time,Some College,Citizen,Fluent,No,No,Historically Redlined,Denied
6014,7632,Male,White,32,25-60,61071.46,670,393547,Part-time,Some College,Citizen,Limited,No,No,Urban Professional,Approved
6015,9541,Female,White,29,25-60,41064.84,680,353828,Self-employed,High School,Citizen,Fluent,No,No,Working Class Urban,Approved
6016,4210,Non-binary,White,28,25-60,176564.34,748,327768,Gig,Bachelor's,Citizen,Fluent,No,No,High-income Suburban,Approved
6017,4281,Female,Black,66,Over 60,164497.61,793,447021,Part-time,Bachelor's,Citizen,Fluent,No,No,Urban Professional,Approved
6018,2947,Female,Black,40,25-60,168072.47,685,301950,Full-time,Bachelor's,Citizen,Fluent,Yes,No,Urban Professional,Approved
6019,4761,Male,Hispanic,51,25-60,152991.24,749,66595,Self-employed,Graduate,Citizen,Limited,No,No,High-income Suburban,Approved
6020,2055,Female,Native American,18,Under 25,61656.91,612,120707,Full-time,High School,Citizen,Fluent,No,No,Working Class Urban,Denied
6021,6949,Male,Hispanic,60,25-60,113313.49,703,89923,Gig,High School,Citizen,Fluent,No,No,Urban Professional,Approved
6022,8118,Male,White,41,25-60,65461.22,720,401235,Part-time,Some College,Visa Holder,Fluent,No,No,Working Class Urban,Approved
6023,9232,Female,Hispanic,33,25-60,60030.24,656,208327,Full-time,Some College,Citizen,Fluent,No,No,Rural,Denied
6024,2525,Female,White,33,25-60,50409.86,686,204956,Full-time,Some College,Permanent Resident,Fluent,No,No,Historically Redlined,Denied
6025,4014,Female,White,74,Over 60,117310.53,800,120468,Full-time,Graduate,Citizen,Fluent,No,No,Working Class Urban,Approved
6026,9591,Male,Asian,74,Over 60,60076.87,757,414352,Self-employed,Some College,Citizen,Fluent,No,No,Working Class Urban,Approved
6027,1116,Female,Asian,31,25-60,118628.5,689,150818,Full-time,Graduate,Citizen,Fluent,No,No,Working Class Urban,Approved
6028,367,Male,White,38,25-60,78340.67,685,105673,Full-time,Bachelor's,Citizen,Fluent,Yes,No,Historically Redlined,Approved
6029,8032,Female,Hispanic,53,25-60,115018.4,749,147641,Full-time,Some College,Citizen,Fluent,No,No,Urban Professional,Approved
6030,2663,Male,White,32,25-60,41221.25,658,125793,Full-time,Some College,Citizen,Fluent,Yes,No,Rural,Denied
6031,5877,Female,White,25,25-60,31850.07,628,111872,Part-time,High School,Permanent Resident,Fluent,No,No,Rural,Denied
6032,8684,Male,White,43,25-60,67396.04,753,81390,Part-time,Graduate,Citizen,Fluent,No,No,Rural,Approved
6033,1522,Male,White,63,Over 60,182363.63,737,316352,Gig,Bachelor's,Citizen,Fluent,No,No,High-income Suburban,Approved
6034,405,Female,White,32,25-60,166762.2,695,353492,Full-time,Some College,Citizen,Fluent,No,No,High-income Suburban,Approved
6035,5858,Non-binary,White,28,25-60,67790.77,701,285271,Full-time,Bachelor's,Citizen,Fluent,No,No,Rural,Approved
6036,4858,Male,Asian,66,Over 60,277547.29,832,428015,Full-time,Graduate,Citizen,Fluent,No,No,High-income Suburban,Approved
6037,3047,Male,Asian,46,25-60,40878.25,659,265918,Gig,Some College,Citizen,Fluent,No,No,Working Class Urban,Denied
6038,9183,Female,White,74,Over 60,22648.33,625,204574,Gig,High School,Citizen,Limited,No,No,Rural,Denied
6039,89,Male,Black,25,25-60,36671.27,719,383318,Part-time,High School,Citizen,Fluent,No,No,Historically Redlined,Approved
6040,991,Male,Hispanic,49,25-60,77728.79,668,146362,Full-time,Some College,Permanent Resident,Limited,No,No,High-income Suburban,Approved
6041,9411,Male,Asian,75,Over 60,105358.68,710,359058,Full-time,Some College,Citizen,Fluent,No,No,Urban Professional,Approved
6042,3318,Female,White,35,25-60,103260.04,735,334947,Part-time,Some College,Citizen,Fluent,No,No,Urban Professional,Approved
6043,2796,Male,White,18,Under 25,101675.21,669,389902,Part-time,Some College,Citizen,Fluent,No,No,High-income Suburban,Approved
6044,8367,Female,White,37,25-60,97105.08,713,257822,Full-time,High School,Citizen,Fluent,No,No,Urban Professional,Denied
6045,708,Female,White,80,Over 60,46915.25,726,168965,Full-time,Some College,Permanent Resident,Fluent,No,No,Rural,Approved
6046,9605,Female,Black,51,25-60,104171.74,687,396582,Full-time,Some College,Citizen,Fluent,Yes,No,Urban Professional,Approved
6047,5845,Female,Black,49,25-60,48853.48,615,133785,Full-time,High School,Citizen,Limited,No,No,Urban Professional,Denied
6048,2211,Female,Hispanic,45,25-60,98889.77,727,106644,Part-time,Graduate,Citizen,Fluent,No,No,Historically Redlined,Approved
6049,7993,Male,White,57,25-60,59947.7,714,139077,Self-employed,Some College,Citizen,Fluent,No,No,Working Class Urban,Approved
6050,5248,Male,White,46,25-60,47329.42,665,267597,Full-time,Some College,Citizen,Fluent,Yes,No,Working Class Urban,Denied
6051,6192,Male,White,44,25-60,35278.49,721,97721,Self-employed,Some College,Citizen,Fluent,No,No,Rural,Approved
6052,7899,Male,Black,45,25-60,25864.07,595,106259,Gig,Bachelor's,Citizen,Limited,No,Yes,Rural,Denied
6053,7143,Male,Multiracial,21,Under 25,68836.74,600,206561,Self-employed,Some College,Citizen,Limited,No,No,Urban Professional,Denied
6054,5086,Male,White,77,Over 60,196087.92,758,130651,Full-time,Graduate,Citizen,Fluent,No,No,High-income Suburban,Approved
6055,2385,Male,Asian,73,Over 60,75488.86,741,188849,Full-time,Some College,Permanent Resident,Fluent,No,No,Working Class Urban,Approved
6056,1310,Male,White,68,Over 60,90651.01,762,123988,Full-time,Some College,Citizen,Fluent,No,No,High-income Suburban,Approved
6057,8846,Female,White,63,Over 60,45263.95,732,396223,Part-time,Some College,Citizen,Fluent,No,No,Historically Redlined,Approved
6058,3789,Female,Black,63,Over 60,213942.14,772,270910,Full-time,Bachelor's,Citizen,Fluent,No,No,High-income Suburban,Approved
6059,3268,Female,White,38,25-60,101733.48,719,400618,Part-time,High School,Citizen,Fluent,Yes,No,Urban Professional,Approved
6060,6109,Male,White,34,25-60,48253.48,705,187836,Full-time,High School,Citizen,Fluent,No,No,Working Class Urban,Denied
6061,7202,Male,White,40,25-60,38903.12,669,189167,Full-time,High School,Citizen,Fluent,Yes,No,Working Class Urban,Approved
6062,1853,Female,Hispanic,70,Over 60,65759.04,648,111105,Part-time,High School,Citizen,Limited,No,Yes,High-income Suburban,Denied
6063,2579,Female,Black,42,25-60,96227.89,703,247382,Part-time,High School,Citizen,Fluent,No,No,High-income Suburban,Denied
6064,5979,Female,White,72,Over 60,49250.87,744,441680,Full-time,Bachelor's,Permanent Resident,Limited,No,No,Historically Redlined,Denied
6065,12,Male,White,55,25-60,231569.47,710,220274,Self-employed,Graduate,Citizen,Fluent,Yes,No,High-income Suburban,Approved
6066,6444,Male,White,74,Over 60,211507.21,772,152625,Full-time,Graduate,Citizen,Fluent,No,No,Urban Professional,Approved
6067,6436,Male,White,23,Under 25,34309.87,536,219405,Full-time,Some College,Permanent Resident,Limited,Yes,No,Working Class Urban,Denied
6068,3110,Male,Black,68,Over 60,50370.95,641,376921,Full-time,Some College,Citizen,Limited,No,Yes,Urban Professional,Denied
6069,4721,Male,White,52,25-60,84913.25,708,320058,Full-time,Graduate,Citizen,Fluent,No,No,Working Class Urban,Approved
6070,4575,Male,White,30,25-60,30326.4,619,312517,Full-time,Some College,Citizen,Limited,No,No,Rural,Denied
6071,2002,Male,White,72,Over 60,23267.7,723,282308,Full-time,High School,Citizen,Limited,No,No,Rural,Denied
6072,4524,Female,Black,46,25-60,110165.61,710,271403,Full-time,Bachelor's,Citizen,Limited,No,No,Urban Professional,Approved
6073,6724,Male,Black,79,Over 60,50565.44,718,143162,Full-time,Some College,Citizen,Fluent,No,No,Rural,Denied
6074,7881,Male,Black,34,25-60,33190.36,581,397130,Full-time,High School,Citizen,Fluent,No,No,Rural,Denied
6075,8068,Male,White,68,Over 60,88788.73,838,309731,Gig,Some College,Citizen,Limited,No,No,High-income Suburban,Approved
6076,1847,Female,Black,70,Over 60,36631.21,727,84648,Full-time,Some College,Citizen,Limited,No,No,Historically Redlined,Approved
6077,1423,Male,White,50,25-60,112699.83,723,343011,Full-time,Graduate,Permanent Resident,Fluent,No,No,Rural,Approved
6078,3153,Male,White,79,Over 60,60256.64,691,272941,Full-time,High School,Citizen,Fluent,No,Yes,High-income Suburban,Approved
6079,7201,Male,White,53,25-60,29950.47,615,185196,Gig,Some College,Citizen,Fluent,No,No,Historically Redlined,Denied
6080,8187,Male,White,62,Over 60,133038.57,810,158407,Full-time,Some College,Citizen,Fluent,No,No,Urban Professional,Approved
6081,7019,Male,Hispanic,43,25-60,49231.67,624,241840,Part-time,Some College,Citizen,Fluent,Yes,No,Historically Redlined,Denied
6082,9936,Male,Black,35,25-60,148684.17,670,152602,Full-time,High School,Citizen,Fluent,No,No,High-income Suburban,Approved
6083,7304,Male,Black,26,25-60,166299.07,756,56500,Part-time,Bachelor's,Citizen,Fluent,No,No,Urban Professional,Approved
6084,622,Female,White,48,25-60,65909.49,659,162244,Full-time,Some College,Citizen,Fluent,No,No,Working Class Urban,Denied
6085,3533,Female,Hispanic,50,25-60,155968.42,731,98165,Unemployed,Bachelor's,Citizen,Fluent,No,No,Urban Professional,Approved
6086,283,Female,White,19,Under 25,31362.06,543,163712,Full-time,High School,Citizen,Limited,No,No,Rural,Denied
6087,5974,Female,Hispanic,43,25-60,65283.81,652,182224,Full-time,High School,Permanent Resident,Fluent,No,Yes,Urban Professional,Denied
6088,6527,Male,White,44,25-60,79679.6,592,119087,Full-time,Some College,Citizen,Limited,No,No,Urban Professional,Approved
6089,6896,Non-binary,White,68,Over 60,43574.85,726,379084,Full-time,High School,Permanent Resident,Fluent,No,No,Rural,Approved
6090,6105,Male,Hispanic,45,25-60,30882.91,615,381885,Part-time,Bachelor's,Citizen,Fluent,No,Yes,Rural,Denied
6091,7309,Female,White,48,25-60,47453.22,629,401219,Full-time,High School,Citizen,Fluent,No,No,Working Class Urban,Denied
6092,5460,Male,White,76,Over 60,179926.58,759,120430,Full-time,Some College,Permanent Resident,Fluent,No,No,High-income Suburban,Approved
6093,5424,Female,White,61,Over 60,46594.52,740,159051,Part-time,High School,Citizen,Fluent,No,No,Working Class Urban,Approved
6094,6717,Male,White,25,25-60,140817.82,728,370062,Full-time,Some College,Citizen,Fluent,No,No,High-income Suburban,Approved
6095,2402,Female,Hispanic,72,Over 60,49465.34,755,147180,Full-time,High School,Citizen,Fluent,No,No,Rural,Approved
6096,9206,Female,White,30,25-60,141075.44,662,117919,Full-time,Bachelor's,Citizen,Fluent,No,No,High-income Suburban,Approved
6097,7326,Male,Black,66,Over 60,267575.3,807,250890,Part-time,Graduate,Citizen,Fluent,No,No,Urban Professional,Approved
6098,3486,Female,White,66,Over 60,137718.78,793,264912,Gig,Some College,Citizen,Fluent,No,No,High-income Suburban,Approved
6099,1324,Male,White,49,25-60,40052.92,680,379510,Part-time,High School,Citizen,Fluent,No,No,Rural,Approved
6100,6375,Male,White,51,25-60,79217.45,650,440108,Part-time,High School,Citizen,Fluent,No,No,Urban Professional,Approved
6101,8544,Male,White,68,Over 60,124665.75,784,150284,Gig,High School,Citizen,Fluent,No,No,Urban Professional,Approved
6102,6031,Male,White,21,Under 25,139043.02,630,436319,Full-time,Some College,Citizen,Fluent,Yes,No,Urban Professional,Denied
6103,1014,Female,White,40,25-60,42359.15,690,429536,Unemployed,High School,Citizen,Fluent,No,No,Working Class Urban,Approved
6104,5897,Female,Hispanic,65,Over 60,94599.74,739,376311,Gig,Bachelor's,Citizen,Fluent,No,No,Working Class Urban,Denied
6105,2217,Female,White,58,25-60,82451.02,694,257487,Full-time,Graduate,Citizen,Fluent,No,No,Rural,Approved
6106,4064,Female,White,23,Under 25,29521.47,578,76355,Part-time,Some College,Citizen,Limited,No,No,Historically Redlined,Denied
6107,6502,Male,White,30,25-60,119171.95,756,143886,Part-time,High School,Citizen,Fluent,No,No,High-income Suburban,Approved
6108,5178,Male,White,19,Under 25,100815.88,670,256171,Full-time,High School,Citizen,Fluent,No,No,Urban Professional,Approved
6109,7085,Female,Hispanic,22,Under 25,63750.29,606,298485,Part-time,Graduate,Citizen,Limited,No,No,Rural,Denied
6110,3694,Male,White,41,25-60,118729.34,746,437872,Full-time,High School,Citizen,Fluent,No,No,Urban Professional,Approved
6111,4905,Male,White,57,25-60,39164.16,670,350155,Full-time,Some College,Citizen,Fluent,Yes,No,Historically Redlined,Approved
6112,8862,Female,White,40,25-60,193086.92,749,120731,Part-time,Bachelor's,Citizen,Fluent,No,No,High-income Suburban,Approved
6113,5348,Male,Hispanic,29,25-60,141389.89,739,425924,Full-time,Bachelor's,Citizen,Fluent,Yes,No,High-income Suburban,Approved
6114,6773,Male,White,53,25-60,278320.58,740,209733,Gig,Graduate,Citizen,Fluent,No,No,High-income Suburban,Approved
6115,8973,Male,Black,42,25-60,101421.79,738,124361,Full-time,High School,Citizen,Fluent,No,No,High-income Suburban,Approved
6116,3412,Male,White,62,Over 60,68858.45,738,248072,Part-time,Bachelor's,Permanent Resident,Fluent,Yes,No,Working Class Urban,Approved
6117,3860,Male,Hispanic,52,25-60,46259.48,656,372493,Full-time,Some College,Permanent Resident,Fluent,No,No,Historically Redlined,Denied
6118,5822,Female,White,58,25-60,94916.59,699,62331,Full-time,High School,Citizen,Fluent,No,No,High-income Suburban,Denied
6119,6254,Male,White,20,Under 25,86121.2,575,418365,Full-time,Some College,Visa Holder,Fluent,No,Yes,High-income Suburban,Denied
6120,2121,Female,White,49,25-60,75091.82,656,109430,Full-time,Bachelor's,Citizen,Limited,No,No,High-income Suburban,Denied
6121,2907,Female,White,68,Over 60,25004.37,726,256385,Full-time,Some College,Citizen,Limited,No,No,Rural,Approved
6122,5515,Female,White,30,25-60,117475.3,736,355132,Full-time,High School,Visa Holder,Fluent,No,No,Urban Professional,Approved
6123,8280,Female,Hispanic,67,Over 60,26316.17,620,53486,Full-time,High School,Citizen,Fluent,Yes,Yes,Working Class Urban,Denied
6124,1827,Non-binary,White,50,25-60,91386.07,714,408368,Full-time,Bachelor's,Permanent Resident,Fluent,No,No,Working Class Urban,Approved
6125,2601,Female,Asian,28,25-60,194554.24,720,152216,Part-time,Graduate,Citizen,Limited,No,No,High-income Suburban,Approved
6126,970,Female,White,30,25-60,172924.17,739,88190,Full-time,Bachelor's,Citizen,Fluent,No,Yes,High-income Suburban,Approved
6127,8484,Male,Asian,47,25-60,81197.81,708,385366,Part-time,Bachelor's,Citizen,Fluent,No,No,Historically Redlined,Denied
6128,3616,Male,White,21,Under 25,37655.28,541,242911,Part-time,Some College,Citizen,Limited,No,No,Working Class Urban,Denied
6129,7941,Female,Hispanic,46,25-60,154593.35,743,111687,Full-time,Bachelor's,Citizen,Fluent,No,No,Urban Professional,Approved
6130,7503,Male,White,48,25-60,63542.38,645,100784,Full-time,Bachelor's,Visa Holder,Fluent,Yes,No,Historically Redlined,Denied
6131,3218,Female,Hispanic,56,25-60,223767.0,683,283849,Part-time,Bachelor's,Citizen,Fluent,No,No,High-income Suburban,Approved
6132,6526,Male,Black,61,Over 60,108657.04,769,232242,Full-time,High School,Citizen,Fluent,No,No,High-income Suburban,Approved
6133,8983,Female,Asian,45,25-60,287061.7,693,144815,Full-time,Graduate,Citizen,Fluent,Yes,No,High-income Suburban,Approved
6134,777,Female,Hispanic,18,Under 25,34297.39,521,204312,Part-time,Bachelor's,Citizen,Limited,Yes,No,Rural,Denied
6135,8642,Female,White,30,25-60,74008.26,638,416912,Gig,Some College,Citizen,Fluent,No,Yes,Urban Professional,Denied
6136,9595,Female,White,25,25-60,44970.95,641,239019,Full-time,Some College,Citizen,Fluent,Yes,No,Working Class Urban,Denied
6137,6205,Male,White,22,Under 25,87191.63,701,80397,Part-time,Graduate,Citizen,Fluent,No,No,Rural,Denied
6138,299,Male,White,56,25-60,138430.24,752,269641,Part-time,Some College,Permanent Resident,Fluent,Yes,No,Urban Professional,Approved
6139,2678,Male,Hispanic,25,25-60,76592.38,621,135721,Part-time,Bachelor's,Citizen,Fluent,No,No,Working Class Urban,Approved
6140,5021,Female,Black,69,Over 60,110769.36,761,361118,Part-time,High School,Citizen,Fluent,Yes,No,High-income Suburban,Approved
6141,8522,Female,White,67,Over 60,30465.03,697,377824,Part-time,Some College,Permanent Resident,Limited,Yes,No,Rural,Denied
6142,8957,Male,Hispanic,59,25-60,48909.24,704,399445,Full-time,High School,Citizen,Fluent,No,No,Working Class Urban,Approved
6143,4279,Female,White,79,Over 60,65445.36,692,296388,Self-employed,Some College,Citizen,Fluent,No,No,Working Class Urban,Approved
6144,6977,Male,White,42,25-60,107368.34,766,77667,Part-time,Some College,Citizen,Fluent,Yes,No,Urban Professional,Approved
6145,5279,Male,White,72,Over 60,122592.09,715,103093,Full-time,Graduate,Citizen,Limited,Yes,No,Urban Professional,Approved
6146,5321,Female,White,34,25-60,90099.05,738,146474,Full-time,Graduate,Citizen,Fluent,No,No,Historically Redlined,Denied
6147,9364,Male,White,69,Over 60,47488.51,697,324632,Full-time,Some College,Citizen,Fluent,No,No,Working Class Urban,Approved
6148,2843,Male,White,31,25-60,94842.3,721,163525,Full-time,Bachelor's,Permanent Resident,Limited,Yes,No,High-income Suburban,Approved
6149,8635,Male,Hispanic,48,25-60,231112.99,720,342409,Part-time,Bachelor's,Citizen,Fluent,No,No,High-income Suburban,Approved
6150,9764,Female,Multiracial,60,25-60,88407.63,719,149451,Full-time,Some College,Citizen,Limited,Yes,No,Urban Professional,Approved
6151,4422,Male,Black,33,25-60,38474.4,663,254785,Full-time,Some College,Permanent Resident,Fluent,No,No,Rural,Denied
6152,8749,Female,White,53,25-60,176886.71,729,112955,Self-employed,Bachelor's,Citizen,Fluent,No,No,Urban Professional,Approved
6153,5669,Male,White,53,25-60,270314.87,760,160711,Full-time,Graduate,Citizen,Fluent,No,No,High-income Suburban,Approved
6154,6037,Female,White,55,25-60,55524.29,630,163198,Full-time,Bachelor's,Citizen,Fluent,No,No,Working Class Urban,Denied
6155,3265,Female,White,44,25-60,96369.04,745,419606,Self-employed,Bachelor's,Citizen,Fluent,No,No,Working Class Urban,Approved
6156,1019,Female,White,41,25-60,124858.72,704,129459,Full-time,Some College,Citizen,Fluent,Yes,No,High-income Suburban,Approved
6157,2705,Female,White,33,25-60,29418.85,649,98388,Full-time,High School,Permanent Resident,Fluent,Yes,No,Historically Redlined,Denied
6158,2045,Male,White,25,25-60,39429.08,678,274193,Gig,High School,Visa Holder,Fluent,No,No,Rural,Approved
6159,4563,Female,White,32,25-60,104707.85,686,271901,Part-time,High School,Citizen,Fluent,No,No,Urban Professional,Approved
6160,2650,Male,White,65,Over 60,36342.65,669,60874,Full-time,Some College,Citizen,Fluent,No,No,Rural,Denied
6161,9366,Female,White,52,25-60,199207.2,740,389648,Part-time,Bachelor's,Citizen,Fluent,No,No,Urban Professional,Approved
6162,8470,Male,White,81,Over 60,68943.62,705,275515,Full-time,Bachelor's,Citizen,Fluent,No,No,Historically Redlined,Denied
6163,6325,Female,Hispanic,79,Over 60,125961.77,802,429211,Full-time,Some College,Citizen,Fluent,No,No,High-income Suburban,Approved
6164,841,Female,White,60,25-60,90611.69,746,349357,Self-employed,Some College,Citizen,Fluent,Yes,No,Urban Professional,Approved
6165,6730,Male,White,37,25-60,95375.83,725,166503,Part-time,Graduate,Citizen,Fluent,Yes,No,Historically Redlined,Approved
6166,2220,Male,Black,63,Over 60,64564.16,722,100428,Self-employed,Bachelor's,Permanent Resident,Fluent,No,No,Rural,Approved
6167,4138,Female,White,19,Under 25,83875.78,654,176790,Full-time,Graduate,Permanent Resident,Limited,No,No,Working Class Urban,Denied
6168,5495,Female,White,48,25-60,89752.54,688,94561,Full-time,Graduate,Citizen,Fluent,Yes,No,Historically Redlined,Approved
6169,5589,Female,Hispanic,58,25-60,295962.83,672,370321,Full-time,Graduate,Permanent Resident,Fluent,No,No,High-income Suburban,Approved
6170,6393,Male,White,18,Under 25,123888.51,716,134599,Full-time,Some College,Citizen,Fluent,Yes,No,Urban Professional,Approved
6171,8024,Female,Black,27,25-60,122044.29,741,277008,Part-time,High School,Citizen,Fluent,No,No,High-income Suburban,Approved
6172,7773,Male,Asian,63,Over 60,55953.57,752,358509,Full-time,Bachelor's,Citizen,Limited,No,No,Historically Redlined,Approved
6173,5425,Male,White,32,25-60,34328.36,603,204835,Part-time,High School,Citizen,Fluent,No,No,Historically Redlined,Denied
6174,8065,Male,White,31,25-60,49578.3,675,129393,Part-time,Bachelor's,Citizen,Fluent,No,No,Historically Redlined,Approved
6175,384,Female,White,62,Over 60,61870.97,678,378593,Part-time,Graduate,Citizen,Limited,No,No,Rural,Approved
6176,6721,Female,Hispanic,67,Over 60,235695.96,785,342172,Part-time,Bachelor's,Citizen,Fluent,Yes,No,High-income Suburban,Approved
6177,4492,Male,White,19,Under 25,58055.26,574,376311,Self-employed,Some College,Citizen,Fluent,No,No,Working Class Urban,Denied
6178,6932,Male,Black,59,25-60,79244.55,580,443483,Part-time,Some College,Citizen,Fluent,No,Yes,Urban Professional,Approved
6179,4104,Female,White,24,Under 25,111051.41,620,175024,Full-time,Graduate,Visa Holder,Fluent,No,No,Historically Redlined,Approved
6180,3423,Female,Native American,82,Over 60,29881.01,618,182958,Part-time,High School,Citizen,Limited,No,No,Working Class Urban,Denied
6181,1905,Female,Hispanic,20,Under 25,100927.16,657,216184,Full-time,Some College,Permanent Resident,Limited,No,No,High-income Suburban,Approved
6182,1792,Female,White,24,Under 25,28467.12,477,345503,Full-time,Some College,Visa Holder,Fluent,No,Yes,Rural,Denied
6183,8223,Male,White,55,25-60,76635.85,604,330042,Full-time,Bachelor's,Citizen,Fluent,No,No,Working Class Urban,Approved
6184,6590,Female,Asian,53,25-60,171022.23,696,210359,Full-time,Bachelor's,Citizen,Fluent,No,No,Urban Professional,Approved
6185,3166,Female,Hispanic,28,25-60,136241.37,674,414995,Full-time,Some College,Citizen,Fluent,No,No,High-income Suburban,Approved
6186,4087,Female,White,74,Over 60,140504.74,766,411184,Gig,Some College,Permanent Resident,Fluent,No,No,High-income Suburban,Approved
6187,7342,Male,White,51,25-60,48954.14,679,125111,Full-time,Some College,Citizen,Fluent,No,No,Working Class Urban,Approved
6188,9733,Female,White,27,25-60,46189.0,698,337220,Full-time,High School,Visa Holder,Fluent,Yes,No,Working Class Urban,Denied
6189,4763,Male,Black,20,Under 25,47962.38,548,213202,Full-time,Some College,Citizen,Fluent,No,Yes,Working Class Urban,Denied
6190,7634,Male,White,64,Over 60,254154.1,753,103159,Full-time,Graduate,Permanent Resident,Fluent,No,No,Urban Professional,Approved
6191,3279,Non-binary,White,79,Over 60,42208.79,735,392102,Unemployed,High School,Citizen,Fluent,No,No,Rural,Denied
6192,3744,Male,Asian,31,25-60,76198.41,683,58405,Full-time,Bachelor's,Citizen,Fluent,No,No,Rural,Approved
6193,5165,Male,White,78,Over 60,36184.99,747,132510,Full-time,High School,Citizen,Fluent,Yes,No,Historically Redlined,Approved
6194,8774,Male,Hispanic,46,25-60,38725.35,686,245816,Full-time,High School,Citizen,Fluent,Yes,No,Working Class Urban,Denied
6195,2508,Female,Hispanic,30,25-60,17798.47,622,422403,Full-time,High School,Citizen,Limited,No,No,Rural,Denied
6196,5014,Male,Hispanic,73,Over 60,46560.0,716,236268,Full-time,Some College,Citizen,Fluent,No,No,Historically Redlined,Denied
6197,9498,Female,White,67,Over 60,75480.04,717,279185,Full-time,Bachelor's,Citizen,Fluent,Yes,No,Working Class Urban,Approved
6198,830,Female,White,32,25-60,265737.14,730,100112,Full-time,Graduate,Citizen,Fluent,No,No,Urban Professional,Approved
6199,4379,Female,Black,46,25-60,53099.9,643,72032,Full-time,Bachelor's,Citizen,Fluent,Yes,No,Rural,Approved
6200,1716,Male,White,25,25-60,50812.0,672,388058,Full-time,High School,Citizen,Fluent,No,No,Working Class Urban,Approved
6201,3908,Female,White,41,25-60,43600.42,704,147558,Self-employed,Graduate,Permanent Resident,Fluent,No,No,Historically Redlined,Approved
6202,8116,Male,White,53,25-60,106839.4,726,278882,Full-time,High School,Citizen,Fluent,Yes,No,Urban Professional,Approved
6203,6240,Female,Asian,66,Over 60,80862.16,778,437805,Self-employed,Bachelor's,Citizen,Fluent,No,No,Working Class Urban,Approved
6204,6879,Female,Hispanic,53,25-60,43775.43,679,213194,Full-time,Some College,Citizen,Fluent,Yes,No,Rural,Denied
6205,2458,Male,Hispanic,58,25-60,206871.1,731,228870,Self-employed,Some College,Citizen,Fluent,No,No,High-income Suburban,Approved
6206,7271,Female,Black,28,25-60,30595.19,586,143180,Full-time,Bachelor's,Citizen,Limited,Yes,Yes,Working Class Urban,Denied
6207,5716,Male,White,25,25-60,110972.15,721,176392,Part-time,High School,Citizen,Fluent,No,No,High-income Suburban,Approved
6208,7756,Female,White,18,Under 25,100084.22,705,337192,Full-time,High School,Citizen,Fluent,No,No,Urban Professional,Approved
6209,7246,Female,White,37,25-60,181074.05,714,251977,Part-time,Bachelor's,Citizen,Fluent,Yes,No,Urban Professional,Approved
6210,9122,Male,Black,40,25-60,118430.38,692,144623,Full-time,Some College,Permanent Resident,Fluent,Yes,No,Urban Professional,Approved
6211,1199,Male,Hispanic,72,Over 60,14208.25,604,102615,Self-employed,High School,Citizen,Limited,No,Yes,Working Class Urban,Denied
6212,715,Female,White,41,25-60,23318.27,563,152740,Full-time,High School,Citizen,Limited,No,No,Rural,Denied
6213,7526,Female,White,80,Over 60,77628.95,696,77506,Gig,Bachelor's,Citizen,Fluent,Yes,No,Rural,Denied
6214,9513,Male,White,57,25-60,167687.61,685,323643,Full-time,Bachelor's,Citizen,Limited,No,No,Urban Professional,Approved
6215,2104,Female,Hispanic,51,25-60,41271.62,577,260623,Gig,High School,Citizen,Fluent,No,Yes,Working Class Urban,Denied
6216,1778,Female,White,78,Over 60,52818.06,672,164218,Self-employed,High School,Citizen,Fluent,No,No,Working Class Urban,Approved
6217,1385,Male,White,24,Under 25,33537.03,558,310902,Part-time,Some College,Citizen,Limited,No,No,Rural,Denied
6218,5041,Female,Hispanic,49,25-60,81126.21,717,219287,Full-time,Some College,Citizen,Limited,No,No,High-income Suburban,Approved
6219,7587,Male,Hispanic,26,25-60,249315.93,739,239910,Self-employed,Graduate,Citizen,Fluent,No,No,High-income Suburban,Approved
6220,8073,Male,Asian,75,Over 60,187754.85,737,240801,Full-time,Bachelor's,Citizen,Fluent,No,No,Urban Professional,Approved
6221,9016,Female,Hispanic,30,25-60,74033.82,597,360917,Gig,Some College,Citizen,Fluent,No,Yes,Urban Professional,Approved
6222,5528,Male,White,62,Over 60,28431.21,674,191780,Full-time,High School,Citizen,Limited,No,No,Historically Redlined,Approved
6223,2152,Male,Native American,74,Over 60,50515.76,775,128107,Full-time,Some College,Citizen,Fluent,No,No,Historically Redlined,Approved
6224,4396,Non-binary,White,77,Over 60,240718.5,792,123430,Self-employed,Graduate,Citizen,Fluent,No,No,High-income Suburban,Approved
6225,5260,Female,Hispanic,53,25-60,160512.71,726,225657,Full-time,Bachelor's,Citizen,Fluent,Yes,No,High-income Suburban,Approved
6226,4118,Male,White,67,Over 60,58501.88,698,113748,Unemployed,Some College,Citizen,Fluent,No,No,Working Class Urban,Denied
6227,8735,Female,White,27,25-60,90345.97,742,272395,Full-time,High School,Citizen,Fluent,No,No,Urban Professional,Approved
6228,6270,Male,White,35,25-60,28443.53,621,292615,Self-employed,High School,Permanent Resident,Fluent,Yes,No,Rural,Denied
6229,4974,Female,White,64,Over 60,119968.57,776,387432,Gig,Some College,Citizen,Fluent,No,No,High-income Suburban,Approved
6230,8554,Female,White,66,Over 60,38246.79,727,130853,Full-time,High School,Permanent Resident,Fluent,No,No,Rural,Approved
6231,3998,Male,White,56,25-60,44608.46,706,379125,Gig,Some College,Citizen,Fluent,No,No,Historically Redlined,Approved
6232,6250,Male,Hispanic,20,Under 25,39592.73,573,400368,Full-time,High School,Citizen,Fluent,No,No,Historically Redlined,Denied
6233,4434,Female,Black,62,Over 60,109320.31,843,348329,Full-time,High School,Citizen,Fluent,No,No,High-income Suburban,Approved
6234,4329,Female,Black,33,25-60,106317.62,681,258264,Part-time,Graduate,Citizen,Fluent,No,No,Working Class Urban,Approved
6235,9642,Male,White,20,Under 25,49463.98,640,358354,Full-time,Some College,Citizen,Fluent,No,No,Working Class Urban,Approved
6236,9315,Male,Hispanic,56,25-60,57316.53,678,321141,Self-employed,High School,Citizen,Fluent,No,No,Working Class Urban,Denied
6237,1834,Male,Black,42,25-60,89944.67,711,97490,Full-time,Some College,Citizen,Fluent,No,No,High-income Suburban,Approved
6238,454,Female,White,30,25-60,113227.9,754,150014,Full-time,Some College,Citizen,Fluent,No,No,High-income Suburban,Approved
6239,7262,Female,White,65,Over 60,126811.98,767,181008,Part-time,Bachelor's,Citizen,Fluent,Yes,No,High-income Suburban,Approved
6240,690,Female,White,32,25-60,263053.98,720,342456,Full-time,Bachelor's,Citizen,Fluent,No,No,High-income Suburban,Approved
6241,2857,Male,White,77,Over 60,180096.16,725,340757,Gig,Bachelor's,Citizen,Fluent,No,No,Urban Professional,Approved
6242,9540,Male,White,40,25-60,54402.93,650,88240,Part-time,High School,Citizen,Fluent,No,Yes,Urban Professional,Denied
6243,7160,Female,White,35,25-60,28222.4,640,83184,Unemployed,High School,Permanent Resident,Fluent,No,No,Historically Redlined,Denied
6244,4653,Female,White,77,Over 60,61734.73,722,96110,Part-time,Some College,Citizen,Fluent,No,No,Working Class Urban,Approved
6245,7819,Female,White,44,25-60,210156.41,705,328307,Self-employed,Graduate,Permanent Resident,Limited,No,No,High-income Suburban,Approved
6246,7592,Female,Hispanic,69,Over 60,59003.29,756,98913,Full-time,Bachelor's,Citizen,Limited,No,No,Rural,Approved
6247,447,Male,Hispanic,36,25-60,80470.42,627,437050,Full-time,Some College,Visa Holder,Fluent,No,No,High-income Suburban,Denied
6248,2024,Female,Hispanic,67,Over 60,52962.35,728,177023,Full-time,Some College,Permanent Resident,Fluent,No,No,Rural,Approved
6249,1711,Male,White,31,25-60,108247.45,714,146553,Full-time,High School,Citizen,Fluent,No,No,High-income Suburban,Approved
6250,1967,Male,White,66,Over 60,113106.72,719,350478,Full-time,Bachelor's,Citizen,Fluent,No,Yes,Urban Professional,Approved
6251,5647,Male,White,36,25-60,38467.65,619,50572,Unemployed,Some College,Citizen,Fluent,No,No,Rural,Approved
6252,1442,Male,Black,48,25-60,67701.06,661,61289,Part-time,Some College,Citizen,Fluent,No,Yes,High-income Suburban,Denied
6253,379,Non-binary,White,54,25-60,68515.87,698,388689,Self-employed,Some College,Citizen,Limited,No,No,High-income Suburban,Approved
6254,9722,Male,Hispanic,48,25-60,104420.18,702,113080,Full-time,Graduate,Citizen,Fluent,No,No,Working Class Urban,Approved
6255,967,Male,White,71,Over 60,115409.31,800,407507,Full-time,Bachelor's,Citizen,Limited,Yes,No,Urban Professional,Approved
6256,6792,Male,White,51,25-60,38904.06,695,330448,Part-time,High School,Citizen,Fluent,Yes,No,Rural,Approved
6257,9571,Female,White,39,25-60,78479.47,633,70044,Full-time,Bachelor's,Citizen,Fluent,No,No,Historically Redlined,Denied
6258,4415,Male,Asian,32,25-60,119214.57,710,145669,Gig,Some College,Citizen,Fluent,No,No,High-income Suburban,Approved
6259,780,Male,Hispanic,62,Over 60,89949.91,806,338968,Part-time,Some College,Citizen,Fluent,No,No,High-income Suburban,Approved
6260,2726,Female,White,66,Over 60,114594.24,836,152698,Full-time,Graduate,Citizen,Fluent,No,No,Working Class Urban,Approved
6261,7585,Male,White,52,25-60,101898.08,708,275454,Full-time,High School,Citizen,Fluent,No,No,Urban Professional,Approved
6262,6314,Female,White,79,Over 60,199567.9,811,210726,Part-time,Bachelor's,Citizen,Fluent,No,No,Urban Professional,Approved
6263,4796,Female,White,35,25-60,124749.94,679,137156,Full-time,Some College,Citizen,Fluent,Yes,No,High-income Suburban,Approved
6264,7638,Male,White,53,25-60,49164.92,650,53107,Full-time,High School,Citizen,Fluent,No,No,Working Class Urban,Denied
6265,7563,Male,White,36,25-60,165506.62,690,60642,Full-time,Bachelor's,Citizen,Fluent,No,No,Urban Professional,Approved
6266,7958,Female,White,60,25-60,246080.07,711,256235,Full-time,Bachelor's,Citizen,Fluent,No,No,High-income Suburban,Approved
6267,427,Female,White,64,Over 60,126634.57,812,155275,Full-time,Some College,Permanent Resident,Fluent,No,No,High-income Suburban,Approved
6268,824,Male,White,37,25-60,39108.78,708,96891,Full-time,High School,Citizen,Fluent,No,No,Historically Redlined,Denied
6269,8806,Female,White,68,Over 60,38780.14,722,185579,Full-time,High School,Citizen,Fluent,No,No,Rural,Approved
6270,7397,Female,Black,52,25-60,80075.56,732,420501,Full-time,Bachelor's,Citizen,Fluent,No,No,Working Class Urban,Approved
6271,482,Female,Hispanic,34,25-60,56552.38,663,224182,Part-time,High School,Citizen,Fluent,No,No,Working Class Urban,Denied
6272,4111,Male,White,35,25-60,97974.9,700,200428,Full-time,Graduate,Citizen,Limited,No,No,Working Class Urban,Approved
6273,3254,Male,Hispanic,42,25-60,70355.75,746,79570,Full-time,High School,Citizen,Limited,Yes,No,High-income Suburban,Approved
6274,7434,Male,Hispanic,64,Over 60,118486.63,760,226481,Full-time,Some College,Citizen,Fluent,No,No,Urban Professional,Approved
6275,4423,Male,White,59,25-60,75132.93,671,141915,Full-time,Graduate,Citizen,Limited,Yes,No,Rural,Denied
6276,9083,Male,White,56,25-60,232560.09,688,164714,Full-time,Graduate,Citizen,Fluent,No,No,High-income Suburban,Approved
6277,9350,Male,White,61,Over 60,155243.93,762,403410,Full-time,Bachelor's,Citizen,Fluent,No,No,Urban Professional,Approved
6278,3967,Female,White,34,25-60,50704.86,636,352610,Full-time,Some College,Citizen,Fluent,No,No,Rural,Approved
6279,326,Female,Black,18,Under 25,62605.37,603,59198,Full-time,High School,Citizen,Limited,No,No,Urban Professional,Denied
6280,5577,Male,Black,56,25-60,296057.41,711,156601,Full-time,Bachelor's,Citizen,Fluent,No,No,High-income Suburban,Approved
6281,1049,Male,White,76,Over 60,74474.21,751,363506,Part-time,Some College,Citizen,Limited,No,No,High-income Suburban,Approved
6282,4584,Male,Hispanic,67,Over 60,32308.85,649,395811,Gig,High School,Citizen,Fluent,No,No,Rural,Denied
6283,4148,Female,White,24,Under 25,121552.94,657,100877,Full-time,Some College,Citizen,Fluent,No,No,Urban Professional,Denied
6284,8831,Male,White,74,Over 60,123579.59,802,391273,Full-time,Some College,Citizen,Fluent,Yes,No,Urban Professional,Approved
6285,1469,Male,Multiracial,25,25-60,60092.81,716,448305,Part-time,Some College,Permanent Resident,Fluent,No,No,Historically Redlined,Denied
6286,7770,Female,White,30,25-60,177846.12,701,385439,Full-time,Bachelor's,Citizen,Fluent,No,No,High-income Suburban,Approved
6287,1414,Female,White,43,25-60,139800.69,753,411909,Full-time,Some College,Citizen,Fluent,No,No,Urban Professional,Approved
6288,4287,Female,Asian,80,Over 60,162153.47,794,242108,Part-time,Bachelor's,Citizen,Fluent,No,No,Urban Professional,Approved
6289,2474,Male,White,60,25-60,173125.88,716,200147,Full-time,Bachelor's,Citizen,Fluent,No,No,Urban Professional,Approved
6290,7270,Male,White,48,25-60,76531.66,653,132008,Full-time,High School,Citizen,Limited,No,No,High-income Suburban,Approved
6291,8700,Female,White,58,25-60,107699.39,731,219776,Full-time,High School,Citizen,Fluent,No,No,Urban Professional,Approved
6292,4697,Male,White,35,25-60,59939.95,695,88169,Full-time,Some College,Citizen,Fluent,No,No,Working Class Urban,Approved
6293,46,Female,White,52,25-60,104396.73,693,101908,Gig,High School,Citizen,Fluent,No,No,Urban Professional,Approved
6294,8028,Female,White,36,25-60,134922.61,715,368766,Full-time,Bachelor's,Citizen,Limited,Yes,No,Urban Professional,Approved
6295,7975,Female,Asian,38,25-60,49209.92,628,109761,Gig,Some College,Citizen,Fluent,No,No,Working Class Urban,Approved
6296,194,Female,White,77,Over 60,83413.51,771,89516,Full-time,Bachelor's,Citizen,Fluent,No,No,Working Class Urban,Denied
6297,4144,Female,White,21,Under 25,61568.36,594,135040,Full-time,Bachelor's,Citizen,Fluent,No,No,Rural,Denied
6298,9828,Female,White,19,Under 25,43756.07,583,138481,Part-time,High School,Citizen,Fluent,No,No,Rural,Denied
6299,8628,Male,Black,73,Over 60,93032.09,786,445982,Part-time,High School,Citizen,Fluent,No,No,Urban Professional,Denied
6300,2553,Male,Multiracial,57,25-60,176379.83,741,415155,Full-time,Bachelor's,Citizen,Fluent,No,No,Urban Professional,Approved
6301,9375,Female,Hispanic,26,25-60,53642.07,697,349730,Full-time,High School,Citizen,Fluent,Yes,No,Working Class Urban,Approved
6302,5838,Male,Black,65,Over 60,113726.36,691,442056,Self-employed,Bachelor's,Citizen,Fluent,No,No,Working Class Urban,Approved
6303,7443,Female,White,79,Over 60,84992.42,705,341147,Full-time,Some College,Citizen,Fluent,No,Yes,High-income Suburban,Denied
6304,2696,Male,White,52,25-60,76360.47,657,214215,Full-time,Bachelor's,Citizen,Fluent,No,No,Working Class Urban,Approved
6305,157,Male,Black,52,25-60,164833.71,720,308588,Full-time,Bachelor's,Citizen,Fluent,No,No,Urban Professional,Approved
6306,2554,Female,Black,36,25-60,52584.1,673,53098,Unemployed,High School,Citizen,Fluent,No,No,Working Class Urban,Approved
6307,8629,Male,White,62,Over 60,34364.67,708,345242,Self-employed,High School,Citizen,Fluent,No,No,Working Class Urban,Approved
6308,2874,Male,White,26,25-60,100854.16,676,153584,Full-time,High School,Citizen,Fluent,No,No,Urban Professional,Approved
6309,7714,Male,Asian,71,Over 60,33113.94,708,104007,Part-time,Some College,Permanent Resident,Fluent,No,No,Rural,Denied
6310,737,Male,Hispanic,23,Under 25,45389.35,588,223081,Unemployed,Some College,Visa Holder,Fluent,No,No,Working Class Urban,Denied
6311,5945,Female,Hispanic,80,Over 60,50593.3,697,80939,Full-time,High School,Citizen,Fluent,No,No,Working Class Urban,Approved
6312,8460,Male,White,73,Over 60,131794.19,799,337201,Full-time,Some College,Citizen,Fluent,No,No,Urban Professional,Approved
6313,5792,Male,White,54,25-60,111639.39,749,383951,Full-time,Some College,Citizen,Fluent,No,No,High-income Suburban,Approved
6314,5757,Female,Multiracial,59,25-60,40898.05,695,334363,Full-time,High School,Citizen,Fluent,No,No,Working Class Urban,Approved
6315,833,Female,Asian,34,25-60,100826.16,707,75873,Gig,Graduate,Citizen,Fluent,No,No,Historically Redlined,Approved
6316,4246,Male,White,30,25-60,93320.76,724,248133,Part-time,Graduate,Visa Holder,Fluent,No,No,Working Class Urban,Approved
6317,2537,Female,White,23,Under 25,29645.65,470,197431,Self-employed,High School,Citizen,Limited,No,No,Historically Redlined,Denied
6318,8162,Male,Hispanic,41,25-60,80311.79,736,409901,Self-employed,High School,Citizen,Fluent,No,No,High-income Suburban,Approved
6319,121,Female,White,40,25-60,116946.9,706,129994,Full-time,Graduate,Citizen,Fluent,No,No,Working Class Urban,Approved
6320,1238,Female,White,26,25-60,45739.39,688,282500,Full-time,Some College,Citizen,Fluent,No,No,Rural,Approved
6321,7687,Female,White,58,25-60,254348.18,698,378537,Self-employed,Graduate,Citizen,Fluent,No,No,High-income Suburban,Approved
6322,1482,Male,Hispanic,47,25-60,68388.04,684,82733,Part-time,High School,Citizen,Fluent,No,No,High-income Suburban,Denied
6323,2558,Male,White,28,25-60,86100.38,748,68019,Full-time,High School,Permanent Resident,Fluent,No,No,Urban Professional,Approved
6324,1292,Male,Native American,60,25-60,45479.3,658,143226,Full-time,High School,Citizen,Fluent,No,No,Working Class Urban,Denied
6325,4420,Female,White,61,Over 60,66188.01,696,385586,Full-time,Some College,Citizen,Fluent,Yes,No,Working Class Urban,Denied
6326,5379,Male,White,45,25-60,203366.64,720,223276,Self-employed,Bachelor's,Citizen,Fluent,No,No,High-income Suburban,Approved
6327,5978,Male,Asian,50,25-60,87004.49,739,125579,Full-time,Graduate,Citizen,Fluent,No,No,Working Class Urban,Approved
6328,8432,Male,Black,24,Under 25,58494.91,594,427843,Self-employed,High School,Citizen,Limited,No,No,High-income Suburban,Approved
6329,4992,Female,Asian,63,Over 60,96316.17,737,280437,Part-time,Bachelor's,Citizen,Fluent,No,No,Working Class Urban,Approved
6330,7807,Male,Hispanic,48,25-60,71388.68,640,212701,Full-time,Some College,Citizen,Limited,No,Yes,High-income Suburban,Denied
6331,2564,Male,White,69,Over 60,142956.47,795,248522,Gig,Graduate,Citizen,Fluent,No,No,Working Class Urban,Approved
6332,4008,Female,White,22,Under 25,219135.45,663,62549,Part-time,Graduate,Citizen,Fluent,No,No,High-income Suburban,Approved
6333,6038,Male,Hispanic,33,25-60,75005.45,590,226565,Full-time,High School,Citizen,Fluent,No,Yes,High-income Suburban,Denied
6334,6731,Male,White,57,25-60,233978.69,669,201473,Part-time,Bachelor's,Citizen,Fluent,No,No,High-income Suburban,Approved
6335,214,Male,Hispanic,41,25-60,32397.49,644,69254,Full-time,High School,Visa Holder,Limited,No,No,Working Class Urban,Denied
6336,4392,Male,White,32,25-60,108170.03,765,426714,Full-time,High School,Visa Holder,Fluent,Yes,No,Urban Professional,Approved
6337,60,Male,Black,67,Over 60,148221.38,775,165535,Full-time,High School,Citizen,Fluent,No,No,High-income Suburban,Approved
6338,7812,Male,Black,56,25-60,52914.95,589,333122,Self-employed,High School,Citizen,Limited,No,No,Urban Professional,Denied
6339,7005,Female,White,73,Over 60,20268.22,647,384867,Full-time,Some College,Citizen,Limited,Yes,No,Historically Redlined,Denied
6340,207,Male,White,60,25-60,265879.43,706,320964,Full-time,Graduate,Citizen,Fluent,No,No,Urban Professional,Approved
6341,47,Male,Black,30,25-60,25446.28,607,220824,Part-time,High School,Citizen,Fluent,No,Yes,Historically Redlined,Denied
6342,5988,Female,White,50,25-60,102136.71,729,433293,Full-time,Some College,Citizen,Fluent,No,No,Urban Professional,Approved
6343,3437,Female,Black,53,25-60,42266.76,707,286970,Full-time,High School,Citizen,Fluent,No,No,Working Class Urban,Denied
6344,9681,Male,White,29,25-60,38528.79,630,233705,Full-time,High School,Citizen,Fluent,No,No,Rural,Denied
6345,2956,Female,White,59,25-60,214068.85,741,73798,Full-time,Graduate,Citizen,Fluent,No,No,Urban Professional,Approved
6346,936,Female,White,42,25-60,40211.93,695,160531,Part-time,Some College,Citizen,Fluent,No,No,Rural,Approved
6347,1410,Male,Black,44,25-60,127306.19,703,58413,Self-employed,Some College,Citizen,Fluent,No,No,Urban Professional,Approved
6348,3808,Female,Black,73,Over 60,110930.86,707,391048,Full-time,Bachelor's,Citizen,Fluent,No,Yes,Urban Professional,Approved
6349,2808,Female,White,40,25-60,98436.29,699,229062,Full-time,Graduate,Citizen,Fluent,No,No,Rural,Denied
6350,4481,Male,White,51,25-60,144674.33,645,152031,Full-time,Some College,Citizen,Fluent,No,No,High-income Suburban,Denied
6351,8342,Female,Black,68,Over 60,85949.64,795,368176,Full-time,High School,Citizen,Fluent,No,No,High-income Suburban,Approved
6352,3121,Female,White,44,25-60,69515.75,673,380652,Full-time,Bachelor's,Citizen,Fluent,No,No,Historically Redlined,Approved
6353,9751,Female,White,34,25-60,53810.17,653,387259,Part-time,Graduate,Permanent Resident,Limited,No,No,Working Class Urban,Denied
6354,7523,Female,Hispanic,81,Over 60,71122.66,728,150485,Unemployed,Bachelor's,Permanent Resident,Fluent,Yes,No,Rural,Approved
6355,3149,Male,Native American,38,25-60,44533.75,670,148972,Full-time,High School,Citizen,Fluent,No,No,Working Class Urban,Approved
6356,8090,Male,Black,71,Over 60,36910.44,685,336507,Full-time,Some College,Citizen,Limited,No,No,Working Class Urban,Approved
6357,9268,Female,White,71,Over 60,91088.49,813,119527,Full-time,Bachelor's,Permanent Resident,Fluent,No,No,Working Class Urban,Approved
6358,3584,Female,White,57,25-60,68505.3,691,123973,Full-time,Bachelor's,Citizen,Fluent,No,No,Working Class Urban,Approved
6359,263,Male,Asian,32,25-60,41482.04,675,198660,Part-time,Some College,Citizen,Fluent,Yes,No,Working Class Urban,Approved
6360,8145,Non-binary,White,18,Under 25,87280.34,602,393068,Full-time,High School,Citizen,Fluent,No,No,Urban Professional,Denied
6361,9554,Male,White,28,25-60,15035.31,573,349398,Part-time,High School,Citizen,Fluent,No,Yes,Working Class Urban,Denied
6362,4367,Female,Asian,28,25-60,109427.04,699,380170,Part-time,Graduate,Citizen,Fluent,No,No,Historically Redlined,Approved
6363,363,Female,Hispanic,75,Over 60,124455.26,818,327718,Full-time,High School,Citizen,Fluent,No,No,High-income Suburban,Approved
6364,3243,Female,White,61,Over 60,75279.16,714,133788,Full-time,High School,Citizen,Fluent,No,No,Urban Professional,Approved
6365,585,Male,Hispanic,21,Under 25,35691.88,584,255733,Self-employed,Some College,Citizen,Fluent,Yes,No,Rural,Approved
6366,3986,Female,White,75,Over 60,67593.11,730,69638,Full-time,Bachelor's,Citizen,Fluent,No,No,Rural,Approved
6367,4500,Male,White,32,25-60,45501.02,697,265237,Full-time,Some College,Citizen,Limited,No,No,Working Class Urban,Denied
6368,1812,Female,White,67,Over 60,28717.18,695,309191,Full-time,Bachelor's,Citizen,Fluent,No,No,Working Class Urban,Approved
6369,4732,Female,White,48,25-60,165705.35,730,119305,Full-time,Bachelor's,Citizen,Fluent,No,No,High-income Suburban,Approved
6370,402,Female,Hispanic,21,Under 25,58088.44,631,312157,Part-time,Some College,Citizen,Fluent,No,No,Working Class Urban,Approved
6371,8665,Non-binary,White,45,25-60,124551.21,766,324703,Full-time,Some College,Permanent Resident,Fluent,No,No,Urban Professional,Approved
6372,6439,Male,White,19,Under 25,97119.83,659,265022,Full-time,Graduate,Permanent Resident,Fluent,No,No,Working Class Urban,Denied
6373,8961,Female,Hispanic,79,Over 60,125867.64,778,182143,Full-time,Some College,Citizen,Fluent,No,No,High-income Suburban,Approved
6374,8809,Male,White,46,25-60,41061.67,687,105175,Full-time,High School,Citizen,Fluent,Yes,No,Historically Redlined,Approved
6375,6058,Female,White,81,Over 60,38919.56,739,448418,Full-time,Some College,Citizen,Fluent,No,No,Rural,Approved
6376,3963,Female,White,81,Over 60,83602.74,728,340978,Self-employed,High School,Citizen,Fluent,No,No,Urban Professional,Approved
6377,5136,Female,Asian,47,25-60,261719.47,728,270585,Gig,Graduate,Citizen,Fluent,No,No,High-income Suburban,Approved
6378,1106,Male,White,42,25-60,135664.28,762,385644,Part-time,Some College,Citizen,Fluent,No,No,High-income Suburban,Approved
6379,8950,Male,Multiracial,42,25-60,50082.99,684,367780,Full-time,Some College,Citizen,Fluent,No,No,Rural,Denied
6380,1742,Male,White,30,25-60,58408.92,643,231083,Part-time,Some College,Citizen,Fluent,No,No,Working Class Urban,Denied
6381,6296,Male,Hispanic,55,25-60,153675.82,747,348621,Full-time,Some College,Citizen,Fluent,Yes,No,High-income Suburban,Approved
6382,5324,Female,White,76,Over 60,97598.74,752,152187,Full-time,High School,Citizen,Fluent,No,No,Urban Professional,Approved
6383,4931,Male,Black,69,Over 60,102284.14,812,398758,Part-time,Some College,Citizen,Fluent,No,No,Urban Professional,Approved
6384,4664,Female,Black,32,25-60,73778.43,711,221011,Full-time,Graduate,Citizen,Fluent,No,No,Historically Redlined,Denied
6385,444,Female,Hispanic,60,25-60,34472.41,629,412761,Full-time,High School,Citizen,Limited,No,No,Working Class Urban,Denied
6386,4695,Male,White,79,Over 60,144841.14,789,195531,Full-time,Some College,Citizen,Fluent,No,No,High-income Suburban,Approved
6387,7449,Male,Hispanic,28,25-60,103657.25,683,276505,Full-time,High School,Citizen,Fluent,No,No,High-income Suburban,Approved
6388,6898,Male,White,69,Over 60,189096.08,717,326052,Self-employed,Some College,Citizen,Fluent,No,No,High-income Suburban,Approved
6389,4616,Female,White,49,25-60,81539.64,748,132585,Part-time,High School,Citizen,Fluent,No,No,Urban Professional,Approved
6390,9068,Female,White,43,25-60,46026.75,641,62560,Full-time,High School,Citizen,Fluent,No,No,Historically Redlined,Denied
6391,808,Female,Black,55,25-60,49001.23,660,199519,Self-employed,Some College,Citizen,Fluent,No,No,Working Class Urban,Denied
6392,3654,Male,White,21,Under 25,104681.02,657,151591,Full-time,Bachelor's,Citizen,Fluent,No,No,Working Class Urban,Approved
6393,8632,Female,Black,31,25-60,40621.07,693,134388,Full-time,Some College,Citizen,Limited,No,No,Working Class Urban,Approved
6394,3727,Male,White,45,25-60,112899.12,656,432795,Full-time,Some College,Citizen,Fluent,No,No,Urban Professional,Denied
6395,7476,Female,White,32,25-60,76444.7,718,239500,Full-time,Graduate,Citizen,Limited,Yes,No,Historically Redlined,Approved
6396,5264,Female,Hispanic,54,25-60,106696.39,715,340139,Full-time,High School,Citizen,Fluent,No,No,Urban Professional,Approved
6397,8429,Male,Asian,25,25-60,160475.42,769,66875,Full-time,Bachelor's,Citizen,Fluent,No,No,High-income Suburban,Approved
6398,614,Female,White,55,25-60,136018.67,694,372407,Part-time,Some College,Citizen,Fluent,No,No,High-income Suburban,Approved
6399,3586,Female,White,69,Over 60,213919.53,777,428330,Full-time,Graduate,Citizen,Limited,No,No,High-income Suburban,Approved
6400,300,Male,White,57,25-60,28216.02,590,331192,Full-time,High School,Visa Holder,Fluent,No,Yes,Working Class Urban,Denied
6401,9700,Male,White,33,25-60,55751.16,677,160436,Full-time,Some College,Citizen,Fluent,No,No,Working Class Urban,Denied
6402,6643,Female,Hispanic,68,Over 60,143974.28,747,369994,Full-time,Bachelor's,Visa Holder,Fluent,No,No,Urban Professional,Approved
6403,5235,Female,Hispanic,70,Over 60,57521.29,712,206249,Full-time,Bachelor's,Citizen,Fluent,No,No,Rural,Approved
6404,9182,Female,White,40,25-60,63411.37,642,156877,Self-employed,High School,Citizen,Fluent,No,No,Urban Professional,Denied
6405,5889,Male,White,73,Over 60,77036.2,718,314672,Full-time,High School,Citizen,Fluent,No,No,High-income Suburban,Approved
6406,5629,Female,White,61,Over 60,90657.66,731,85253,Full-time,Some College,Citizen,Fluent,No,Yes,High-income Suburban,Denied
6407,4961,Male,White,31,25-60,190577.26,712,163089,Full-time,Bachelor's,Permanent Resident,Fluent,No,No,Urban Professional,Approved
6408,3666,Female,White,78,Over 60,331302.66,764,104736,Full-time,Graduate,Citizen,Fluent,No,No,High-income Suburban,Approved
6409,1262,Male,Black,43,25-60,59803.96,636,52125,Part-time,Some College,Citizen,Fluent,No,No,Rural,Denied
6410,3101,Female,White,53,25-60,130035.68,738,256917,Self-employed,Graduate,Permanent Resident,Fluent,No,No,Working Class Urban,Approved
6411,9254,Female,White,39,25-60,45395.51,689,373970,Part-time,Bachelor's,Citizen,Fluent,No,No,Working Class Urban,Approved
6412,6448,Female,White,70,Over 60,99703.07,774,169303,Full-time,High School,Permanent Resident,Fluent,No,No,Urban Professional,Approved
6413,2703,Female,White,34,25-60,131768.17,698,274596,Gig,Bachelor's,Citizen,Fluent,No,No,Urban Professional,Approved
6414,8330,Male,Black,72,Over 60,56911.57,687,252028,Gig,Some College,Permanent Resident,Fluent,No,Yes,Urban Professional,Denied
6415,9629,Male,White,19,Under 25,32846.65,564,361164,Full-time,Some College,Citizen,Fluent,No,No,Historically Redlined,Denied
6416,4024,Female,White,65,Over 60,95868.65,743,401262,Gig,Some College,Citizen,Fluent,No,No,High-income Suburban,Approved
6417,7511,Female,White,54,25-60,98423.16,752,237371,Full-time,High School,Citizen,Fluent,No,No,High-income Suburban,Approved
6418,719,Female,White,39,25-60,16239.34,637,129350,Part-time,High School,Citizen,Limited,No,No,Historically Redlined,Denied
6419,6287,Female,Hispanic,37,25-60,68064.21,672,197147,Full-time,Some College,Citizen,Limited,No,No,High-income Suburban,Approved
6420,658,Male,Hispanic,59,25-60,96932.28,750,220768,Full-time,High School,Citizen,Fluent,No,No,High-income Suburban,Approved
6421,7109,Female,White,50,25-60,95637.7,685,72504,Full-time,Bachelor's,Citizen,Fluent,Yes,No,Working Class Urban,Denied
6422,5438,Male,White,18,Under 25,78026.72,522,389962,Full-time,Bachelor's,Citizen,Fluent,No,No,Working Class Urban,Denied
6423,789,Male,White,34,25-60,42306.56,654,139720,Part-time,High School,Citizen,Fluent,No,No,Working Class Urban,Denied
6424,3080,Female,White,67,Over 60,45107.29,725,387921,Full-time,High School,Citizen,Fluent,Yes,No,Working Class Urban,Approved
6425,8264,Male,White,77,Over 60,44059.64,757,317361,Full-time,High School,Citizen,Fluent,No,No,Working Class Urban,Denied
6426,3352,Female,White,82,Over 60,77879.94,685,427851,Full-time,Bachelor's,Citizen,Fluent,No,No,Rural,Denied
6427,67,Female,White,74,Over 60,53590.7,765,397328,Full-time,Some College,Permanent Resident,Fluent,Yes,No,Working Class Urban,Approved
6428,4811,Female,White,82,Over 60,74576.84,724,148258,Gig,Bachelor's,Citizen,Fluent,No,No,Rural,Approved
6429,9744,Non-binary,Black,73,Over 60,39684.41,751,132361,Full-time,High School,Citizen,Fluent,No,No,Working Class Urban,Denied
6430,2125,Male,Black,40,25-60,255197.66,682,228490,Part-time,Graduate,Citizen,Fluent,No,No,High-income Suburban,Approved
6431,2670,Female,Native American,51,25-60,93534.63,661,103369,Full-time,Graduate,Visa Holder,Fluent,No,Yes,Working Class Urban,Denied
6432,8022,Male,White,69,Over 60,79053.91,735,315124,Full-time,Bachelor's,Citizen,Fluent,No,No,Working Class Urban,Approved
6433,2577,Female,Hispanic,47,25-60,129243.06,695,412049,Self-employed,Some College,Citizen,Fluent,No,No,High-income Suburban,Approved
6434,9804,Female,White,47,25-60,54615.01,658,70261,Full-time,Bachelor's,Citizen,Fluent,No,No,Rural,Approved
6435,6322,Male,White,42,25-60,66407.54,686,175392,Full-time,Bachelor's,Citizen,Fluent,No,No,Working Class Urban,Approved
6436,1069,Male,White,31,25-60,31655.7,659,261703,Full-time,High School,Citizen,Fluent,No,No,Rural,Denied
6437,1496,Male,White,66,Over 60,231584.79,783,62438,Part-time,Graduate,Citizen,Limited,No,No,Urban Professional,Approved
6438,7994,Male,Hispanic,69,Over 60,37127.17,721,308727,Full-time,Bachelor's,Citizen,Limited,No,No,Historically Redlined,Denied
6439,9754,Female,White,72,Over 60,28375.32,593,289550,Full-time,High School,Citizen,Fluent,No,Yes,Working Class Urban,Denied
6440,8892,Female,White,27,25-60,100263.7,720,60854,Full-time,Graduate,Citizen,Fluent,No,No,Historically Redlined,Approved
6441,4444,Male,Hispanic,27,25-60,44726.81,705,405799,Full-time,High School,Citizen,Fluent,Yes,No,Historically Redlined,Approved
6442,6040,Female,Black,79,Over 60,113337.45,731,171716,Full-time,Some College,Citizen,Fluent,No,No,High-income Suburban,Approved
6443,2819,Female,Black,55,25-60,116883.15,702,207521,Self-employed,High School,Citizen,Fluent,No,No,Urban Professional,Approved
6444,2480,Female,Hispanic,77,Over 60,45362.43,718,129311,Full-time,High School,Citizen,Fluent,No,No,Working Class Urban,Approved
6445,1168,Female,Hispanic,58,25-60,34700.45,611,355625,Full-time,High School,Citizen,Fluent,Yes,No,Historically Redlined,Denied
6446,1011,Female,White,63,Over 60,65620.54,730,423312,Full-time,Bachelor's,Citizen,Fluent,No,No,Rural,Denied
6447,3256,Male,Asian,31,25-60,45145.1,656,185680,Unemployed,Bachelor's,Citizen,Fluent,No,Yes,Historically Redlined,Denied
6448,5195,Female,White,52,25-60,157135.04,745,81660,Full-time,Bachelor's,Citizen,Fluent,No,No,High-income Suburban,Approved
6449,1559,Male,White,49,25-60,70951.29,685,134534,Full-time,Bachelor's,Permanent Resident,Fluent,No,No,Rural,Approved
6450,6899,Female,White,51,25-60,81949.69,751,222992,Full-time,High School,Citizen,Fluent,No,No,Urban Professional,Approved
6451,3037,Female,Hispanic,72,Over 60,42011.0,712,343905,Unemployed,Some College,Citizen,Fluent,No,No,Rural,Denied
6452,9403,Male,White,72,Over 60,28841.43,685,397428,Full-time,High School,Citizen,Fluent,No,No,Rural,Denied
6453,3514,Female,White,76,Over 60,306464.81,766,318945,Full-time,Graduate,Citizen,Fluent,No,No,Urban Professional,Approved
6454,1209,Female,White,48,25-60,74146.91,670,64983,Part-time,Some College,Citizen,Limited,No,No,Urban Professional,Denied
6455,3759,Male,White,35,25-60,124413.44,741,403018,Gig,High School,Citizen,Fluent,No,No,High-income Suburban,Approved
6456,7625,Male,White,45,25-60,44528.51,627,92884,Full-time,High School,Citizen,Fluent,No,No,Rural,Denied
6457,8864,Female,Hispanic,37,25-60,35648.0,658,313510,Full-time,High School,Citizen,Fluent,No,No,Rural,Denied
6458,4186,Male,White,59,25-60,114107.4,714,414433,Full-time,Graduate,Citizen,Fluent,No,No,Working Class Urban,Approved
6459,3249,Male,White,30,25-60,97003.69,673,404005,Full-time,Bachelor's,Citizen,Fluent,No,No,Working Class Urban,Approved
6460,1254,Male,White,46,25-60,62237.68,692,86808,Unemployed,Some College,Permanent Resident,Fluent,No,No,Working Class Urban,Denied
6461,3964,Female,White,79,Over 60,49808.48,722,267477,Full-time,Bachelor's,Permanent Resident,Limited,No,No,Rural,Denied
6462,2213,Non-binary,White,56,25-60,30879.22,592,154871,Gig,Some College,Citizen,Fluent,Yes,Yes,Historically Redlined,Denied
6463,8854,Female,White,67,Over 60,131338.12,779,325786,Full-time,Some College,Citizen,Fluent,No,No,Urban Professional,Approved
6464,1413,Male,Hispanic,34,25-60,44893.27,633,306484,Full-time,Some College,Citizen,Fluent,No,No,Rural,Approved
6465,8645,Male,Black,76,Over 60,96723.55,776,218489,Part-time,Graduate,Citizen,Fluent,No,No,Working Class Urban,Approved
6466,7972,Male,White,76,Over 60,140626.24,758,416533,Full-time,Graduate,Citizen,Fluent,Yes,No,Working Class Urban,Approved
6467,8551,Male,White,73,Over 60,67796.77,684,99511,Self-employed,High School,Citizen,Limited,No,No,High-income Suburban,Approved
6468,8766,Male,Hispanic,57,25-60,39430.97,638,426934,Full-time,High School,Citizen,Limited,No,No,Working Class Urban,Approved
6469,5218,Male,White,34,25-60,47282.18,718,86391,Gig,Bachelor's,Permanent Resident,Limited,Yes,No,Working Class Urban,Denied
6470,1335,Male,White,56,25-60,218345.55,709,122862,Part-time,Bachelor's,Citizen,Fluent,Yes,No,High-income Suburban,Approved
6471,7785,Female,White,60,25-60,112625.39,700,169340,Part-time,Graduate,Citizen,Fluent,No,No,Working Class Urban,Approved
6472,3183,Female,White,27,25-60,86773.98,732,258911,Full-time,Some College,Permanent Resident,Fluent,No,No,Urban Professional,Approved
6473,2033,Female,White,53,25-60,112809.5,713,178227,Part-time,Some College,Citizen,Fluent,No,No,Urban Professional,Approved
6474,2284,Male,White,76,Over 60,167863.25,805,309720,Full-time,Some College,Citizen,Fluent,No,No,Urban Professional,Approved
6475,5399,Female,Hispanic,76,Over 60,90078.0,749,416434,Full-time,High School,Citizen,Fluent,No,No,Urban Professional,Approved
6476,7034,Female,White,33,25-60,147908.42,631,238192,Self-employed,Bachelor's,Citizen,Fluent,No,No,High-income Suburban,Approved
6477,1188,Male,White,72,Over 60,101624.28,782,229728,Full-time,High School,Visa Holder,Fluent,No,No,Urban Professional,Approved
6478,8537,Female,White,26,25-60,28566.95,620,352916,Full-time,Some College,Citizen,Fluent,No,No,Historically Redlined,Denied
6479,7350,Female,Hispanic,52,25-60,32136.55,635,195685,Part-time,High School,Citizen,Fluent,No,No,Historically Redlined,Denied
6480,1044,Female,Hispanic,40,25-60,120179.18,694,429747,Full-time,High School,Permanent Resident,Fluent,Yes,No,High-income Suburban,Approved
6481,1058,Male,White,49,25-60,48610.3,660,92941,Gig,Some College,Citizen,Fluent,No,No,Historically Redlined,Denied
6482,8924,Female,Hispanic,37,25-60,136652.21,698,244079,Self-employed,Some College,Citizen,Fluent,No,No,High-income Suburban,Approved
6483,8261,Male,White,63,Over 60,54245.68,738,183260,Full-time,Graduate,Citizen,Fluent,No,Yes,Working Class Urban,Denied
6484,7484,Male,Asian,43,25-60,66780.1,592,313868,Full-time,Graduate,Citizen,Fluent,No,Yes,Rural,Denied
6485,6742,Male,White,76,Over 60,138433.9,771,87312,Full-time,High School,Citizen,Fluent,No,No,High-income Suburban,Approved
6486,1625,Male,Hispanic,59,25-60,52042.55,690,391429,Full-time,High School,Citizen,Fluent,No,No,Working Class Urban,Approved
6487,4518,Female,White,63,Over 60,144083.45,753,384463,Full-time,Some College,Citizen,Fluent,Yes,No,High-income Suburban,Approved
6488,9849,Female,White,66,Over 60,30329.45,680,263956,Full-time,High School,Citizen,Limited,No,No,Historically Redlined,Denied
6489,8758,Female,Multiracial,65,Over 60,47041.85,742,441468,Self-employed,Some College,Citizen,Fluent,No,No,Historically Redlined,Approved
6490,1917,Female,White,53,25-60,79513.85,609,447331,Full-time,Bachelor's,Citizen,Fluent,No,No,Working Class Urban,Approved
6491,9880,Male,White,77,Over 60,58367.87,706,106632,Full-time,Some College,Citizen,Fluent,No,No,Historically Redlined,Approved
6492,1215,Female,White,49,25-60,73907.97,695,425635,Full-time,Graduate,Citizen,Fluent,No,No,Historically Redlined,Approved
6493,5965,Male,White,21,Under 25,39898.87,530,368518,Gig,Some College,Citizen,Fluent,No,No,Working Class Urban,Denied
6494,5899,Male,White,52,25-60,91939.66,723,77519,Part-time,High School,Citizen,Fluent,No,No,High-income Suburban,Approved
6495,7777,Male,White,51,25-60,63059.15,654,327476,Full-time,Some College,Citizen,Fluent,No,No,Working Class Urban,Denied
6496,8045,Male,Black,48,25-60,101996.29,711,188255,Full-time,Some College,Citizen,Fluent,No,No,Urban Professional,Approved
6497,5960,Non-binary,White,59,25-60,243229.74,714,377871,Self-employed,Bachelor's,Permanent Resident,Fluent,No,No,High-income Suburban,Approved
6498,7184,Female,White,36,25-60,27283.19,574,104889,Self-employed,High School,Citizen,Limited,No,No,Rural,Denied
6499,2917,Male,White,38,25-60,72710.34,697,406037,Self-employed,Graduate,Citizen,Limited,No,No,Working Class Urban,Approved
6500,849,Female,White,58,25-60,92482.06,721,330207,Full-time,High School,Citizen,Fluent,No,No,High-income Suburban,Approved
6501,7069,Male,White,50,25-60,189214.15,693,169595,Full-time,Bachelor's,Citizen,Fluent,No,No,High-income Suburban,Approved
6502,586,Male,White,19,Under 25,80204.32,656,50680,Full-time,High School,Citizen,Fluent,No,No,Urban Professional,Approved
6503,6488,Male,White,28,25-60,51726.25,635,389643,Full-time,Bachelor's,Citizen,Fluent,No,Yes,Working Class Urban,Denied
6504,8172,Female,White,78,Over 60,74115.89,689,383939,Full-time,High School,Citizen,Fluent,No,No,Urban Professional,Approved
6505,5448,Male,White,29,25-60,160524.69,735,193793,Gig,Some College,Citizen,Fluent,No,No,High-income Suburban,Approved
6506,9614,Female,White,63,Over 60,134901.81,764,64681,Self-employed,High School,Citizen,Fluent,No,No,High-income Suburban,Approved
6507,504,Male,Hispanic,60,25-60,67602.22,694,410469,Full-time,Bachelor's,Citizen,Fluent,No,No,Rural,Approved
6508,7990,Non-binary,Asian,40,25-60,133146.99,692,398611,Full-time,High School,Permanent Resident,Fluent,No,No,High-income Suburban,Approved
6509,6650,Female,White,46,25-60,96771.66,672,83104,Unemployed,Some College,Citizen,Fluent,No,No,High-income Suburban,Approved
6510,9872,Male,White,31,25-60,76950.59,696,218423,Full-time,Bachelor's,Citizen,Fluent,No,No,Working Class Urban,Approved
6511,8456,Female,Black,62,Over 60,43694.03,730,205630,Full-time,Some College,Citizen,Fluent,No,No,Working Class Urban,Approved
6512,7118,Male,White,39,25-60,246135.17,690,165209,Full-time,Graduate,Citizen,Fluent,No,No,Urban Professional,Approved
6513,1547,Female,White,79,Over 60,99918.57,743,209491,Part-time,Graduate,Citizen,Fluent,Yes,No,Working Class Urban,Approved
6514,6146,Female,White,25,25-60,44629.22,644,66233,Full-time,Some College,Citizen,Limited,No,No,Working Class Urban,Approved
6515,8268,Female,Hispanic,55,25-60,54364.69,699,190038,Full-time,High School,Visa Holder,Fluent,No,No,Working Class Urban,Approved
6516,3774,Female,White,32,25-60,89373.07,734,140666,Full-time,Graduate,Citizen,Fluent,No,No,Working Class Urban,Approved
6517,3896,Male,White,80,Over 60,142474.86,808,429683,Full-time,High School,Citizen,Fluent,No,No,High-income Suburban,Approved
6518,6359,Male,White,34,25-60,96038.07,732,250262,Full-time,Bachelor's,Citizen,Fluent,No,No,Working Class Urban,Approved
6519,9712,Female,White,38,25-60,108474.29,695,320604,Full-time,Graduate,Citizen,Fluent,No,No,Working Class Urban,Approved
6520,8770,Male,White,32,25-60,51444.83,644,385509,Full-time,High School,Citizen,Fluent,No,No,Working Class Urban,Denied
6521,6244,Female,Hispanic,23,Under 25,31367.04,566,441862,Full-time,High School,Citizen,Limited,No,No,Working Class Urban,Denied
6522,254,Male,Black,21,Under 25,48960.39,530,183830,Full-time,Some College,Citizen,Fluent,No,Yes,Working Class Urban,Denied
6523,164,Male,White,59,25-60,243719.83,774,357723,Gig,Bachelor's,Citizen,Fluent,No,No,High-income Suburban,Approved
6524,1181,Male,Asian,49,25-60,58035.96,687,64765,Part-time,Bachelor's,Citizen,Fluent,Yes,No,Rural,Approved
6525,1741,Male,White,37,25-60,69906.9,625,348357,Full-time,Some College,Citizen,Fluent,No,No,Working Class Urban,Denied
6526,934,Female,White,44,25-60,102519.45,709,446715,Full-time,Some College,Citizen,Fluent,No,No,High-income Suburban,Approved
6527,9544,Female,White,82,Over 60,87816.27,666,351988,Self-employed,Bachelor's,Citizen,Fluent,No,No,Working Class Urban,Approved
6528,1624,Female,White,70,Over 60,75720.43,720,382387,Part-time,High School,Citizen,Limited,No,No,High-income Suburban,Approved
6529,6249,Male,Asian,67,Over 60,52509.2,689,73547,Full-time,High School,Citizen,Fluent,No,No,Working Class Urban,Approved
6530,7140,Male,Hispanic,44,25-60,77585.89,650,239331,Full-time,High School,Citizen,Limited,No,No,Urban Professional,Denied
6531,1534,Female,White,40,25-60,45067.06,682,206151,Full-time,Some College,Citizen,Fluent,No,No,Rural,Approved
6532,7658,Female,Black,80,Over 60,123248.15,692,234091,Full-time,Bachelor's,Citizen,Fluent,No,Yes,High-income Suburban,Approved
6533,7003,Male,Hispanic,31,25-60,138950.19,714,441145,Full-time,Some College,Citizen,Fluent,No,No,Urban Professional,Approved
6534,8289,Female,Multiracial,44,25-60,90444.12,732,259546,Full-time,Bachelor's,Citizen,Limited,No,No,Urban Professional,Approved
6535,1701,Male,Hispanic,55,25-60,203244.26,760,394854,Full-time,Bachelor's,Citizen,Fluent,No,No,High-income Suburban,Approved
6536,5077,Female,White,57,25-60,42825.96,619,218420,Full-time,Bachelor's,Citizen,Fluent,No,Yes,Working Class Urban,Denied
6537,5009,Male,White,45,25-60,46202.69,656,183656,Full-time,Some College,Citizen,Fluent,No,No,Working Class Urban,Denied
6538,1604,Female,Hispanic,42,25-60,142986.55,675,116297,Full-time,Some College,Citizen,Fluent,Yes,No,High-income Suburban,Approved
6539,4424,Female,Black,61,Over 60,85277.05,777,322112,Part-time,Some College,Permanent Resident,Limited,Yes,No,High-income Suburban,Approved
6540,6517,Male,White,18,Under 25,39757.45,596,103644,Full-time,Some College,Citizen,Fluent,No,No,Historically Redlined,Approved
6541,9886,Male,White,27,25-60,115200.7,719,417714,Full-time,Some College,Citizen,Fluent,Yes,No,Urban Professional,Approved
6542,2325,Female,White,45,25-60,40446.97,668,312574,Unemployed,High School,Citizen,Fluent,No,No,Working Class Urban,Denied
6543,2283,Male,Black,67,Over 60,67645.19,685,58411,Full-time,Bachelor's,Citizen,Limited,No,Yes,Urban Professional,Approved
6544,5488,Male,White,29,25-60,35756.03,670,429102,Full-time,High School,Citizen,Fluent,Yes,No,Working Class Urban,Approved
6545,8198,Female,Multiracial,53,25-60,112430.16,728,439260,Full-time,Some College,Citizen,Fluent,No,No,High-income Suburban,Approved
6546,1999,Female,Hispanic,27,25-60,92414.39,721,394750,Gig,High School,Citizen,Fluent,No,No,High-income Suburban,Approved
6547,5383,Male,Asian,69,Over 60,187875.79,782,429088,Full-time,Bachelor's,Citizen,Fluent,No,No,High-income Suburban,Approved
6548,3758,Male,White,27,25-60,81727.55,722,190863,Full-time,Bachelor's,Citizen,Limited,No,No,Urban Professional,Approved
6549,8746,Male,White,80,Over 60,55266.04,720,339691,Part-time,Some College,Citizen,Fluent,No,No,Rural,Approved
6550,9326,Male,Hispanic,76,Over 60,68469.08,668,250988,Full-time,High School,Citizen,Fluent,No,No,High-income Suburban,Denied
6551,7401,Male,White,56,25-60,47851.13,643,322140,Full-time,Some College,Permanent Resident,Fluent,Yes,No,Historically Redlined,Denied
6552,133,Male,White,26,25-60,91446.1,718,104500,Full-time,High School,Citizen,Fluent,No,No,High-income Suburban,Approved
6553,1821,Male,White,51,25-60,245167.05,660,215109,Full-time,Graduate,Citizen,Fluent,No,No,High-income Suburban,Denied
6554,435,Male,White,50,25-60,64809.37,673,243836,Part-time,High School,Citizen,Limited,No,No,Urban Professional,Denied
6555,9150,Female,Hispanic,81,Over 60,146681.84,697,216032,Full-time,High School,Citizen,Fluent,No,No,High-income Suburban,Approved
6556,9749,Male,White,59,25-60,101288.72,691,235920,Full-time,High School,Permanent Resident,Fluent,No,No,High-income Suburban,Approved
6557,9467,Male,White,53,25-60,95272.68,727,210779,Full-time,High School,Citizen,Fluent,No,No,Urban Professional,Denied
6558,1272,Male,Multiracial,79,Over 60,61675.43,742,152371,Unemployed,Bachelor's,Citizen,Limited,No,No,Working Class Urban,Approved
6559,3836,Male,White,81,Over 60,85834.12,757,331456,Full-time,Graduate,Citizen,Fluent,No,No,Historically Redlined,Approved
6560,8584,Male,Asian,62,Over 60,171050.51,744,355838,Full-time,Graduate,Citizen,Limited,No,No,Urban Professional,Approved
6561,8077,Male,White,33,25-60,52273.98,723,71250,Full-time,Some College,Citizen,Fluent,No,No,Working Class Urban,Approved
6562,5594,Male,White,47,25-60,36395.66,693,350781,Full-time,Some College,Citizen,Limited,No,No,Working Class Urban,Approved
6563,41,Female,Native American,58,25-60,189561.45,713,250819,Full-time,Bachelor's,Citizen,Fluent,No,No,High-income Suburban,Approved
6564,6768,Male,Hispanic,19,Under 25,41108.7,516,419727,Full-time,Some College,Citizen,Fluent,No,Yes,Working Class Urban,Denied
6565,4645,Male,White,41,25-60,82612.91,759,91070,Full-time,Graduate,Citizen,Fluent,No,No,Historically Redlined,Approved
6566,2294,Male,White,79,Over 60,242050.56,795,153699,Full-time,Graduate,Citizen,Fluent,No,No,Urban Professional,Approved
6567,1192,Female,White,76,Over 60,69681.6,750,162312,Self-employed,Bachelor's,Permanent Resident,Fluent,No,No,Historically Redlined,Approved
6568,3738,Male,Hispanic,67,Over 60,42785.76,669,371345,Full-time,Bachelor's,Citizen,Fluent,No,Yes,Working Class Urban,Denied
6569,117,Female,White,32,25-60,56701.58,695,355305,Part-time,Some College,Citizen,Fluent,No,No,Historically Redlined,Denied
6570,3824,Male,White,44,25-60,97295.35,734,288167,Full-time,Graduate,Citizen,Fluent,No,No,Rural,Denied
6571,7316,Female,White,82,Over 60,142865.66,749,218151,Full-time,Graduate,Citizen,Fluent,No,No,Working Class Urban,Approved
6572,4960,Female,Hispanic,79,Over 60,50729.83,720,155503,Full-time,High School,Citizen,Fluent,No,No,Rural,Approved
6573,1803,Female,White,60,25-60,221932.28,694,361399,Full-time,Graduate,Permanent Resident,Fluent,No,No,Urban Professional,Approved
6574,7286,Female,Hispanic,18,Under 25,44098.6,635,201098,Full-time,Some College,Citizen,Fluent,No,No,Working Class Urban,Approved
6575,9577,Female,White,39,25-60,105595.99,740,228759,Full-time,Graduate,Citizen,Fluent,No,No,Working Class Urban,Approved
6576,7870,Female,Multiracial,58,25-60,238447.44,738,83154,Full-time,Bachelor's,Citizen,Fluent,No,No,Urban Professional,Approved
6577,1620,Female,White,44,25-60,61177.55,686,406111,Full-time,Graduate,Visa Holder,Limited,No,No,Rural,Approved
6578,7217,Female,Multiracial,54,25-60,44068.7,718,403733,Full-time,High School,Citizen,Fluent,No,No,Rural,Approved
6579,4155,Male,White,56,25-60,108779.98,697,271180,Part-time,Some College,Citizen,Fluent,No,No,Urban Professional,Approved
6580,507,Female,White,76,Over 60,111985.47,749,214971,Full-time,High School,Citizen,Fluent,No,No,Urban Professional,Approved
6581,5490,Male,Black,27,25-60,134524.63,687,162301,Gig,Bachelor's,Citizen,Fluent,Yes,Yes,Urban Professional,Approved
6582,5130,Female,Black,54,25-60,34693.95,620,423327,Self-employed,Some College,Citizen,Fluent,No,No,Historically Redlined,Denied
6583,1729,Female,White,34,25-60,50980.87,733,393860,Full-time,High School,Citizen,Fluent,No,No,Working Class Urban,Denied
6584,8386,Female,White,19,Under 25,247167.95,684,377823,Full-time,Graduate,Citizen,Fluent,No,No,High-income Suburban,Approved
6585,8761,Male,White,79,Over 60,22085.61,623,309048,Full-time,High School,Citizen,Limited,Yes,Yes,Working Class Urban,Denied
6586,8360,Male,White,28,25-60,32667.79,591,448958,Full-time,Some College,Citizen,Limited,No,No,Rural,Denied
6587,9032,Female,White,66,Over 60,69302.72,655,383969,Part-time,Graduate,Permanent Resident,Fluent,No,Yes,Rural,Denied
6588,8008,Male,White,25,25-60,96562.48,764,313501,Full-time,High School,Permanent Resident,Fluent,No,No,High-income Suburban,Approved
6589,1035,Female,White,76,Over 60,245976.07,727,139228,Full-time,Graduate,Citizen,Fluent,No,No,High-income Suburban,Approved
6590,9427,Female,White,67,Over 60,51527.29,729,155208,Full-time,High School,Citizen,Fluent,No,No,Working Class Urban,Approved
6591,9009,Female,White,53,25-60,173034.21,708,263637,Gig,Bachelor's,Citizen,Fluent,No,No,Urban Professional,Approved
6592,3589,Female,Black,62,Over 60,50564.07,705,79862,Full-time,High School,Citizen,Fluent,No,No,Working Class Urban,Approved
6593,8336,Male,Black,73,Over 60,43189.34,723,175021,Full-time,Some College,Visa Holder,Fluent,No,No,Rural,Approved
6594,5854,Female,White,52,25-60,80263.43,744,435149,Full-time,High School,Citizen,Limited,No,No,High-income Suburban,Approved
6595,7164,Male,Hispanic,68,Over 60,189798.92,777,363374,Full-time,Bachelor's,Permanent Resident,Fluent,No,No,Urban Professional,Approved
6596,396,Female,Hispanic,22,Under 25,76385.3,619,413302,Full-time,Bachelor's,Citizen,Fluent,No,No,Working Class Urban,Denied
6597,6297,Male,White,77,Over 60,26405.66,700,424178,Part-time,High School,Citizen,Fluent,No,No,Historically Redlined,Approved
6598,8219,Male,White,20,Under 25,60141.46,591,60451,Full-time,Bachelor's,Citizen,Limited,No,No,Rural,Approved
6599,3530,Male,White,35,25-60,97245.45,754,112355,Self-employed,Some College,Citizen,Fluent,No,No,Urban Professional,Approved
6600,5614,Female,White,53,25-60,129185.67,750,417163,Full-time,Some College,Citizen,Fluent,No,No,Urban Professional,Approved
6601,6462,Male,Hispanic,64,Over 60,50383.87,744,185101,Part-time,Some College,Citizen,Fluent,No,No,Rural,Approved
6602,7001,Female,White,81,Over 60,98711.29,725,306647,Full-time,Graduate,Citizen,Fluent,No,No,Working Class Urban,Approved
6603,8215,Male,Asian,34,25-60,48369.01,653,81124,Part-time,Bachelor's,Citizen,Fluent,No,No,Historically Redlined,Approved
6604,5516,Female,White,59,25-60,39859.82,701,358069,Full-time,High School,Citizen,Fluent,No,No,Rural,Approved
6605,6069,Female,White,67,Over 60,107630.42,832,391684,Full-time,Some College,Citizen,Fluent,No,No,High-income Suburban,Approved
6606,7466,Non-binary,White,54,25-60,32939.74,647,341406,Full-time,High School,Citizen,Fluent,No,No,Historically Redlined,Denied
6607,8157,Female,White,58,25-60,59632.59,635,168405,Full-time,Some College,Permanent Resident,Fluent,No,No,Working Class Urban,Approved
6608,7357,Male,White,45,25-60,83470.17,704,262030,Full-time,High School,Citizen,Fluent,No,No,High-income Suburban,Approved
6609,7174,Non-binary,White,25,25-60,31961.57,596,171079,Full-time,Some College,Citizen,Limited,No,No,Rural,Denied
6610,9301,Female,White,53,25-60,99627.27,722,252931,Full-time,Bachelor's,Citizen,Fluent,No,No,Working Class Urban,Approved
6611,6701,Female,White,24,Under 25,207579.92,597,444291,Full-time,Bachelor's,Citizen,Fluent,No,No,High-income Suburban,Approved
6612,479,Female,White,64,Over 60,103128.28,764,61503,Full-time,Some College,Citizen,Fluent,No,No,Urban Professional,Approved
6613,3613,Male,Hispanic,61,Over 60,104023.35,766,416473,Full-time,High School,Citizen,Fluent,Yes,No,High-income Suburban,Approved
6614,981,Male,White,47,25-60,160567.83,638,394937,Full-time,Bachelor's,Citizen,Fluent,No,Yes,High-income Suburban,Denied
6615,8716,Female,White,18,Under 25,175017.9,687,262916,Full-time,Some College,Visa Holder,Fluent,No,No,High-income Suburban,Approved
6616,5477,Female,White,35,25-60,110294.3,738,432361,Self-employed,High School,Citizen,Fluent,No,No,High-income Suburban,Approved
6617,5802,Female,Hispanic,43,25-60,50403.63,703,433172,Full-time,Bachelor's,Citizen,Fluent,Yes,No,Working Class Urban,Approved
6618,5810,Female,White,76,Over 60,54697.01,755,196052,Part-time,Bachelor's,Citizen,Limited,No,No,Working Class Urban,Approved
6619,8179,Male,Black,75,Over 60,51481.63,643,220762,Self-employed,Some College,Citizen,Fluent,No,No,Working Class Urban,Denied
6620,3337,Male,White,28,25-60,43244.65,615,172748,Full-time,Some College,Citizen,Fluent,No,Yes,Working Class Urban,Denied
6621,9224,Female,Hispanic,25,25-60,97691.01,748,265225,Full-time,High School,Citizen,Limited,No,No,High-income Suburban,Approved
6622,5540,Female,Hispanic,36,25-60,109077.18,658,283937,Self-employed,Graduate,Citizen,Fluent,No,Yes,High-income Suburban,Denied
6623,6474,Female,White,78,Over 60,112056.01,787,155005,Full-time,High School,Permanent Resident,Fluent,No,No,Urban Professional,Approved
6624,8204,Female,White,32,25-60,54536.9,662,94332,Full-time,Bachelor's,Citizen,Fluent,No,No,Rural,Denied
6625,3811,Female,White,42,25-60,25718.71,559,338901,Gig,High School,Citizen,Fluent,No,Yes,Working Class Urban,Denied
6626,33,Male,Hispanic,66,Over 60,120868.84,776,274705,Full-time,High School,Citizen,Fluent,No,No,Urban Professional,Approved
6627,8698,Female,White,40,25-60,142536.01,695,74557,Full-time,Some College,Citizen,Fluent,No,No,High-income Suburban,Approved
6628,3018,Male,White,79,Over 60,57729.78,743,74698,Full-time,Bachelor's,Citizen,Fluent,No,No,Working Class Urban,Approved
6629,242,Male,White,22,Under 25,134032.56,660,350509,Part-time,Graduate,Citizen,Fluent,No,No,Working Class Urban,Approved
6630,1045,Male,Asian,18,Under 25,265453.85,676,152577,Full-time,Graduate,Citizen,Fluent,No,No,Urban Professional,Approved
6631,5091,Male,Black,55,25-60,40433.36,677,51374,Full-time,Some College,Permanent Resident,Fluent,No,No,Rural,Approved
6632,7391,Male,Hispanic,67,Over 60,241175.06,747,362528,Gig,Bachelor's,Permanent Resident,Fluent,No,No,High-income Suburban,Approved
6633,5602,Male,Hispanic,21,Under 25,103113.59,638,185929,Full-time,High School,Permanent Resident,Fluent,No,No,Urban Professional,Approved
6634,1889,Male,White,44,25-60,259307.45,722,375512,Full-time,Graduate,Citizen,Fluent,No,No,Urban Professional,Approved
6635,2019,Male,White,70,Over 60,75673.36,623,384920,Full-time,Bachelor's,Citizen,Fluent,No,No,Historically Redlined,Approved
6636,7321,Male,Native American,64,Over 60,52913.63,733,180611,Full-time,Some College,Citizen,Fluent,No,No,Rural,Approved
6637,6333,Male,White,30,25-60,203989.96,708,335974,Gig,Some College,Citizen,Fluent,No,No,High-income Suburban,Approved
6638,2641,Female,White,21,Under 25,76610.4,579,112881,Full-time,Bachelor's,Citizen,Fluent,No,No,Rural,Denied
6639,9133,Female,White,79,Over 60,31965.91,667,71957,Self-employed,Some College,Citizen,Limited,No,No,Rural,Denied
6640,7815,Male,Hispanic,73,Over 60,36368.24,724,311230,Full-time,Some College,Citizen,Fluent,No,No,Rural,Approved
6641,8807,Female,Hispanic,41,25-60,99998.86,732,420335,Part-time,Some College,Citizen,Fluent,No,No,Urban Professional,Approved
6642,3138,Female,White,40,25-60,57502.13,708,319144,Full-time,Bachelor's,Citizen,Fluent,No,No,Rural,Approved
6643,7550,Male,White,53,25-60,114087.14,747,200407,Full-time,Bachelor's,Citizen,Fluent,No,Yes,High-income Suburban,Approved
6644,9147,Female,White,35,25-60,134749.71,700,434855,Full-time,Some College,Citizen,Fluent,No,No,Urban Professional,Approved
6645,3796,Male,White,28,25-60,128895.19,750,156937,Full-time,Graduate,Citizen,Fluent,No,No,Historically Redlined,Approved
6646,2271,Male,White,27,25-60,169657.61,716,224263,Part-time,Some College,Citizen,Fluent,No,No,High-income Suburban,Approved
6647,5094,Male,White,30,25-60,91993.64,693,179928,Self-employed,Some College,Permanent Resident,Limited,No,No,Urban Professional,Denied
6648,9162,Female,White,61,Over 60,64875.52,716,138425,Part-time,Some College,Citizen,Fluent,No,No,Working Class Urban,Approved
6649,5829,Female,Hispanic,27,25-60,33963.54,616,153397,Part-time,High School,Citizen,Fluent,No,No,Rural,Denied
6650,6755,Female,White,50,25-60,31288.51,594,432425,Gig,High School,Citizen,Limited,No,No,Historically Redlined,Denied
6651,1743,Male,White,80,Over 60,248297.22,742,223370,Self-employed,Graduate,Permanent Resident,Fluent,Yes,No,High-income Suburban,Approved
6652,3780,Female,White,53,25-60,92033.93,608,66822,Self-employed,Bachelor's,Citizen,Fluent,No,No,Working Class Urban,Denied
6653,11,Male,White,34,25-60,164888.4,694,292404,Full-time,Bachelor's,Citizen,Fluent,No,No,High-income Suburban,Approved
6654,3657,Male,White,27,25-60,20567.35,580,356577,Full-time,High School,Citizen,Limited,No,Yes,Working Class Urban,Denied
6655,8852,Female,Asian,66,Over 60,140501.4,802,422159,Self-employed,Bachelor's,Citizen,Fluent,No,No,Urban Professional,Approved
6656,8598,Male,White,50,25-60,44054.44,659,311337,Full-time,Some College,Permanent Resident,Fluent,No,No,Historically Redlined,Denied
6657,5059,Female,White,29,25-60,35476.52,723,235810,Gig,High School,Citizen,Limited,No,No,Working Class Urban,Approved
6658,8250,Female,White,47,25-60,102600.36,756,160219,Full-time,High School,Citizen,Fluent,No,No,Urban Professional,Approved
6659,9309,Female,White,61,Over 60,69637.96,729,125879,Full-time,Bachelor's,Citizen,Fluent,No,No,Working Class Urban,Denied
6660,5732,Male,White,37,25-60,98550.68,778,79941,Gig,High School,Citizen,Fluent,No,No,Urban Professional,Approved
6661,4438,Female,Hispanic,19,Under 25,45617.94,646,156987,Full-time,Some College,Citizen,Fluent,No,No,Working Class Urban,Denied
6662,1757,Female,Black,32,25-60,57660.64,699,146667,Full-time,Bachelor's,Citizen,Fluent,No,Yes,Rural,Denied
6663,2013,Female,White,25,25-60,147924.74,740,121982,Self-employed,Bachelor's,Citizen,Fluent,No,No,High-income Suburban,Approved
6664,8213,Female,White,20,Under 25,44372.65,558,419203,Part-time,High School,Citizen,Fluent,No,No,Working Class Urban,Denied
6665,788,Female,Asian,71,Over 60,38568.73,704,228127,Full-time,Bachelor's,Citizen,Limited,No,No,Working Class Urban,Approved
6666,5891,Female,White,60,25-60,120162.9,705,427540,Full-time,Graduate,Citizen,Fluent,No,No,Working Class Urban,Approved
6667,7846,Female,Black,76,Over 60,118949.48,771,250898,Full-time,High School,Citizen,Fluent,No,No,High-income Suburban,Approved
6668,7720,Female,White,63,Over 60,115653.58,788,52018,Full-time,Some College,Citizen,Fluent,No,No,High-income Suburban,Approved
6669,189,Female,White,31,25-60,44562.94,653,182486,Full-time,Some College,Permanent Resident,Fluent,No,No,Working Class Urban,Denied
6670,8882,Female,White,75,Over 60,29009.44,657,288263,Full-time,Some College,Permanent Resident,Limited,No,No,Historically Redlined,Denied
6671,3185,Female,Black,33,25-60,46456.65,722,253888,Full-time,High School,Citizen,Fluent,No,No,Working Class Urban,Denied
6672,5439,Non-binary,Black,59,25-60,89639.88,765,208789,Full-time,High School,Citizen,Fluent,No,No,Urban Professional,Approved
6673,1182,Male,White,79,Over 60,254262.03,758,331177,Gig,Bachelor's,Visa Holder,Fluent,No,No,Urban Professional,Approved
6674,3325,Male,Black,35,25-60,154282.14,689,310780,Full-time,Some College,Citizen,Fluent,No,No,High-income Suburban,Approved
6675,5193,Male,Black,76,Over 60,266844.31,792,183850,Full-time,Graduate,Citizen,Fluent,Yes,No,High-income Suburban,Approved
6676,406,Female,White,48,25-60,222058.46,762,288094,Full-time,Bachelor's,Citizen,Fluent,No,No,High-income Suburban,Approved
6677,5806,Female,White,51,25-60,63545.25,637,176561,Self-employed,Bachelor's,Citizen,Fluent,No,No,Working Class Urban,Denied
6678,2051,Male,Hispanic,75,Over 60,78656.8,741,71441,Part-time,High School,Citizen,Fluent,No,No,Urban Professional,Approved
6679,8166,Male,Black,80,Over 60,56524.49,740,444585,Full-time,High School,Citizen,Fluent,No,No,Working Class Urban,Approved
6680,7719,Male,White,68,Over 60,51312.75,739,435435,Full-time,High School,Citizen,Limited,No,No,Urban Professional,Denied
6681,9921,Female,White,43,25-60,53483.91,591,407453,Full-time,Some College,Citizen,Fluent,No,No,Working Class Urban,Denied
6682,7046,Male,White,49,25-60,164286.9,704,72063,Full-time,Some College,Citizen,Fluent,No,No,High-income Suburban,Approved
6683,8851,Male,White,76,Over 60,234950.75,767,382331,Full-time,Bachelor's,Citizen,Fluent,Yes,No,High-income Suburban,Approved
6684,6532,Male,White,29,25-60,76524.33,657,351923,Part-time,High School,Citizen,Limited,No,No,High-income Suburban,Denied
6685,2794,Female,Hispanic,33,25-60,50097.17,645,171898,Full-time,Some College,Citizen,Fluent,No,No,Historically Redlined,Approved
6686,7927,Male,Black,53,25-60,71451.69,634,267144,Full-time,Some College,Citizen,Fluent,No,Yes,Urban Professional,Denied
6687,2182,Male,White,64,Over 60,78465.23,750,247967,Gig,Some College,Citizen,Fluent,No,No,High-income Suburban,Approved
6688,5024,Male,White,80,Over 60,100118.6,772,126964,Full-time,Graduate,Citizen,Fluent,No,No,Working Class Urban,Approved
6689,3884,Female,White,72,Over 60,78555.57,802,411184,Full-time,Bachelor's,Citizen,Fluent,No,No,Historically Redlined,Approved
6690,3827,Female,White,59,25-60,105874.05,716,328883,Part-time,Some College,Citizen,Limited,No,No,High-income Suburban,Approved
6691,6916,Male,White,46,25-60,45978.9,674,108777,Full-time,Some College,Citizen,Fluent,No,No,Rural,Denied
6692,6545,Female,White,35,25-60,56063.94,634,296182,Full-time,Bachelor's,Citizen,Fluent,No,No,Rural,Approved
6693,1095,Female,Hispanic,61,Over 60,38079.29,726,356976,Full-time,Some College,Citizen,Fluent,Yes,No,Rural,Approved
6694,8066,Female,Hispanic,37,25-60,39162.15,702,418574,Full-time,High School,Citizen,Fluent,No,No,Working Class Urban,Approved
6695,9180,Female,White,73,Over 60,31451.21,617,291739,Full-time,Some College,Citizen,Limited,No,No,Working Class Urban,Denied
6696,6763,Female,White,42,25-60,33612.47,621,336167,Self-employed,Some College,Citizen,Limited,Yes,No,Historically Redlined,Denied
6697,1608,Female,White,19,Under 25,41681.92,605,207182,Full-time,High School,Citizen,Fluent,No,No,Rural,Denied
6698,8504,Female,Black,47,25-60,179877.83,715,139824,Full-time,Some College,Citizen,Fluent,No,No,High-income Suburban,Approved
6699,5502,Male,White,22,Under 25,109230.17,620,123416,Full-time,Some College,Visa Holder,Fluent,No,No,High-income Suburban,Denied
6700,3571,Male,White,26,25-60,455966.7,673,437842,Part-time,Graduate,Citizen,Fluent,Yes,No,High-income Suburban,Approved
6701,6723,Male,Hispanic,66,Over 60,115448.12,805,449354,Gig,High School,Citizen,Fluent,No,No,Urban Professional,Approved
6702,9868,Male,White,53,25-60,126591.76,742,239135,Full-time,Some College,Citizen,Fluent,No,No,Urban Professional,Approved
6703,5295,Male,Black,40,25-60,137960.72,684,363511,Full-time,Some College,Citizen,Fluent,No,No,High-income Suburban,Approved
6704,2044,Female,Black,22,Under 25,36810.23,570,61016,Full-time,High School,Citizen,Fluent,No,No,Rural,Denied
6705,3689,Male,White,23,Under 25,54787.16,581,224751,Part-time,Bachelor's,Citizen,Fluent,No,No,Working Class Urban,Denied
6706,8080,Male,White,71,Over 60,38039.35,729,331432,Full-time,Some College,Citizen,Fluent,No,No,Rural,Denied
6707,6446,Female,White,32,25-60,24205.09,581,236191,Gig,High School,Citizen,Limited,No,No,Working Class Urban,Denied
6708,2878,Male,White,61,Over 60,142529.62,758,298864,Full-time,Bachelor's,Citizen,Fluent,No,No,Urban Professional,Approved
6709,7761,Male,White,28,25-60,58130.82,698,262248,Full-time,Some College,Citizen,Fluent,No,No,Working Class Urban,Approved
6710,4313,Male,White,74,Over 60,134496.18,827,367970,Self-employed,Some College,Citizen,Fluent,No,No,High-income Suburban,Approved
6711,4505,Male,White,50,25-60,109172.25,755,409242,Full-time,High School,Citizen,Fluent,No,No,Urban Professional,Approved
6712,8583,Male,Asian,61,Over 60,22230.25,746,400459,Self-employed,Bachelor's,Citizen,Limited,No,No,Working Class Urban,Approved
6713,173,Male,Hispanic,21,Under 25,66007.36,627,135819,Gig,Bachelor's,Citizen,Fluent,No,No,Rural,Approved
6714,5724,Male,White,53,25-60,246194.13,716,172253,Gig,Bachelor's,Permanent Resident,Fluent,No,No,High-income Suburban,Approved
6715,1081,Female,White,22,Under 25,117300.16,660,328901,Full-time,High School,Citizen,Fluent,No,No,Urban Professional,Denied
6716,113,Male,White,57,25-60,73958.79,660,253908,Full-time,Graduate,Citizen,Limited,Yes,No,Working Class Urban,Approved
6717,4874,Female,Hispanic,54,25-60,114261.11,724,164010,Gig,High School,Citizen,Fluent,No,No,Urban Professional,Approved
6718,63,Female,White,73,Over 60,46562.64,702,109048,Full-time,Bachelor's,Citizen,Fluent,No,No,Rural,Denied
6719,8283,Male,White,81,Over 60,115096.72,708,78350,Full-time,High School,Citizen,Fluent,No,No,High-income Suburban,Approved
6720,6975,Female,White,24,Under 25,73979.51,598,128707,Full-time,High School,Citizen,Fluent,No,No,Urban Professional,Approved
6721,9077,Male,Hispanic,20,Under 25,46152.62,624,314168,Gig,High School,Citizen,Fluent,No,No,Working Class Urban,Approved
6722,440,Male,White,34,25-60,149404.17,726,420197,Full-time,Some College,Citizen,Fluent,No,No,High-income Suburban,Approved
6723,1585,Male,White,65,Over 60,46254.31,694,59128,Full-time,Some College,Citizen,Fluent,No,No,Rural,Approved
6724,434,Female,Black,81,Over 60,142651.7,743,126207,Full-time,Bachelor's,Visa Holder,Fluent,No,No,Urban Professional,Approved
6725,3889,Female,Black,45,25-60,113361.26,741,223494,Full-time,High School,Citizen,Fluent,No,No,Urban Professional,Approved
6726,940,Female,White,62,Over 60,79104.86,725,330792,Full-time,Bachelor's,Permanent Resident,Fluent,No,No,Rural,Approved
6727,1939,Female,White,79,Over 60,298348.35,763,440142,Gig,Graduate,Citizen,Fluent,No,No,Urban Professional,Approved
6728,6171,Female,Multiracial,34,25-60,37006.51,682,52119,Full-time,High School,Citizen,Fluent,No,No,Working Class Urban,Approved
6729,4933,Female,White,58,25-60,48647.82,607,298766,Unemployed,Some College,Citizen,Fluent,No,No,Rural,Denied
6730,7999,Female,White,82,Over 60,124764.42,750,121417,Full-time,High School,Citizen,Fluent,No,No,High-income Suburban,Approved
6731,5215,Male,White,22,Under 25,44135.76,583,62807,Self-employed,Some College,Citizen,Fluent,No,No,Rural,Denied
6732,4807,Female,White,78,Over 60,107288.04,811,350885,Full-time,High School,Citizen,Fluent,No,No,Urban Professional,Approved
6733,7657,Female,Asian,82,Over 60,248503.94,791,126391,Unemployed,Graduate,Citizen,Fluent,No,No,High-income Suburban,Approved
6734,3306,Female,White,27,25-60,76932.59,702,154336,Full-time,High School,Citizen,Fluent,No,No,High-income Suburban,Approved
6735,2227,Female,Black,73,Over 60,93002.53,731,233508,Full-time,High School,Citizen,Fluent,No,No,Urban Professional,Approved
6736,9991,Female,White,53,25-60,86941.32,768,438275,Part-time,Bachelor's,Citizen,Fluent,No,No,Working Class Urban,Denied
6737,7754,Female,White,72,Over 60,228087.4,735,404569,Full-time,Bachelor's,Permanent Resident,Fluent,No,No,High-income Suburban,Approved
6738,2273,Male,White,30,25-60,55738.25,658,69864,Full-time,Graduate,Citizen,Limited,No,No,Rural,Denied
6739,4504,Female,White,70,Over 60,210748.64,719,168400,Self-employed,Bachelor's,Citizen,Fluent,No,No,High-income Suburban,Approved
6740,7816,Male,White,78,Over 60,93006.27,785,201195,Full-time,High School,Citizen,Fluent,No,No,Urban Professional,Approved
6741,1230,Male,White,53,25-60,78906.73,664,428730,Self-employed,Bachelor's,Citizen,Fluent,No,No,Working Class Urban,Approved
6742,9862,Male,White,78,Over 60,139598.63,795,264083,Full-time,High School,Citizen,Fluent,No,No,High-income Suburban,Approved
6743,5715,Male,White,61,Over 60,20950.87,660,279452,Full-time,High School,Citizen,Fluent,No,Yes,Rural,Denied
6744,2573,Female,White,80,Over 60,137585.07,763,123954,Gig,Some College,Citizen,Fluent,No,No,High-income Suburban,Approved
6745,2745,Female,White,31,25-60,26799.2,608,433765,Part-time,High School,Citizen,Fluent,No,No,Rural,Denied
6746,8708,Male,Hispanic,50,25-60,101194.15,719,98356,Full-time,High School,Citizen,Fluent,No,No,High-income Suburban,Approved
6747,140,Male,White,78,Over 60,123583.88,800,424026,Part-time,Graduate,Citizen,Fluent,No,No,Working Class Urban,Approved
6748,5400,Female,White,27,25-60,37756.33,708,197993,Full-time,Some College,Citizen,Fluent,No,No,Rural,Approved
6749,2569,Female,Hispanic,24,Under 25,27596.31,508,295561,Self-employed,High School,Citizen,Fluent,Yes,Yes,Historically Redlined,Denied
6750,6184,Male,Black,50,25-60,34211.5,603,353559,Part-time,High School,Citizen,Fluent,Yes,No,Historically Redlined,Denied
6751,7630,Female,Hispanic,21,Under 25,133935.39,666,99682,Full-time,Some College,Citizen,Fluent,No,No,Urban Professional,Denied
6752,8953,Male,White,40,25-60,115426.21,729,365901,Part-time,Some College,Citizen,Fluent,No,No,High-income Suburban,Approved
6753,9766,Male,Asian,23,Under 25,220011.16,651,322910,Full-time,Graduate,Citizen,Fluent,Yes,No,High-income Suburban,Approved
6754,7495,Male,Black,18,Under 25,63120.87,611,404964,Part-time,Some College,Citizen,Fluent,No,No,Working Class Urban,Approved
6755,4846,Male,Black,32,25-60,107484.67,719,225965,Full-time,Some College,Citizen,Fluent,No,No,Urban Professional,Approved
6756,3776,Female,White,76,Over 60,71903.31,765,268334,Full-time,High School,Citizen,Limited,No,No,High-income Suburban,Approved
6757,7335,Female,Asian,61,Over 60,135912.96,776,371389,Full-time,Graduate,Citizen,Fluent,No,No,Working Class Urban,Approved
6758,167,Male,White,47,25-60,188803.06,681,268620,Full-time,Bachelor's,Citizen,Fluent,No,No,High-income Suburban,Approved
6759,1447,Male,White,44,25-60,79696.48,705,439938,Full-time,Some College,Citizen,Fluent,No,No,Urban Professional,Denied
6760,4022,Male,Black,57,25-60,124763.44,651,387353,Full-time,Bachelor's,Citizen,Fluent,No,Yes,Urban Professional,Denied
6761,3205,Male,White,62,Over 60,96074.05,789,95631,Full-time,Some College,Citizen,Fluent,No,No,Urban Professional,Approved
6762,2467,Male,White,54,25-60,44295.0,597,229390,Full-time,Bachelor's,Citizen,Fluent,Yes,Yes,Working Class Urban,Denied
6763,1436,Female,Black,65,Over 60,101164.75,815,185615,Unemployed,High School,Citizen,Fluent,No,No,Urban Professional,Approved
6764,6817,Female,White,46,25-60,33651.78,565,245818,Full-time,Some College,Citizen,Limited,No,No,Working Class Urban,Denied
6765,4134,Male,Black,45,25-60,32416.13,651,170638,Full-time,High School,Citizen,Fluent,No,No,Rural,Denied
6766,1102,Male,White,41,25-60,103274.36,675,326136,Full-time,Some College,Citizen,Fluent,No,No,High-income Suburban,Approved
6767,8922,Male,White,61,Over 60,52498.25,696,174601,Self-employed,Some College,Citizen,Fluent,No,No,Rural,Denied
6768,5924,Female,White,28,25-60,52250.99,664,204423,Full-time,Some College,Citizen,Fluent,No,No,Rural,Approved
6769,5354,Female,White,28,25-60,44006.14,645,126990,Full-time,High School,Citizen,Fluent,No,No,Working Class Urban,Approved
6770,7653,Female,White,27,25-60,43740.74,649,68041,Part-time,Some College,Citizen,Fluent,Yes,No,Working Class Urban,Denied
6771,2931,Male,White,79,Over 60,87276.96,787,166040,Full-time,Some College,Citizen,Limited,No,No,High-income Suburban,Approved
6772,5277,Female,White,49,25-60,338335.18,773,79343,Full-time,Graduate,Citizen,Fluent,No,No,High-income Suburban,Approved
6773,6856,Male,White,54,25-60,97197.7,762,221566,Full-time,Graduate,Citizen,Fluent,Yes,No,Rural,Approved
6774,703,Male,Hispanic,49,25-60,116618.91,767,381972,Part-time,Graduate,Citizen,Fluent,Yes,No,Historically Redlined,Approved
6775,2370,Male,White,65,Over 60,35117.45,731,397134,Full-time,High School,Citizen,Fluent,Yes,No,Rural,Approved
6776,107,Male,Hispanic,40,25-60,85374.54,661,246420,Part-time,Some College,Citizen,Fluent,No,Yes,High-income Suburban,Denied
6777,8423,Female,White,49,25-60,53323.06,668,179468,Full-time,High School,Citizen,Fluent,No,No,Working Class Urban,Denied
6778,2153,Male,White,41,25-60,86903.99,692,327810,Part-time,Some College,Visa Holder,Limited,No,No,High-income Suburban,Approved
6779,7474,Male,Multiracial,56,25-60,32525.58,600,402559,Unemployed,High School,Citizen,Fluent,No,No,Working Class Urban,Denied
6780,3094,Male,White,80,Over 60,89002.62,789,390858,Full-time,Bachelor's,Citizen,Fluent,No,No,Historically Redlined,Approved
6781,4569,Female,White,69,Over 60,91801.95,761,296573,Full-time,Graduate,Permanent Resident,Fluent,No,No,Working Class Urban,Approved
6782,8437,Female,Hispanic,59,25-60,133573.67,713,58619,Full-time,High School,Citizen,Fluent,No,No,High-income Suburban,Approved
6783,8701,Female,White,19,Under 25,138719.28,659,169452,Full-time,Bachelor's,Citizen,Fluent,No,No,Urban Professional,Denied
6784,5345,Female,Hispanic,77,Over 60,160457.98,777,133762,Full-time,Bachelor's,Citizen,Fluent,No,No,High-income Suburban,Approved
6785,2940,Female,White,24,Under 25,89003.92,632,337510,Full-time,Some College,Citizen,Fluent,No,No,High-income Suburban,Approved
6786,1429,Female,Black,41,25-60,76596.33,681,424908,Part-time,Some College,Citizen,Limited,No,No,Urban Professional,Approved
6787,6032,Male,White,60,25-60,31981.27,605,441245,Gig,High School,Citizen,Fluent,Yes,No,Working Class Urban,Denied
6788,5291,Male,Black,46,25-60,46965.82,650,148745,Full-time,Some College,Citizen,Fluent,No,No,Rural,Denied
6789,4917,Male,Hispanic,47,25-60,50780.48,650,271531,Full-time,High School,Citizen,Fluent,No,No,Working Class Urban,Approved
6790,8442,Female,White,40,25-60,22616.08,670,390318,Full-time,High School,Citizen,Fluent,Yes,No,Rural,Approved
6791,5116,Male,White,36,25-60,120690.52,746,195663,Full-time,Graduate,Permanent Resident,Fluent,No,No,Working Class Urban,Approved
6792,6029,Female,White,31,25-60,49127.21,699,373991,Self-employed,High School,Citizen,Fluent,No,No,Rural,Approved
6793,176,Female,White,18,Under 25,230601.09,581,401076,Full-time,Graduate,Citizen,Fluent,No,No,Urban Professional,Approved
6794,9405,Female,White,77,Over 60,139481.15,768,435439,Full-time,Some College,Citizen,Fluent,Yes,No,Urban Professional,Approved
6795,8944,Male,Multiracial,57,25-60,50781.67,705,404013,Part-time,Some College,Citizen,Fluent,Yes,No,Working Class Urban,Denied
6796,3561,Female,White,82,Over 60,94819.67,771,430827,Self-employed,Bachelor's,Citizen,Fluent,No,No,Working Class Urban,Approved
6797,3731,Female,Black,34,25-60,108584.16,675,402139,Full-time,High School,Citizen,Fluent,Yes,No,High-income Suburban,Approved
6798,1111,Male,Black,71,Over 60,33898.82,672,108203,Full-time,High School,Citizen,Limited,No,No,Working Class Urban,Denied
6799,8582,Male,White,58,25-60,92527.29,773,290201,Full-time,Bachelor's,Citizen,Fluent,No,No,Working Class Urban,Denied
6800,7154,Male,White,76,Over 60,34871.57,623,424379,Full-time,Bachelor's,Citizen,Limited,No,No,Rural,Denied
6801,6104,Female,White,23,Under 25,162994.12,574,378664,Full-time,Bachelor's,Citizen,Fluent,No,No,High-income Suburban,Denied
6802,1388,Female,Hispanic,68,Over 60,102938.11,728,292288,Full-time,Some College,Citizen,Fluent,No,No,Urban Professional,Approved
6803,341,Male,White,34,25-60,274596.24,712,50198,Full-time,Graduate,Visa Holder,Fluent,No,No,High-income Suburban,Approved
6804,91,Female,Hispanic,35,25-60,37307.08,717,360066,Full-time,High School,Citizen,Fluent,No,No,Rural,Denied
6805,2845,Female,White,49,25-60,59548.87,684,233930,Full-time,High School,Citizen,Limited,No,No,High-income Suburban,Approved
6806,2126,Female,Hispanic,72,Over 60,229492.7,727,389898,Full-time,Bachelor's,Visa Holder,Fluent,No,No,High-income Suburban,Approved
6807,6667,Female,Hispanic,77,Over 60,107424.27,811,129880,Part-time,High School,Citizen,Fluent,No,No,High-income Suburban,Approved
6808,6812,Female,Hispanic,51,25-60,91206.6,733,338861,Self-employed,Bachelor's,Citizen,Fluent,No,No,Working Class Urban,Approved
6809,3420,Male,White,53,25-60,47530.57,654,231244,Full-time,High School,Visa Holder,Fluent,No,Yes,Urban Professional,Denied
6810,2844,Female,Black,70,Over 60,38347.37,704,192097,Full-time,High School,Visa Holder,Fluent,No,No,Historically Redlined,Denied
6811,3957,Female,White,47,25-60,49564.3,632,184803,Full-time,High School,Citizen,Fluent,No,No,Historically Redlined,Approved
6812,727,Male,Hispanic,59,25-60,40525.04,667,394928,Full-time,High School,Visa Holder,Fluent,Yes,No,Rural,Approved
6813,7231,Male,Black,58,25-60,35932.43,680,312338,Full-time,High School,Permanent Resident,Fluent,No,No,Historically Redlined,Approved
6814,2301,Male,Black,60,25-60,47137.82,654,289187,Full-time,Some College,Citizen,Fluent,No,No,Working Class Urban,Denied
6815,914,Female,White,56,25-60,69123.72,717,114933,Full-time,Graduate,Citizen,Limited,No,No,Historically Redlined,Approved
6816,795,Female,White,72,Over 60,284997.18,771,73528,Self-employed,Graduate,Citizen,Fluent,Yes,No,High-income Suburban,Approved
6817,7599,Female,White,31,25-60,106253.86,702,189197,Full-time,Graduate,Citizen,Fluent,No,No,Rural,Approved
6818,4303,Male,White,25,25-60,147985.75,688,438810,Unemployed,Bachelor's,Citizen,Fluent,No,No,High-income Suburban,Approved
6819,4673,Male,White,77,Over 60,68633.67,713,310310,Full-time,Bachelor's,Visa Holder,Fluent,No,No,Working Class Urban,Approved
6820,611,Male,White,56,25-60,46976.01,702,404640,Part-time,High School,Citizen,Fluent,No,No,Historically Redlined,Approved
6821,514,Female,Hispanic,27,25-60,73497.09,682,122367,Full-time,Bachelor's,Permanent Resident,Fluent,No,No,Historically Redlined,Approved
6822,4283,Female,White,47,25-60,199295.75,682,52576,Full-time,Bachelor's,Citizen,Fluent,No,No,Urban Professional,Approved
6823,7444,Male,White,66,Over 60,35216.42,696,424594,Full-time,High School,Permanent Resident,Fluent,No,No,Historically Redlined,Approved
6824,3929,Female,White,77,Over 60,94453.86,798,231979,Full-time,Graduate,Visa Holder,Limited,No,No,Working Class Urban,Approved
6825,7462,Female,White,44,25-60,25614.62,519,352803,Full-time,High School,Citizen,Fluent,No,Yes,Rural,Denied
6826,4190,Female,Hispanic,54,25-60,181632.64,712,342835,Full-time,Graduate,Citizen,Fluent,No,No,Urban Professional,Approved
6827,2160,Male,Hispanic,29,25-60,33920.75,663,207814,Full-time,Some College,Citizen,Fluent,No,No,Rural,Denied
6828,289,Female,Asian,23,Under 25,66183.11,618,237074,Full-time,Graduate,Citizen,Limited,No,No,Historically Redlined,Denied
6829,950,Female,White,62,Over 60,55583.6,728,398202,Full-time,Some College,Citizen,Fluent,No,No,Historically Redlined,Approved
6830,527,Male,Black,37,25-60,110933.9,680,370199,Full-time,High School,Citizen,Fluent,No,No,High-income Suburban,Approved
6831,2368,Male,Black,79,Over 60,73984.11,726,228762,Full-time,Bachelor's,Citizen,Fluent,No,No,Rural,Denied
6832,3708,Male,Hispanic,54,25-60,150734.87,706,381189,Full-time,High School,Citizen,Fluent,No,No,High-income Suburban,Approved
6833,9976,Male,Black,75,Over 60,36460.8,719,437249,Full-time,Some College,Permanent Resident,Fluent,No,No,Historically Redlined,Denied
6834,342,Male,Asian,61,Over 60,95653.98,829,208733,Full-time,Graduate,Citizen,Fluent,No,No,Rural,Approved
6835,1051,Male,Hispanic,38,25-60,29294.93,585,370760,Self-employed,High School,Citizen,Fluent,No,No,Working Class Urban,Denied
6836,8486,Female,Hispanic,40,25-60,61874.33,689,237489,Part-time,Bachelor's,Citizen,Fluent,No,No,Working Class Urban,Approved
6837,2963,Female,Hispanic,30,25-60,102639.11,806,99106,Unemployed,High School,Citizen,Fluent,No,No,High-income Suburban,Approved
6838,699,Female,White,77,Over 60,52440.59,682,414310,Full-time,Some College,Citizen,Fluent,No,No,Rural,Denied
6839,7734,Female,Hispanic,44,25-60,132379.88,759,408920,Full-time,High School,Citizen,Fluent,No,No,High-income Suburban,Approved
6840,5100,Female,Black,76,Over 60,211325.44,722,203230,Gig,Bachelor's,Citizen,Fluent,No,No,Urban Professional,Approved
6841,3737,Male,White,29,25-60,67108.58,690,293461,Full-time,Graduate,Citizen,Limited,Yes,No,Rural,Approved
6842,9493,Female,Black,63,Over 60,54598.25,707,364438,Full-time,High School,Citizen,Limited,No,No,High-income Suburban,Approved
6843,7662,Female,White,63,Over 60,47719.19,706,138438,Part-time,Some College,Citizen,Fluent,Yes,No,Rural,Approved
6844,3405,Female,Black,75,Over 60,48297.86,723,277611,Full-time,Some College,Citizen,Fluent,No,No,Working Class Urban,Approved
6845,8255,Female,Hispanic,82,Over 60,100810.18,773,187873,Full-time,High School,Citizen,Fluent,No,No,Urban Professional,Approved
6846,7417,Female,White,81,Over 60,84334.3,806,426179,Part-time,Bachelor's,Citizen,Fluent,No,No,Working Class Urban,Approved
6847,733,Male,Hispanic,65,Over 60,36769.33,749,145251,Self-employed,High School,Citizen,Fluent,No,No,Rural,Approved
6848,933,Male,Asian,64,Over 60,269946.44,788,83967,Full-time,Graduate,Citizen,Fluent,No,No,High-income Suburban,Approved
6849,663,Male,White,28,25-60,187301.42,705,388703,Full-time,Some College,Citizen,Fluent,No,No,High-income Suburban,Approved
6850,3329,Male,Multiracial,59,25-60,181044.97,711,298998,Full-time,Bachelor's,Citizen,Fluent,No,No,Urban Professional,Approved
6851,4018,Male,White,63,Over 60,52163.15,684,352525,Full-time,Some College,Visa Holder,Fluent,No,No,Rural,Denied
6852,3965,Male,White,28,25-60,276032.59,687,254036,Full-time,Bachelor's,Citizen,Fluent,No,No,High-income Suburban,Approved
6853,6531,Male,Hispanic,55,25-60,78803.76,625,357834,Full-time,Bachelor's,Permanent Resident,Fluent,No,No,Working Class Urban,Denied
6854,806,Non-binary,Black,37,25-60,258711.6,800,380968,Part-time,Bachelor's,Permanent Resident,Fluent,No,No,High-income Suburban,Approved
6855,9184,Female,Multiracial,54,25-60,43146.53,634,449355,Part-time,Some College,Citizen,Fluent,Yes,No,Historically Redlined,Approved
6856,3587,Male,Black,50,25-60,68081.07,645,208522,Full-time,Some College,Visa Holder,Limited,No,No,High-income Suburban,Denied
6857,976,Female,White,27,25-60,133964.5,709,283468,Part-time,Some College,Citizen,Fluent,No,No,Urban Professional,Approved
6858,2788,Male,White,67,Over 60,61164.44,679,210644,Part-time,Some College,Citizen,Fluent,Yes,No,Working Class Urban,Approved
6859,6299,Male,White,77,Over 60,28936.83,638,332746,Full-time,High School,Citizen,Limited,No,No,Rural,Denied
6860,9140,Male,White,51,25-60,224349.26,671,101612,Gig,Bachelor's,Citizen,Fluent,No,No,Urban Professional,Approved
6861,177,Female,White,39,25-60,53961.59,650,64018,Full-time,Bachelor's,Citizen,Limited,No,No,Working Class Urban,Approved
6862,2247,Male,Hispanic,34,25-60,73149.6,669,65807,Full-time,High School,Citizen,Limited,No,No,Urban Professional,Denied
6863,9537,Female,White,43,25-60,126776.31,743,163199,Full-time,Some College,Citizen,Fluent,No,No,Urban Professional,Approved
6864,6990,Male,White,33,25-60,135904.93,726,307385,Full-time,Some College,Citizen,Fluent,No,No,High-income Suburban,Approved
6865,10,Female,Black,33,25-60,70093.06,651,313757,Gig,High School,Permanent Resident,Fluent,No,No,Working Class Urban,Denied
6866,1727,Female,Black,75,Over 60,30345.53,674,151603,Full-time,High School,Citizen,Fluent,No,No,Historically Redlined,Denied
6867,5325,Male,White,43,25-60,134076.57,698,202572,Self-employed,Some College,Citizen,Fluent,No,No,High-income Suburban,Approved
6868,8590,Female,White,56,25-60,165537.12,737,284648,Full-time,Bachelor's,Citizen,Fluent,No,No,Urban Professional,Approved
6869,860,Male,White,39,25-60,103831.12,765,276768,Gig,High School,Citizen,Fluent,No,No,High-income Suburban,Approved
6870,2348,Female,Multiracial,32,25-60,246546.5,714,201080,Full-time,Bachelor's,Citizen,Fluent,No,No,High-income Suburban,Approved
6871,9014,Female,Hispanic,58,25-60,34468.33,633,315670,Full-time,High School,Citizen,Fluent,No,No,Working Class Urban,Denied
6872,2229,Female,Multiracial,33,25-60,69235.8,654,234115,Full-time,Some College,Citizen,Limited,No,No,Urban Professional,Approved
6873,4040,Male,White,39,25-60,38357.86,683,230836,Full-time,High School,Visa Holder,Fluent,No,No,Rural,Approved
6874,4553,Male,Hispanic,20,Under 25,40745.81,638,71632,Full-time,High School,Permanent Resident,Fluent,No,No,Working Class Urban,Denied
6875,2711,Male,White,47,25-60,91379.52,729,286884,Gig,High School,Citizen,Fluent,No,No,Urban Professional,Approved
6876,2875,Male,White,46,25-60,51684.33,693,77070,Full-time,High School,Citizen,Fluent,No,No,Working Class Urban,Approved
6877,1799,Male,Black,59,25-60,92567.03,745,217363,Gig,High School,Citizen,Fluent,No,No,High-income Suburban,Approved
6878,7334,Female,Asian,46,25-60,89649.1,728,263760,Gig,Graduate,Citizen,Fluent,No,No,Rural,Denied
6879,8297,Male,Asian,71,Over 60,148074.21,798,396927,Full-time,Graduate,Citizen,Fluent,No,No,Working Class Urban,Approved
6880,5758,Non-binary,Black,69,Over 60,130902.71,780,346252,Full-time,Some College,Visa Holder,Fluent,No,No,Urban Professional,Approved
6881,1718,Female,Black,61,Over 60,122489.35,756,309701,Gig,Some College,Permanent Resident,Fluent,No,No,Urban Professional,Approved
6882,1203,Female,White,71,Over 60,89443.53,808,66542,Gig,Graduate,Citizen,Fluent,No,No,Rural,Approved
6883,1327,Female,White,82,Over 60,314093.56,747,189997,Full-time,Graduate,Citizen,Fluent,No,No,High-income Suburban,Approved
6884,6911,Male,White,50,25-60,147788.84,779,363497,Self-employed,Bachelor's,Citizen,Fluent,No,No,Urban Professional,Approved
6885,1941,Male,Hispanic,37,25-60,127443.31,708,420808,Full-time,High School,Permanent Resident,Fluent,No,No,Urban Professional,Approved
6886,1975,Male,White,55,25-60,189875.26,717,71917,Part-time,Graduate,Permanent Resident,Limited,Yes,No,Urban Professional,Approved
6887,9472,Female,White,79,Over 60,191785.36,777,129059,Full-time,Bachelor's,Citizen,Fluent,No,No,High-income Suburban,Approved
6888,3072,Female,White,47,25-60,120029.02,753,436500,Full-time,High School,Citizen,Fluent,No,No,High-income Suburban,Approved
6889,6925,Female,Hispanic,79,Over 60,20241.88,604,214697,Part-time,Some College,Citizen,Fluent,Yes,Yes,Rural,Denied
6890,8014,Female,White,43,25-60,50135.34,709,75906,Full-time,Some College,Citizen,Fluent,No,No,Historically Redlined,Approved
6891,498,Male,White,77,Over 60,30843.38,686,275632,Full-time,High School,Visa Holder,Fluent,No,No,Working Class Urban,Denied
6892,9950,Female,White,65,Over 60,88131.54,768,304073,Self-employed,Some College,Citizen,Fluent,No,No,Urban Professional,Approved
6893,6747,Male,White,19,Under 25,143213.64,651,158498,Part-time,High School,Citizen,Fluent,No,No,High-income Suburban,Approved
6894,6483,Male,Hispanic,46,25-60,18265.05,596,286696,Full-time,High School,Citizen,Fluent,No,Yes,Rural,Denied
6895,2680,Male,Hispanic,37,25-60,40404.39,629,370589,Part-time,High School,Citizen,Fluent,No,No,Rural,Denied
6896,9904,Female,Hispanic,28,25-60,24404.04,548,99134,Full-time,High School,Citizen,Limited,No,No,Historically Redlined,Denied
6897,1714,Male,Hispanic,54,25-60,96902.64,690,357314,Full-time,Some College,Permanent Resident,Fluent,No,No,Urban Professional,Approved
6898,3067,Male,White,39,25-60,203949.02,729,133719,Full-time,Bachelor's,Citizen,Fluent,No,No,Urban Professional,Approved
6899,9134,Male,White,23,Under 25,45166.94,618,94939,Self-employed,Some College,Citizen,Fluent,No,No,Historically Redlined,Denied
6900,7566,Male,Hispanic,79,Over 60,24326.42,693,77870,Full-time,Some College,Permanent Resident,Limited,No,No,Historically Redlined,Denied
6901,4940,Male,White,24,Under 25,84453.44,613,68674,Part-time,Bachelor's,Citizen,Fluent,No,No,Working Class Urban,Approved
6902,3864,Female,White,34,25-60,64560.08,654,198986,Full-time,Graduate,Citizen,Limited,No,No,Rural,Approved
6903,2238,Female,White,62,Over 60,198421.07,746,201581,Self-employed,Bachelor's,Citizen,Fluent,No,No,High-income Suburban,Approved
6904,968,Female,White,39,25-60,24580.45,663,114197,Full-time,High School,Citizen,Limited,No,Yes,Working Class Urban,Denied
6905,4564,Female,White,73,Over 60,36876.8,726,375052,Full-time,Some College,Citizen,Limited,Yes,No,Working Class Urban,Denied
6906,2031,Male,White,64,Over 60,52669.78,675,318060,Full-time,Some College,Citizen,Fluent,No,No,Working Class Urban,Approved
6907,5056,Male,Hispanic,26,25-60,178394.12,772,184084,Full-time,Bachelor's,Citizen,Fluent,No,No,High-income Suburban,Approved
6908,2335,Female,Asian,65,Over 60,60674.36,672,391863,Full-time,Some College,Citizen,Fluent,Yes,No,Working Class Urban,Approved
6909,865,Male,White,22,Under 25,83510.72,679,223659,Full-time,High School,Citizen,Limited,No,No,High-income Suburban,Approved
6910,7931,Male,White,26,25-60,137987.66,733,313917,Full-time,Bachelor's,Citizen,Fluent,No,No,Urban Professional,Approved
6911,2873,Female,Hispanic,59,25-60,89519.08,747,365787,Part-time,High School,Permanent Resident,Fluent,No,No,High-income Suburban,Approved
6912,4026,Male,White,64,Over 60,242038.59,778,97341,Full-time,Bachelor's,Citizen,Fluent,No,No,Urban Professional,Approved
6913,3904,Male,White,72,Over 60,53485.26,780,52734,Self-employed,Bachelor's,Citizen,Fluent,No,No,Working Class Urban,Approved
6914,2868,Male,Asian,38,25-60,57104.33,669,379803,Full-time,High School,Citizen,Fluent,No,No,Working Class Urban,Denied
6915,9770,Female,White,76,Over 60,140228.21,754,165864,Full-time,Graduate,Citizen,Limited,No,No,Urban Professional,Approved
6916,3195,Male,White,47,25-60,59016.76,717,291943,Part-time,Bachelor's,Citizen,Limited,No,No,Working Class Urban,Approved
6917,7521,Female,White,24,Under 25,86602.37,596,149794,Full-time,High School,Citizen,Fluent,No,No,Urban Professional,Approved
6918,1723,Female,Hispanic,77,Over 60,274082.97,753,382872,Full-time,Graduate,Permanent Resident,Fluent,No,No,Urban Professional,Approved
6919,7960,Male,White,62,Over 60,75207.59,698,312378,Full-time,Graduate,Visa Holder,Fluent,No,No,Working Class Urban,Approved
6920,1595,Female,Asian,71,Over 60,45450.25,751,243650,Gig,Bachelor's,Permanent Resident,Fluent,No,No,Historically Redlined,Approved
6921,1760,Male,Asian,67,Over 60,39001.14,763,400646,Gig,High School,Citizen,Fluent,No,No,Working Class Urban,Approved
6922,2943,Non-binary,Asian,68,Over 60,116603.39,732,296497,Full-time,Some College,Citizen,Fluent,No,No,High-income Suburban,Approved
6923,3754,Female,Multiracial,69,Over 60,130820.09,808,299665,Full-time,Some College,Citizen,Fluent,Yes,No,High-income Suburban,Approved
6924,5871,Male,Black,64,Over 60,51465.92,692,91187,Full-time,High School,Citizen,Limited,No,No,High-income Suburban,Approved
6925,2230,Female,White,52,25-60,120405.63,731,246282,Full-time,Some College,Citizen,Fluent,No,No,High-income Suburban,Approved
6926,7380,Female,Black,27,25-60,132545.35,641,247251,Self-employed,Graduate,Citizen,Limited,No,Yes,Urban Professional,Approved
6927,6744,Female,White,44,25-60,65923.15,641,286068,Full-time,Bachelor's,Citizen,Fluent,No,No,Historically Redlined,Denied
6928,9109,Male,Hispanic,50,25-60,37607.26,583,69788,Full-time,Some College,Citizen,Fluent,No,No,Historically Redlined,Denied
6929,7045,Female,White,30,25-60,31763.89,575,433652,Full-time,High School,Citizen,Fluent,No,Yes,Working Class Urban,Denied
6930,1976,Female,White,75,Over 60,166139.34,762,156665,Part-time,Bachelor's,Citizen,Fluent,Yes,No,High-income Suburban,Approved
6931,1353,Male,White,75,Over 60,84573.44,780,375751,Full-time,Bachelor's,Citizen,Fluent,No,No,Rural,Approved
6932,3594,Male,White,47,25-60,276246.77,700,264570,Gig,Graduate,Citizen,Fluent,No,No,Urban Professional,Approved
6933,8228,Male,Multiracial,80,Over 60,154722.03,755,87475,Full-time,Some College,Citizen,Fluent,Yes,No,High-income Suburban,Approved
6934,5752,Male,White,54,25-60,42702.96,722,121867,Full-time,Bachelor's,Citizen,Limited,No,No,Rural,Denied
6935,5486,Male,White,20,Under 25,99162.89,643,408140,Full-time,High School,Citizen,Fluent,Yes,No,Urban Professional,Approved
6936,5501,Male,White,81,Over 60,44228.45,773,60760,Full-time,Some College,Citizen,Fluent,No,No,Working Class Urban,Approved
6937,5271,Male,Black,25,25-60,146953.96,715,407115,Full-time,Bachelor's,Permanent Resident,Fluent,No,Yes,High-income Suburban,Approved
6938,6003,Female,Hispanic,54,25-60,118884.86,675,80938,Full-time,High School,Citizen,Fluent,No,No,Urban Professional,Approved
6939,1566,Female,White,21,Under 25,102890.09,656,363351,Part-time,Some College,Citizen,Fluent,No,No,High-income Suburban,Denied
6940,3885,Female,Hispanic,45,25-60,28427.14,619,445441,Full-time,High School,Visa Holder,Fluent,No,Yes,Working Class Urban,Denied
6941,5252,Female,White,21,Under 25,97110.59,680,116487,Full-time,Bachelor's,Citizen,Fluent,No,No,Working Class Urban,Denied
6942,2276,Male,White,25,25-60,47192.57,619,347027,Full-time,Some College,Citizen,Fluent,No,No,Historically Redlined,Approved
6943,5903,Female,White,79,Over 60,123042.7,794,99099,Gig,Some College,Citizen,Fluent,No,No,High-income Suburban,Approved
6944,8169,Male,White,36,25-60,29817.93,597,426558,Part-time,High School,Citizen,Fluent,No,No,Working Class Urban,Denied
6945,9833,Male,Hispanic,19,Under 25,42048.17,608,331444,Full-time,High School,Citizen,Fluent,No,No,Rural,Approved
6946,7239,Male,Hispanic,27,25-60,122168.04,690,165719,Full-time,Some College,Citizen,Fluent,No,No,High-income Suburban,Approved
6947,9436,Female,White,57,25-60,53172.18,659,200180,Full-time,Some College,Citizen,Fluent,Yes,No,Working Class Urban,Approved
6948,9434,Male,White,46,25-60,140944.66,771,257203,Full-time,Some College,Visa Holder,Fluent,No,No,High-income Suburban,Approved
6949,309,Female,White,31,25-60,62161.63,716,365472,Part-time,Some College,Citizen,Fluent,Yes,No,Working Class Urban,Approved
6950,3516,Male,Hispanic,55,25-60,40527.83,677,258086,Full-time,High School,Citizen,Fluent,Yes,No,Working Class Urban,Approved
6951,165,Female,White,82,Over 60,244997.18,743,190508,Full-time,Graduate,Citizen,Fluent,No,No,Urban Professional,Approved
6952,8311,Male,White,80,Over 60,47280.67,717,101833,Self-employed,High School,Citizen,Fluent,No,No,Working Class Urban,Approved
6953,8617,Female,Hispanic,56,25-60,110644.3,751,244510,Full-time,Some College,Citizen,Fluent,No,No,Urban Professional,Approved
6954,1725,Female,White,28,25-60,50388.78,715,400206,Full-time,High School,Citizen,Fluent,No,No,Working Class Urban,Approved
6955,8898,Female,Asian,50,25-60,215107.47,667,440788,Full-time,Bachelor's,Visa Holder,Fluent,No,No,High-income Suburban,Approved
6956,9497,Female,White,53,25-60,96958.62,733,173277,Self-employed,High School,Permanent Resident,Fluent,No,No,Urban Professional,Approved
6957,2115,Male,White,33,25-60,104074.88,720,268161,Self-employed,Some College,Citizen,Fluent,No,No,Urban Professional,Approved
6958,2752,Male,White,64,Over 60,47664.99,732,447025,Full-time,High School,Citizen,Fluent,No,No,Working Class Urban,Approved
6959,3098,Male,White,41,25-60,92156.92,688,80136,Full-time,Some College,Citizen,Limited,No,No,Urban Professional,Approved
6960,5391,Female,Hispanic,61,Over 60,47280.14,663,388575,Full-time,Some College,Citizen,Fluent,No,No,Working Class Urban,Approved
6961,4376,Female,White,21,Under 25,131989.65,621,251618,Full-time,Bachelor's,Citizen,Fluent,No,No,Urban Professional,Denied
6962,4723,Male,White,54,25-60,99913.45,692,81911,Unemployed,High School,Citizen,Fluent,No,No,Urban Professional,Approved
6963,8832,Female,Hispanic,21,Under 25,92378.72,680,137226,Part-time,High School,Citizen,Fluent,No,No,High-income Suburban,Approved
6964,8732,Female,White,47,25-60,30981.08,632,306758,Full-time,Some College,Citizen,Limited,No,No,Rural,Denied
6965,2599,Male,White,68,Over 60,185686.34,727,248022,Part-time,Bachelor's,Citizen,Fluent,No,No,High-income Suburban,Approved
6966,6005,Female,Hispanic,81,Over 60,54152.45,729,283429,Part-time,High School,Citizen,Fluent,No,No,Working Class Urban,Approved
6967,8535,Female,Asian,65,Over 60,31713.41,723,358035,Full-time,Some College,Citizen,Fluent,No,No,Historically Redlined,Denied
6968,3798,Male,Black,18,Under 25,131606.15,673,437371,Full-time,Some College,Citizen,Fluent,No,No,High-income Suburban,Approved
6969,8498,Male,White,24,Under 25,51989.79,643,70286,Full-time,Bachelor's,Citizen,Fluent,No,No,Working Class Urban,Denied
6970,1163,Female,Black,61,Over 60,44687.33,731,201996,Full-time,Some College,Citizen,Fluent,Yes,No,Rural,Approved
6971,343,Female,White,39,25-60,59761.99,690,332810,Full-time,Some College,Citizen,Fluent,Yes,No,Working Class Urban,Approved
6972,9508,Female,White,56,25-60,318729.08,759,215101,Full-time,Graduate,Citizen,Fluent,No,No,High-income Suburban,Approved
6973,8489,Male,Hispanic,69,Over 60,142200.49,755,160965,Full-time,Bachelor's,Citizen,Fluent,No,No,Urban Professional,Approved
6974,2669,Female,White,52,25-60,285561.58,701,392166,Gig,Bachelor's,Citizen,Fluent,No,No,High-income Suburban,Approved
6975,357,Male,White,51,25-60,284357.35,707,270567,Unemployed,Graduate,Citizen,Fluent,No,No,Urban Professional,Approved
6976,5186,Male,Black,66,Over 60,107183.88,752,372226,Part-time,High School,Visa Holder,Fluent,No,No,Urban Professional,Approved
6977,7647,Male,White,61,Over 60,106683.45,774,157094,Full-time,High School,Citizen,Fluent,No,No,Urban Professional,Approved
6978,2328,Female,White,53,25-60,108123.09,669,123146,Self-employed,High School,Citizen,Fluent,Yes,No,Urban Professional,Approved
6979,7871,Male,Black,77,Over 60,42307.53,720,362229,Full-time,High School,Citizen,Fluent,No,No,Working Class Urban,Approved
6980,4926,Male,Asian,54,25-60,295070.87,722,163970,Full-time,Graduate,Citizen,Fluent,No,No,Urban Professional,Approved
6981,3647,Male,White,66,Over 60,122529.47,678,311981,Full-time,Bachelor's,Citizen,Fluent,No,Yes,Urban Professional,Approved
6982,4881,Male,White,77,Over 60,138529.24,764,128322,Unemployed,Some College,Citizen,Fluent,No,No,Urban Professional,Approved
6983,9406,Male,White,35,25-60,256792.43,678,416221,Full-time,Bachelor's,Permanent Resident,Fluent,No,No,High-income Suburban,Approved
6984,2030,Female,White,46,25-60,40405.94,663,298266,Self-employed,Bachelor's,Citizen,Limited,No,No,Rural,Denied
6985,9838,Male,White,67,Over 60,49769.51,661,368755,Gig,Bachelor's,Citizen,Fluent,No,Yes,Rural,Denied
6986,693,Female,Hispanic,32,25-60,33189.93,583,259895,Self-employed,Some College,Citizen,Fluent,Yes,No,Rural,Denied
6987,3225,Male,Black,35,25-60,31906.52,647,316578,Full-time,High School,Citizen,Fluent,No,No,Historically Redlined,Denied
6988,6207,Female,Multiracial,39,25-60,117867.84,786,108561,Gig,Some College,Citizen,Fluent,No,No,High-income Suburban,Approved
6989,3009,Male,Black,39,25-60,78937.45,677,289588,Unemployed,Some College,Citizen,Fluent,No,No,Working Class Urban,Approved
6990,7561,Male,Asian,25,25-60,63672.66,652,357224,Full-time,Bachelor's,Citizen,Fluent,Yes,Yes,Working Class Urban,Denied
6991,2142,Female,White,72,Over 60,220505.26,779,358409,Full-time,Bachelor's,Citizen,Fluent,No,No,Urban Professional,Approved
6992,7379,Male,White,22,Under 25,86791.07,644,275824,Full-time,High School,Citizen,Limited,No,No,High-income Suburban,Denied
6993,9602,Male,White,59,25-60,103409.18,768,60578,Self-employed,High School,Visa Holder,Fluent,No,No,Urban Professional,Approved
6994,182,Male,Black,57,25-60,96513.56,697,193481,Unemployed,High School,Citizen,Fluent,Yes,No,High-income Suburban,Approved
6995,4907,Female,Hispanic,22,Under 25,44488.22,585,297369,Full-time,High School,Citizen,Fluent,No,No,Historically Redlined,Denied
6996,3867,Male,Black,68,Over 60,46045.16,721,79873,Full-time,High School,Citizen,Fluent,No,No,Working Class Urban,Denied
6997,5582,Female,White,76,Over 60,107495.26,796,246994,Full-time,High School,Citizen,Fluent,No,No,High-income Suburban,Approved
6998,1569,Female,White,29,25-60,167924.75,754,229479,Full-time,Some College,Citizen,Fluent,No,No,High-income Suburban,Approved
6999,8324,Male,White,81,Over 60,75251.42,678,258120,Full-time,Bachelor's,Citizen,Fluent,No,No,Working Class Urban,Approved
7000,9785,Female,White,64,Over 60,120875.09,812,136257,Part-time,Some College,Citizen,Fluent,No,No,High-income Suburban,Approved
7001,9410,Male,Black,57,25-60,113017.78,729,349782,Full-time,Graduate,Citizen,Fluent,Yes,No,Working Class Urban,Approved
7002,1840,Male,White,39,25-60,117270.93,764,269281,Full-time,Some College,Citizen,Fluent,No,No,Urban Professional,Approved
7003,6503,Female,Black,61,Over 60,124086.58,797,179716,Part-time,High School,Citizen,Fluent,Yes,No,High-income Suburban,Approved
7004,7608,Female,White,79,Over 60,75981.21,734,207778,Unemployed,Graduate,Citizen,Limited,No,No,Working Class Urban,Approved
7005,8173,Female,White,27,25-60,99518.02,730,447315,Full-time,High School,Permanent Resident,Fluent,No,No,Urban Professional,Approved
7006,8929,Male,White,64,Over 60,85473.97,777,85131,Full-time,Bachelor's,Citizen,Fluent,No,No,Working Class Urban,Approved
7007,5750,Female,White,44,25-60,139008.81,675,250996,Full-time,Bachelor's,Citizen,Limited,No,No,Urban Professional,Approved
7008,1247,Female,Black,32,25-60,46541.62,656,430130,Full-time,High School,Citizen,Fluent,No,No,Working Class Urban,Denied
7009,61,Male,White,55,25-60,185842.53,696,91281,Gig,Bachelor's,Citizen,Fluent,Yes,No,Urban Professional,Approved
7010,2899,Female,Hispanic,24,Under 25,54731.32,591,427560,Full-time,Some College,Permanent Resident,Fluent,Yes,No,Working Class Urban,Denied
7011,6647,Male,Hispanic,80,Over 60,73226.6,725,122298,Part-time,Bachelor's,Citizen,Fluent,Yes,No,Working Class Urban,Approved
7012,9581,Female,White,24,Under 25,46864.67,609,165091,Full-time,High School,Citizen,Fluent,No,No,Historically Redlined,Denied
7013,3807,Female,Multiracial,20,Under 25,65579.38,618,261605,Full-time,Bachelor's,Citizen,Fluent,No,No,Working Class Urban,Denied
7014,1732,Male,Hispanic,45,25-60,92874.4,732,361237,Full-time,High School,Citizen,Limited,No,No,High-income Suburban,Approved
7015,2944,Male,Multiracial,65,Over 60,63624.39,706,57878,Full-time,Some College,Citizen,Fluent,No,No,Working Class Urban,Approved
7016,3463,Male,Black,78,Over 60,32643.39,581,175689,Full-time,High School,Citizen,Limited,No,No,Historically Redlined,Denied
7017,822,Female,White,26,25-60,140932.91,741,405612,Gig,Some College,Citizen,Fluent,No,No,High-income Suburban,Approved
7018,7736,Male,White,73,Over 60,176683.35,767,444041,Part-time,Bachelor's,Citizen,Fluent,No,No,Urban Professional,Approved
7019,3331,Male,White,36,25-60,161922.63,730,227507,Full-time,Bachelor's,Citizen,Fluent,No,No,Urban Professional,Approved
7020,111,Male,Hispanic,18,Under 25,85879.98,666,80613,Full-time,Graduate,Permanent Resident,Fluent,No,No,Rural,Denied
7021,4592,Female,Black,38,25-60,57950.91,648,285004,Full-time,Some College,Citizen,Fluent,No,No,Working Class Urban,Denied
7022,946,Female,Hispanic,62,Over 60,75201.95,760,294429,Full-time,High School,Citizen,Limited,No,No,High-income Suburban,Approved
7023,980,Male,White,55,25-60,320950.19,667,393694,Full-time,Graduate,Citizen,Fluent,No,No,High-income Suburban,Denied
7024,4902,Female,Asian,22,Under 25,235250.92,657,250731,Full-time,Graduate,Permanent Resident,Fluent,No,No,Urban Professional,Approved
7025,5162,Male,White,82,Over 60,46487.85,699,293045,Unemployed,Some College,Visa Holder,Fluent,No,Yes,Working Class Urban,Denied
7026,5335,Male,Hispanic,57,25-60,100691.74,725,374514,Part-time,Some College,Citizen,Fluent,Yes,No,Urban Professional,Approved
7027,7542,Male,White,74,Over 60,27132.75,654,212168,Full-time,Some College,Citizen,Limited,No,No,Rural,Denied
7028,6158,Female,White,76,Over 60,161252.35,729,99415,Full-time,Bachelor's,Permanent Resident,Fluent,No,No,High-income Suburban,Approved
7029,3842,Female,Multiracial,46,25-60,32120.55,599,445955,Full-time,High School,Citizen,Fluent,No,No,Rural,Denied
7030,5466,Female,White,38,25-60,116571.62,709,113878,Part-time,High School,Citizen,Fluent,No,No,High-income Suburban,Approved
7031,650,Male,Black,82,Over 60,20669.53,668,218530,Full-time,High School,Permanent Resident,Fluent,No,Yes,Working Class Urban,Denied
7032,9396,Female,Black,25,25-60,42612.61,704,181011,Full-time,High School,Citizen,Fluent,Yes,No,Working Class Urban,Denied
7033,4972,Female,Hispanic,44,25-60,127788.89,741,58253,Part-time,High School,Citizen,Fluent,No,No,High-income Suburban,Approved
7034,2910,Female,Hispanic,45,25-60,24312.13,598,280182,Full-time,High School,Citizen,Limited,No,No,Historically Redlined,Denied
7035,4223,Male,White,60,25-60,157529.52,682,342601,Part-time,Graduate,Citizen,Fluent,No,No,High-income Suburban,Approved
7036,7886,Female,White,35,25-60,33947.73,603,417642,Full-time,High School,Citizen,Fluent,No,No,Historically Redlined,Denied
7037,7428,Male,Multiracial,63,Over 60,172851.76,757,329461,Full-time,Bachelor's,Citizen,Fluent,No,No,High-income Suburban,Approved
7038,1462,Female,White,70,Over 60,66111.82,713,234175,Full-time,Bachelor's,Citizen,Limited,No,No,Working Class Urban,Approved
7039,3133,Male,White,67,Over 60,112269.9,831,429970,Full-time,High School,Citizen,Fluent,No,No,Urban Professional,Approved
7040,8154,Female,Black,70,Over 60,83315.12,696,104774,Full-time,Some College,Citizen,Fluent,No,Yes,Urban Professional,Approved
7041,8995,Female,Hispanic,36,25-60,53107.2,653,260852,Full-time,High School,Citizen,Fluent,No,No,Working Class Urban,Denied
7042,1993,Female,Asian,45,25-60,135736.98,712,295025,Full-time,Bachelor's,Citizen,Fluent,No,No,High-income Suburban,Approved
7043,687,Male,White,68,Over 60,35670.74,750,252839,Full-time,High School,Permanent Resident,Fluent,No,No,Working Class Urban,Approved
7044,3281,Male,White,69,Over 60,153642.05,792,394694,Full-time,Bachelor's,Citizen,Fluent,No,No,Urban Professional,Approved
7045,8109,Male,White,47,25-60,245116.85,711,339715,Full-time,Graduate,Citizen,Fluent,No,No,Urban Professional,Approved
7046,2522,Male,Hispanic,28,25-60,72006.21,674,234165,Full-time,High School,Citizen,Limited,No,No,Urban Professional,Approved
7047,4004,Male,White,67,Over 60,51803.11,706,337580,Full-time,High School,Citizen,Fluent,No,No,Working Class Urban,Approved
7048,8704,Female,White,75,Over 60,131504.02,745,120379,Full-time,Some College,Citizen,Fluent,No,No,High-income Suburban,Approved
7049,5681,Male,Asian,32,25-60,115036.62,770,394282,Full-time,Graduate,Citizen,Fluent,No,No,Rural,Approved
7050,6908,Male,White,74,Over 60,161761.69,751,258399,Full-time,Bachelor's,Citizen,Limited,No,No,High-income Suburban,Approved
7051,2587,Male,White,49,25-60,23892.45,627,428155,Full-time,High School,Citizen,Limited,No,No,Historically Redlined,Denied
7052,2063,Male,White,51,25-60,82548.02,740,321364,Full-time,Bachelor's,Citizen,Fluent,No,No,Working Class Urban,Approved
7053,1491,Male,Black,70,Over 60,187107.13,744,51017,Full-time,Graduate,Citizen,Fluent,No,No,Urban Professional,Approved
7054,9768,Male,White,68,Over 60,117274.21,778,265674,Full-time,Graduate,Citizen,Fluent,No,No,Rural,Approved
7055,8396,Female,Black,43,25-60,208423.62,730,223647,Unemployed,Graduate,Citizen,Fluent,No,No,High-income Suburban,Approved
7056,4261,Female,Hispanic,20,Under 25,98261.8,611,358127,Full-time,High School,Citizen,Fluent,No,No,Urban Professional,Approved
7057,4286,Female,Hispanic,81,Over 60,34926.49,670,378125,Full-time,Some College,Citizen,Fluent,No,No,Rural,Denied
7058,8901,Female,White,41,25-60,222165.8,664,92130,Full-time,Bachelor's,Citizen,Fluent,No,No,High-income Suburban,Approved
7059,5497,Female,White,29,25-60,255932.87,741,145117,Self-employed,Bachelor's,Citizen,Fluent,No,No,High-income Suburban,Approved
7060,4893,Male,White,81,Over 60,149143.33,779,182032,Full-time,Bachelor's,Citizen,Fluent,Yes,Yes,High-income Suburban,Approved
7061,4799,Female,White,44,25-60,151577.28,718,337260,Full-time,High School,Citizen,Fluent,No,No,High-income Suburban,Approved
7062,7392,Female,White,46,25-60,84993.93,735,113567,Self-employed,Bachelor's,Citizen,Fluent,No,No,Rural,Approved
7063,6443,Non-binary,Hispanic,32,25-60,119399.92,692,159703,Gig,Some College,Citizen,Fluent,No,No,Urban Professional,Approved
7064,5255,Male,Hispanic,45,25-60,39288.52,682,389551,Gig,Bachelor's,Visa Holder,Limited,No,No,Historically Redlined,Approved
7065,5473,Male,Hispanic,69,Over 60,224206.68,753,202817,Part-time,Bachelor's,Citizen,Fluent,Yes,No,High-income Suburban,Approved
7066,8921,Male,Multiracial,48,25-60,54201.49,636,140548,Full-time,Bachelor's,Permanent Resident,Fluent,No,Yes,Rural,Denied
7067,6151,Male,White,31,25-60,91896.55,680,305891,Full-time,Some College,Citizen,Fluent,No,Yes,High-income Suburban,Denied
7068,4683,Female,White,77,Over 60,79986.66,675,257526,Part-time,Bachelor's,Citizen,Fluent,No,No,Historically Redlined,Approved
7069,4851,Female,Asian,43,25-60,124896.42,733,376818,Full-time,Bachelor's,Permanent Resident,Limited,No,No,High-income Suburban,Approved
7070,3184,Male,Hispanic,55,25-60,146494.56,716,369930,Full-time,Some College,Citizen,Fluent,No,No,High-income Suburban,Approved
7071,8769,Male,White,70,Over 60,55600.8,718,432878,Full-time,Bachelor's,Citizen,Fluent,No,No,Rural,Approved
7072,5680,Male,White,74,Over 60,144871.32,741,315523,Self-employed,Some College,Citizen,Fluent,No,No,High-income Suburban,Approved
7073,4516,Male,White,39,25-60,105059.21,747,113113,Part-time,Some College,Citizen,Limited,No,No,High-income Suburban,Approved
7074,2935,Female,White,52,25-60,34829.66,643,76224,Full-time,High School,Citizen,Fluent,Yes,No,Historically Redlined,Denied
7075,1676,Female,Multiracial,58,25-60,70508.6,594,70155,Part-time,Some College,Citizen,Fluent,No,Yes,High-income Suburban,Denied
7076,5591,Female,White,35,25-60,99959.69,697,54390,Full-time,Bachelor's,Citizen,Fluent,No,Yes,Urban Professional,Denied
7077,7327,Female,White,79,Over 60,69419.57,749,93387,Full-time,Bachelor's,Permanent Resident,Fluent,No,No,Working Class Urban,Approved
7078,732,Male,Asian,77,Over 60,236755.11,792,171038,Full-time,Graduate,Citizen,Fluent,No,No,Urban Professional,Approved
7079,6127,Female,Multiracial,46,25-60,278108.83,744,109337,Full-time,Graduate,Citizen,Fluent,No,No,High-income Suburban,Approved
7080,5555,Male,Black,42,25-60,72501.1,705,221005,Full-time,Graduate,Citizen,Limited,No,No,Rural,Approved
7081,9534,Female,White,52,25-60,124282.87,740,275877,Full-time,High School,Citizen,Fluent,No,No,High-income Suburban,Approved
7082,9945,Female,White,69,Over 60,94959.42,775,276691,Full-time,Graduate,Citizen,Limited,No,No,Working Class Urban,Approved
7083,8493,Female,White,53,25-60,68951.32,643,182448,Part-time,Bachelor's,Citizen,Fluent,No,No,Working Class Urban,Denied
7084,9017,Female,Asian,78,Over 60,153691.32,736,423519,Full-time,Bachelor's,Citizen,Fluent,No,No,Urban Professional,Approved
7085,9529,Male,Hispanic,48,25-60,65818.6,706,56128,Part-time,High School,Citizen,Limited,Yes,No,Urban Professional,Approved
7086,3387,Male,Hispanic,80,Over 60,171966.61,746,284010,Full-time,Some College,Citizen,Fluent,No,No,High-income Suburban,Approved
7087,1057,Female,White,33,25-60,84206.48,763,422461,Full-time,Some College,Citizen,Limited,No,No,Urban Professional,Approved
7088,9787,Male,White,54,25-60,156866.58,708,156745,Full-time,Some College,Citizen,Fluent,No,No,High-income Suburban,Approved
7089,1520,Female,White,34,25-60,94097.27,796,229850,Full-time,Some College,Citizen,Limited,Yes,No,High-income Suburban,Approved
7090,8690,Female,Black,56,25-60,21370.41,692,202726,Full-time,High School,Citizen,Limited,Yes,No,Rural,Approved
7091,6883,Female,Hispanic,72,Over 60,148144.45,790,400783,Full-time,Bachelor's,Citizen,Fluent,Yes,No,Urban Professional,Approved
7092,4093,Male,White,73,Over 60,111685.76,774,322819,Part-time,Some College,Citizen,Fluent,No,No,High-income Suburban,Approved
7093,2762,Female,White,19,Under 25,57201.27,615,108527,Part-time,Some College,Visa Holder,Fluent,No,No,Working Class Urban,Denied
7094,9743,Female,White,40,25-60,83889.13,697,197262,Full-time,Some College,Citizen,Fluent,No,No,Urban Professional,Approved
7095,4737,Non-binary,White,27,25-60,243389.12,707,89527,Full-time,Graduate,Citizen,Fluent,No,No,Urban Professional,Approved
7096,1213,Male,Black,30,25-60,44397.05,694,380216,Full-time,Some College,Citizen,Fluent,No,Yes,Working Class Urban,Denied
7097,5509,Female,White,61,Over 60,42398.37,714,99450,Gig,High School,Citizen,Fluent,No,No,Working Class Urban,Denied
7098,8089,Male,White,52,25-60,141514.28,716,365757,Full-time,Bachelor's,Citizen,Limited,No,No,High-income Suburban,Approved
7099,1124,Female,White,34,25-60,67825.81,650,415568,Gig,High School,Citizen,Fluent,No,No,Urban Professional,Denied
7100,3983,Female,White,79,Over 60,42920.86,682,263733,Full-time,High School,Citizen,Fluent,No,No,Working Class Urban,Approved
7101,4050,Female,Hispanic,30,25-60,59201.72,647,209797,Full-time,Graduate,Citizen,Limited,No,No,Working Class Urban,Approved
7102,5931,Male,Hispanic,18,Under 25,142439.09,687,399983,Part-time,Bachelor's,Permanent Resident,Fluent,No,No,Urban Professional,Approved
7103,9041,Female,White,30,25-60,87510.62,713,314803,Full-time,Graduate,Citizen,Fluent,No,No,Rural,Approved
7104,6816,Female,White,22,Under 25,36355.35,602,326965,Full-time,High School,Permanent Resident,Fluent,No,No,Rural,Denied
7105,7017,Male,Hispanic,49,25-60,58429.85,637,329172,Full-time,High School,Citizen,Fluent,Yes,Yes,Urban Professional,Denied
7106,6243,Male,Native American,33,25-60,91489.24,692,214117,Gig,Bachelor's,Citizen,Fluent,No,No,Working Class Urban,Approved
7107,8833,Male,Black,18,Under 25,28216.07,539,372963,Self-employed,High School,Citizen,Fluent,No,No,Historically Redlined,Denied
7108,919,Male,White,55,25-60,104275.11,775,190616,Full-time,Graduate,Visa Holder,Fluent,No,No,Working Class Urban,Approved
7109,3297,Male,White,44,25-60,12946.8,634,169479,Part-time,High School,Citizen,Limited,No,No,Rural,Denied
7110,6093,Female,Hispanic,65,Over 60,66713.1,714,98902,Part-time,High School,Visa Holder,Limited,No,No,Urban Professional,Approved
7111,9963,Female,Hispanic,68,Over 60,225824.3,746,343618,Full-time,Bachelor's,Citizen,Fluent,No,No,High-income Suburban,Approved
7112,5694,Female,White,44,25-60,27455.24,649,224879,Part-time,High School,Citizen,Fluent,No,No,Rural,Denied
7113,1888,Male,Hispanic,51,25-60,53446.42,683,94828,Full-time,Some College,Permanent Resident,Fluent,No,No,Working Class Urban,Approved
7114,4326,Female,Hispanic,79,Over 60,113039.26,753,266168,Unemployed,High School,Citizen,Fluent,Yes,No,High-income Suburban,Approved
7115,4699,Female,White,53,25-60,129554.92,688,406189,Full-time,Some College,Permanent Resident,Fluent,No,No,High-income Suburban,Approved
7116,5701,Female,White,79,Over 60,111619.57,737,349387,Full-time,High School,Citizen,Fluent,No,No,Urban Professional,Approved
7117,3455,Female,White,35,25-60,256589.81,733,341688,Part-time,Graduate,Citizen,Fluent,No,No,High-income Suburban,Approved
7118,5050,Male,White,19,Under 25,119268.71,687,195573,Full-time,Bachelor's,Citizen,Limited,No,No,High-income Suburban,Approved
7119,1674,Male,White,32,25-60,40230.6,646,223816,Full-time,Some College,Citizen,Fluent,Yes,No,Working Class Urban,Denied
7120,1551,Male,White,32,25-60,40642.76,668,52891,Gig,High School,Visa Holder,Fluent,No,No,Historically Redlined,Denied
7121,2556,Female,White,30,25-60,119265.97,648,252488,Gig,Some College,Visa Holder,Fluent,No,No,High-income Suburban,Denied
7122,4844,Male,White,64,Over 60,99620.61,722,164703,Full-time,Some College,Permanent Resident,Fluent,No,No,Urban Professional,Approved
7123,4025,Male,White,47,25-60,184084.39,743,67546,Full-time,Bachelor's,Citizen,Fluent,No,Yes,High-income Suburban,Denied
7124,4753,Male,White,27,25-60,186424.44,719,146828,Full-time,Bachelor's,Citizen,Fluent,No,No,High-income Suburban,Approved
7125,1632,Female,White,57,25-60,147046.44,761,270275,Full-time,Graduate,Permanent Resident,Fluent,No,No,Historically Redlined,Approved
7126,2719,Male,White,47,25-60,40255.19,672,437555,Full-time,Some College,Citizen,Fluent,No,No,Working Class Urban,Denied
7127,8220,Female,White,33,25-60,33028.03,611,292883,Part-time,High School,Citizen,Fluent,Yes,No,Working Class Urban,Denied
7128,9535,Female,White,31,25-60,289430.79,731,59211,Part-time,Graduate,Citizen,Fluent,No,No,High-income Suburban,Approved
7129,9106,Male,Hispanic,54,25-60,40642.78,658,429370,Full-time,High School,Citizen,Fluent,No,No,Working Class Urban,Denied
7130,4244,Male,White,74,Over 60,96505.16,720,295797,Self-employed,Bachelor's,Citizen,Fluent,No,No,Rural,Denied
7131,1867,Female,White,74,Over 60,77412.56,749,146358,Part-time,Graduate,Citizen,Fluent,No,No,Working Class Urban,Approved
7132,3427,Female,Hispanic,82,Over 60,59268.94,717,118024,Self-employed,Graduate,Citizen,Fluent,No,No,Historically Redlined,Denied
7133,9246,Female,Hispanic,49,25-60,97562.49,716,236366,Full-time,High School,Citizen,Fluent,No,No,High-income Suburban,Approved
7134,1166,Female,White,45,25-60,90052.4,743,304540,Gig,Bachelor's,Citizen,Fluent,No,No,Working Class Urban,Approved
7135,3809,Male,White,23,Under 25,22886.86,520,181426,Full-time,High School,Citizen,Fluent,No,Yes,Working Class Urban,Denied
7136,8829,Male,White,29,25-60,41806.03,661,350310,Self-employed,High School,Citizen,Fluent,No,No,Working Class Urban,Approved
7137,5099,Female,White,36,25-60,32262.29,600,245192,Full-time,High School,Citizen,Fluent,No,No,Rural,Denied
7138,9998,Male,White,25,25-60,112077.76,743,440169,Full-time,Graduate,Citizen,Fluent,No,No,Historically Redlined,Approved
7139,7860,Male,White,78,Over 60,141407.82,780,102395,Full-time,Some College,Permanent Resident,Fluent,No,No,Urban Professional,Approved
7140,3556,Male,White,27,25-60,31281.14,590,352395,Full-time,High School,Citizen,Limited,No,No,Working Class Urban,Denied
7141,4976,Female,Hispanic,69,Over 60,49937.27,702,149267,Full-time,Bachelor's,Citizen,Limited,No,No,Working Class Urban,Approved
7142,5199,Female,White,36,25-60,38004.65,656,100609,Self-employed,Some College,Citizen,Fluent,No,No,Rural,Denied
7143,7730,Male,White,58,25-60,115671.5,689,351374,Full-time,High School,Citizen,Fluent,Yes,No,High-income Suburban,Approved
7144,6548,Male,Asian,44,25-60,132523.33,772,114732,Part-time,Bachelor's,Citizen,Fluent,No,No,Urban Professional,Approved
7145,7923,Female,Black,36,25-60,42467.83,631,64593,Self-employed,High School,Citizen,Fluent,No,No,Rural,Denied
7146,2595,Male,Black,38,25-60,120362.17,674,157537,Part-time,Some College,Citizen,Fluent,No,No,Urban Professional,Approved
7147,1205,Male,White,23,Under 25,128977.55,689,306172,Full-time,High School,Citizen,Fluent,No,No,High-income Suburban,Approved
7148,6139,Female,White,27,25-60,53592.52,699,179014,Part-time,High School,Citizen,Limited,No,No,Urban Professional,Denied
7149,2977,Male,Hispanic,67,Over 60,82182.74,708,53876,Full-time,High School,Citizen,Fluent,No,Yes,High-income Suburban,Denied
7150,7832,Male,White,24,Under 25,84247.99,691,212495,Full-time,High School,Permanent Resident,Fluent,No,No,Urban Professional,Approved
7151,1560,Male,White,77,Over 60,55321.15,723,248357,Self-employed,Some College,Citizen,Fluent,No,No,Working Class Urban,Approved
7152,1610,Male,White,66,Over 60,128913.18,823,137033,Full-time,Some College,Citizen,Fluent,No,No,Urban Professional,Approved
7153,8607,Male,Hispanic,23,Under 25,123815.92,677,93384,Part-time,Graduate,Permanent Resident,Fluent,No,No,Working Class Urban,Approved
7154,9585,Female,White,81,Over 60,56797.45,723,360511,Gig,Bachelor's,Citizen,Fluent,No,No,Historically Redlined,Approved
7155,9197,Male,Asian,71,Over 60,144042.6,815,167782,Full-time,Bachelor's,Visa Holder,Fluent,No,No,Urban Professional,Approved
7156,5088,Male,White,70,Over 60,68249.01,687,323886,Full-time,Bachelor's,Citizen,Fluent,No,Yes,Urban Professional,Approved
7157,1598,Male,White,33,25-60,69097.46,659,359030,Part-time,Some College,Citizen,Fluent,No,No,High-income Suburban,Denied
7158,973,Male,White,42,25-60,24644.87,622,369716,Part-time,High School,Citizen,Limited,No,No,Historically Redlined,Denied
7159,8817,Female,White,47,25-60,177901.64,737,310390,Full-time,Bachelor's,Citizen,Fluent,No,No,Urban Professional,Approved
7160,2585,Male,Hispanic,23,Under 25,74668.63,605,53746,Full-time,High School,Visa Holder,Fluent,No,Yes,Urban Professional,Denied
7161,3810,Non-binary,Black,63,Over 60,49645.54,704,415829,Full-time,Some College,Citizen,Fluent,No,No,Working Class Urban,Approved
7162,7256,Male,White,56,25-60,177122.39,729,143524,Full-time,Bachelor's,Citizen,Fluent,No,No,High-income Suburban,Approved
7163,6576,Male,White,42,25-60,79091.15,697,388585,Full-time,Graduate,Permanent Resident,Fluent,No,No,Rural,Approved
7164,3132,Male,White,81,Over 60,79723.93,692,402471,Gig,Some College,Citizen,Fluent,No,No,Urban Professional,Denied
7165,1085,Male,White,33,25-60,139064.72,758,295804,Part-time,High School,Citizen,Fluent,No,No,High-income Suburban,Approved
7166,5617,Female,White,22,Under 25,43601.66,579,328122,Full-time,Some College,Citizen,Fluent,Yes,No,Rural,Denied
7167,4276,Female,White,26,25-60,136984.61,735,386260,Full-time,Bachelor's,Citizen,Limited,Yes,No,High-income Suburban,Approved
7168,1398,Male,Black,37,25-60,93449.41,682,92502,Full-time,Some College,Visa Holder,Fluent,No,No,Urban Professional,Approved
7169,4588,Female,White,38,25-60,83172.94,686,382124,Part-time,High School,Citizen,Fluent,No,No,Urban Professional,Approved
7170,1526,Male,Hispanic,18,Under 25,227732.5,607,220776,Full-time,Bachelor's,Citizen,Fluent,No,No,High-income Suburban,Denied
7171,6939,Male,Asian,62,Over 60,43985.85,687,218761,Full-time,High School,Citizen,Fluent,Yes,No,Historically Redlined,Approved
7172,7698,Female,Hispanic,55,25-60,124010.86,654,121044,Part-time,Bachelor's,Visa Holder,Fluent,No,Yes,Urban Professional,Approved
7173,445,Male,White,52,25-60,40525.08,692,91330,Self-employed,High School,Citizen,Fluent,No,No,Rural,Denied
7174,2688,Male,White,77,Over 60,35337.13,722,408054,Full-time,Some College,Citizen,Fluent,No,Yes,Rural,Denied
7175,4220,Male,White,39,25-60,87581.19,717,246213,Self-employed,Bachelor's,Citizen,Fluent,No,No,Working Class Urban,Approved
7176,9818,Male,White,39,25-60,42722.96,656,262863,Full-time,Some College,Citizen,Fluent,No,No,Working Class Urban,Denied
7177,5292,Male,White,41,25-60,57516.62,574,427941,Part-time,Some College,Visa Holder,Fluent,No,Yes,High-income Suburban,Denied
7178,3830,Female,Black,69,Over 60,103442.7,767,316668,Full-time,Some College,Citizen,Fluent,No,No,Urban Professional,Approved
7179,9172,Female,Hispanic,24,Under 25,70747.39,572,282509,Self-employed,High School,Citizen,Limited,No,No,High-income Suburban,Denied
7180,4585,Female,White,68,Over 60,116228.56,761,292303,Self-employed,High School,Citizen,Fluent,Yes,No,High-income Suburban,Approved
7181,9,Male,White,50,25-60,187034.18,688,201533,Gig,Bachelor's,Citizen,Fluent,No,No,High-income Suburban,Approved
7182,2700,Male,Hispanic,22,Under 25,178007.91,700,126797,Full-time,Bachelor's,Citizen,Fluent,No,No,High-income Suburban,Approved
7183,4394,Female,White,56,25-60,86030.51,728,70831,Full-time,Some College,Permanent Resident,Limited,No,No,High-income Suburban,Denied
7184,1623,Female,White,26,25-60,137626.22,686,277644,Full-time,Graduate,Citizen,Fluent,No,No,Working Class Urban,Approved
7185,5234,Male,White,53,25-60,84176.4,678,273695,Full-time,Some College,Citizen,Fluent,No,No,High-income Suburban,Approved
7186,9746,Female,Black,59,25-60,42336.78,703,96000,Full-time,High School,Citizen,Fluent,Yes,No,Working Class Urban,Approved
7187,2793,Female,Hispanic,32,25-60,82254.5,714,290622,Full-time,High School,Citizen,Limited,No,No,Urban Professional,Approved
7188,1060,Female,Asian,23,Under 25,88908.35,676,180830,Part-time,Graduate,Citizen,Fluent,No,No,Historically Redlined,Approved
7189,9771,Female,White,47,25-60,44431.99,691,230008,Part-time,Some College,Citizen,Fluent,No,No,Working Class Urban,Approved
7190,9663,Male,White,35,25-60,66111.52,681,101811,Self-employed,Bachelor's,Citizen,Fluent,Yes,No,Working Class Urban,Approved
7191,2478,Male,Hispanic,27,25-60,114397.37,690,304687,Gig,High School,Citizen,Fluent,No,No,Urban Professional,Approved
7192,56,Male,White,55,25-60,160151.21,732,157039,Full-time,Bachelor's,Citizen,Fluent,No,No,Urban Professional,Approved
7193,9616,Female,Multiracial,82,Over 60,54451.36,694,125399,Full-time,Graduate,Citizen,Limited,No,No,Historically Redlined,Denied
7194,6318,Male,White,34,25-60,98693.54,690,81284,Full-time,Graduate,Citizen,Fluent,No,No,Rural,Approved
7195,1954,Female,White,75,Over 60,39552.48,809,228737,Full-time,High School,Permanent Resident,Fluent,Yes,No,Working Class Urban,Denied
7196,6315,Female,Native American,59,25-60,67127.13,683,392074,Self-employed,Bachelor's,Citizen,Fluent,No,No,Historically Redlined,Approved
7197,4086,Male,White,35,25-60,100009.98,753,274765,Full-time,High School,Permanent Resident,Fluent,No,No,High-income Suburban,Approved
7198,9652,Male,Black,62,Over 60,37373.64,736,381359,Self-employed,High School,Citizen,Limited,No,No,Working Class Urban,Approved
7199,3701,Non-binary,Black,19,Under 25,60608.72,581,449992,Full-time,Some College,Citizen,Fluent,No,No,Working Class Urban,Denied
7200,4927,Female,White,53,25-60,100108.35,688,439858,Part-time,Some College,Citizen,Fluent,No,No,Urban Professional,Approved
7201,6006,Male,Hispanic,62,Over 60,38553.82,710,189407,Full-time,High School,Citizen,Fluent,No,No,Rural,Approved
7202,2084,Male,White,23,Under 25,35744.6,599,53478,Part-time,High School,Citizen,Fluent,No,No,Historically Redlined,Approved
7203,4063,Female,White,66,Over 60,261478.97,770,297388,Full-time,Graduate,Citizen,Fluent,No,No,High-income Suburban,Approved
7204,4047,Male,White,50,25-60,155980.35,756,191920,Full-time,Bachelor's,Citizen,Fluent,No,No,High-income Suburban,Approved
7205,9683,Male,White,58,25-60,48810.23,616,100751,Full-time,Bachelor's,Citizen,Limited,No,No,Historically Redlined,Denied
7206,1823,Female,Asian,23,Under 25,115722.74,605,209258,Full-time,Some College,Citizen,Fluent,Yes,No,Urban Professional,Approved
7207,5224,Female,Hispanic,57,25-60,51563.96,660,339728,Gig,High School,Citizen,Fluent,No,No,Working Class Urban,Denied
7208,1454,Female,White,49,25-60,85964.57,717,134130,Gig,Some College,Citizen,Fluent,No,No,Urban Professional,Approved
7209,6283,Female,Hispanic,22,Under 25,50453.27,614,224653,Part-time,High School,Permanent Resident,Fluent,No,No,Working Class Urban,Approved
7210,4791,Male,White,81,Over 60,52903.23,705,447743,Full-time,Some College,Citizen,Fluent,No,No,Urban Professional,Approved
7211,3381,Female,Hispanic,31,25-60,48998.38,664,266496,Full-time,High School,Citizen,Fluent,Yes,No,Working Class Urban,Approved
7212,7047,Male,White,80,Over 60,56526.19,755,152089,Self-employed,High School,Permanent Resident,Limited,No,No,High-income Suburban,Approved
7213,629,Female,Hispanic,64,Over 60,86284.38,723,75434,Full-time,Bachelor's,Citizen,Fluent,Yes,No,Working Class Urban,Denied
7214,4520,Male,White,33,25-60,183411.52,758,90543,Part-time,Bachelor's,Citizen,Fluent,No,No,Urban Professional,Approved
7215,2946,Female,White,32,25-60,77768.32,680,88644,Part-time,Bachelor's,Citizen,Fluent,Yes,No,Working Class Urban,Approved
7216,994,Female,White,26,25-60,19168.43,617,113942,Full-time,High School,Citizen,Limited,Yes,No,Rural,Denied
7217,1933,Male,White,29,25-60,207136.72,717,236268,Self-employed,Bachelor's,Citizen,Fluent,No,No,Urban Professional,Approved
7218,984,Female,White,18,Under 25,155736.78,589,330259,Full-time,Some College,Permanent Resident,Fluent,No,No,High-income Suburban,Approved
7219,4875,Female,Hispanic,67,Over 60,138117.15,748,220516,Full-time,Bachelor's,Citizen,Fluent,Yes,No,Urban Professional,Approved
7220,6881,Female,White,54,25-60,120691.6,746,307370,Full-time,High School,Citizen,Fluent,No,No,Urban Professional,Approved
7221,1350,Male,White,42,25-60,45909.93,649,373454,Gig,Some College,Citizen,Fluent,Yes,No,Working Class Urban,Denied
7222,4304,Male,Black,77,Over 60,32025.57,623,278056,Full-time,High School,Citizen,Fluent,No,Yes,Working Class Urban,Denied
7223,6217,Female,White,36,25-60,44500.62,698,108627,Full-time,Some College,Citizen,Fluent,No,No,Working Class Urban,Approved
7224,7117,Female,White,48,25-60,37814.51,650,371104,Self-employed,High School,Citizen,Limited,Yes,No,Working Class Urban,Approved
7225,5417,Male,White,72,Over 60,41583.69,683,444829,Full-time,Some College,Citizen,Fluent,No,No,Historically Redlined,Approved
7226,1887,Female,Hispanic,19,Under 25,115665.92,688,296548,Full-time,High School,Citizen,Fluent,No,No,Urban Professional,Approved
7227,4130,Male,White,70,Over 60,72038.06,733,98238,Full-time,Graduate,Citizen,Fluent,No,No,Working Class Urban,Approved
7228,1150,Female,White,20,Under 25,190174.25,670,338898,Full-time,Bachelor's,Citizen,Fluent,No,No,High-income Suburban,Approved
7229,9273,Female,Black,39,25-60,76963.05,633,345636,Full-time,Graduate,Citizen,Fluent,No,No,Historically Redlined,Approved
7230,547,Male,White,55,25-60,80609.09,713,191736,Full-time,High School,Citizen,Fluent,No,No,Urban Professional,Denied
7231,1455,Female,White,53,25-60,117478.89,770,355015,Full-time,Some College,Citizen,Fluent,No,No,Urban Professional,Approved
7232,7469,Male,Black,64,Over 60,35960.04,702,108972,Full-time,Some College,Citizen,Fluent,No,No,Rural,Denied
7233,172,Female,White,19,Under 25,84706.84,605,80654,Full-time,Bachelor's,Visa Holder,Fluent,No,No,Historically Redlined,Denied
7234,3570,Female,White,41,25-60,126140.23,749,187618,Full-time,Some College,Citizen,Fluent,No,No,Urban Professional,Approved
7235,8857,Female,Hispanic,76,Over 60,63449.76,679,387342,Full-time,High School,Citizen,Fluent,No,Yes,Urban Professional,Denied
7236,927,Non-binary,Asian,22,Under 25,105303.47,606,358778,Full-time,Graduate,Citizen,Fluent,No,No,Working Class Urban,Approved
7237,4677,Male,Black,24,Under 25,31709.35,566,273685,Full-time,High School,Visa Holder,Fluent,No,No,Working Class Urban,Denied
7238,7205,Male,Black,27,25-60,71867.09,662,279036,Full-time,Some College,Citizen,Fluent,No,No,Working Class Urban,Denied
7239,192,Female,White,45,25-60,42371.83,617,316225,Full-time,Some College,Citizen,Fluent,Yes,No,Rural,Denied
7240,3362,Female,Black,78,Over 60,68868.39,678,367290,Full-time,Graduate,Citizen,Fluent,No,No,Historically Redlined,Approved
7241,4749,Male,Hispanic,26,25-60,38647.33,699,292403,Part-time,Bachelor's,Citizen,Limited,No,No,Rural,Approved
7242,9201,Male,White,67,Over 60,36646.4,720,406074,Part-time,High School,Citizen,Fluent,No,No,Rural,Approved
7243,9305,Female,White,44,25-60,170272.5,740,228998,Full-time,Graduate,Citizen,Fluent,No,No,Urban Professional,Approved
7244,6178,Female,White,64,Over 60,128709.66,767,223610,Full-time,Bachelor's,Citizen,Fluent,No,No,Urban Professional,Approved
7245,578,Male,White,45,25-60,46521.82,620,120641,Full-time,Some College,Citizen,Fluent,No,No,Working Class Urban,Denied
7246,9249,Female,White,23,Under 25,27728.52,533,135152,Full-time,High School,Citizen,Limited,No,No,Historically Redlined,Denied
7247,4921,Female,Hispanic,27,25-60,83810.45,700,284645,Full-time,Bachelor's,Citizen,Fluent,No,No,Historically Redlined,Approved
7248,1216,Male,White,37,25-60,158908.88,698,202665,Full-time,Some College,Citizen,Fluent,No,No,High-income Suburban,Approved
7249,220,Female,Hispanic,19,Under 25,59491.58,680,72815,Full-time,Some College,Citizen,Fluent,No,No,Working Class Urban,Approved
7250,8772,Male,Black,20,Under 25,20876.36,512,397931,Full-time,Some College,Citizen,Fluent,No,Yes,Rural,Denied
7251,9563,Female,White,79,Over 60,258542.86,779,335647,Full-time,Graduate,Citizen,Fluent,No,No,High-income Suburban,Approved
7252,2611,Male,Black,26,25-60,42831.47,656,140268,Full-time,High School,Permanent Resident,Fluent,No,No,Working Class Urban,Denied
7253,5748,Female,White,44,25-60,78412.1,684,122228,Full-time,Some College,Citizen,Fluent,No,No,Working Class Urban,Approved
7254,7433,Female,White,28,25-60,53489.04,695,407293,Full-time,Some College,Citizen,Fluent,No,No,Historically Redlined,Denied
7255,4059,Female,White,24,Under 25,147880.97,642,88197,Full-time,Some College,Citizen,Fluent,No,No,High-income Suburban,Approved
7256,6616,Male,Black,41,25-60,71886.84,651,332126,Unemployed,Some College,Citizen,Fluent,No,No,Working Class Urban,Approved
7257,539,Male,White,75,Over 60,98204.47,746,318980,Full-time,High School,Citizen,Fluent,No,No,Urban Professional,Denied
7258,9359,Male,White,52,25-60,48959.5,682,251398,Full-time,Some College,Citizen,Fluent,No,No,Rural,Approved
7259,3927,Male,White,55,25-60,46896.06,670,376532,Full-time,Some College,Citizen,Fluent,No,No,Working Class Urban,Approved
7260,1008,Male,White,50,25-60,50897.18,624,160445,Full-time,High School,Citizen,Fluent,No,No,Working Class Urban,Denied
7261,7424,Male,Black,79,Over 60,142098.74,805,112959,Full-time,Some College,Citizen,Fluent,No,No,Urban Professional,Approved
7262,6956,Female,White,53,25-60,71925.01,710,198578,Gig,High School,Citizen,Fluent,No,No,High-income Suburban,Approved
7263,9480,Male,White,68,Over 60,92501.06,721,183876,Part-time,Bachelor's,Citizen,Fluent,Yes,No,Historically Redlined,Approved
7264,9277,Male,Black,57,25-60,43999.63,704,433358,Full-time,High School,Citizen,Fluent,No,No,Historically Redlined,Denied
7265,5044,Non-binary,White,19,Under 25,195398.81,603,204108,Full-time,Graduate,Citizen,Fluent,No,No,Urban Professional,Denied
7266,6122,Female,Black,82,Over 60,61302.93,700,358177,Gig,Some College,Citizen,Fluent,No,No,Working Class Urban,Approved
7267,4401,Female,Hispanic,52,25-60,102164.8,700,361696,Full-time,High School,Citizen,Fluent,No,No,High-income Suburban,Approved
7268,6132,Female,Hispanic,38,25-60,59858.89,691,403560,Self-employed,Some College,Citizen,Fluent,No,No,Working Class Urban,Approved
7269,6453,Male,White,36,25-60,106187.61,755,168688,Gig,Some College,Citizen,Fluent,No,No,High-income Suburban,Approved
7270,4258,Male,Hispanic,36,25-60,54238.32,660,90034,Full-time,High School,Visa Holder,Fluent,No,No,Working Class Urban,Denied
7271,8433,Male,Native American,25,25-60,142683.89,733,426051,Full-time,Some College,Citizen,Fluent,No,No,High-income Suburban,Approved
7272,5426,Male,Hispanic,29,25-60,158916.24,721,343322,Full-time,Bachelor's,Visa Holder,Fluent,No,No,High-income Suburban,Approved
7273,3871,Female,White,38,25-60,69351.26,634,440261,Self-employed,Some College,Visa Holder,Fluent,No,No,Rural,Denied
7274,489,Male,White,73,Over 60,142365.37,756,119493,Full-time,Bachelor's,Citizen,Fluent,No,No,Urban Professional,Approved
7275,8703,Non-binary,White,75,Over 60,51129.74,750,57345,Full-time,High School,Permanent Resident,Fluent,No,No,Working Class Urban,Approved
7276,8565,Male,Native American,19,Under 25,38135.36,638,323829,Full-time,Some College,Citizen,Fluent,No,No,Rural,Approved
7277,5225,Female,Black,72,Over 60,80935.26,760,198476,Self-employed,High School,Permanent Resident,Fluent,Yes,No,Urban Professional,Approved
7278,2053,Male,White,75,Over 60,29956.47,664,315788,Full-time,High School,Citizen,Fluent,No,No,Historically Redlined,Denied
7279,7356,Female,White,55,25-60,34946.4,575,399684,Full-time,Some College,Citizen,Fluent,No,No,Rural,Denied
7280,8064,Male,Black,68,Over 60,45295.42,721,417412,Full-time,High School,Citizen,Fluent,No,No,Historically Redlined,Approved
7281,607,Male,White,55,25-60,38928.38,671,186205,Part-time,Bachelor's,Citizen,Fluent,No,No,Rural,Denied
7282,9347,Male,White,59,25-60,233296.61,668,90152,Full-time,Bachelor's,Citizen,Fluent,Yes,No,High-income Suburban,Approved
7283,7627,Male,Black,46,25-60,65218.9,644,51587,Part-time,Bachelor's,Citizen,Fluent,Yes,Yes,Working Class Urban,Denied
7284,7341,Female,Hispanic,40,25-60,55374.17,654,221543,Full-time,Some College,Citizen,Fluent,No,No,Rural,Approved
7285,3402,Male,White,26,25-60,52301.37,691,134384,Full-time,Some College,Visa Holder,Fluent,No,No,Rural,Approved
7286,5606,Male,Hispanic,64,Over 60,39148.08,728,412649,Self-employed,Some College,Citizen,Limited,No,No,Historically Redlined,Approved
7287,1320,Female,Asian,46,25-60,64397.91,707,59427,Self-employed,Bachelor's,Citizen,Fluent,No,No,Historically Redlined,Denied
7288,7864,Female,White,60,25-60,75707.58,629,435503,Full-time,Bachelor's,Citizen,Fluent,No,No,Working Class Urban,Denied
7289,7126,Male,Native American,48,25-60,65532.84,672,62640,Self-employed,Some College,Permanent Resident,Fluent,No,No,Working Class Urban,Approved
7290,9826,Female,Hispanic,35,25-60,31835.42,605,293322,Full-time,High School,Citizen,Fluent,No,No,Working Class Urban,Denied
7291,9300,Male,Hispanic,30,25-60,99119.15,732,139162,Full-time,High School,Citizen,Fluent,No,No,Urban Professional,Denied
7292,5385,Male,Black,50,25-60,31094.33,579,168606,Full-time,High School,Citizen,Fluent,No,No,Historically Redlined,Denied
7293,5827,Female,Black,54,25-60,125228.8,774,246866,Self-employed,Some College,Citizen,Fluent,No,No,Urban Professional,Approved
7294,2332,Male,Black,59,25-60,119432.09,670,346766,Full-time,Some College,Citizen,Fluent,No,No,High-income Suburban,Approved
7295,6928,Female,White,63,Over 60,108947.31,805,338765,Full-time,Some College,Citizen,Fluent,No,No,Urban Professional,Approved
7296,4273,Male,Black,21,Under 25,48551.64,603,203404,Full-time,Some College,Citizen,Limited,No,No,Working Class Urban,Denied
7297,1515,Male,White,20,Under 25,174007.21,618,213099,Full-time,Bachelor's,Citizen,Fluent,No,No,High-income Suburban,Denied
7298,4698,Female,Black,30,25-60,67298.95,680,240771,Full-time,High School,Citizen,Fluent,No,No,Urban Professional,Approved
7299,2970,Female,White,80,Over 60,68162.01,704,363894,Full-time,Some College,Citizen,Fluent,No,Yes,Urban Professional,Approved
7300,2815,Female,Hispanic,65,Over 60,73936.23,709,294454,Full-time,High School,Citizen,Fluent,No,Yes,High-income Suburban,Denied
7301,5258,Male,Hispanic,44,25-60,114079.5,776,339692,Full-time,High School,Citizen,Fluent,No,No,High-income Suburban,Approved
7302,1427,Non-binary,White,80,Over 60,45759.62,739,85510,Part-time,High School,Citizen,Fluent,No,No,Rural,Denied
7303,2492,Male,White,47,25-60,31448.86,599,332842,Full-time,High School,Citizen,Fluent,No,No,Working Class Urban,Denied
7304,7518,Female,Hispanic,23,Under 25,104397.13,555,199689,Self-employed,Graduate,Citizen,Limited,No,No,Rural,Denied
7305,4197,Female,White,63,Over 60,55680.91,705,179997,Full-time,High School,Citizen,Fluent,No,No,Working Class Urban,Approved
7306,4685,Male,Hispanic,32,25-60,84918.33,761,377802,Full-time,Bachelor's,Citizen,Fluent,No,No,Working Class Urban,Approved
7307,6376,Female,Black,18,Under 25,84163.76,633,272619,Full-time,High School,Citizen,Fluent,No,No,Urban Professional,Denied
7308,2634,Male,Black,19,Under 25,82662.78,664,337644,Self-employed,Bachelor's,Citizen,Fluent,Yes,No,Historically Redlined,Approved
7309,2971,Female,White,81,Over 60,127666.24,728,74781,Full-time,Some College,Citizen,Fluent,No,No,Urban Professional,Approved
7310,869,Male,Black,45,25-60,24122.74,596,177820,Full-time,High School,Visa Holder,Fluent,No,No,Historically Redlined,Denied
7311,6520,Male,Black,48,25-60,122775.49,704,162873,Unemployed,High School,Citizen,Fluent,No,No,Urban Professional,Approved
7312,8123,Female,White,22,Under 25,145650.96,649,133832,Full-time,Bachelor's,Citizen,Fluent,No,No,High-income Suburban,Approved
7313,8079,Male,Black,20,Under 25,51284.98,564,250796,Full-time,Bachelor's,Citizen,Fluent,No,Yes,Working Class Urban,Denied
7314,7486,Male,Hispanic,43,25-60,70925.82,691,151822,Full-time,Some College,Citizen,Fluent,No,No,Urban Professional,Approved
7315,5505,Female,Black,64,Over 60,30806.51,702,445924,Self-employed,High School,Citizen,Fluent,No,No,Historically Redlined,Approved
7316,236,Female,White,71,Over 60,126612.34,758,301705,Gig,Some College,Citizen,Fluent,No,No,Urban Professional,Approved
7317,9045,Female,White,21,Under 25,42298.85,619,111432,Full-time,High School,Citizen,Fluent,Yes,No,Historically Redlined,Denied
7318,9345,Female,White,66,Over 60,82158.83,790,207787,Self-employed,Graduate,Citizen,Fluent,Yes,No,Rural,Approved
7319,6857,Male,White,74,Over 60,51521.52,756,196361,Full-time,High School,Citizen,Fluent,No,No,Working Class Urban,Denied
7320,8232,Male,White,39,25-60,50984.37,684,423991,Full-time,Some College,Citizen,Fluent,No,No,Rural,Approved
7321,5523,Male,White,63,Over 60,186875.67,714,124120,Part-time,Bachelor's,Citizen,Fluent,No,No,High-income Suburban,Approved
7322,2652,Male,White,82,Over 60,65452.97,713,283823,Full-time,Some College,Permanent Resident,Fluent,Yes,No,Working Class Urban,Approved
7323,4904,Female,White,75,Over 60,89365.52,740,88897,Part-time,Some College,Permanent Resident,Limited,No,No,Urban Professional,Approved
7324,1390,Male,White,38,25-60,121517.35,683,301831,Full-time,Bachelor's,Citizen,Fluent,No,No,Urban Professional,Approved
7325,1024,Male,Multiracial,20,Under 25,61722.62,576,247245,Full-time,Bachelor's,Permanent Resident,Fluent,No,No,Historically Redlined,Denied
7326,6097,Female,White,74,Over 60,77224.65,730,84023,Full-time,Graduate,Citizen,Fluent,No,No,Working Class Urban,Approved
7327,1471,Male,White,40,25-60,79132.64,688,58681,Self-employed,Bachelor's,Citizen,Fluent,No,No,Historically Redlined,Denied
7328,2196,Male,White,20,Under 25,286362.77,675,317137,Self-employed,Graduate,Permanent Resident,Fluent,No,No,High-income Suburban,Approved
7329,6818,Male,Native American,39,25-60,122560.13,701,165582,Self-employed,Graduate,Permanent Resident,Fluent,No,No,Historically Redlined,Approved
7330,694,Female,White,67,Over 60,164065.26,759,432093,Part-time,Bachelor's,Citizen,Fluent,No,No,High-income Suburban,Approved
7331,799,Male,Black,29,25-60,152084.53,756,317506,Self-employed,Graduate,Citizen,Limited,No,No,Urban Professional,Approved
7332,4891,Female,White,18,Under 25,38615.86,568,263799,Full-time,Some College,Visa Holder,Fluent,No,No,Working Class Urban,Denied
7333,2615,Female,Native American,35,25-60,135218.39,719,440429,Full-time,Bachelor's,Citizen,Fluent,No,No,Urban Professional,Approved
7334,4351,Male,White,27,25-60,292256.85,720,114769,Full-time,Graduate,Citizen,Fluent,No,No,High-income Suburban,Approved
7335,2128,Non-binary,White,22,Under 25,136724.07,651,236301,Full-time,Graduate,Citizen,Fluent,Yes,No,Working Class Urban,Approved
7336,1586,Female,White,43,25-60,64897.4,617,197274,Full-time,Some College,Citizen,Fluent,Yes,Yes,Urban Professional,Denied
7337,1380,Female,White,47,25-60,43260.66,657,186974,Full-time,High School,Citizen,Fluent,No,No,Rural,Denied
7338,5983,Female,Hispanic,57,25-60,87408.52,673,416094,Full-time,Bachelor's,Visa Holder,Fluent,Yes,No,Rural,Approved
7339,2416,Female,Hispanic,80,Over 60,73713.97,715,407033,Full-time,High School,Citizen,Limited,No,No,High-income Suburban,Approved
7340,8897,Female,Asian,40,25-60,76915.39,634,435540,Full-time,Graduate,Citizen,Limited,Yes,No,Working Class Urban,Denied
7341,3598,Female,Black,42,25-60,31809.12,617,416065,Self-employed,Some College,Citizen,Fluent,No,No,Rural,Denied
7342,4222,Male,White,32,25-60,41958.09,658,96537,Full-time,High School,Citizen,Fluent,Yes,No,Rural,Denied
7343,3820,Female,White,77,Over 60,156768.01,736,401629,Full-time,Bachelor's,Citizen,Fluent,No,No,High-income Suburban,Approved
7344,7257,Female,White,20,Under 25,103200.92,592,133618,Full-time,High School,Citizen,Fluent,No,No,High-income Suburban,Approved
7345,4779,Male,Hispanic,70,Over 60,40791.3,735,182698,Self-employed,High School,Citizen,Fluent,No,No,Rural,Approved
7346,942,Male,White,32,25-60,107604.62,736,76833,Full-time,High School,Citizen,Fluent,Yes,No,High-income Suburban,Approved
7347,4795,Male,Multiracial,21,Under 25,142816.83,615,366922,Self-employed,Bachelor's,Citizen,Fluent,No,No,High-income Suburban,Denied
7348,9363,Male,White,43,25-60,137835.2,769,413617,Full-time,Bachelor's,Citizen,Fluent,No,No,High-income Suburban,Approved
7349,4854,Female,White,41,25-60,227754.34,719,253036,Full-time,Graduate,Citizen,Fluent,No,No,Urban Professional,Approved
7350,2081,Female,White,39,25-60,105681.28,694,61517,Full-time,High School,Citizen,Fluent,No,No,Urban Professional,Approved
7351,4139,Male,White,71,Over 60,23441.5,661,99203,Full-time,Some College,Citizen,Fluent,No,No,Working Class Urban,Denied
7352,4316,Male,White,49,25-60,63977.73,717,199811,Self-employed,Bachelor's,Citizen,Fluent,No,No,Rural,Denied
7353,8751,Female,White,69,Over 60,31544.32,632,168019,Unemployed,High School,Citizen,Fluent,No,Yes,Rural,Denied
7354,709,Male,White,55,25-60,32260.96,562,291725,Full-time,Bachelor's,Citizen,Limited,No,No,Rural,Denied
7355,7284,Male,White,64,Over 60,158602.02,800,301581,Full-time,Bachelor's,Citizen,Fluent,No,No,Urban Professional,Approved
7356,6798,Female,White,51,25-60,66822.84,643,163219,Self-employed,High School,Citizen,Fluent,No,No,Urban Professional,Approved
7357,995,Male,White,80,Over 60,99078.75,796,424329,Full-time,Bachelor's,Citizen,Fluent,No,No,Working Class Urban,Approved
7358,7221,Male,Hispanic,69,Over 60,69508.46,689,136264,Full-time,High School,Citizen,Limited,No,No,High-income Suburban,Approved
7359,5127,Female,White,38,25-60,27617.56,547,396751,Part-time,High School,Citizen,Fluent,Yes,Yes,Working Class Urban,Denied
7360,5934,Male,White,63,Over 60,99436.6,781,161877,Part-time,High School,Citizen,Fluent,No,No,Urban Professional,Approved
7361,3610,Female,White,76,Over 60,57145.6,711,419601,Full-time,High School,Citizen,Fluent,No,Yes,Urban Professional,Denied
7362,2527,Female,Hispanic,77,Over 60,128600.6,683,292316,Self-employed,Some College,Citizen,Fluent,No,No,Urban Professional,Approved
7363,5842,Female,White,62,Over 60,48296.38,675,446174,Full-time,Some College,Citizen,Fluent,No,No,Historically Redlined,Denied
7364,868,Male,White,75,Over 60,22151.9,608,426607,Full-time,Some College,Citizen,Limited,No,Yes,Working Class Urban,Denied
7365,8633,Male,White,24,Under 25,111604.16,676,64862,Full-time,Some College,Citizen,Fluent,No,No,Urban Professional,Approved
7366,7014,Female,White,27,25-60,97169.81,713,326610,Full-time,High School,Citizen,Fluent,No,No,Urban Professional,Approved
7367,7310,Male,Multiracial,47,25-60,126256.67,757,103882,Unemployed,Graduate,Citizen,Fluent,No,No,Working Class Urban,Approved
7368,8910,Female,White,31,25-60,93975.82,675,157060,Self-employed,Bachelor's,Citizen,Fluent,No,No,Working Class Urban,Approved
7369,7616,Female,Hispanic,52,25-60,67137.6,700,419523,Part-time,Some College,Permanent Resident,Fluent,No,No,Rural,Approved
7370,3137,Male,White,74,Over 60,20025.47,582,58445,Self-employed,High School,Citizen,Fluent,No,Yes,Historically Redlined,Denied
7371,8317,Male,White,40,25-60,87626.15,689,148242,Gig,High School,Citizen,Fluent,No,No,High-income Suburban,Approved
7372,1816,Male,White,67,Over 60,74234.75,768,163601,Full-time,Bachelor's,Citizen,Fluent,No,No,Rural,Approved
7373,8858,Female,Black,57,25-60,162751.48,699,331251,Full-time,Bachelor's,Citizen,Fluent,No,No,Urban Professional,Approved
7374,1973,Female,White,51,25-60,104101.97,706,205839,Full-time,High School,Visa Holder,Fluent,No,No,Urban Professional,Approved
7375,2889,Male,White,35,25-60,38083.06,643,415770,Full-time,High School,Citizen,Fluent,No,No,Rural,Denied
7376,6329,Male,White,37,25-60,156099.09,725,294012,Full-time,Some College,Visa Holder,Fluent,Yes,No,Urban Professional,Approved
7377,8555,Female,White,23,Under 25,36394.79,607,137810,Gig,High School,Citizen,Fluent,No,No,Rural,Denied
7378,9800,Male,White,44,25-60,44415.41,659,132255,Full-time,Some College,Citizen,Fluent,No,No,Rural,Denied
7379,3886,Female,Hispanic,19,Under 25,192481.94,683,106772,Gig,Bachelor's,Citizen,Fluent,No,No,High-income Suburban,Approved
7380,9279,Female,Hispanic,39,25-60,124419.96,736,448732,Full-time,Bachelor's,Citizen,Fluent,Yes,No,Working Class Urban,Approved
7381,8337,Male,White,60,25-60,40433.26,690,372795,Full-time,Some College,Citizen,Limited,No,No,Working Class Urban,Approved
7382,3755,Male,Black,44,25-60,190287.16,684,183958,Full-time,Bachelor's,Citizen,Fluent,No,No,High-income Suburban,Approved
7383,9783,Male,Black,73,Over 60,79477.67,751,366321,Full-time,Bachelor's,Citizen,Fluent,Yes,No,Rural,Approved
7384,7120,Female,Black,34,25-60,26600.04,561,243168,Self-employed,High School,Citizen,Limited,No,No,Working Class Urban,Denied
7385,4517,Female,White,77,Over 60,87469.64,781,377390,Full-time,Bachelor's,Citizen,Fluent,No,Yes,Urban Professional,Denied
7386,1265,Female,White,33,25-60,115698.19,681,59936,Part-time,Graduate,Permanent Resident,Fluent,No,No,Historically Redlined,Approved
7387,9030,Male,White,68,Over 60,38311.5,745,421882,Full-time,High School,Citizen,Fluent,No,No,Working Class Urban,Denied
7388,132,Male,White,79,Over 60,51882.48,658,425456,Part-time,Some College,Permanent Resident,Fluent,No,No,Historically Redlined,Denied
7389,126,Male,White,48,25-60,56597.84,693,319048,Full-time,Bachelor's,Citizen,Fluent,No,No,Historically Redlined,Approved
7390,8787,Male,White,79,Over 60,38305.91,704,129199,Full-time,Some College,Permanent Resident,Fluent,No,No,Rural,Approved
7391,2469,Female,White,23,Under 25,57895.89,540,116220,Full-time,Some College,Permanent Resident,Fluent,No,No,Working Class Urban,Denied
7392,6836,Female,White,62,Over 60,60312.9,681,359559,Full-time,Bachelor's,Permanent Resident,Fluent,No,No,Historically Redlined,Approved
7393,6432,Male,White,75,Over 60,134816.6,749,197590,Full-time,High School,Citizen,Fluent,No,No,High-income Suburban,Approved
7394,2212,Male,White,52,25-60,93432.66,738,59281,Part-time,Graduate,Citizen,Fluent,No,No,Rural,Approved
7395,1752,Male,White,44,25-60,133045.25,711,268102,Full-time,Some College,Citizen,Fluent,No,No,High-income Suburban,Approved
7396,846,Male,White,48,25-60,56982.82,665,243020,Part-time,Some College,Citizen,Fluent,No,No,Working Class Urban,Denied
7397,4069,Male,Hispanic,18,Under 25,54000.41,629,113659,Unemployed,Some College,Citizen,Fluent,No,No,Working Class Urban,Denied
7398,2457,Male,Black,46,25-60,202492.3,671,102636,Full-time,Graduate,Visa Holder,Limited,No,No,High-income Suburban,Approved
7399,356,Male,Hispanic,43,25-60,46295.41,686,330255,Self-employed,Some College,Citizen,Fluent,No,No,Working Class Urban,Approved
7400,4580,Male,Hispanic,35,25-60,49855.01,673,208883,Part-time,High School,Citizen,Fluent,No,No,Working Class Urban,Approved
7401,2012,Female,Hispanic,38,25-60,57852.67,707,321089,Full-time,Some College,Citizen,Limited,No,No,High-income Suburban,Approved
7402,6476,Male,Hispanic,60,25-60,126273.96,757,358378,Full-time,Some College,Visa Holder,Fluent,No,No,Urban Professional,Approved
7403,5016,Male,White,54,25-60,268944.61,760,361125,Unemployed,Graduate,Citizen,Fluent,No,No,High-income Suburban,Approved
7404,8155,Female,White,31,25-60,94901.37,718,54092,Self-employed,Graduate,Citizen,Fluent,Yes,No,Historically Redlined,Approved
7405,4815,Male,White,28,25-60,43052.61,721,115018,Part-time,High School,Citizen,Fluent,Yes,No,Working Class Urban,Denied
7406,6890,Male,White,80,Over 60,46944.21,741,405719,Full-time,Some College,Citizen,Fluent,No,No,Working Class Urban,Approved
7407,4165,Female,Black,75,Over 60,43119.14,692,338284,Full-time,Some College,Citizen,Limited,No,No,Working Class Urban,Approved
7408,593,Non-binary,Hispanic,66,Over 60,68160.75,734,89438,Full-time,Bachelor's,Citizen,Fluent,No,No,Working Class Urban,Denied
7409,3052,Male,Black,77,Over 60,182487.4,758,380320,Self-employed,Bachelor's,Citizen,Fluent,No,No,Urban Professional,Approved
7410,7921,Female,Black,80,Over 60,208950.09,759,151013,Full-time,Graduate,Citizen,Fluent,No,Yes,High-income Suburban,Approved
7411,2859,Male,White,62,Over 60,69445.74,678,244790,Full-time,Bachelor's,Citizen,Fluent,No,No,Working Class Urban,Approved
7412,4990,Male,Black,76,Over 60,46351.45,686,169650,Full-time,Bachelor's,Citizen,Limited,No,No,Historically Redlined,Approved
7413,7725,Female,Hispanic,48,25-60,150918.21,695,97390,Self-employed,Bachelor's,Citizen,Fluent,Yes,No,Urban Professional,Approved
7414,7299,Female,Black,71,Over 60,128821.78,770,210947,Full-time,Some College,Citizen,Fluent,No,No,Urban Professional,Approved
7415,4646,Male,White,29,25-60,61104.71,615,384928,Full-time,High School,Citizen,Limited,No,No,High-income Suburban,Approved
7416,5816,Female,White,59,25-60,196339.9,690,393619,Self-employed,Bachelor's,Citizen,Fluent,No,No,Urban Professional,Approved
7417,5475,Female,Hispanic,39,25-60,117338.83,719,366962,Part-time,High School,Citizen,Fluent,No,No,Urban Professional,Approved
7418,7929,Female,White,27,25-60,47826.48,650,134468,Part-time,Bachelor's,Citizen,Fluent,No,Yes,Rural,Denied
7419,6222,Female,White,65,Over 60,104943.44,811,446724,Full-time,Bachelor's,Citizen,Fluent,No,No,Working Class Urban,Approved
7420,8948,Male,White,20,Under 25,185813.47,635,189131,Full-time,Graduate,Visa Holder,Fluent,No,No,High-income Suburban,Denied
7421,5781,Female,White,48,25-60,81485.09,720,444440,Full-time,Bachelor's,Citizen,Fluent,No,No,Working Class Urban,Approved
7422,9837,Female,White,68,Over 60,12941.35,639,246376,Full-time,High School,Permanent Resident,Limited,No,No,Historically Redlined,Denied
7423,4429,Female,Black,29,25-60,136768.3,759,283970,Full-time,Some College,Citizen,Fluent,No,No,High-income Suburban,Approved
7424,2713,Female,White,19,Under 25,45671.63,555,113024,Full-time,Some College,Citizen,Fluent,No,No,Rural,Denied
7425,2195,Male,White,77,Over 60,171495.87,820,152373,Full-time,Bachelor's,Citizen,Fluent,No,No,Urban Professional,Approved
7426,3328,Female,Black,32,25-60,280574.1,770,249751,Full-time,Graduate,Visa Holder,Fluent,No,No,Urban Professional,Approved
7427,279,Male,Hispanic,63,Over 60,33237.76,688,298124,Full-time,High School,Citizen,Fluent,No,No,Rural,Approved
7428,8001,Male,White,57,25-60,31479.01,576,99889,Full-time,Some College,Citizen,Fluent,No,No,Historically Redlined,Denied
7429,3695,Male,Asian,70,Over 60,79007.02,703,420028,Full-time,Bachelor's,Citizen,Fluent,No,No,Working Class Urban,Approved
7430,9611,Male,Black,59,25-60,180887.84,723,432186,Full-time,Some College,Citizen,Fluent,No,No,High-income Suburban,Approved
7431,3522,Male,White,72,Over 60,41482.54,726,375299,Full-time,Bachelor's,Visa Holder,Limited,No,No,Working Class Urban,Denied
7432,9285,Female,White,42,25-60,65332.52,614,148774,Part-time,High School,Permanent Resident,Limited,No,No,High-income Suburban,Denied
7433,7778,Female,White,20,Under 25,130193.7,645,100131,Full-time,Some College,Citizen,Fluent,No,No,High-income Suburban,Approved
7434,2607,Female,White,48,25-60,245862.23,743,123601,Full-time,Graduate,Citizen,Fluent,No,No,Urban Professional,Approved
7435,2111,Male,Hispanic,22,Under 25,296222.69,657,165454,Full-time,Graduate,Citizen,Fluent,No,No,High-income Suburban,Approved
7436,8856,Male,White,49,25-60,24310.68,582,394680,Part-time,Some College,Citizen,Limited,No,Yes,Working Class Urban,Denied
7437,2027,Female,White,78,Over 60,215994.88,789,85155,Full-time,Graduate,Citizen,Fluent,No,No,Urban Professional,Approved
7438,522,Female,Hispanic,82,Over 60,284007.93,786,241441,Part-time,Graduate,Permanent Resident,Fluent,No,No,High-income Suburban,Approved
7439,3304,Non-binary,White,34,25-60,239347.27,692,284416,Full-time,Graduate,Citizen,Fluent,No,No,Urban Professional,Approved
7440,2645,Female,White,72,Over 60,104561.54,796,138544,Part-time,Graduate,Citizen,Fluent,No,No,Working Class Urban,Approved
7441,7509,Male,White,44,25-60,111418.58,708,277292,Full-time,High School,Citizen,Fluent,No,No,High-income Suburban,Approved
7442,958,Female,White,35,25-60,27962.5,608,133675,Full-time,High School,Citizen,Limited,No,No,Working Class Urban,Denied
7443,843,Female,White,26,25-60,42729.52,682,246210,Self-employed,High School,Citizen,Fluent,No,No,Working Class Urban,Denied
7444,2504,Female,Hispanic,69,Over 60,52215.26,704,67481,Part-time,Some College,Citizen,Fluent,No,No,Working Class Urban,Approved
7445,8786,Non-binary,Asian,74,Over 60,90117.8,827,131837,Full-time,High School,Permanent Resident,Fluent,No,No,Urban Professional,Approved
7446,9073,Male,Hispanic,46,25-60,59291.71,638,203229,Part-time,Bachelor's,Citizen,Fluent,Yes,Yes,Working Class Urban,Denied
7447,6397,Female,White,49,25-60,119304.71,714,351708,Self-employed,High School,Citizen,Fluent,No,No,Urban Professional,Approved
7448,3597,Female,White,64,Over 60,38512.81,710,172019,Full-time,Some College,Permanent Resident,Fluent,No,No,Rural,Approved
7449,8915,Male,Black,81,Over 60,48481.98,690,218282,Full-time,High School,Permanent Resident,Fluent,No,No,Rural,Denied
7450,2771,Male,Asian,21,Under 25,85353.97,638,437196,Full-time,Bachelor's,Permanent Resident,Fluent,Yes,No,Working Class Urban,Denied
7451,9369,Male,Multiracial,19,Under 25,285048.55,634,359697,Part-time,Bachelor's,Citizen,Fluent,No,No,High-income Suburban,Approved
7452,4028,Female,Hispanic,43,25-60,100311.27,685,116583,Full-time,High School,Citizen,Fluent,No,No,High-income Suburban,Approved
7453,7487,Male,Hispanic,31,25-60,131276.9,790,299288,Full-time,High School,Visa Holder,Fluent,No,No,High-income Suburban,Approved
7454,7411,Male,White,67,Over 60,55033.32,712,414018,Self-employed,Some College,Citizen,Limited,No,No,High-income Suburban,Approved
7455,155,Male,White,28,25-60,102137.76,708,443540,Part-time,High School,Citizen,Fluent,No,No,High-income Suburban,Approved
7456,9219,Male,Hispanic,24,Under 25,42266.53,619,203210,Full-time,High School,Citizen,Fluent,Yes,No,Rural,Approved
7457,3631,Female,White,31,25-60,121199.43,697,88869,Full-time,High School,Citizen,Fluent,No,No,High-income Suburban,Approved
7458,8733,Female,Black,72,Over 60,133273.69,756,364842,Full-time,Some College,Citizen,Fluent,No,No,High-income Suburban,Approved
7459,1365,Male,White,82,Over 60,40641.0,705,143166,Part-time,Some College,Citizen,Fluent,No,No,Working Class Urban,Approved
7460,9542,Female,Black,33,25-60,89545.23,635,107660,Full-time,Some College,Citizen,Fluent,No,Yes,High-income Suburban,Denied
7461,8637,Male,White,58,25-60,47794.73,635,437245,Part-time,Some College,Permanent Resident,Fluent,No,No,Rural,Approved
7462,1710,Female,White,32,25-60,67499.36,634,197846,Full-time,Graduate,Citizen,Limited,No,No,Rural,Approved
7463,9906,Female,White,78,Over 60,95787.77,718,131412,Full-time,Bachelor's,Citizen,Fluent,No,No,Rural,Approved
7464,5941,Female,White,41,25-60,23536.88,619,108246,Full-time,High School,Permanent Resident,Fluent,No,No,Historically Redlined,Denied
7465,6403,Male,White,60,25-60,46572.93,659,355708,Full-time,High School,Citizen,Fluent,No,No,Working Class Urban,Denied
7466,2842,Female,Hispanic,65,Over 60,235060.99,787,356442,Part-time,Bachelor's,Permanent Resident,Fluent,No,No,High-income Suburban,Approved
7467,4325,Male,Black,22,Under 25,123068.99,640,214916,Full-time,Some College,Citizen,Fluent,Yes,No,High-income Suburban,Denied
7468,5892,Male,Hispanic,41,25-60,154826.03,699,244162,Self-employed,Some College,Citizen,Fluent,No,No,High-income Suburban,Approved
7469,5776,Male,Hispanic,21,Under 25,119382.33,698,143036,Part-time,Graduate,Citizen,Fluent,No,No,Working Class Urban,Approved
7470,6967,Male,White,38,25-60,36345.27,688,217456,Self-employed,High School,Citizen,Fluent,No,No,Rural,Approved
7471,7166,Male,Hispanic,41,25-60,51636.71,679,414179,Full-time,Some College,Permanent Resident,Fluent,Yes,No,Working Class Urban,Approved
7472,9475,Male,White,20,Under 25,160471.27,652,252434,Gig,Some College,Citizen,Fluent,No,No,High-income Suburban,Approved
7473,4294,Male,Black,54,25-60,69809.57,655,353346,Full-time,Bachelor's,Citizen,Limited,No,Yes,Urban Professional,Denied
7474,773,Male,Hispanic,82,Over 60,113708.71,782,69772,Unemployed,High School,Citizen,Fluent,No,No,High-income Suburban,Approved
7475,6922,Female,White,57,25-60,52381.46,693,361539,Full-time,Some College,Citizen,Fluent,No,No,Rural,Approved
7476,1932,Female,White,29,25-60,57696.82,688,390711,Part-time,Some College,Citizen,Fluent,Yes,No,Rural,Approved
7477,202,Female,White,58,25-60,81933.3,752,388672,Full-time,Bachelor's,Citizen,Fluent,No,No,Working Class Urban,Approved
7478,6560,Female,White,75,Over 60,80912.36,747,440496,Full-time,Some College,Permanent Resident,Limited,No,No,High-income Suburban,Approved
7479,6499,Female,White,80,Over 60,31231.04,658,269148,Full-time,Some College,Citizen,Fluent,No,No,Historically Redlined,Denied
7480,8076,Male,Asian,81,Over 60,232382.74,800,393432,Full-time,Bachelor's,Visa Holder,Fluent,No,No,High-income Suburban,Approved
7481,9758,Male,Black,57,25-60,39879.99,655,392505,Full-time,High School,Citizen,Fluent,No,No,Rural,Denied
7482,5213,Male,Hispanic,38,25-60,87774.18,682,430595,Full-time,High School,Citizen,Fluent,No,No,Urban Professional,Approved
7483,4532,Female,White,81,Over 60,215920.82,778,238190,Full-time,Bachelor's,Citizen,Fluent,No,No,High-income Suburban,Approved
7484,6284,Female,Black,62,Over 60,85417.87,734,303130,Full-time,Some College,Citizen,Fluent,No,No,High-income Suburban,Approved
7485,1837,Female,White,28,25-60,100346.67,685,75161,Full-time,Graduate,Citizen,Fluent,No,No,Working Class Urban,Approved
7486,8803,Male,White,47,25-60,106913.86,727,115854,Part-time,High School,Citizen,Fluent,No,No,High-income Suburban,Approved
7487,2113,Male,White,52,25-60,103533.88,668,324646,Full-time,Some College,Citizen,Fluent,No,No,High-income Suburban,Approved
7488,5700,Male,White,53,25-60,110246.13,704,435856,Unemployed,Some College,Citizen,Fluent,No,No,High-income Suburban,Approved
7489,8488,Male,Hispanic,47,25-60,90116.18,666,75224,Full-time,Some College,Citizen,Fluent,No,Yes,Urban Professional,Denied
7490,1771,Male,White,44,25-60,62140.34,633,403943,Full-time,Bachelor's,Permanent Resident,Fluent,No,Yes,Working Class Urban,Denied
7491,2851,Female,Hispanic,24,Under 25,141683.48,650,143238,Self-employed,High School,Citizen,Fluent,No,No,High-income Suburban,Approved
7492,9684,Male,White,29,25-60,132687.83,750,257748,Full-time,High School,Citizen,Fluent,No,No,High-income Suburban,Approved
7493,6056,Female,White,20,Under 25,56169.73,625,327138,Full-time,Bachelor's,Citizen,Fluent,No,No,Rural,Denied
7494,8419,Male,White,58,25-60,32487.06,623,239861,Full-time,High School,Citizen,Fluent,Yes,No,Working Class Urban,Denied
7495,474,Male,White,55,25-60,73102.6,694,88918,Full-time,Bachelor's,Citizen,Fluent,No,No,Historically Redlined,Denied
7496,840,Female,White,62,Over 60,101810.67,772,186714,Full-time,Graduate,Citizen,Fluent,No,No,Historically Redlined,Approved
7497,3355,Female,Black,48,25-60,71380.61,695,260626,Full-time,Bachelor's,Citizen,Fluent,Yes,No,Working Class Urban,Approved
7498,7727,Female,Hispanic,68,Over 60,81907.83,817,430139,Full-time,Some College,Citizen,Fluent,Yes,No,Urban Professional,Denied
7499,6906,Female,White,39,25-60,71554.4,643,90203,Full-time,High School,Citizen,Limited,No,No,Urban Professional,Denied
