dominant_biome,air,andesite,cave_air,clay,deepslate,diamond_ore,diorite,dirt,granite,grass_block,gravel,kelp_plant,lava,moss_block,sand,seagrass,short_grass,stone,tall_seagrass,tuff,water
cold_ocean,66914,1086,4,1044,12705,0,874,309,768,0,710,0,1,38,0,27,0,7755,30,1426,3509
cold_ocean,67433,1274,0,1085,11478,0,794,275,893,0,511,340,0,260,0,16,0,7727,16,785,4174
cold_ocean,67102,873,18,596,13023,0,1072,407,817,0,576,150,0,38,0,22,6,7193,14,1105,4202
cold_ocean,67086,1174,139,499,13015,0,857,121,1268,0,592,0,0,208,96,21,34,7213,16,887,3825
cold_ocean,66035,1003,0,807,13670,0,666,400,1136,0,515,0,0,2,1,9,1,7837,0,1269,3889
cold_ocean,65999,907,0,1208,14617,0,443,166,1174,0,570,0,0,0,36,40,0,7621,18,499,3923
cold_ocean,66122,983,0,505,14217,0,1026,242,599,0,663,0,0,42,1,30,0,7769,26,1005,4014
cold_ocean,65959,664,0,379,14354,0,828,172,1410,0,897,0,0,0,0,17,0,7989,18,1217,3362
cold_ocean,68732,753,102,1001,10591,0,860,455,936,0,471,211,0,477,79,20,56,9432,20,300,2380
cold_ocean,69517,1378,62,712,10078,0,1282,831,954,0,796,0,0,336,150,11,39,8508,26,461,1955
cold_ocean,68345,1103,105,378,11555,0,843,160,1030,0,503,82,1,158,20,17,13,6828,4,1049,4922
cold_ocean,67769,636,341,416,12227,0,609,289,784,0,589,0,0,0,109,14,0,7216,18,763,5323
beach,69237,869,507,385,9860,0,780,239,1211,0,365,0,283,283,182,22,15,8604,28,1163,2754
beach,68732,1453,280,139,10425,0,1262,327,987,0,656,0,0,436,222,0,34,7685,0,1116,3235
beach,68042,623,137,744,12300,0,858,384,1030,0,562,0,0,190,1053,1,11,7452,2,655,2863
cold_ocean,67532,714,0,370,12565,0,158,249,1181,0,597,0,29,212,45,20,18,8793,28,1003,3646
cold_ocean,67287,1220,0,941,11989,0,936,210,1083,0,321,0,0,416,0,21,71,7743,20,963,3852
cold_ocean,66324,816,0,1184,13721,0,904,186,656,0,945,0,0,69,3,26,5,7860,12,503,4053
cold_ocean,66525,857,0,732,13246,0,1199,157,1130,0,897,0,0,31,4,8,5,6909,8,1340,4080
cold_ocean,66875,1717,0,1000,12594,7,286,162,581,0,966,78,1,190,0,24,21,7402,26,1274,3987
cold_ocean,68028,901,0,505,11161,1,571,201,796,0,1006,221,1,566,0,17,85,7529,4,1131,4192
cold_ocean,66327,1268,0,525,13643,0,781,108,666,0,663,0,0,140,8,24,17,7625,26,1300,4122
cold_ocean,66351,782,0,895,14025,0,596,236,1517,0,710,0,0,2,0,15,1,7837,12,838,3403
cold_ocean,67048,889,0,865,12906,2,248,242,1139,0,596,0,0,149,92,16,57,10081,22,469,2317
cold_ocean,66953,1347,0,803,13461,0,1019,832,1053,0,634,0,0,92,198,22,28,8100,12,549,2097
cold_ocean,66026,1271,0,406,13980,0,1307,1030,953,0,804,0,0,11,235,16,6,8641,12,1021,1460
cold_ocean,66065,1387,0,207,14167,0,1510,929,928,0,925,0,0,22,264,21,8,8137,22,904,1767
cold_ocean,66643,769,0,768,12620,0,963,543,1095,0,404,0,1,80,56,26,0,7192,20,1404,4625
cold_ocean,68070,1152,385,664,11443,0,675,426,1048,0,284,0,4,50,110,20,6,7184,24,1035,4500
cold_ocean,69726,898,670,432,9420,0,1235,433,538,0,532,0,199,220,265,21,0,8784,24,885,2733
river,71438,366,506,235,8079,4,462,212,388,0,624,15,145,107,0,17,0,5093,20,751,8710
river,67092,1338,379,658,12174,0,408,349,1002,0,858,0,206,129,17,31,10,6454,26,698,5326
river,67609,760,142,241,12353,0,1433,209,478,0,445,0,2,256,0,18,2,7483,24,1166,4486
beach,66918,1236,98,702,13133,10,693,351,1176,0,369,0,0,37,737,4,8,6948,0,993,3491
beach,68270,1398,0,780,11650,0,399,206,464,0,373,0,0,204,527,3,28,6908,4,944,4903
cold_ocean,67675,936,0,1099,11361,0,692,424,857,0,317,0,0,316,139,19,23,7952,20,835,4364
cold_ocean,67829,768,0,478,11616,1,654,239,572,0,612,0,0,364,0,22,44,7664,12,1262,5037
cold_ocean,66812,621,0,684,12207,0,846,214,1221,0,362,0,0,271,0,33,65,6610,20,1084,6061
cold_ocean,67374,743,0,1121,11383,0,1533,408,731,0,750,21,0,323,0,16,54,6501,14,1340,4834
cold_ocean,66790,1385,0,856,13100,0,560,191,1062,0,556,214,0,348,0,10,66,7119,16,899,3961
cold_ocean,68426,1243,0,876,10929,0,763,269,861,0,998,319,0,524,0,17,99,6564,20,1342,3791
cold_ocean,68756,1521,0,1507,9849,0,613,159,1319,0,752,293,1,725,0,21,124,6409,14,853,3953
cold_ocean,67596,896,0,1404,11500,0,696,104,623,0,705,0,0,396,8,14,41,7379,2,1250,4439
cold_ocean,67825,1167,0,1368,12130,0,290,123,952,0,831,0,0,429,0,18,16,7178,24,223,4480
cold_ocean,69412,1269,0,588,10215,0,1096,183,456,0,759,0,0,409,0,9,5,6791,8,1223,4619
cold_ocean,66295,545,0,650,13211,0,1182,0,722,0,582,0,0,136,0,26,16,8936,28,877,4000
cold_ocean,65838,1122,0,537,14382,0,139,187,833,0,581,0,0,0,0,10,0,9435,8,1510,2624
cold_ocean,65949,1219,0,422,14154,0,1262,593,1234,0,290,0,0,39,331,12,3,8412,16,1380,1876
cold_ocean,66357,954,0,650,12906,0,727,865,1523,0,355,0,0,3,157,26,1,9592,26,1710,1317
cold_ocean,65809,1118,0,611,14023,0,735,860,882,0,231,0,0,0,283,31,0,9837,18,1060,1542
cold_ocean,66025,1173,0,222,13798,0,1064,1008,687,0,810,18,0,0,210,12,0,8404,18,1673,1963
cold_ocean,67120,1104,0,250,13559,0,571,1100,1327,0,354,22,0,309,276,12,36,8081,12,1026,1871
cold_ocean,67384,1299,151,578,12762,0,723,811,847,0,421,20,0,351,251,14,41,7566,30,540,3262
cold_ocean,68693,977,376,209,10444,11,990,359,1355,0,438,0,43,355,77,10,32,7427,10,1026,3948
cold_ocean,67878,890,166,414,11634,0,737,256,811,0,617,0,65,112,246,32,3,9245,24,688,3230
cold_ocean,68354,818,186,463,11184,0,593,99,877,0,480,33,220,28,0,19,1,4093,18,709,9029
cold_ocean,66268,551,1157,603,12023,0,580,75,770,0,510,283,7,103,0,9,6,3527,10,1340,9329
cold_ocean,66431,700,798,288,12603,0,1211,11,28,0,360,175,3,235,0,4,34,3364,16,1030,9755
river,66712,547,403,658,12917,0,600,265,947,0,336,0,237,180,89,1,23,5116,0,795,7327
river,66062,956,260,565,12981,0,201,404,385,0,787,0,0,29,229,21,0,6874,38,1229,6115
river,67328,822,224,789,13943,0,451,293,416,0,763,0,2,0,452,15,0,6327,16,886,4345
beach,67032,1017,62,512,13620,1,513,305,687,0,639,0,25,0,1022,9,0,6228,4,1319,4097
cold_ocean,66888,1199,0,1302,12821,0,861,693,579,0,524,26,0,0,131,10,0,6602,10,1751,3869
cold_ocean,66271,734,0,784,14431,8,1106,256,1064,0,544,0,0,0,0,20,0,6325,20,1140,4609
cold_ocean,66439,456,0,946,13974,0,1090,235,521,0,634,0,21,44,11,20,0,6786,16,1323,4743
cold_ocean,66138,245,0,1007,13742,0,690,223,397,0,569,0,0,111,0,23,0,7517,24,1187,5352
cold_ocean,66800,136,0,510,13149,0,843,123,800,0,508,0,0,249,0,24,33,5091,6,1265,6998
cold_ocean,66915,776,0,828,12679,0,411,308,73,0,554,17,0,24,0,22,7,6180,18,1581,6740
cold_ocean,66906,884,0,925,13229,0,10,143,513,0,689,390,1,87,0,7,9,8018,22,1201,4117
cold_ocean,67403,931,0,684,12109,0,612,105,1152,0,543,316,0,424,0,29,54,7537,8,918,4162
cold_ocean,67311,754,0,758,12637,0,1316,108,844,0,610,225,1,478,0,27,58,7004,18,715,4154
cold_ocean,67512,1218,0,671,11990,0,627,122,942,0,700,0,0,287,18,22,40,7714,16,1186,4106
cold_ocean,68116,560,0,480,12318,0,356,163,1235,0,773,0,0,154,2,21,16,8043,24,688,4247
cold_ocean,65979,533,0,768,14459,0,883,279,1041,0,662,0,0,11,16,11,1,7507,14,971,4110
cold_ocean,66714,860,0,832,13500,0,1069,96,831,0,796,0,0,125,0,20,28,7374,18,710,4250
cold_ocean,67150,652,0,550,12696,0,617,226,1156,0,565,0,84,229,0,32,17,7920,38,687,4512
cold_ocean,67458,1145,0,191,9506,0,1222,42,879,0,388,19,0,215,0,24,12,8961,18,1186,5910
cold_ocean,67853,1606,0,265,11349,2,1116,687,545,0,329,30,0,220,83,19,0,7884,22,303,4870
cold_ocean,67957,903,0,501,10844,0,935,898,944,0,321,16,0,362,107,13,9,8237,10,861,4241
cold_ocean,69779,369,0,246,9994,0,1123,653,1111,0,418,0,0,696,196,31,97,9614,18,652,1886
cold_ocean,66825,502,0,465,13231,0,751,863,405,0,625,0,0,308,159,16,38,10091,14,1038,1839
cold_ocean,66376,1415,0,164,13485,0,1137,978,1271,0,555,4,0,56,365,13,0,8158,10,1041,1855
cold_ocean,66288,1122,0,170,12611,4,1112,738,1146,0,464,55,0,0,270,11,0,8425,14,1652,1540
cold_ocean,66846,1363,0,0,14053,0,1123,1020,840,0,444,196,0,0,253,13,0,8218,22,933,1710
cold_ocean,67496,918,113,173,12671,0,771,789,1245,0,406,175,1,306,238,17,41,7960,30,914,2700
cold_ocean,69247,916,306,259,11344,0,524,802,991,0,393,164,0,228,110,32,30,7959,20,372,3260
cold_ocean,68253,352,373,314,11523,0,1384,567,1608,0,621,0,209,8,24,21,3,7653,26,853,3309
cold_ocean,67099,1040,258,77,12810,0,820,474,986,0,643,0,275,0,166,22,0,7588,8,1046,3818
cold_ocean,66587,1214,342,495,12452,0,960,351,1153,0,707,0,430,0,38,21,0,7481,18,915,2894
cold_ocean,65792,780,461,95,13930,0,1039,213,972,0,667,207,12,0,11,24,0,7229,18,1214,4443
beach,66106,962,495,0,14771,0,966,210,1065,0,528,18,1,0,538,0,0,8344,0,565,2309
beach,66003,876,743,155,12996,0,825,207,755,0,678,77,0,45,52,3,5,7332,2,1220,5063
cold_ocean,66757,333,780,310,11987,8,856,0,520,0,570,35,0,166,0,0,14,5263,2,1514,8115
beach,66144,1040,365,475,13466,0,1190,180,436,0,402,0,173,79,0,0,6,5937,0,1345,5894
beach,67269,652,39,1018,13776,2,903,259,1071,0,549,0,18,38,189,5,0,6799,20,839,3653
river,67172,1174,0,573,13705,0,994,132,835,0,665,0,33,7,25,15,1,5524,18,801,3829
beach,66648,1090,0,518,13990,0,746,447,937,0,699,80,21,6,460,17,3,6982,22,1471,2861
cold_ocean,66921,487,0,1459,13946,0,615,292,994,0,564,227,0,0,0,10,0,7037,18,1020,3654
cold_ocean,67604,401,0,1016,14247,0,912,161,627,2,378,84,0,0,0,17,0,6415,12,1199,4216
cold_ocean,67440,480,0,855,14680,0,592,99,733,29,605,4,0,8,50,18,0,6609,10,918,4086
cold_ocean,66436,1254,0,786,13444,0,629,309,306,62,473,0,0,46,0,12,3,7199,26,1298,4979
cold_ocean,65862,747,0,1443,13488,0,496,138,963,32,569,0,18,2,0,15,0,7295,14,1076,5049
cold_ocean,65916,738,0,676,13751,0,263,113,720,0,886,0,0,31,0,11,2,7089,16,1260,5789
cold_ocean,67093,134,0,983,11711,0,212,222,273,0,631,0,0,182,0,24,40,3880,14,1241,10652
cold_ocean,67669,198,0,899,11955,0,478,165,181,0,267,22,0,79,10,14,22,2543,18,647,10520
cold_ocean,66055,454,0,603,14581,0,12,239,1007,0,531,192,2,0,2,31,0,7531,14,898,4970
cold_ocean,66451,1181,0,355,14843,1,726,130,1020,0,619,37,1,87,0,20,1,6978,48,681,4088
cold_ocean,66231,715,0,723,13779,3,599,201,1157,0,598,78,0,3,0,20,0,8032,24,1267,3830
cold_ocean,66597,1158,0,920,13822,0,1304,216,701,0,611,64,24,0,0,32,0,7237,64,829,3659
deep_cold_ocean,66535,514,146,658,13240,0,780,186,694,0,819,0,4,67,0,19,0,7575,60,816,5027
deep_cold_ocean,66423,561,0,940,13181,2,414,95,544,0,534,0,24,151,0,6,33,6718,62,1078,6436
cold_ocean,66142,1281,41,1088,13764,0,892,229,560,0,637,0,0,60,0,28,23,7247,24,1142,4005
cold_ocean,66907,989,0,861,12660,0,486,256,451,0,536,0,0,239,0,15,1,7779,26,1413,4546
cold_ocean,66156,1234,0,579,14016,0,221,98,1196,0,596,0,0,61,4,23,0,6462,26,1184,5379
cold_ocean,66046,597,0,505,14013,0,1252,287,503,0,821,0,0,0,0,14,0,7805,8,944,3877
cold_ocean,65907,1082,0,269,13799,0,1376,117,1275,0,750,200,0,0,0,19,0,7957,22,1576,2700
cold_ocean,65969,1191,0,795,14063,0,641,309,941,0,636,279,0,3,24,26,0,6595,22,1010,4661
cold_ocean,66227,1312,0,278,13218,0,956,610,773,0,638,213,167,112,229,16,22,6800,12,1421,4171
cold_ocean,69581,1071,0,62,9677,0,686,459,899,0,731,0,33,875,62,10,110,9296,6,885,2497
cold_ocean,68122,449,0,70,12439,0,1082,428,1024,0,614,0,0,218,1,18,40,7954,16,753,3795
cold_ocean,70722,1155,0,36,9944,0,886,996,1228,0,502,0,1,192,175,39,0,7937,32,758,2602
cold_ocean,69453,610,0,510,10265,0,1074,962,1096,0,386,263,0,69,318,22,2,7963,12,1316,2744
cold_ocean,65975,1264,0,8,13984,0,886,947,1748,0,492,233,0,0,219,25,0,7879,8,1339,1967
cold_ocean,65965,1224,0,12,14920,0,699,426,1119,0,721,238,16,0,41,22,0,8130,18,1205,2253
cold_ocean,66606,1149,0,55,14536,0,1176,204,478,0,516,298,0,0,211,13,0,8792,14,989,2089
cold_ocean,66945,1126,0,10,12838,4,1406,430,1046,0,509,192,0,14,266,16,7,7569,10,1480,3265
cold_ocean,69941,1107,32,74,10713,0,516,242,421,0,665,39,1,130,25,8,0,5532,10,601,7121
cold_ocean,67516,1374,226,367,11889,0,1006,289,971,0,877,0,44,9,1,29,0,6785,22,893,4707
cold_ocean,66765,1049,376,202,13536,0,1475,1044,1227,0,411,0,149,0,235,14,0,6674,16,730,3162
cold_ocean,65968,927,380,16,14432,0,1086,518,836,0,435,0,83,0,345,21,0,8672,22,743,2374
cold_ocean,65795,1273,688,0,13791,0,1331,233,1525,0,447,143,5,0,74,16,0,7868,14,1057,2591
beach,66721,972,670,0,13747,0,1005,403,1191,0,411,0,2,0,403,0,0,7647,2,1210,2479
beach,66821,1094,689,0,12471,4,1283,273,1558,0,413,0,0,0,590,0,0,10184,0,1390,90
beach,66703,938,649,116,12843,5,1342,278,1073,0,387,0,2,0,768,0,0,10327,0,1104,308
beach,65833,930,672,203,13759,0,1122,211,1542,0,650,0,0,0,368,12,0,7510,8,1003,3109
cold_ocean,66206,796,808,219,13947,0,811,257,452,0,542,0,0,68,0,21,0,7033,12,787,5175
cold_ocean,66445,876,431,340,12995,0,523,337,944,0,536,0,8,184,0,22,4,4527,20,1094,7859
cold_ocean,66043,475,222,381,13981,0,519,248,982,0,440,0,125,0,0,5,0,7513,12,1272,4988
cold_ocean,66854,947,9,676,13925,0,1096,527,298,0,764,0,25,0,0,23,0,6833,16,1133,3328
cold_ocean,68045,683,59,616,14621,0,868,252,1323,0,758,0,0,0,0,22,0,5482,12,953,3479
cold_ocean,66315,476,0,948,13864,0,529,157,618,0,825,0,0,5,0,15,4,7753,10,1217,4467
cold_ocean,66357,1037,0,674,13089,0,1443,242,1013,0,517,0,0,10,0,27,1,7038,18,1277,4047
cold_ocean,66527,1323,0,883,13559,0,823,8,363,0,835,208,1,212,0,34,32,7859,30,826,3564
cold_ocean,66724,1367,0,1295,12688,0,604,214,1107,0,1030,350,0,102,1,12,29,7269,12,729,3556
cold_ocean,66268,1183,0,1434,13466,0,1355,329,704,0,490,243,0,74,0,30,30,6603,14,1055,3801
cold_ocean,65798,1138,0,1099,13671,0,1257,347,638,0,443,0,0,0,0,24,0,7019,12,800,5023
cold_ocean,65846,462,0,1097,13689,0,541,119,837,0,625,0,77,0,0,32,0,6151,30,1284,6444
cold_ocean,65795,838,0,1041,13889,6,818,30,734,0,816,35,45,0,0,22,0,6797,20,544,5723
cold_ocean,66875,285,0,743,12555,0,599,157,740,0,393,186,0,60,0,13,12,2951,12,1163,10547
cold_ocean,66322,730,0,1281,13172,0,901,177,844,0,436,131,0,86,1,4,2,5301,8,1204,6643
cold_ocean,65792,1025,0,928,14112,0,170,344,667,0,482,0,0,0,0,12,0,7797,10,1266,4596
cold_ocean,65852,1744,0,567,14093,0,806,191,224,0,492,0,1,24,0,11,4,7923,10,1434,3842
deep_cold_ocean,65996,875,0,1058,13846,2,1311,206,625,0,633,77,0,19,0,3,3,7550,20,1035,3953
deep_cold_ocean,66196,313,0,755,13637,0,924,100,1199,0,738,263,16,0,3,7,0,6786,60,980,5151
deep_cold_ocean,66291,905,0,379,13988,0,836,217,918,0,448,121,4,0,0,6,0,4601,48,1567,6062
deep_cold_ocean,65837,917,0,686,13638,0,701,335,968,0,789,78,45,0,0,8,0,4910,44,1545,6800
deep_cold_ocean,66443,1209,0,501,13306,0,545,88,1086,0,629,113,278,228,0,4,50,4488,36,1043,7132
deep_cold_ocean,66736,1333,0,707,12151,0,1072,93,1268,0,664,0,413,133,0,10,39,6021,22,890,5667
cold_ocean,66062,618,103,646,13498,0,1125,254,850,0,647,0,0,7,0,16,2,7089,18,1078,4751
cold_ocean,66754,914,0,834,12965,0,1076,211,521,0,603,209,0,182,0,22,12,7959,14,803,3676
cold_ocean,66254,754,0,574,13988,0,1060,210,578,0,499,81,0,100,3,24,6,6257,12,799,6026
cold_ocean,65792,1212,0,554,14132,0,472,374,1179,0,511,0,0,0,7,35,0,7805,30,1117,4020
cold_ocean,65812,921,0,275,14032,0,901,71,342,0,869,0,0,0,0,12,0,8645,10,1374,3942
cold_ocean,65859,672,0,500,14601,0,1014,341,721,0,748,331,4,0,0,12,0,7153,10,708,4495
cold_ocean,65984,1055,0,388,14085,4,1576,332,1390,0,550,259,33,1,171,27,0,8240,16,1006,1880
cold_ocean,66586,1160,0,459,13427,6,1134,195,1248,0,718,65,0,12,45,32,3,8661,18,861,2555
cold_ocean,66293,1083,0,441,14391,0,1013,158,843,0,630,0,0,0,0,31,0,7289,14,805,4125
cold_ocean,65881,1032,0,259,14280,0,859,486,983,0,906,0,1,0,203,19,0,8028,28,1162,3107
cold_ocean,71021,1015,0,62,9386,0,695,759,948,0,611,100,0,107,232,15,23,7905,4,1490,2932
cold_ocean,69195,858,0,25,12007,0,936,709,1079,0,249,0,0,132,282,26,18,7520,22,621,3478
cold_ocean,66248,881,0,158,14072,0,1154,183,1740,0,432,146,0,45,8,11,12,8318,20,1350,2326
cold_ocean,65917,962,0,129,14541,0,898,393,1708,0,642,166,0,0,201,28,0,8181,18,1155,2049
cold_ocean,65917,1009,0,123,14519,0,971,439,1273,0,533,202,0,0,54,21,0,8529,16,1416,2102
cold_ocean,65940,1322,204,170,14199,0,1010,556,1244,0,304,160,0,0,187,19,0,8387,12,904,2272
cold_ocean,66430,757,0,8,14306,8,477,936,1103,0,354,67,0,42,290,23,0,8691,12,1207,2325
cold_ocean,66577,557,0,114,14359,3,212,604,1380,0,385,54,0,7,100,25,0,5616,18,807,6170
cold_ocean,67434,1086,105,0,13692,0,506,327,572,0,677,49,0,0,40,13,0,7882,20,750,4050
cold_ocean,66199,1353,108,43,14072,0,1744,1249,755,0,817,67,0,0,213,16,0,6259,8,1300,2969
cold_ocean,66036,1040,388,12,14239,0,453,965,833,0,280,58,0,0,340,16,0,8702,20,1270,2357
river,65901,1160,318,19,14207,0,1220,511,994,0,297,26,1,0,245,6,0,8642,8,862,2687
beach,65770,1567,611,0,13831,0,976,414,770,0,459,0,34,0,454,0,0,7989,0,1477,2460
beach,65690,1150,580,0,13894,0,879,565,810,57,254,0,36,0,582,0,0,10791,0,1022,464
taiga,64593,1311,13,0,14844,0,913,1225,1649,244,353,0,0,0,7,0,1,10435,0,930,120
taiga,65127,1328,86,0,14159,0,1068,445,1027,149,562,0,0,0,332,0,3,11079,0,1454,0
beach,66261,1498,713,24,11642,0,1044,208,617,44,489,0,108,14,841,0,0,11838,0,1236,151
beach,66107,1154,499,349,13272,0,1432,238,895,0,376,0,0,0,989,0,0,9975,0,883,403
beach,66070,1090,636,200,13289,0,692,320,977,0,693,26,0,5,255,17,0,8456,14,1574,2495
beach,66191,1348,225,66,13036,2,562,402,1024,0,1056,30,0,96,8,17,30,7952,16,1248,3787
cold_ocean,66104,1212,0,607,12845,1,683,276,1140,0,885,19,23,134,0,7,0,7971,8,1694,3586
cold_ocean,67031,926,0,424,13786,0,872,41,1061,0,715,0,36,49,0,6,10,7992,6,760,3578
cold_ocean,67905,548,54,620,12962,0,880,334,484,0,680,0,2,291,0,22,53,8194,6,535,3602
cold_ocean,66662,836,0,619,13556,0,437,258,472,0,617,0,0,63,0,25,22,8602,26,1217,3792
cold_ocean,66279,1387,0,782,13296,0,321,314,826,0,929,14,0,75,0,22,10,7559,6,1190,3933
cold_ocean,66197,899,0,889,12823,1,422,369,1332,0,879,275,18,68,0,11,20,7920,18,1381,3657
cold_ocean,66474,1211,0,1069,12747,0,835,411,828,0,901,287,1,198,10,16,4,7049,16,1391,3736
cold_ocean,66273,826,0,995,13822,0,681,326,749,0,665,161,0,62,0,11,2,7357,12,939,4344
cold_ocean,66281,1155,0,1264,13201,0,1024,261,241,0,563,29,19,3,4,28,2,7944,32,980,4277
cold_ocean,66306,855,0,1273,13172,0,1032,432,381,0,498,54,0,74,0,13,32,7854,12,1080,4107
cold_ocean,66617,605,0,776,12927,0,266,272,1107,0,917,0,0,78,0,19,27,7154,16,1862,4623
cold_ocean,66059,1035,0,1394,13427,1,944,541,564,0,939,0,2,102,0,18,16,6612,16,959,4636
deep_cold_ocean,65829,343,0,1257,14079,2,319,175,1373,0,872,226,0,0,0,9,0,7383,48,629,4575
cold_ocean,66388,331,0,1109,13194,1,169,101,694,0,755,339,0,0,33,6,0,6277,26,1155,6539
deep_cold_ocean,67527,432,0,1232,12021,0,994,146,865,0,668,201,0,221,0,11,12,6211,58,891,5626
deep_cold_ocean,66631,1305,0,1301,12419,0,1134,201,357,0,582,0,0,147,7,10,5,6926,40,1176,4961
deep_cold_ocean,65919,1021,0,1206,13029,0,707,77,573,0,495,0,0,42,0,10,3,7011,68,1332,5675
deep_cold_ocean,66027,626,0,740,14055,4,761,22,773,0,812,73,36,2,0,8,1,6433,36,964,5845
deep_cold_ocean,66380,378,0,606,14173,0,906,232,1082,0,487,382,0,14,0,3,0,6385,44,694,5410
deep_cold_ocean,66068,320,0,1233,13252,0,1613,20,514,0,780,219,144,17,0,7,0,6322,56,1115,5509
deep_cold_ocean,66099,712,0,528,13972,0,808,153,298,0,552,321,192,26,0,10,0,6228,36,1007,6218
deep_cold_ocean,66324,1087,0,274,13521,1,524,101,843,0,600,275,78,225,0,8,46,4293,58,1540,7367
deep_cold_ocean,66706,711,0,465,12941,0,430,80,168,0,533,140,6,141,0,5,30,4719,30,1409,8725
deep_cold_ocean,66724,562,0,686,12315,0,687,132,397,0,458,39,402,325,0,6,50,5138,52,973,8274
cold_ocean,65989,1147,0,811,12740,0,423,302,1050,0,716,0,274,50,0,32,18,6702,60,1051,5870
cold_ocean,65961,576,0,681,14107,0,655,282,945,0,514,47,65,0,0,13,0,7859,4,1033,4513
cold_ocean,65886,669,0,908,14262,0,1091,225,61,0,526,332,0,0,0,11,0,8161,22,1051,3971
cold_ocean,65958,476,0,732,13961,0,672,260,823,0,508,83,0,0,18,9,0,6007,2,1113,6635
cold_ocean,65792,437,0,303,14680,0,794,216,726,0,545,0,0,0,0,13,0,5794,14,1402,6489
cold_ocean,65793,1008,0,302,15095,0,977,115,627,0,894,0,0,0,0,17,0,7585,18,760,4075
cold_ocean,65793,1159,4,182,15140,8,536,253,1385,0,774,166,2,0,0,21,0,7665,22,830,3198
cold_ocean,66122,838,0,533,14424,0,345,621,766,0,451,281,0,0,177,12,0,8425,10,1456,2136
cold_ocean,66163,981,0,150,14458,0,1495,203,708,0,865,223,0,0,30,20,0,7350,30,1256,2635
cold_ocean,66222,1407,23,217,14122,2,444,99,1256,0,468,0,10,0,0,18,0,6576,8,1722,3855
cold_ocean,65846,673,0,272,14571,0,1031,311,981,0,754,0,0,0,68,15,0,8267,20,1027,3412
cold_ocean,66960,956,0,225,13661,0,1208,452,593,0,712,0,0,104,114,22,6,7341,22,1196,3630
cold_ocean,73407,877,0,150,8296,0,892,217,691,0,621,0,0,89,14,13,16,5745,24,280,5882
cold_ocean,66115,1746,0,113,14155,2,907,318,732,0,545,0,0,7,0,15,0,8161,12,1281,3028
cold_ocean,66547,1730,0,127,13525,0,1106,509,990,0,442,0,0,41,116,24,2,7985,38,1496,2507
cold_ocean,66163,672,0,112,14771,0,800,758,899,0,333,42,0,0,164,12,0,9261,0,804,2462
cold_ocean,65913,1262,0,9,14868,0,1180,598,1330,0,336,16,0,0,372,12,0,8748,8,1425,1129
cold_ocean,65792,1001,0,129,15074,0,1335,667,1059,0,668,0,0,0,450,20,0,9021,14,818,1118
cold_ocean,65811,765,0,18,14592,0,808,874,1175,0,243,0,0,0,204,22,0,8519,16,1055,3074
cold_ocean,65792,1024,0,33,14632,0,1148,1223,1250,0,365,0,0,0,89,23,0,8276,14,1620,1735
cold_ocean,65838,1344,0,0,14210,0,819,776,999,0,703,66,0,0,60,26,0,6479,6,1263,4560
cold_ocean,66969,1048,0,28,13532,0,1928,1654,1287,0,470,206,0,0,137,18,0,6875,14,834,2099
cold_ocean,66119,1030,0,9,14652,0,1153,1265,1248,0,492,214,0,0,199,25,0,7504,20,1065,2061
cold_ocean,65809,712,53,11,14292,4,1173,773,1485,0,347,70,0,0,407,38,0,7577,32,1106,3337
river,66069,962,45,2,14481,0,956,549,953,0,122,0,0,0,630,23,0,8911,38,1316,1975
beach,65025,1588,207,0,14335,0,1101,372,921,92,368,0,32,0,509,0,5,9839,0,1317,957
taiga,65123,1514,157,0,14247,0,1036,1192,951,234,318,0,112,0,47,0,4,10697,0,1014,50
taiga,65254,1037,29,0,13871,0,1090,1074,1442,250,685,0,189,0,0,0,1,10939,0,935,18
taiga,65054,669,348,0,14212,0,675,1042,734,251,415,0,110,0,0,0,0,11719,0,1486,38
taiga,64483,1010,0,0,14578,3,1038,910,866,251,571,0,0,0,0,0,4,10406,0,1344,0
taiga,64911,1392,0,0,14458,0,1154,949,809,250,693,0,0,0,0,0,3,10943,0,1131,89
taiga,63760,1134,177,0,13528,0,1064,960,825,232,856,0,61,144,55,0,2,12264,0,1320,254
taiga,64041,1132,350,73,13173,2,903,607,1673,157,530,0,0,10,368,0,0,12052,0,1133,259
beach,65716,744,643,203,13393,0,1372,176,644,45,572,0,0,0,524,0,0,9635,0,1277,1296
beach,66322,871,234,192,14284,0,1051,286,1314,0,582,0,0,16,212,0,6,8021,0,1034,2215
beach,66071,1347,0,367,14275,0,776,111,721,0,343,8,26,29,0,0,0,7973,0,1335,3912
beach,66855,1200,36,878,12615,0,820,460,152,0,560,0,90,221,7,9,54,8212,6,1133,3851
cold_ocean,66708,1101,99,719,13616,0,782,137,41,0,300,0,193,101,10,15,17,8656,22,827,3857
cold_ocean,66428,1362,109,982,12959,0,890,359,598,0,858,6,0,11,24,25,5,7875,12,885,3770
cold_ocean,65857,1699,53,687,13566,0,545,339,511,0,557,314,0,0,0,30,0,8542,20,973,3468
cold_ocean,66137,814,0,602,14000,0,666,174,1140,0,519,278,75,5,0,19,0,7576,12,1368,3720
cold_ocean,66539,1024,3,967,13113,8,771,248,1103,0,765,228,0,179,0,12,34,6963,8,1359,3889
cold_ocean,66079,583,43,1165,14365,0,511,108,695,0,513,22,0,6,0,23,0,7464,30,827,4736
cold_ocean,68074,1145,40,1236,11455,0,1109,219,774,0,722,0,0,15,24,33,0,7044,26,996,4350
cold_ocean,67445,925,26,1004,13404,0,796,283,668,0,449,18,52,138,0,9,0,6173,14,1338,4527
cold_ocean,67285,1224,0,1269,13815,0,736,348,851,0,576,297,0,78,0,3,36,5274,12,828,4585
deep_cold_ocean,66643,912,0,1171,12699,0,916,97,115,0,680,0,0,92,0,5,4,7015,40,857,6021
deep_cold_ocean,66979,75,0,840,13223,0,1266,299,595,0,375,0,0,394,0,0,40,7433,0,539,5103
deep_cold_ocean,66498,993,0,1375,12698,0,990,5,695,0,770,0,1,138,0,1,9,6519,44,1270,5197
deep_cold_ocean,66624,595,0,1110,13307,0,297,194,669,0,389,0,22,26,0,5,0,6367,82,955,6334
deep_cold_ocean,66760,430,0,712,13215,6,240,67,320,0,624,0,235,87,0,6,25,6258,66,641,6859
deep_cold_ocean,66208,401,0,798,13901,0,542,35,378,0,699,0,1,8,17,7,0,6208,62,868,7097
deep_cold_ocean,66064,592,0,702,13565,2,180,82,791,0,776,0,0,50,0,6,2,6327,56,1443,6572
deep_cold_ocean,66002,407,0,1474,13308,0,980,181,322,0,672,0,0,67,0,5,11,6171,40,777,6705
deep_cold_ocean,66184,930,0,941,12598,0,387,115,562,0,789,56,0,56,1,13,3,6285,52,1335,6503
deep_cold_ocean,66330,955,0,643,12973,0,1301,6,798,0,1026,225,0,238,0,13,25,5324,68,1257,5943
deep_cold_ocean,66183,1325,0,388,13487,0,883,206,668,0,615,234,21,72,2,10,0,6325,62,1284,5467
deep_cold_ocean,65806,673,0,909,13689,0,254,376,973,0,587,360,0,9,4,11,0,6690,76,1507,5253
deep_cold_ocean,66465,458,0,544,14013,0,486,9,301,0,502,302,44,196,0,4,7,4455,54,958,8397
deep_cold_ocean,66242,21,0,781,13813,0,74,8,214,0,647,0,141,107,0,10,9,5644,62,955,8468
deep_cold_ocean,65999,563,0,1032,13293,0,190,177,817,0,449,0,84,86,0,10,12,6635,64,1127,6776
deep_cold_ocean,66513,805,0,490,12508,0,1054,138,729,0,362,0,234,77,0,4,4,5801,54,1793,6751
deep_cold_ocean,67127,530,0,877,11851,0,682,115,843,0,374,0,186,463,0,2,93,5400,48,1124,7403
deep_cold_ocean,66579,450,0,936,12630,5,441,79,878,0,665,0,0,263,0,4,64,6642,46,1269,6277
cold_ocean,66339,521,0,479,12703,0,712,265,904,0,636,143,62,82,0,15,28,6894,14,1479,6007
cold_ocean,65921,242,0,760,13776,0,540,45,446,0,701,258,0,63,26,22,9,5450,36,1189,7731
cold_ocean,66349,500,0,1027,12322,0,951,44,791,0,505,45,0,79,1,15,0,2680,10,1091,10970
cold_ocean,66110,1339,0,638,13799,0,547,49,359,0,439,0,0,17,0,29,1,5182,14,1416,7328
cold_ocean,66089,908,0,316,14599,0,358,399,661,0,507,0,0,0,0,10,0,6926,12,1454,4986
cold_ocean,65906,1636,193,651,14226,0,778,130,614,0,888,0,81,0,0,15,0,7077,14,1300,3694
cold_ocean,65792,1302,0,216,15062,0,541,967,152,0,604,0,0,0,193,20,0,8958,12,1090,2281
cold_ocean,66282,1131,0,239,14034,0,608,656,331,0,528,0,0,0,92,26,0,7640,40,1445,2241
cold_ocean,65793,1039,64,97,15273,0,124,140,702,0,607,0,50,0,0,9,0,8657,10,967,3611
cold_ocean,65792,747,0,337,13951,0,1548,118,1137,0,356,0,0,0,0,20,0,8007,14,1427,3782
cold_ocean,66252,804,0,424,13978,4,796,355,939,0,680,0,0,42,13,11,17,8151,2,1079,3581
cold_ocean,67829,862,151,219,12265,0,911,476,807,0,817,0,0,71,19,24,4,8920,20,768,2970
cold_ocean,68225,786,152,0,12411,0,962,382,1016,0,715,0,0,15,8,21,0,8253,10,995,3288
cold_ocean,65792,1074,115,100,13831,0,766,267,596,0,794,0,0,0,0,15,0,7970,26,1280,4583
cold_ocean,65865,866,0,0,15178,0,720,226,1193,0,577,0,0,0,0,12,0,8331,12,768,3316
cold_ocean,65946,662,0,0,14974,0,457,348,1067,0,1000,49,0,0,0,35,0,8702,18,1044,2816
cold_ocean,66572,674,0,0,13569,0,995,279,1122,0,770,320,2,0,30,15,0,8424,24,1408,2776
cold_ocean,66158,583,0,0,14620,6,600,463,1457,0,579,89,0,0,40,29,0,8096,16,1350,3049
cold_ocean,66026,1060,0,0,14719,0,1015,457,1310,0,611,0,0,0,60,21,0,7809,22,1059,3013
cold_ocean,66215,609,0,0,14509,0,1152,216,867,0,617,0,0,0,8,13,0,7639,14,822,4569
cold_ocean,66227,1049,0,0,14116,8,616,465,1262,0,667,0,0,0,41,20,0,7719,14,1598,3391
cold_ocean,65793,1505,0,9,14781,0,589,689,1900,1,696,0,0,0,144,25,0,7295,20,1032,2539
cold_ocean,65977,517,62,23,14634,0,716,1449,1299,36,493,23,0,0,27,24,2,9847,22,1064,809
cold_ocean,67444,1691,0,3,13419,0,890,1356,862,0,222,35,0,0,83,16,0,8644,16,1214,1299
cold_ocean,66239,904,0,0,14587,0,945,795,760,0,592,0,272,0,565,17,0,7898,12,227,3151
river,66148,1067,8,5,14743,0,1422,477,598,0,465,0,19,0,223,10,0,8089,4,1238,2538
taiga,65695,1161,0,0,14107,0,1369,649,696,143,412,0,5,0,330,0,1,10677,0,985,548
forest,65307,1218,25,0,14039,0,1165,1103,1359,247,674,0,0,0,0,0,6,9837,0,1312,64
forest,66327,1323,0,0,13069,0,1579,685,759,252,576,0,147,0,0,0,7,10720,0,1203,56
forest,66964,919,119,0,12568,0,821,874,1501,251,251,0,20,0,0,0,2,11087,0,1203,1
forest,64598,1166,0,0,13719,0,506,862,1481,249,690,0,0,0,0,0,6,11973,0,1103,0
taiga,64081,844,0,0,14873,0,1097,1163,1159,250,634,0,0,0,0,0,1,11383,0,1043,1
taiga,64461,794,0,0,14705,0,1119,1181,241,249,687,0,0,0,0,0,1,10698,0,1052,17
taiga,63358,1245,0,0,13975,0,1213,1164,1468,251,623,0,0,0,0,0,1,11286,0,1064,879
taiga,62601,1700,27,0,14311,0,1443,918,684,250,279,0,11,0,0,0,3,12157,0,1109,1165
taiga,63238,1072,295,40,14370,0,1349,1178,1460,248,460,0,65,0,0,0,2,10928,0,1447,568
taiga,65031,1233,100,219,15131,0,1124,623,96,218,468,0,0,0,50,0,0,10915,0,841,522
beach,66098,1361,19,249,14009,0,1288,377,607,37,628,0,0,51,489,0,0,9059,0,1417,1039
beach,67721,908,0,202,13136,0,729,314,966,0,571,0,0,88,136,0,12,8154,0,937,3142
beach,70460,851,0,969,11318,0,404,349,374,0,512,0,120,209,4,9,48,7161,6,530,3935
cold_ocean,70109,477,0,868,10576,0,944,191,40,14,821,0,482,152,0,18,57,6607,34,1563,4277
cold_ocean,66407,1119,184,457,14345,0,986,412,405,0,420,293,100,6,0,9,0,7418,10,973,3558
cold_ocean,65807,511,383,761,13755,0,881,313,1116,0,935,494,0,0,0,8,0,7438,10,1354,3308
cold_ocean,66156,720,210,540,13999,0,217,179,1167,0,603,368,0,0,0,25,0,7902,24,1170,3840
cold_ocean,66319,149,149,723,14590,0,313,120,1531,0,808,354,0,0,0,10,0,7700,16,324,3993
cold_ocean,66933,939,225,837,14512,0,663,148,1161,0,507,28,1,110,0,24,21,6220,16,488,4363
cold_ocean,71136,38,291,817,9735,0,518,92,685,0,436,0,0,281,0,48,43,8152,40,423,4404
ocean,67572,1452,187,929,12690,0,77,84,835,0,818,0,0,195,0,34,14,6846,30,1096,4298
ocean,66415,248,55,641,14713,0,609,41,1303,14,504,223,0,137,0,26,60,6687,20,1151,4294
cold_ocean,66098,1017,0,1033,14403,0,726,86,804,8,684,257,90,11,0,16,1,5421,48,1023,5537
deep_cold_ocean,67087,962,0,1212,13601,0,435,7,538,0,776,332,0,0,0,4,0,5368,48,747,6135
deep_cold_ocean,66043,926,0,1097,14623,0,465,201,696,0,704,0,0,0,0,6,0,4583,64,650,7237
deep_cold_ocean,65825,988,0,616,15155,0,636,170,513,0,456,0,0,13,0,3,0,5039,40,595,7191
deep_cold_ocean,65792,1059,0,1006,13799,0,545,168,339,0,707,0,0,0,0,8,0,5775,60,948,7062
deep_cold_ocean,65792,70,0,841,13103,0,1085,147,989,0,396,0,0,0,1,6,0,5525,66,1792,7292
deep_cold_ocean,66239,337,0,787,12681,0,793,100,713,0,436,0,0,0,24,5,0,5254,62,1170,7365
deep_cold_ocean,65792,309,0,510,14720,0,501,139,548,0,599,0,0,0,0,7,0,6199,56,650,7234
deep_cold_ocean,65967,715,0,919,13516,0,1342,263,309,0,572,0,0,40,0,1,5,4872,34,1477,7182
deep_cold_ocean,65996,884,0,1158,13414,0,595,51,911,0,553,0,0,50,0,5,14,5294,26,1141,7198
deep_cold_ocean,66079,1201,0,1368,12702,0,715,67,4,0,677,83,0,35,0,10,14,5372,54,1332,6920
deep_cold_ocean,68164,1048,0,772,11779,0,1147,9,654,0,750,0,0,359,0,3,51,5315,34,524,6489
deep_cold_ocean,68183,1415,0,933,10770,0,1227,35,506,0,535,2,2,255,0,5,31,6324,50,978,5856
deep_cold_ocean,65797,1399,0,612,14134,0,325,219,833,0,378,315,87,0,0,7,0,6122,40,1088,5783
deep_cold_ocean,66176,672,0,237,13829,0,785,188,491,0,579,333,43,148,0,10,0,6344,52,1254,6040
deep_cold_ocean,66087,181,0,752,14143,0,918,229,62,0,417,0,7,0,0,8,0,6692,42,1153,6518
deep_cold_ocean,65899,597,0,508,14372,0,859,144,329,0,459,0,285,2,23,7,0,6232,56,1105,6430
deep_cold_ocean,65986,423,0,1183,13337,0,731,413,774,0,617,170,0,94,0,7,0,6002,56,1387,6121
deep_cold_ocean,66259,496,71,539,13786,0,729,60,315,0,450,166,62,103,0,2,8,6683,12,1206,6239
deep_cold_ocean,66744,640,0,811,12970,0,623,140,969,0,595,0,511,172,0,8,19,5908,72,567,6462
deep_cold_ocean,66533,183,0,837,13159,0,1218,200,955,0,342,0,93,83,0,6,11,5678,56,1149,6726
deep_cold_ocean,67804,1039,0,682,11979,0,903,179,902,0,483,0,111,331,0,6,60,5886,80,801,5906
cold_ocean,66621,698,0,483,13761,0,250,272,908,0,608,254,0,166,0,21,12,7769,16,514,4668
cold_ocean,65943,519,0,445,14431,3,248,165,534,0,506,309,0,45,0,15,3,4190,14,1178,8694
cold_ocean,66165,941,0,769,14336,0,690,250,226,0,419,155,0,113,0,27,4,4067,16,466,8640
cold_ocean,68580,1432,0,709,12231,0,642,33,1037,0,757,235,0,233,0,23,27,4525,20,839,5816
cold_ocean,68738,673,0,561,12755,0,804,315,791,0,685,172,0,157,1,22,18,5717,10,816,4977
cold_ocean,68208,839,0,538,14494,0,657,286,759,0,729,0,0,42,30,16,0,5760,8,597,4320
cold_ocean,67029,899,0,640,14849,0,1129,902,839,0,473,0,0,2,273,32,1,7079,26,654,2444
cold_ocean,65967,706,0,383,14875,0,1007,416,623,0,529,0,0,0,204,14,0,8946,22,973,2546
cold_ocean,66147,769,4,403,14864,0,911,364,669,0,591,0,0,0,20,22,0,8158,14,1166,3084
cold_ocean,65792,307,54,119,15114,0,1110,207,1126,0,666,12,0,0,6,8,0,7964,20,965,3750
cold_ocean,66116,1116,186,302,13967,0,629,262,1301,0,589,25,0,95,3,14,0,7881,18,1003,3656
cold_ocean,65879,691,944,166,14350,0,1061,371,536,0,644,27,1,2,63,52,0,9175,22,888,2222
cold_ocean,67871,845,316,368,12167,0,974,492,963,0,776,77,0,0,2,9,0,8783,24,1023,2497
cold_ocean,65948,1305,248,270,14338,0,848,236,514,0,974,212,0,5,0,29,0,7915,14,1057,3300
cold_ocean,65902,1354,16,182,14477,1,883,82,1063,0,599,376,0,4,0,19,0,7635,10,1141,3408
cold_ocean,65921,1102,112,144,13972,2,1070,168,844,0,464,180,0,0,0,16,0,7436,12,1876,3858
cold_ocean,66034,992,31,0,14558,0,1183,105,1032,0,995,43,0,0,7,24,0,6916,18,1319,3744
cold_ocean,65980,1048,0,0,13568,4,548,126,692,0,865,364,0,0,11,21,0,8364,10,1008,3188
cold_ocean,67241,669,0,0,11852,0,1392,407,679,0,818,422,1,0,30,17,0,7320,8,589,3404
cold_ocean,66017,845,0,0,14579,1,940,536,791,0,949,0,0,0,0,15,0,7149,30,1317,4118
cold_ocean,66267,1053,0,0,14025,0,1465,208,924,0,470,0,0,0,0,24,0,7481,10,1274,4015
cold_ocean,66778,382,0,0,13401,0,839,457,977,0,513,0,0,0,0,24,0,8294,16,1356,4192
cold_ocean,67410,772,0,0,12609,0,1528,353,544,0,484,0,0,0,2,14,0,8006,26,985,4526
cold_ocean,67404,983,0,13,13921,0,856,993,639,154,227,0,34,0,138,10,1,10910,0,634,318
cold_ocean,67270,1012,218,0,13021,2,973,669,579,128,814,0,124,0,434,1,0,10723,0,1054,157
beach,66140,942,44,0,14763,0,1292,532,1078,2,318,30,2,0,615,0,0,9997,0,591,506
beach,65998,1290,24,3,13843,0,1616,743,1052,1,589,0,256,0,674,7,0,7696,4,1479,1315
river,66892,1179,36,4,12868,1,1056,1029,763,0,387,0,82,0,171,25,0,7866,20,1134,3620
forest,65961,1198,0,12,14651,0,761,705,1210,124,618,0,0,0,75,8,3,10151,10,499,987
forest,66137,882,18,0,13258,0,1362,954,1356,250,567,0,29,0,0,0,11,10242,0,1333,288
forest,67463,2212,212,0,12673,0,973,649,821,249,336,0,4,0,0,0,3,9851,0,1073,128
forest,66300,1318,125,0,12713,0,1205,743,892,279,433,0,196,0,0,0,3,10885,0,1230,22
forest,64982,1270,0,0,13345,0,1133,614,1396,248,733,0,167,0,0,0,6,11773,0,791,0
forest,64646,722,208,0,14231,0,922,774,939,249,543,0,0,0,0,0,12,12170,0,1168,0
forest,64006,1964,98,0,15447,0,1261,631,812,249,402,0,0,0,0,0,9,11256,0,549,0
forest,64273,1628,0,0,13892,0,1158,934,1250,251,184,0,0,0,0,0,5,10906,0,2124,1
taiga,62913,1419,0,0,15093,0,1490,1046,714,250,554,0,0,0,0,0,3,12102,0,1122,11
taiga,62333,751,0,0,14513,0,1135,764,1405,248,817,0,0,0,0,0,1,13127,0,1318,163
taiga,61556,1436,0,0,14384,1,723,864,882,249,374,0,0,0,0,0,1,13538,0,1693,1003
taiga,62747,1101,0,11,15121,0,1084,810,1447,250,417,0,0,12,0,0,3,12148,0,878,768
taiga,63332,782,78,238,15067,0,951,744,827,252,509,0,0,0,0,0,2,12755,0,970,122
taiga,64901,1271,0,206,14138,0,1104,723,1402,152,212,0,210,0,367,0,0,10667,0,1353,63
beach,67866,1162,0,344,11888,0,886,162,724,0,138,0,173,136,956,0,24,8766,0,1251,2140
beach,73122,345,0,883,8960,0,1078,345,374,0,457,0,52,212,240,3,22,6405,0,400,3938
cold_ocean,71153,209,223,906,10521,0,1054,106,860,0,421,0,496,315,0,8,21,5708,2,698,4387
cold_ocean,66761,961,216,375,12504,4,698,5,1060,0,624,288,308,193,0,12,16,8482,4,1587,2986
cold_ocean,66781,1264,346,706,14109,0,768,262,816,120,581,385,0,91,0,19,0,5733,16,998,4087
cold_ocean,66132,801,440,537,13613,0,650,234,848,34,1209,320,0,19,0,20,0,7563,10,653,4050
cold_ocean,65793,1092,380,878,14152,0,1140,15,1795,0,493,212,0,0,0,20,0,6106,10,1144,3937
cold_ocean,65807,1193,612,771,13725,0,1137,173,793,0,521,30,0,8,0,24,2,6843,16,1346,4072
ocean,66766,580,205,259,13154,4,496,102,665,0,666,0,0,93,0,23,33,8153,32,1512,4417
ocean,66048,647,286,859,13590,0,627,92,599,0,626,79,1,76,0,39,0,7883,42,1401,4249
ocean,65807,284,178,1030,13668,0,1088,182,1334,0,551,298,0,0,0,19,0,7173,16,1285,4216
ocean,65835,847,0,551,15022,0,465,82,851,0,711,0,0,8,0,49,3,7407,34,774,4602
ocean,65807,564,0,1167,14108,0,538,277,575,4,437,10,0,5,4,32,2,6073,34,1142,6490
ocean,65799,856,0,1093,14288,0,403,113,999,1,588,162,73,0,0,28,0,6613,30,1116,5038
deep_cold_ocean,66493,632,0,850,13936,0,979,190,629,0,785,280,88,0,0,6,0,5007,46,862,6437
deep_cold_ocean,66714,818,0,949,13844,0,1086,40,667,0,471,0,0,0,0,17,0,3982,68,1218,7321
deep_cold_ocean,65816,1348,0,899,13687,1,656,196,1126,0,375,0,0,0,0,7,0,4434,48,1490,7231
deep_cold_ocean,65792,573,0,1656,13206,0,312,156,488,0,694,0,0,0,0,2,0,5626,88,1482,7167
deep_cold_ocean,65792,1367,0,1164,13702,0,861,87,617,0,650,0,0,0,0,5,0,4467,46,910,7422
deep_cold_ocean,66003,431,0,685,12304,0,534,4,354,0,699,0,0,0,0,13,0,5522,70,933,8357
deep_cold_ocean,65971,371,0,745,13490,1,620,0,801,0,662,0,3,92,0,8,25,5638,36,923,7866
deep_cold_ocean,66074,675,0,1096,13076,1,639,284,582,0,742,0,60,41,0,5,5,5372,52,782,7846
deep_cold_ocean,65925,491,0,623,14227,0,16,59,535,0,534,118,0,39,0,11,18,5862,58,1359,7483
deep_cold_ocean,65799,266,0,480,14538,0,831,226,236,0,711,255,0,0,31,5,0,5303,72,1151,7269
deep_cold_ocean,68574,370,0,768,10786,0,440,321,859,0,573,0,0,586,0,9,74,5282,46,703,7638
deep_cold_ocean,69308,1468,41,499,9531,0,799,147,438,0,415,0,65,773,0,10,78,4961,76,662,7556
deep_cold_ocean,66019,864,89,889,13408,0,242,68,1119,0,662,0,450,97,0,3,0,6037,34,1084,6072
deep_cold_ocean,65932,556,93,624,13834,0,1167,171,707,0,603,225,49,34,0,7,0,5331,38,1161,6695
deep_cold_ocean,65792,993,74,645,14317,0,423,262,573,0,372,0,0,0,16,5,0,6169,32,999,6590
deep_cold_ocean,65905,579,0,440,14153,0,426,94,547,0,406,0,597,0,12,5,0,6706,62,678,6655
deep_cold_ocean,66133,1130,0,559,12864,0,1201,396,464,0,532,79,113,83,0,4,1,5511,30,1529,6624
deep_cold_ocean,66715,416,0,650,12887,0,453,59,725,0,822,57,86,142,2,8,23,6395,58,1174,6531
deep_cold_ocean,65825,1016,27,889,14202,3,828,286,139,0,723,327,137,0,11,10,0,5240,62,856,6643
deep_cold_ocean,66003,667,141,568,13911,0,672,55,1153,0,641,304,82,0,7,6,0,5449,36,1283,6230
deep_cold_ocean,66357,375,140,411,13470,0,581,87,757,0,537,22,387,68,9,6,20,5868,26,1402,6705
deep_cold_ocean,66076,76,53,763,13342,0,936,207,1053,0,669,0,0,7,0,11,3,6124,62,1239,6591
deep_cold_ocean,66494,940,0,653,13280,0,982,295,1155,0,326,0,3,99,67,13,14,5888,64,1325,5624
cold_ocean,66324,722,0,819,13360,0,911,361,341,0,624,298,1,76,0,24,2,8273,12,1260,3783
cold_ocean,66229,1181,0,971,13053,0,725,295,5,0,728,329,0,68,0,16,8,6583,10,1408,5503
cold_ocean,66480,1163,0,773,13283,0,1135,133,596,0,438,204,0,77,0,8,25,5553,12,1101,6141
cold_ocean,66392,1189,0,261,14608,4,356,82,868,0,381,262,0,15,3,18,3,8017,14,828,3905
cold_ocean,68048,1053,0,635,12040,0,881,135,598,0,795,240,0,366,0,9,51,7296,8,924,3972
cold_ocean,68617,727,0,468,12106,0,1124,170,461,0,791,0,74,172,0,27,42,7112,30,1652,3533
cold_ocean,68884,744,0,309,13682,1,749,636,1150,0,534,0,154,89,59,39,34,6448,12,1096,2640
cold_ocean,68496,1119,15,1107,12254,0,901,306,938,0,426,0,1,72,14,20,33,7425,6,1416,2501
cold_ocean,67621,1198,169,526,13236,0,898,364,985,0,508,0,57,42,45,16,3,7492,8,1172,2892
cold_ocean,65792,898,299,340,14714,0,873,323,703,0,519,198,35,0,0,12,0,8077,12,937,3353
cold_ocean,65811,1290,244,386,13687,2,940,197,936,0,512,355,23,0,0,23,0,7565,22,1655,3417
cold_ocean,66159,1353,470,368,13840,13,723,285,856,0,639,305,1,0,0,12,0,7442,16,1212,3325
cold_ocean,67555,757,178,451,12988,0,896,135,211,0,861,91,0,13,0,24,0,8926,28,433,3584
cold_ocean,68370,1260,296,19,12196,0,1612,0,37,0,961,8,2,146,0,10,0,7926,6,464,3815
cold_ocean,68772,930,192,92,11952,0,817,343,964,1,613,0,0,26,20,21,0,7319,12,1276,3807
cold_ocean,67907,639,0,198,12850,0,1165,323,913,10,473,0,16,22,0,23,0,7536,4,1278,3838
cold_ocean,66542,401,0,11,14185,1,973,14,1483,2,1048,270,0,31,0,18,0,7607,10,914,3650
cold_ocean,66437,814,0,75,15048,0,530,115,739,0,677,176,0,0,0,22,0,7583,26,799,4217
cold_ocean,66783,669,111,156,13106,0,458,430,495,0,396,55,0,50,0,19,20,8364,8,1831,4111
cold_ocean,66756,545,0,56,13912,0,1190,128,515,0,783,116,0,0,0,13,0,7682,4,1178,4337
cold_ocean,68523,906,0,0,11778,0,1046,149,675,0,879,63,0,0,8,16,0,6778,14,714,5705
cold_ocean,67964,982,0,0,11823,0,1569,83,786,0,645,0,0,0,20,12,0,6781,16,1687,4936
cold_ocean,66307,1353,0,0,14414,4,1176,0,681,0,536,0,0,0,0,17,0,7396,18,1099,4204
cold_ocean,65948,1180,0,0,15010,0,879,293,441,0,497,0,0,0,0,14,0,8387,16,1161,3477
cold_ocean,66688,359,0,0,14410,0,816,561,1061,0,820,0,0,0,36,20,0,8349,32,779,3260
cold_ocean,66903,1431,0,0,12883,0,1159,1012,1183,0,470,0,3,0,367,18,0,8757,20,1113,1288
cold_ocean,66025,942,39,5,15317,0,1016,1003,1517,0,733,46,0,0,330,13,0,8303,10,793,1066
beach,65271,747,254,4,14763,0,1447,288,873,0,501,9,0,0,740,0,0,9989,0,1173,406
beach,66071,1231,331,0,14930,0,792,347,978,1,654,0,93,0,632,2,0,8291,4,976,1369
river,66324,1298,492,0,13168,0,810,522,633,0,520,0,228,0,340,25,0,7278,30,1322,3240
river,67060,1240,23,10,12310,1,1593,559,1089,14,560,0,0,0,143,18,1,7479,20,1259,3808
forest,67786,1173,73,6,12189,0,1296,589,521,96,362,0,170,0,138,1,3,9740,2,1160,1654
forest,68033,877,380,0,13166,0,421,733,1472,246,510,0,90,0,0,0,3,9476,0,797,479
forest,66217,1051,407,0,12409,0,753,1031,1296,251,447,0,181,0,0,0,3,10887,0,1254,337
forest,65827,1266,251,0,13105,0,1509,765,899,251,259,0,360,0,0,0,6,10830,0,1265,2
forest,64869,1271,188,0,14387,0,1168,906,1179,249,251,0,81,0,0,0,5,11046,0,908,0
forest,65620,509,0,0,14587,0,673,840,1052,254,313,0,0,0,0,0,7,11536,0,1210,0
forest,64758,1308,0,0,14023,0,1803,1136,1371,251,641,0,0,0,0,0,7,10649,0,754,0
forest,63416,1215,0,0,14537,1,899,1082,763,248,373,0,0,0,0,0,6,12667,0,1277,0
forest,63433,1205,0,0,14467,0,993,911,1085,249,309,0,0,0,0,0,2,12608,0,1269,0
taiga,62703,1186,0,0,14738,0,1283,945,1051,249,746,0,0,0,0,0,3,12356,0,1284,0
taiga,61963,1135,0,0,15080,0,1642,1052,1382,248,450,0,0,0,0,0,4,12625,0,899,0
taiga,61959,1360,0,0,14428,2,840,1078,809,247,351,0,0,0,0,0,0,13597,0,1682,177
taiga,62561,1244,0,217,14535,0,1225,813,1064,249,240,0,0,178,0,0,27,12770,0,1124,278
taiga,63683,1603,0,419,14067,0,1479,1354,924,247,471,0,0,240,0,0,29,11050,0,1009,61
taiga,65480,557,0,159,14333,0,1000,866,901,157,727,0,0,111,256,0,54,10620,0,1566,4
beach,74270,502,0,67,9936,0,1103,298,659,23,525,0,46,47,956,0,20,6916,0,400,695
beach,75645,1260,0,569,7278,0,286,245,194,0,594,0,339,49,515,4,16,5686,2,1323,2677
cold_ocean,74260,479,95,603,9375,0,366,165,184,0,555,27,464,88,0,20,20,5754,10,706,4020
cold_ocean,68505,657,33,384,12617,0,415,124,269,0,512,213,94,148,1,24,7,7731,10,1253,4207
cold_ocean,68042,1059,69,836,14037,0,765,134,409,0,346,307,2,0,0,29,0,6821,14,991,3341
cold_ocean,66658,1187,191,1108,13188,0,816,171,171,0,266,282,185,0,0,13,0,7628,18,910,4323
ocean,65979,856,257,664,13949,0,1120,460,570,0,653,169,1,0,0,0,0,7387,0,1063,4039
ocean,65795,1199,798,670,14626,0,842,343,697,0,466,107,0,9,0,20,2,7043,26,528,3781
ocean,66164,1119,598,922,13012,0,134,30,1310,0,608,0,9,0,0,35,0,7594,26,1617,3859
ocean,65875,817,165,741,13621,0,1084,113,1012,0,548,41,0,0,13,31,0,7642,36,1653,3792
ocean,65888,756,69,1025,14564,0,152,168,495,0,482,194,0,11,0,32,0,8337,20,921,3982
ocean,65865,1039,44,1122,14156,0,659,110,796,0,690,0,0,28,0,39,14,7076,28,955,4610
ocean,65792,1544,0,670,14506,0,183,205,1158,0,722,0,0,0,0,15,0,8226,18,893,3321
ocean,65792,905,0,651,13816,0,516,301,992,0,614,0,0,0,0,23,0,6534,20,1555,5462
ocean,65792,1049,0,670,14203,0,1021,162,568,0,495,0,0,0,27,5,0,7296,2,1074,4841
deep_ocean,65795,1257,0,1146,13974,0,866,313,944,0,790,49,0,0,0,10,0,6398,56,1123,4499
deep_ocean,65904,520,0,1472,13289,0,823,138,993,0,787,357,35,17,0,0,3,5390,2,1068,6441
deep_cold_ocean,66323,823,0,1137,13928,0,1009,128,896,0,458,198,0,0,0,3,0,3875,44,1255,7148
deep_cold_ocean,65907,578,0,491,14608,0,679,125,915,0,852,0,0,0,0,10,0,4658,88,1077,7265
deep_cold_ocean,66152,1156,0,901,13248,0,559,67,1145,0,601,0,0,102,0,5,45,4069,40,1626,7409
deep_cold_ocean,66351,874,0,836,13188,0,705,119,573,0,741,69,0,77,0,4,40,4670,46,1260,7594
deep_cold_ocean,65890,596,0,760,13397,0,590,176,304,0,501,229,0,33,2,10,3,5263,44,1097,8365
deep_cold_ocean,66841,928,0,923,12461,0,877,297,409,0,680,0,19,224,0,6,20,4597,56,1242,7648
deep_cold_ocean,66692,516,0,1211,12307,0,338,205,539,0,883,0,8,181,0,4,9,5519,52,926,7862
deep_cold_ocean,67849,250,0,858,11083,0,290,264,880,0,686,140,0,416,0,4,46,5448,34,1355,7507
deep_cold_ocean,66432,478,0,1022,12284,0,892,4,294,0,1088,283,0,177,0,7,5,5939,50,786,7351
deep_cold_ocean,66022,838,0,901,12349,0,649,197,705,0,505,0,0,153,0,6,6,5719,64,1060,8058
deep_cold_ocean,67382,285,19,735,10544,0,1044,105,1123,0,767,0,0,434,0,7,40,4336,28,676,9483
deep_cold_ocean,66196,873,44,653,11134,0,866,70,624,0,748,0,563,41,0,8,9,5287,68,1690,7960
deep_cold_ocean,65792,912,245,898,12885,0,246,21,488,0,708,0,0,0,0,6,0,4986,52,1379,8567
deep_cold_ocean,65809,1367,362,658,13720,0,602,168,802,0,415,0,0,0,0,3,0,4859,56,1091,7347
deep_cold_ocean,65937,1530,0,369,14238,0,732,194,473,0,422,0,332,0,0,2,0,4915,34,927,7132
deep_cold_ocean,65935,996,0,1228,13392,2,687,158,680,0,564,0,46,6,0,15,0,5088,78,1280,7113
deep_cold_ocean,67276,499,0,773,12443,0,545,131,523,0,848,0,0,194,0,8,17,5105,52,1253,7620
deep_cold_ocean,71796,556,0,572,7926,0,807,118,813,0,593,0,0,470,1,9,56,4416,80,232,8830
deep_cold_ocean,65857,881,74,521,14482,0,620,115,880,0,784,0,0,14,0,12,0,5063,78,1110,6808
deep_cold_ocean,65825,1357,0,606,14491,0,654,46,431,0,536,226,98,0,0,6,0,5514,68,928,6452
deep_cold_ocean,65831,360,173,415,14698,0,599,43,334,0,472,333,1,0,0,7,0,6537,68,1209,6140
deep_cold_ocean,65981,402,117,778,13575,0,938,319,1255,0,599,227,0,16,5,3,7,5819,32,1107,6044
deep_cold_ocean,65811,104,86,870,13932,0,1396,19,1089,0,640,0,0,0,0,3,0,5894,50,1199,6185
deep_cold_ocean,66035,732,164,842,13644,4,702,330,650,0,815,0,0,45,25,9,0,6690,52,917,5458
cold_ocean,65933,461,0,593,14650,0,512,137,500,0,746,176,0,81,11,20,0,9133,10,914,3360
cold_ocean,66246,748,0,518,13513,0,276,118,516,0,815,123,0,31,10,27,0,7240,22,1110,5866
cold_ocean,65874,840,0,760,13144,0,1303,100,756,0,711,0,0,4,11,32,0,5455,20,1342,6982
cold_ocean,65819,945,0,594,14230,0,1068,483,135,0,342,0,0,0,16,14,0,8120,16,1306,4144
cold_ocean,66985,321,0,520,13288,0,990,268,859,0,779,0,0,128,3,24,27,7338,12,1480,4142
cold_ocean,68995,335,0,896,11334,0,1310,165,588,0,499,0,259,247,0,8,38,8455,18,672,3323
cold_ocean,67635,787,0,618,12913,0,910,156,569,0,771,0,32,69,0,24,1,8269,10,1228,3129
cold_ocean,68728,1655,41,633,11789,6,1348,126,341,0,782,0,0,159,0,15,53,7817,12,672,2933
cold_ocean,68865,1231,138,401,11823,0,987,87,1449,0,478,0,0,555,0,22,88,7236,20,629,2941
cold_ocean,66514,1146,248,544,13732,1,453,343,992,0,685,31,0,135,0,22,18,7562,14,975,3754
cold_ocean,66671,977,93,649,13013,0,639,22,813,0,565,242,108,93,0,14,1,8181,14,1346,3779
cold_ocean,68074,691,403,243,12092,0,1094,386,849,0,368,359,1,98,0,27,0,7739,12,1084,3537
cold_ocean,72428,1489,555,130,8587,0,831,165,927,0,693,150,1,167,0,27,0,7136,18,98,3611
cold_ocean,74608,976,226,243,5887,0,1225,217,139,0,534,0,1,328,0,16,0,8678,26,233,3829
cold_ocean,73506,766,229,275,6862,5,795,249,447,0,487,0,0,258,2,22,0,8855,16,572,3776
cold_ocean,71834,1041,0,82,8677,0,1262,309,1277,0,545,0,0,174,0,24,0,7349,20,847,3809
cold_ocean,67928,936,0,106,13136,0,1072,400,820,4,609,0,0,75,0,19,0,7154,18,898,4063
cold_ocean,66600,961,0,133,15097,0,656,358,972,0,475,0,8,0,0,22,0,7329,14,413,4168
cold_ocean,66250,37,0,91,14525,0,1176,445,1399,0,537,190,0,0,5,19,0,7069,30,1047,4353
cold_ocean,69841,1132,0,44,11066,0,137,83,866,0,498,267,0,0,20,12,0,7392,6,1301,4505
cold_ocean,67497,558,0,45,12013,0,863,319,848,0,447,0,1,48,0,33,21,5420,28,1400,7603
cold_ocean,66082,384,0,0,13922,0,665,132,699,0,793,0,0,0,0,23,0,7358,18,1364,5832
cold_ocean,65826,977,0,0,14952,0,455,218,378,0,518,0,0,0,0,17,0,7490,12,1266,5115
cold_ocean,65971,483,0,0,15265,0,646,435,659,32,254,38,0,0,38,22,1,8017,20,715,4631
cold_ocean,66789,861,0,0,14196,0,980,528,879,61,586,61,0,0,75,8,0,8266,8,1097,2802
cold_ocean,66387,1179,0,0,14377,0,1422,381,779,0,649,55,0,0,0,14,0,7175,2,1339,3486
cold_ocean,65792,756,0,0,14614,1,1129,491,1191,0,500,0,0,0,35,13,0,8732,12,1421,2460
cold_ocean,65731,1093,0,13,14530,0,832,891,1238,20,591,0,0,0,109,17,0,9420,10,1407,1249
forest,65543,921,45,21,14835,0,1375,1016,901,52,583,16,0,0,219,10,2,8471,6,1628,1403
beach,65027,405,54,0,15038,0,573,602,1046,41,247,0,0,0,579,0,4,11288,0,1147,474
beach,65295,921,131,0,14258,0,401,596,673,89,410,0,0,0,390,0,3,11003,0,1270,923
forest,66152,640,353,0,12610,0,690,580,939,195,612,0,0,0,146,0,4,9034,0,1750,1613
forest,66629,382,9,0,14048,0,848,619,555,133,425,0,0,0,148,0,3,8210,0,561,4109
river,68597,1128,41,0,11469,0,886,340,978,0,431,0,0,0,190,15,0,7218,38,1444,4496
forest,66709,1308,0,18,14726,0,713,523,1076,34,413,0,6,0,178,23,0,8695,28,927,1687
forest,67446,1589,727,1,13586,0,696,708,734,23,539,0,154,0,63,4,1,8299,2,807,1781
forest,65784,1226,474,0,13709,0,996,525,1047,241,408,0,19,0,0,0,7,10465,0,1522,17
forest,65220,1239,156,0,13835,0,1707,760,664,250,167,0,147,0,0,0,11,11520,0,934,0
forest,65063,1206,0,0,14799,0,1002,750,1231,272,476,0,0,0,0,0,3,11016,0,839,1
forest,65421,955,0,0,14320,0,969,914,860,248,695,0,0,0,0,0,5,10795,0,1318,0
forest,65614,1611,0,0,13757,0,839,918,971,252,747,0,0,0,0,0,12,10704,0,1420,0
forest,63572,1328,0,0,14702,0,789,1117,1321,249,496,0,0,0,0,0,9,11617,0,1407,0
forest,63884,1348,0,0,15290,0,1460,1219,1411,252,265,0,0,0,0,0,8,11103,0,450,0
forest,63365,920,0,0,14743,0,855,734,1464,251,767,0,0,0,0,0,10,12818,0,790,0
forest,62833,1277,0,0,15052,0,1282,1019,900,249,528,0,0,0,0,0,8,12324,0,1074,0
taiga,66059,549,0,0,14729,0,1164,823,696,251,600,0,0,0,0,0,1,10786,0,1113,0
taiga,69540,337,0,0,13954,0,806,855,382,253,509,0,0,0,0,0,2,8573,0,1753,0
taiga,67468,1330,0,28,13522,1,788,1057,937,249,577,0,0,2,0,0,2,9788,0,972,0
taiga,67816,687,0,233,13016,0,287,1352,586,250,421,0,0,116,0,0,31,10782,0,1148,0
taiga,67564,465,0,563,14160,0,779,1300,701,244,615,0,0,108,19,0,56,9232,0,753,151
beach,73219,1058,0,83,10272,0,1531,423,530,55,322,0,0,4,757,0,2,6688,0,665,742
beach,73594,856,29,560,9985,0,488,35,737,0,315,6,137,211,1025,0,28,5544,0,531,2091
cold_ocean,71714,779,167,840,10048,0,95,384,500,0,416,120,78,168,190,9,68,6420,10,985,4007
cold_ocean,67224,631,67,676,11884,0,891,378,658,0,463,0,58,164,54,17,22,7405,28,1452,5116
ocean,66983,1101,409,557,12734,0,984,223,773,0,859,0,0,135,0,29,14,7141,40,1163,3977
ocean,66395,956,468,560,13209,4,649,120,556,0,839,0,0,139,0,13,23,7666,32,1157,4267
ocean,65793,832,113,1375,13318,1,1367,74,266,0,850,106,0,0,0,37,0,7792,42,987,4220
ocean,66706,361,133,811,13129,0,1254,90,765,0,729,256,4,246,0,28,47,7786,26,787,3876
ocean,66592,820,220,666,11801,0,916,324,390,0,637,53,92,120,0,24,7,7964,14,1162,5323
ocean,66082,780,40,498,12794,0,423,97,385,0,684,0,0,85,0,15,0,9228,6,958,5171
ocean,66385,725,0,1355,13308,0,892,240,642,0,746,0,0,220,0,19,37,8369,18,943,3280
ocean,65853,230,0,779,14410,0,1718,282,1212,0,625,0,0,0,38,21,0,7669,38,1160,3274
ocean,65792,970,0,699,14315,0,786,487,967,0,751,0,0,0,115,24,0,8455,28,1118,2640
ocean,65792,1301,0,737,14787,0,1172,333,767,0,927,123,0,0,145,25,0,7360,20,933,2753
ocean,65864,668,0,508,13561,0,733,244,890,0,798,91,0,8,1,30,0,9176,26,1915,2646
ocean,66163,993,0,1108,12935,0,728,302,549,0,815,0,175,1,0,40,0,8641,26,1170,3593
ocean,66159,1046,0,1166,13538,0,1523,248,610,0,843,0,0,0,0,19,0,7183,20,1080,3819
deep_ocean,66079,599,0,810,14009,0,1045,174,478,0,914,0,0,0,0,11,0,6676,84,1171,5076
deep_ocean,65954,756,0,1082,14120,0,359,293,910,0,684,374,0,41,0,3,5,5048,32,766,6548
deep_cold_ocean,65846,646,0,641,13825,0,975,337,737,0,917,397,0,28,10,4,1,3942,28,1616,7200
deep_cold_ocean,66519,465,0,1320,13254,0,325,260,519,0,661,0,0,107,0,4,8,4849,62,792,8026
deep_cold_ocean,67723,535,0,688,12713,0,250,361,585,0,803,0,0,225,9,9,84,4241,70,1168,7543
deep_cold_ocean,66241,744,0,776,13194,0,1039,265,938,0,625,82,0,10,0,6,4,4359,48,602,7450
deep_cold_ocean,66713,359,0,1049,11594,0,319,2,390,0,488,307,12,12,0,13,0,5019,62,1811,7185
deep_cold_ocean,66148,1000,0,1139,13220,0,689,6,787,0,549,9,12,65,0,12,25,5057,68,970,7376
deep_cold_ocean,65998,894,0,1115,13197,0,1192,233,558,0,392,0,1,13,0,6,4,4810,44,1435,7400
deep_cold_ocean,66292,382,0,991,12944,0,1306,155,309,0,724,80,0,112,0,7,7,5196,66,985,7614
deep_cold_ocean,67102,536,94,969,11944,0,1064,157,548,0,800,322,0,323,0,7,28,4855,58,1054,7275
deep_cold_ocean,66377,180,0,503,12067,0,837,167,702,0,603,365,19,276,0,4,26,4989,40,825,9202
deep_cold_ocean,66570,973,0,610,10943,0,1042,99,599,0,381,85,0,217,0,7,10,5147,80,810,9573
deep_cold_ocean,66155,901,0,551,11153,0,961,209,91,0,622,0,166,37,3,3,13,5549,50,995,9872
deep_cold_ocean,65838,579,153,809,12969,0,592,69,412,0,583,0,171,6,9,9,3,5413,80,796,8736
deep_cold_ocean,65984,911,478,965,11721,0,325,137,659,0,241,0,492,16,4,5,5,4958,24,1760,8494
deep_cold_ocean,66394,572,729,417,10811,0,585,309,724,0,598,0,2657,169,14,9,28,4533,96,810,7901
deep_cold_ocean,70493,698,70,986,7350,0,652,298,788,0,331,0,246,545,0,10,5,5344,34,564,8660
deep_cold_ocean,73686,800,42,522,6783,0,470,166,399,1,366,0,0,462,1,8,54,4592,50,317,8494
deep_cold_ocean,74370,164,0,379,6537,0,16,13,505,0,329,0,0,452,0,4,74,5190,70,193,8884
deep_cold_ocean,70142,419,0,992,9658,0,960,336,370,0,322,190,0,408,0,3,66,5626,66,864,6621
deep_cold_ocean,72705,596,0,940,7426,0,833,118,19,0,320,188,0,398,1,6,10,5554,60,759,7204
deep_cold_ocean,73691,714,129,472,6687,0,413,129,156,0,723,125,0,446,0,7,49,5823,46,467,7020
deep_cold_ocean,72438,447,169,494,8212,0,817,319,66,0,297,136,0,414,18,3,54,5959,40,294,6867
deep_cold_ocean,73180,569,13,277,7092,0,644,101,70,1,772,240,0,384,3,5,28,5578,50,714,7367
deep_cold_ocean,70177,907,18,535,10154,0,1121,631,371,0,453,167,1,379,0,5,44,5172,66,321,6602
deep_cold_ocean,66169,189,129,917,13791,0,1247,28,377,0,602,85,0,40,0,4,5,5606,32,984,7024
deep_cold_ocean,65944,529,37,280,14101,0,453,142,590,0,709,119,0,0,1,6,0,7269,48,1285,5731
cold_ocean,65861,753,119,694,14292,0,1122,3,878,0,846,78,0,0,0,22,0,8067,20,850,3530
cold_ocean,65915,391,26,732,13489,0,473,313,867,0,751,0,0,28,0,26,0,7268,28,1374,5524
cold_ocean,65792,875,0,427,14689,0,422,378,530,0,553,0,0,0,5,15,0,7294,18,1057,5165
cold_ocean,65792,853,0,902,13949,0,428,54,275,0,782,0,0,0,12,23,0,5397,22,1248,7547
cold_ocean,66247,660,0,579,14213,0,757,103,318,0,780,0,0,1,3,30,1,5319,18,1182,7046
cold_ocean,66999,676,0,690,13600,0,1914,215,1316,0,630,0,0,72,78,18,5,7382,18,922,2634
cold_ocean,69228,1291,0,784,10287,0,301,243,815,0,513,54,0,330,32,14,1,9206,10,1266,2779
cold_ocean,68762,1381,0,795,12119,0,372,224,577,0,589,80,0,385,0,15,16,8344,16,7,3393
cold_ocean,68801,503,8,326,11724,0,511,156,1327,0,607,57,0,530,4,16,88,8445,12,901,2983
cold_ocean,68799,1058,35,287,11288,0,600,371,641,0,663,0,0,561,3,23,91,7948,16,650,3810
cold_ocean,70720,1167,0,452,8306,0,1140,220,659,0,415,0,189,465,0,19,17,8353,8,1033,3839
cold_ocean,73320,794,209,62,7395,0,918,50,1079,0,512,269,0,397,0,20,3,7783,20,486,3665
cold_ocean,76414,1717,340,118,4471,0,1384,114,1087,0,529,418,19,325,0,17,0,6525,20,13,3397
cold_ocean,77864,640,8,31,3678,0,1085,178,543,0,507,156,336,273,0,16,0,8036,18,14,3776
cold_ocean,77342,798,0,62,3683,0,472,161,733,0,523,9,140,234,0,23,0,8740,10,561,3817
cold_ocean,76855,1605,0,74,3863,4,787,147,973,0,431,125,37,270,0,14,0,7957,22,326,3713
cold_ocean,76719,1496,0,0,4978,0,1230,307,660,15,387,116,29,282,9,18,0,6884,10,292,3787
cold_ocean,77974,975,0,0,2738,0,1221,210,726,0,450,236,70,250,0,18,0,7763,20,451,4133
cold_ocean,67671,486,0,231,12517,0,702,316,1703,0,656,0,0,22,12,19,0,7498,20,1138,4309
cold_ocean,67439,1713,0,543,12423,0,756,233,899,0,517,0,4,0,2,8,0,6844,10,1244,4655
cold_ocean,67321,1412,0,135,13145,0,959,78,795,0,526,138,182,0,8,26,0,6941,12,867,4347
cold_ocean,66982,705,0,0,13746,0,1266,164,185,0,381,300,4,0,30,18,0,7673,18,1249,4436
cold_ocean,67560,495,79,0,13850,0,1460,202,965,0,330,0,76,0,0,30,0,5768,10,425,6027
cold_ocean,66546,362,15,0,14147,4,1204,59,663,0,460,0,9,0,0,22,0,7659,12,1315,4729
cold_ocean,65792,835,0,0,13750,0,818,328,504,0,1003,0,0,0,0,27,0,8150,32,1343,4699
cold_ocean,65786,1211,0,0,14927,0,852,360,838,21,397,200,0,0,27,21,0,7087,22,1416,4023
cold_ocean,65869,713,0,2,14526,2,796,445,668,21,964,259,0,0,75,7,0,7271,6,1391,4122
cold_ocean,66375,1275,0,4,14011,0,891,456,1052,28,834,204,1,0,2,18,0,8264,14,1182,2515
forest,65389,1204,0,8,14912,0,846,594,745,111,266,28,0,0,19,9,0,10041,16,777,2063
forest,64272,1512,100,0,14864,0,882,1128,1316,239,318,0,0,0,33,0,4,9788,2,1085,1266
forest,63859,1201,429,0,14964,0,1282,1129,838,248,167,0,16,0,0,0,2,10653,0,1003,565
forest,64039,1382,179,0,14482,2,993,894,1390,244,451,0,0,0,10,0,5,10893,0,1238,361
forest,64629,1334,177,0,13681,0,787,947,1160,250,262,0,0,0,0,0,12,11988,0,1259,190
forest,65119,1518,0,0,13588,6,752,598,911,250,266,0,0,0,0,0,7,12210,0,1297,138
forest,67160,1332,6,0,12638,0,1557,481,1086,81,441,0,3,0,275,5,0,7894,2,1484,2568
river,69122,987,0,4,11806,0,481,821,1093,3,273,0,1,0,118,31,0,6955,66,474,4990
river,67290,1208,0,0,13752,4,544,378,618,0,779,0,63,0,51,31,0,8845,32,759,2847
forest,67348,295,0,4,13411,0,803,345,1536,24,530,0,425,0,229,14,0,9219,30,894,2062
forest,65975,1079,363,4,13275,0,941,341,1199,247,640,0,0,0,0,0,10,11138,0,1088,243
forest,65114,1526,256,0,12414,0,1492,769,1108,276,352,0,0,0,0,0,4,10617,0,1031,0
forest,65253,1872,46,0,14091,0,1067,716,1226,250,390,0,0,0,0,0,21,10552,0,1203,0
forest,66034,860,20,0,14292,0,938,860,914,266,300,0,0,0,0,0,20,11097,0,1140,0
plains,64307,1446,0,0,13614,0,1353,1065,1492,279,756,0,0,0,0,0,46,11045,0,1707,0
forest,63972,1209,0,0,14891,5,1146,744,1329,250,380,0,0,0,0,0,14,11556,0,1152,0
forest,64296,822,236,0,13746,2,1401,782,1422,126,616,0,119,0,0,0,2,12110,0,1022,0
forest,63499,1087,0,0,14490,0,1195,1034,717,250,496,0,0,0,0,0,15,12406,0,1319,0
forest,64276,904,0,0,14078,0,738,1283,1028,251,447,0,0,0,0,0,10,12615,0,1120,0
forest,63947,1673,0,0,13909,0,985,1390,1235,250,882,0,1,0,0,0,10,11016,0,1332,0
forest,65019,1197,0,0,15264,0,1036,1035,731,249,555,0,0,0,0,0,8,10614,0,824,0
taiga,69183,525,0,0,13653,0,124,824,433,249,501,0,0,0,0,0,5,8905,0,1227,0
taiga,69703,1234,0,0,14387,0,688,792,473,251,513,0,0,0,0,0,0,7323,0,778,0
taiga,67628,990,0,0,14127,0,586,1063,1064,250,470,0,0,0,0,0,0,9543,0,973,0
taiga,66765,1256,0,181,13705,0,926,1014,1155,250,283,0,0,41,0,0,22,9943,0,1008,65
taiga,66134,1031,98,612,13847,0,230,1129,1161,249,311,0,0,108,0,0,40,10358,0,1150,39
beach,71447,705,0,564,11023,0,822,499,508,71,547,0,0,13,747,0,4,8116,0,743,618
beach,72242,845,0,1064,10013,0,615,456,549,0,112,127,1,161,640,0,71,6914,0,479,2357
cold_ocean,70963,1304,0,793,9265,0,782,702,236,0,482,271,4,137,122,12,42,7168,22,1058,3742
ocean,68832,534,45,844,10345,0,1274,770,449,0,738,0,38,298,112,26,39,6302,18,825,5612
ocean,67626,620,35,926,11550,2,936,476,645,1,281,0,0,223,220,25,30,6392,18,1037,6127
ocean,66581,479,216,637,12838,0,951,380,933,0,562,0,0,230,4,25,29,6731,20,796,5699
ocean,65827,903,98,876,13082,0,1017,12,942,0,659,62,0,9,0,24,0,5885,36,1710,6053
ocean,65916,565,25,915,12661,0,759,16,618,0,569,290,0,16,0,29,0,8329,26,756,5672
ocean,66149,1326,198,621,12649,0,1216,208,551,0,860,61,42,0,4,23,0,7014,18,1636,4572
ocean,65811,1110,8,469,13824,0,781,56,765,0,374,0,0,0,0,47,0,7766,46,1548,4650
ocean,65792,1060,0,1172,14292,0,753,620,1056,0,819,0,0,0,118,44,0,7816,34,1023,2616
ocean,65949,1139,0,1275,14350,4,1057,732,965,0,487,0,0,0,501,38,0,8340,14,585,1760
ocean,65793,719,0,926,13860,0,816,721,586,0,569,0,0,0,166,19,0,8798,26,1022,3158
ocean,65792,401,0,762,13641,0,318,403,508,0,1161,180,0,0,0,25,0,7071,36,1444,5470
ocean,66038,889,0,1161,14221,0,446,118,785,0,431,51,0,0,45,29,0,6784,36,885,5320
ocean,66112,642,0,833,14423,0,887,253,508,0,332,16,0,88,11,20,26,7128,22,838,5066
ocean,66509,775,0,474,13629,0,1158,249,582,0,823,290,82,167,2,25,5,8527,42,1264,2559
ocean,66174,1195,0,872,12857,0,657,383,1331,0,591,356,68,3,0,18,0,7757,10,1333,2661
ocean,67838,1129,0,723,11467,0,624,57,951,0,317,0,0,13,0,7,5,7574,42,900,3854
deep_ocean,66869,985,0,1196,12544,0,686,49,1118,0,469,0,0,10,0,8,3,5381,60,854,5809
deep_ocean,66153,454,0,960,13658,0,141,184,401,0,739,0,0,0,0,5,0,6027,44,1488,7055
deep_cold_ocean,65848,1132,99,1054,13580,0,541,256,1015,0,911,281,0,7,0,0,0,4615,2,760,7093
deep_cold_ocean,66827,327,0,828,13221,0,1174,178,283,0,721,1,0,243,0,11,19,4877,70,919,7531
deep_cold_ocean,66765,537,0,1054,12649,0,455,63,365,0,634,0,0,154,0,7,38,5150,42,1629,7592
deep_cold_ocean,65792,89,0,1335,14078,4,1063,0,637,0,627,42,0,0,0,7,0,5372,54,757,7339
deep_cold_ocean,66027,1095,0,1013,13636,0,1287,1,356,0,654,242,1,34,0,3,0,4648,68,828,7089
deep_cold_ocean,65851,680,0,1557,13288,0,1311,259,1148,0,407,134,0,12,0,6,4,4264,92,982,7252
deep_cold_ocean,66038,578,0,1067,13883,0,532,202,1057,0,437,0,0,67,12,3,8,5046,44,890,7328
deep_cold_ocean,65903,849,162,1329,12944,0,468,139,1128,0,809,0,0,0,14,6,0,5119,28,955,7426
deep_cold_ocean,66871,421,134,836,11624,0,936,237,908,0,616,358,0,182,15,6,12,5251,78,1380,7310
deep_cold_ocean,66548,1387,0,938,11967,0,235,233,564,0,752,404,5,73,0,7,7,4315,82,1470,8179
deep_cold_ocean,65841,670,0,435,11781,0,201,233,375,0,538,136,0,0,0,9,0,5384,40,1021,10596
deep_cold_ocean,65824,372,0,461,10742,2,572,42,163,0,726,0,335,0,0,6,0,6792,40,1608,9561
deep_cold_ocean,65882,707,193,584,10135,0,864,318,389,0,558,12,90,0,0,3,0,5640,38,835,10946
deep_cold_ocean,66071,919,114,427,6893,0,870,229,1005,0,376,139,84,4,0,9,1,4527,62,971,14601
deep_cold_ocean,66604,983,155,326,6564,0,129,275,838,0,458,207,3858,107,0,8,18,4949,62,572,11061
deep_cold_ocean,70220,720,187,864,6524,0,139,132,850,0,454,131,237,489,0,5,52,4891,44,306,10795
deep_cold_ocean,73723,569,71,734,5829,0,802,336,1092,0,599,0,0,701,5,2,59,4876,40,426,7076
deep_cold_ocean,72070,198,0,859,7349,4,462,234,764,0,482,0,0,759,0,9,64,6583,58,555,6527
deep_cold_ocean,66730,557,0,1088,12733,0,803,149,203,0,581,113,0,218,0,4,53,6560,62,897,6419
deep_cold_ocean,66992,789,0,997,12345,0,476,310,774,0,681,130,0,200,1,14,28,6007,56,1036,6381
deep_cold_ocean,66685,354,0,1370,12979,0,564,260,37,0,507,263,1,53,0,9,24,6873,46,971,6228
deep_cold_ocean,69343,1429,0,605,10803,0,503,106,20,0,625,251,0,239,1,6,25,5433,34,927,6762
deep_cold_ocean,75723,526,127,94,5894,2,291,84,354,0,758,37,0,292,0,9,13,4964,46,68,7945
deep_cold_ocean,76213,1029,91,63,4615,0,202,35,253,0,426,0,1,357,0,8,3,4595,36,185,9018
deep_cold_ocean,76130,1391,0,287,4398,0,40,9,525,0,481,0,7,397,0,6,0,4363,100,1,9160
deep_cold_ocean,72908,1044,181,702,7444,0,1055,195,469,0,335,0,0,425,0,11,21,5311,70,224,6774
deep_cold_ocean,69796,971,293,473,10302,0,450,327,80,0,492,28,2,384,0,1,63,5642,42,806,6987
deep_cold_ocean,65982,867,167,829,13353,0,844,172,348,0,449,252,0,0,32,7,0,5900,58,1798,6108
cold_ocean,66491,171,48,289,12576,0,760,99,485,0,640,142,0,167,13,16,11,7144,26,1648,6520
cold_ocean,65976,512,116,225,14053,0,597,222,541,0,479,0,0,12,0,19,6,6476,14,1105,6767
cold_ocean,65792,969,0,573,14268,0,168,136,1003,0,580,0,0,0,0,21,0,6431,12,867,6436
cold_ocean,65792,1250,0,374,14891,0,755,277,1449,0,818,0,0,0,0,11,0,7361,10,528,3711
cold_ocean,65853,1331,0,564,13270,0,1625,754,987,0,446,100,0,0,115,31,0,7766,22,1831,2497
cold_ocean,65815,998,0,527,13998,0,540,584,674,0,485,304,0,0,304,22,0,9985,12,1205,1734
cold_ocean,66032,1439,0,721,13321,0,606,200,1084,0,539,282,0,24,78,17,6,9333,18,1271,2072
cold_ocean,71040,729,0,465,10220,0,377,215,1034,0,413,328,0,460,0,23,55,8261,32,638,2669
cold_ocean,69566,1242,0,625,10691,0,599,489,1407,0,455,282,0,380,215,17,16,8103,12,640,2292
cold_ocean,70137,1083,0,463,10385,0,733,758,754,0,296,0,0,340,171,17,45,8031,16,277,2924
cold_ocean,70558,1338,0,276,9052,0,590,286,841,0,742,0,197,192,0,21,0,7808,26,1137,4043
cold_ocean,70946,1038,5,311,9547,0,1055,198,353,0,629,0,276,322,0,16,2,7784,16,474,4064
cold_ocean,76936,1496,0,305,3932,0,1042,232,1292,0,471,294,61,304,5,19,0,6471,24,73,4133
cold_ocean,78205,1038,0,73,2198,0,96,271,1038,0,422,352,745,339,0,16,0,8020,4,108,4137
cold_ocean,78689,588,0,50,2061,0,413,306,818,0,493,408,528,329,0,22,0,8625,10,142,3720
cold_ocean,78779,1137,0,1,2987,0,464,198,1007,0,427,349,75,251,0,12,0,7926,20,81,3484
cold_ocean,79517,812,0,0,1784,0,870,305,723,0,423,42,372,196,11,17,0,8088,16,3,4050
cold_ocean,79252,500,0,0,1312,0,937,234,815,0,431,119,886,80,0,12,0,7928,20,30,4781
cold_ocean,78941,882,0,22,1767,0,830,268,1251,0,380,401,450,272,0,20,0,7567,16,71,4073
cold_ocean,77181,1204,0,3,3496,0,799,305,900,0,287,353,44,226,14,21,0,7004,26,158,5160
cold_ocean,67030,929,0,169,13877,0,369,293,546,0,844,0,2,6,1,25,0,7926,14,829,4369
cold_ocean,66451,1402,0,123,14330,0,543,328,947,0,817,0,0,0,16,10,0,6787,16,1022,4439
cold_ocean,67357,903,0,47,13821,0,806,309,615,0,940,0,108,0,1,11,0,6879,6,386,4708
cold_ocean,66569,1250,0,70,13639,2,687,235,910,0,589,199,219,0,0,30,0,7149,40,966,4641
cold_ocean,67475,744,35,0,12793,0,660,239,1192,0,516,0,31,0,9,10,0,8006,6,1313,4204
cold_ocean,66449,1246,29,0,13988,0,817,199,566,0,555,0,20,0,0,24,0,7717,16,1288,4161
cold_ocean,65862,1000,0,0,14413,0,1504,209,753,0,484,0,0,0,0,10,0,5834,14,1486,5717
cold_ocean,65792,478,0,0,15035,0,1094,137,402,0,593,0,0,0,0,6,0,6778,6,1152,5794
forest,65660,1073,0,0,15151,0,733,486,1021,42,396,21,0,0,5,2,1,6749,6,1095,4735
forest,64625,702,0,0,14145,0,1097,954,1314,239,855,0,0,0,0,0,0,9335,0,1429,2155
forest,64947,573,32,0,13871,0,876,814,687,250,624,0,63,0,0,0,5,6708,0,725,6535
forest,64339,642,326,0,14418,0,1220,1256,1145,361,393,0,149,0,0,0,9,10552,0,811,1004
forest,62310,1582,429,0,13922,0,1181,1271,983,248,557,0,47,0,0,0,3,12273,0,1600,85
forest,63296,771,355,0,14069,0,1559,1179,835,250,451,0,8,0,0,0,3,12403,0,1292,36
forest,64237,1144,135,0,14767,0,1354,1007,1072,251,532,0,8,0,0,0,8,11633,0,554,4
forest,64381,1244,17,0,13596,0,1166,1165,746,250,680,0,0,0,0,0,6,11926,0,1559,2
forest,67105,652,68,0,12577,0,1353,972,1109,250,418,0,48,0,0,0,3,10763,0,1066,263
forest,69966,1035,0,9,10871,0,1396,677,902,190,282,0,192,0,14,8,2,9405,8,794,986
river,66632,613,0,9,13742,0,900,295,668,0,378,0,61,0,225,21,0,10210,10,1519,1943
river,67258,1047,0,12,13763,0,1255,340,972,34,523,0,295,0,27,25,0,8057,52,1065,2518
forest,66682,1081,73,0,13831,0,940,805,774,173,509,0,0,0,81,1,11,10423,0,1173,277
plains,66352,842,89,0,13999,0,1202,762,842,254,550,0,0,0,0,0,28,10747,0,897,0
plains,66144,1179,91,0,14319,0,1451,966,1119,256,337,0,26,0,0,0,78,10036,0,1130,0
plains,65915,1352,37,0,13657,0,1038,1141,1398,256,588,0,126,0,0,0,66,10387,0,1208,0
plains,64570,1313,0,0,13865,1,1951,1089,793,256,346,0,0,0,0,0,60,11432,0,1325,0
plains,65536,698,0,0,13407,0,916,1221,1415,263,539,0,0,0,0,0,51,11133,0,1354,0
plains,64565,1652,0,0,14704,0,1202,823,1106,256,478,0,11,0,0,0,37,11052,0,1148,0
forest,63514,469,0,0,14682,0,1423,1308,904,251,878,0,0,0,0,0,14,12384,0,917,0
forest,63412,1010,31,0,13990,0,1625,919,1206,255,1023,0,8,0,0,0,4,11210,0,1834,0
forest,64217,538,0,0,14437,1,1704,1011,1223,250,578,0,0,0,0,0,6,11268,0,1418,0
forest,63847,937,0,0,14277,0,1540,885,1039,251,318,0,0,0,0,0,7,12599,0,1002,0
forest,62964,1078,0,0,14643,0,1202,1215,1680,248,450,0,0,0,0,0,7,11552,0,1357,0
forest,62286,1612,0,0,14625,0,1184,1150,1123,252,494,0,0,0,0,0,8,12545,0,1255,0
forest,62581,1166,0,0,13828,0,1138,960,881,251,436,0,0,0,0,0,10,13838,0,491,0
taiga,62466,1427,0,0,14717,0,601,877,1438,252,460,0,0,0,0,0,3,13233,0,1137,0
taiga,63680,659,0,0,13870,3,1217,894,1378,251,709,0,0,0,0,0,1,12337,0,1828,0
taiga,63714,708,0,0,14294,0,1433,788,1184,251,439,0,0,0,0,0,2,12334,0,1416,85
taiga,64100,629,113,217,14353,0,841,963,1440,250,573,0,0,3,0,0,1,12024,0,1068,11
beach,68369,945,0,778,13116,0,614,583,755,83,445,0,0,37,438,0,21,8749,0,1183,282
beach,70323,759,0,481,11817,0,766,436,785,0,375,38,0,88,579,0,46,7381,0,1020,1691
ocean,73269,456,0,594,9832,0,751,344,225,0,540,389,1,200,207,20,36,6797,10,130,2908
ocean,73674,802,96,1032,7724,0,1009,382,868,0,513,202,0,257,362,24,22,6143,20,706,3023
ocean,70764,966,31,639,9386,0,446,211,422,0,568,0,2,481,177,23,99,6439,22,466,5958
ocean,69087,794,138,672,9748,0,957,20,296,0,395,0,0,540,6,20,65,5589,12,453,8220
ocean,68058,603,139,484,11265,0,476,115,826,0,549,0,0,386,0,39,33,5477,42,912,7777
ocean,66381,990,18,673,11324,0,575,203,602,0,483,101,7,194,0,33,11,6057,22,577,9007
ocean,66677,1042,84,385,11909,0,949,0,360,0,628,29,116,160,0,23,10,6665,14,384,7790
ocean,66041,756,0,326,13235,0,660,163,912,0,535,0,23,0,0,27,0,7852,26,946,5737
ocean,65815,525,0,1123,14008,0,942,703,1339,0,552,0,0,0,275,18,0,8163,26,901,2833
ocean,65817,937,0,931,13789,0,1039,1027,1134,0,528,0,0,5,220,29,0,8929,28,1429,1418
ocean,66338,1078,0,733,11734,0,555,775,602,0,580,0,0,97,86,38,23,8747,46,1063,4716
ocean,65792,765,0,1342,14182,0,599,818,761,0,656,256,0,0,88,33,0,8439,28,1055,2378
ocean,66109,1275,0,1237,13271,0,1032,428,738,0,509,36,0,62,35,35,0,8050,28,1562,2750
ocean,66187,671,0,1136,13354,3,1080,209,513,0,788,0,0,73,0,23,8,8304,18,1340,3492
ocean,66363,886,0,913,14152,0,1217,344,735,0,530,0,0,0,0,29,0,6908,34,892,4213
ocean,66988,801,0,1227,13430,0,1157,412,600,0,346,0,0,152,296,33,59,8488,22,857,2275
ocean,66589,1125,0,724,13112,0,880,1005,386,0,774,0,66,115,211,29,27,9355,34,788,1913
ocean,66578,1155,0,1117,12817,0,1140,641,1074,0,646,294,0,97,0,15,2,7335,18,723,2491
deep_ocean,69690,730,0,818,8836,0,268,204,970,0,480,0,0,318,0,27,57,7137,48,844,4178
deep_ocean,67865,1032,0,1360,11890,0,782,299,813,0,643,0,0,38,0,10,13,4540,40,498,6073
deep_ocean,66188,172,18,1329,12910,0,1156,78,403,0,704,0,0,0,0,10,0,6002,52,1274,6896
deep_ocean,66422,449,110,933,13324,0,345,375,292,0,821,0,0,75,0,14,0,5600,76,1234,7152
deep_cold_ocean,66690,603,0,1053,13733,0,365,198,656,0,360,0,0,259,0,10,14,4863,54,784,7573
deep_cold_ocean,66145,157,47,673,14195,0,34,84,288,0,615,0,0,65,0,4,9,6264,64,1018,7550
deep_cold_ocean,65796,703,40,1028,14231,0,131,110,429,0,513,0,0,0,0,6,0,5512,46,1141,7581
deep_cold_ocean,65936,189,94,885,14370,0,514,289,239,0,729,232,1,0,0,8,0,5830,52,586,7252
deep_cold_ocean,65802,1077,126,1090,12708,1,957,145,715,0,678,236,0,0,0,4,0,4630,32,1629,7385
deep_cold_ocean,66283,317,232,819,12945,1,1435,163,614,7,558,0,0,99,4,9,28,4847,50,1327,7446
deep_cold_ocean,66240,160,514,1034,12415,0,1044,184,602,0,477,0,0,27,0,17,12,5047,62,1109,7589
deep_cold_ocean,66319,298,148,848,12907,0,300,140,323,0,409,141,24,274,0,4,47,5967,48,1333,7593
deep_cold_ocean,65853,1105,0,900,12106,0,994,102,1163,0,436,145,0,7,0,7,0,4577,58,727,9109
deep_cold_ocean,65816,1091,0,1098,11557,0,622,377,821,0,520,0,0,0,0,6,0,5170,48,1538,8585
deep_cold_ocean,65792,6,0,985,12990,2,217,92,430,0,360,0,461,0,0,6,0,6815,84,844,8204
deep_cold_ocean,65792,489,207,734,9691,0,488,215,613,0,457,57,86,0,0,6,0,4988,42,1270,12117
deep_cold_ocean,65792,72,0,603,7115,0,370,157,810,0,359,253,0,0,0,10,0,5469,94,442,15724
deep_cold_ocean,66692,1334,17,325,7209,0,743,127,336,0,614,321,911,0,0,7,0,5205,54,569,12823
deep_cold_ocean,68151,604,0,1137,8332,0,341,55,621,0,429,320,107,308,0,4,30,4609,50,682,11310
deep_cold_ocean,70877,562,0,785,7951,0,269,105,799,0,426,371,10,836,0,4,99,5602,28,1054,7140
deep_cold_ocean,69187,336,0,723,10600,0,334,130,1295,0,386,168,43,765,0,9,92,5730,58,460,6641
deep_cold_ocean,66480,909,0,770,12865,0,509,95,901,0,576,0,16,158,10,5,1,5980,32,1154,6773
deep_cold_ocean,67190,364,0,932,11721,0,850,123,1292,0,672,0,0,219,0,5,2,6113,48,1574,6148
deep_cold_ocean,67453,10,0,737,12551,0,773,15,833,0,612,10,1,228,0,7,16,6750,42,771,6108
deep_cold_ocean,66768,320,0,635,11599,0,957,228,1082,0,705,236,81,368,0,9,54,5709,60,1831,6477
deep_cold_ocean,66494,893,0,698,13167,0,274,161,1205,0,571,126,147,90,0,14,11,5347,54,1318,6657
deep_cold_ocean,67346,1033,122,595,12492,0,741,326,1210,0,550,0,0,169,0,5,22,5002,24,1152,6354
deep_cold_ocean,73320,288,200,343,6729,0,1309,71,660,0,522,0,0,379,0,14,46,5497,90,1199,6510
deep_cold_ocean,75807,229,0,1,5459,2,698,84,506,0,567,0,0,353,0,9,3,5249,72,562,7566
deep_cold_ocean,75216,899,40,390,5447,2,159,58,963,0,460,0,0,442,0,14,26,5008,58,1,7940
deep_cold_ocean,71485,218,31,773,8859,0,722,41,683,0,673,0,0,263,0,6,9,4674,50,210,8487
deep_cold_ocean,66985,239,100,478,12917,0,566,94,153,0,419,0,0,121,0,12,32,5123,54,1411,8475
deep_cold_ocean,65792,805,8,289,15070,0,724,233,908,0,590,266,0,0,0,5,0,4891,64,884,6703
deep_cold_ocean,65812,875,63,540,13837,0,615,738,1422,0,425,109,0,4,236,16,3,7391,72,1456,3642
cold_ocean,66390,474,0,570,13627,0,517,98,754,0,510,0,0,22,0,11,11,4668,14,1273,8379
cold_ocean,66212,773,0,515,13609,5,764,344,796,0,712,0,0,0,0,17,0,8222,8,1689,3560
cold_ocean,65792,1348,0,255,15178,4,818,257,1332,0,485,0,0,0,40,24,0,7641,16,889,3103
cold_ocean,65931,1915,0,555,14470,0,1149,715,670,0,520,90,0,0,184,24,0,8372,16,1148,1322
cold_ocean,66096,1383,0,686,14068,0,1018,773,1147,0,459,353,0,0,349,11,0,8356,14,989,1429
cold_ocean,66163,420,0,412,13950,2,1160,860,1088,0,423,288,0,87,183,16,11,8916,6,1252,1874
cold_ocean,69092,492,0,753,10410,0,821,118,897,0,687,241,0,408,15,25,37,7899,26,1031,4133
cold_ocean,70072,1602,0,124,10600,0,1236,478,255,0,607,347,0,337,49,20,24,8082,26,672,2517
cold_ocean,67846,660,99,127,12062,0,1136,754,679,0,715,79,0,107,67,19,25,8660,8,1235,2746
cold_ocean,66567,1256,0,124,14158,0,1293,322,431,0,537,0,0,0,0,11,0,7722,10,979,3863
cold_ocean,66538,955,136,532,12755,4,1207,325,1083,0,907,0,73,141,0,24,29,7397,14,992,3958
cold_ocean,70600,649,0,421,9240,0,1045,101,787,0,855,0,28,352,0,24,0,7238,30,837,4892
cold_ocean,76144,1023,0,175,4008,0,689,162,332,0,574,217,603,362,0,27,0,7127,20,326,4623
cold_ocean,78356,749,0,5,1791,0,756,256,1125,0,289,287,797,385,0,16,8,6732,14,22,4068
cold_ocean,79537,1308,0,0,1799,0,1008,54,1589,0,365,0,493,364,0,22,0,6026,26,152,4395
cold_ocean,79519,486,0,0,1652,0,436,237,619,0,499,0,561,380,1,22,0,8888,20,298,3511
cold_ocean,79717,1287,0,0,1559,0,729,16,994,0,455,0,725,257,0,15,0,8101,20,0,3326
cold_ocean,78616,922,0,0,2446,0,1041,316,1036,0,549,466,281,374,0,19,0,7931,12,158,2957
cold_ocean,72499,1073,0,284,7869,0,1205,399,704,0,408,249,0,156,19,18,0,7113,32,1195,3925
cold_ocean,76623,756,0,23,4007,0,1000,431,429,0,415,274,0,146,0,20,0,7738,22,577,4742
cold_ocean,72998,381,0,60,6761,0,1245,144,1013,0,726,264,0,146,16,25,0,6543,12,711,6067
cold_ocean,66305,864,0,57,15195,0,394,230,1133,0,350,0,17,0,0,18,0,7542,16,637,4471
cold_ocean,65956,881,0,0,14772,1,967,318,248,0,424,0,0,0,0,27,0,7531,28,1505,4502
cold_ocean,67046,541,0,0,13682,0,923,293,960,0,575,0,1,0,0,20,0,7434,10,1229,4529
cold_ocean,66295,1055,0,0,13770,0,770,48,881,0,1027,64,140,0,10,21,0,7227,16,1027,4914
cold_ocean,66198,1200,0,0,13656,0,746,92,341,0,957,86,236,0,0,25,0,7222,26,1323,5150
cold_ocean,66057,880,0,0,13821,0,1052,136,752,0,452,0,65,0,10,26,0,7056,18,1513,5397
cold_ocean,65792,462,0,0,15542,0,626,150,930,0,434,0,0,0,0,22,0,6700,8,797,5677
cold_ocean,65998,619,0,0,13961,0,520,189,754,0,676,0,0,0,0,19,0,8147,12,1756,4327
forest,65663,624,0,15,13562,0,1595,774,760,173,532,0,0,0,0,6,3,10712,4,1468,1014
forest,63053,901,66,0,13751,0,1091,941,1157,252,348,0,0,0,0,0,6,12046,0,1971,1256
forest,63237,1037,368,0,13424,0,986,924,1690,252,730,0,17,0,0,0,6,11334,0,1449,1116
forest,62359,911,546,0,14976,0,437,1267,587,269,719,0,5,0,0,0,5,13420,0,913,112
forest,61818,985,803,0,14787,0,1212,1387,1188,252,421,0,0,0,0,0,5,12720,0,847,193
forest,63561,1038,779,0,14253,0,1163,1183,771,252,275,0,30,0,0,0,2,11787,0,899,512
forest,63358,1002,738,0,14347,0,691,709,1245,256,367,0,4,0,0,0,7,12356,0,1228,106
forest,64614,1338,113,0,13655,0,1351,924,1305,250,334,0,0,0,0,0,3,11232,0,1483,0
forest,67133,892,261,0,12795,1,1029,1039,1349,252,275,0,3,0,0,0,7,10790,0,855,0
forest,69748,1475,107,0,11242,0,1286,919,704,216,375,0,96,0,45,0,4,9382,0,930,113
forest,66233,1153,112,0,14211,0,1266,930,670,51,335,0,259,0,264,1,1,9245,6,1013,1023
river,66669,1209,63,0,13352,0,1188,135,950,0,820,0,89,0,139,0,0,8630,2,1345,2573
plains,66361,426,0,2,14741,1,1181,471,788,5,304,0,68,0,192,19,3,8857,28,1118,2623
plains,66945,1394,0,0,13264,0,509,818,1202,159,322,0,5,0,143,2,34,10332,2,1955,114
plains,66299,1724,0,0,14308,0,1098,1184,1144,256,674,0,0,0,0,0,60,9063,0,1395,0
plains,66577,747,0,0,14344,0,1334,1251,1357,256,490,0,13,0,0,0,63,8928,0,1263,0
plains,65585,361,0,0,14719,0,1180,1227,929,256,302,0,56,0,0,0,49,9023,0,1528,0
plains,64737,1080,0,0,14454,0,679,1398,1316,256,771,0,0,0,0,0,63,10967,0,1384,0
plains,64354,1099,0,0,14795,3,1693,1096,1567,256,470,0,0,0,0,0,54,10884,0,846,0
plains,64859,1146,0,0,14882,0,692,1158,1343,295,451,0,0,0,0,0,64,10936,0,1291,0
plains,64339,1601,0,0,13474,0,1253,805,903,256,650,0,19,0,0,0,57,12194,0,1373,0
plains,63872,1349,0,0,14919,0,912,1048,872,301,456,0,0,0,0,0,42,12608,0,709,0
forest,64633,924,0,0,13878,3,852,1033,976,267,504,0,2,0,0,0,17,12367,0,1429,0
forest,64744,1523,0,0,14803,0,903,1527,1393,250,397,0,0,0,0,0,9,10669,0,597,0
forest,64083,1329,0,0,13832,0,1082,966,912,250,537,0,24,0,0,0,6,11767,0,1855,0
forest,62977,1399,0,0,14467,0,1183,1339,1113,250,413,0,0,0,0,0,7,12276,0,1244,0
forest,62152,1314,0,0,14486,0,1499,1087,1076,250,632,0,0,0,0,0,8,12342,0,1659,0
forest,61711,1068,0,0,14158,0,933,1167,676,252,827,0,0,0,0,0,12,14074,0,1851,0
taiga,60962,1273,0,0,15112,0,1357,790,1010,247,519,0,0,0,0,0,4,13903,0,1276,0
taiga,61662,1597,0,0,14237,1,630,1026,1228,250,640,0,0,0,0,0,5,13852,0,1511,0
taiga,63095,819,0,0,14128,0,774,529,1716,249,589,0,0,0,0,0,3,13091,0,1428,95
taiga,65499,894,0,37,14783,0,1390,276,842,248,520,0,0,0,0,0,8,11022,0,1138,8
birch_forest,67395,1016,0,87,13793,0,881,443,1042,183,387,0,0,156,94,0,82,9422,0,1437,235
beach,72979,211,0,149,11557,0,538,176,949,0,472,0,126,122,581,0,61,7534,0,549,467
beach,74743,162,0,542,9049,0,562,130,607,0,769,76,13,123,172,7,54,6537,8,658,2669
ocean,73761,898,31,607,8476,0,433,534,1136,0,434,195,0,124,121,30,42,5904,12,966,3439
ocean,73486,231,185,459,9418,0,322,97,947,0,651,126,45,234,0,38,70,5931,24,218,4575
ocean,70982,185,218,1066,8688,0,726,468,498,0,553,0,0,289,223,24,22,6534,24,146,6374
ocean,68777,978,503,474,9979,0,580,755,816,0,237,0,0,482,73,27,84,6436,10,365,6284
ocean,68881,1023,141,742,8889,0,474,267,435,0,431,0,3,446,237,45,54,6272,48,1090,7550
ocean,69130,879,0,570,8573,0,219,206,93,0,395,0,236,419,86,22,53,6073,8,865,9175
ocean,67022,839,0,417,10550,0,590,132,343,0,486,0,269,109,11,31,26,6002,20,1121,9282
ocean,65825,916,0,848,14101,0,1015,629,849,0,527,0,0,11,132,22,4,8110,28,995,3250
ocean,65918,1311,0,739,14085,0,1223,802,1073,0,348,0,0,8,375,25,0,8709,18,1441,1097
ocean,66193,1116,0,608,12782,0,1203,1094,723,0,1006,0,0,37,375,24,0,9151,26,1172,1656
ocean,65792,1063,0,1328,13890,0,1090,1203,891,0,422,141,0,0,196,34,0,8585,22,1175,1363
ocean,65857,1031,0,1159,13905,0,1052,741,1409,0,597,0,0,0,194,33,0,8050,18,1052,2152
ocean,66211,634,0,1376,13045,0,1561,315,598,0,481,0,0,24,335,11,5,8854,16,1114,2561
ocean,66351,1051,0,994,12192,0,445,243,1031,0,873,0,0,112,95,25,1,7439,18,1747,4651
ocean,66304,422,0,1082,13720,0,1170,220,727,0,748,0,0,142,0,36,0,7456,34,831,4327
ocean,66115,737,0,500,14508,0,604,178,1015,0,1010,0,1,8,0,25,6,7714,14,1078,3744
ocean,66083,855,56,1151,14089,0,1206,451,1046,0,627,0,0,47,243,23,23,8565,8,686,1966
ocean,66197,663,143,527,13362,3,1276,1022,1112,0,500,0,0,92,360,38,21,9217,22,930,1485
ocean,66179,1256,0,1161,12861,0,1206,451,733,0,742,0,1,84,16,31,35,7732,72,1353,2964
deep_ocean,69591,986,0,506,8885,0,561,16,559,0,675,0,1,203,0,7,41,5283,52,1028,6608
deep_ocean,67684,662,0,1302,11386,0,936,56,454,0,576,0,0,394,0,11,68,5294,76,728,6931
deep_ocean,66337,388,99,1454,13392,0,677,207,1146,0,573,0,0,79,6,7,12,5013,92,811,6892
deep_ocean,66033,656,410,931,13193,0,477,225,553,0,819,0,0,21,0,4,6,4883,54,1449,7441
deep_ocean,66141,1015,211,1020,13156,0,588,167,734,0,841,0,0,100,0,8,0,4145,110,1106,7840
deep_cold_ocean,66603,576,364,832,13256,2,61,16,1502,0,591,0,0,129,0,8,9,4820,52,790,7506
deep_cold_ocean,66874,522,834,831,11809,2,111,224,450,0,665,0,16,260,0,9,34,5785,74,1253,7420
deep_cold_ocean,66761,649,304,969,12668,0,762,165,146,0,434,226,0,119,0,9,20,5601,54,959,7304
deep_cold_ocean,66341,1034,85,1328,12303,0,1105,0,176,0,601,245,14,138,0,5,14,5368,60,1145,7245
deep_cold_ocean,66040,277,222,1164,12876,0,757,132,444,1,493,0,0,63,0,2,0,5066,28,1368,8320
deep_cold_ocean,66671,366,177,1025,12429,0,1227,260,325,0,702,0,0,271,0,6,47,5130,52,630,7861
deep_cold_ocean,67198,180,21,739,10887,0,945,0,720,0,632,0,0,441,0,11,28,5234,56,940,9272
deep_cold_ocean,66296,1176,0,834,11580,0,52,340,969,0,522,0,0,66,12,8,5,4709,70,1125,9144
deep_cold_ocean,65887,647,0,920,14446,0,585,274,585,0,562,0,0,0,0,9,0,5006,56,857,6863
deep_cold_ocean,65792,78,0,1393,13885,0,985,191,456,0,599,0,0,0,0,2,0,6168,36,823,6875
deep_cold_ocean,65792,524,94,758,12956,0,722,208,667,0,810,287,588,0,0,17,0,4713,62,1232,7835
deep_cold_ocean,65865,628,0,897,10951,0,174,133,397,0,437,354,123,0,0,8,0,5373,60,1377,10448
deep_cold_ocean,66038,114,89,1278,11679,0,402,360,431,0,617,268,512,0,0,11,0,6274,68,998,8093
deep_cold_ocean,66293,737,0,624,13391,0,278,194,245,0,508,377,618,19,2,2,8,5273,48,936,7651
deep_cold_ocean,67485,374,0,642,11936,0,441,247,304,0,567,391,86,398,0,6,61,6468,66,1061,6546
deep_cold_ocean,66459,717,0,739,13370,0,1014,277,834,0,523,0,0,225,12,3,26,5139,64,880,6943
deep_cold_ocean,65800,594,0,363,14474,0,591,6,702,0,723,0,0,2,1,3,0,6130,38,1027,6853
deep_cold_ocean,65879,1148,0,692,13543,5,719,209,1331,0,556,0,0,0,0,9,0,5351,46,1546,6258
deep_cold_ocean,66030,690,0,902,13288,5,645,4,903,0,568,0,0,0,0,10,0,5815,56,1488,6881
deep_cold_ocean,66105,753,0,775,13349,1,871,92,544,0,799,8,0,53,0,7,0,5761,38,1144,6960
deep_cold_ocean,66488,486,0,536,13733,0,956,14,684,0,603,384,0,50,4,6,1,5653,52,908,5976
deep_cold_ocean,66051,487,0,449,14174,0,1055,181,1171,0,631,444,15,53,0,4,0,5756,42,689,5969
deep_cold_ocean,65805,266,8,767,14106,0,706,261,619,0,412,251,2,0,0,9,0,5482,64,1479,6960
deep_cold_ocean,65973,584,168,557,14194,10,897,92,595,0,656,12,0,37,0,10,13,5090,56,1057,7229
deep_cold_ocean,70486,625,109,263,10237,0,796,204,811,0,553,0,21,117,0,6,26,5987,56,791,6152
deep_cold_ocean,73601,197,190,501,6861,0,805,301,492,0,402,0,456,394,0,10,15,6569,36,198,6181
deep_cold_ocean,70434,521,90,603,9211,0,713,110,317,0,654,0,676,460,0,5,44,5953,60,442,6748
deep_cold_ocean,66284,184,69,622,13770,0,791,59,752,0,569,0,129,139,6,4,9,6084,40,790,6944
deep_cold_ocean,66260,953,0,763,13004,0,1096,59,393,0,604,0,0,5,18,10,0,4839,70,1099,7494
deep_cold_ocean,66037,1338,0,900,13756,6,562,409,1021,0,670,0,0,33,0,7,0,6880,44,1084,4239
deep_cold_ocean,65897,628,0,426,14875,0,649,612,745,0,522,72,0,48,110,13,0,8045,54,881,3596
cold_ocean,66258,750,94,369,13484,0,915,441,555,0,570,0,0,83,0,21,8,5157,22,1388,7057
cold_ocean,66347,1353,0,834,13250,0,1363,255,819,0,672,0,0,2,0,30,1,7683,34,1054,3536
cold_ocean,66046,1447,0,613,14725,1,489,7,1018,0,625,0,0,21,0,29,0,8138,26,729,3288
cold_ocean,66526,953,0,1124,12893,0,758,560,752,0,894,0,0,0,94,9,0,8483,14,1402,2713
cold_ocean,66450,1082,0,693,14238,6,986,940,1362,0,197,140,0,4,264,12,0,7958,14,960,1888
cold_ocean,67792,511,0,839,12074,0,1382,631,1287,0,909,251,0,303,156,22,34,7861,10,731,2295
cold_ocean,68676,1279,0,869,11047,0,806,418,865,0,792,188,0,291,134,22,23,6890,16,1121,3619
cold_ocean,68022,670,0,442,12492,0,605,271,869,0,531,266,0,182,117,24,5,6628,10,981,4969
cold_ocean,67476,1052,0,642,12000,0,913,381,928,0,630,268,0,0,14,29,0,8729,20,1073,3040
cold_ocean,65925,1142,0,647,14182,0,471,421,1166,0,525,0,1,0,0,12,0,8096,8,1015,3647
cold_ocean,65977,645,0,757,13564,0,525,12,1256,0,578,0,48,0,0,14,0,8302,22,1144,4356
cold_ocean,66890,596,0,189,13084,1,1048,185,745,0,792,0,15,150,0,15,0,5820,16,920,6739
cold_ocean,71306,375,0,228,7959,0,424,58,428,0,782,0,489,302,14,25,0,3347,10,1119,10373
cold_ocean,75764,848,0,20,5368,2,688,11,825,0,354,0,909,380,0,14,0,3572,20,44,8404
cold_ocean,77824,938,0,128,2715,0,899,108,783,0,389,0,1021,421,0,21,0,6958,24,0,4896
cold_ocean,78278,886,0,103,2655,0,1183,257,865,0,613,0,1052,335,0,22,8,7628,36,88,3156
cold_ocean,77453,877,0,2,3088,0,1127,316,929,0,533,0,455,369,4,13,0,9020,12,284,2578
cold_ocean,74446,801,0,211,6817,0,1176,336,464,0,261,216,3,284,0,12,0,8818,28,312,2574
cold_ocean,67450,1042,0,11,13479,0,1119,284,1126,0,589,0,22,40,5,22,0,6317,26,1084,4559
cold_ocean,66194,663,0,182,14556,0,670,62,1131,0,531,0,4,0,0,21,0,6799,8,1080,5278
cold_ocean,66229,944,0,282,14464,0,1119,394,1128,0,491,0,1,0,1,18,0,6175,16,1255,4717
cold_ocean,67376,237,0,229,13024,0,495,230,727,0,536,0,0,45,0,26,0,8356,24,1391,4569
cold_ocean,66308,572,0,0,12523,0,974,285,1095,0,498,0,0,0,0,24,0,7127,18,1150,6688
cold_ocean,65839,1226,0,0,13368,0,99,337,937,0,626,0,0,0,0,30,0,8012,28,1536,5139
cold_ocean,66503,529,0,2,13866,0,703,306,1162,0,885,0,0,0,0,14,0,7520,10,873,4781
cold_ocean,66361,467,0,0,13666,0,1419,128,920,0,655,0,3,0,0,24,0,7445,14,940,5125
cold_ocean,65988,413,0,1,14339,0,850,462,690,0,626,58,56,0,0,25,0,8228,22,729,4766
cold_ocean,66165,987,0,0,13770,0,928,150,1158,0,531,237,1,0,0,15,0,7434,26,1161,4674
cold_ocean,65935,1257,0,0,13799,0,1243,237,715,0,753,155,0,0,4,11,0,6897,14,1631,4596
cold_ocean,65793,1277,0,0,14658,0,559,118,683,0,879,100,0,0,0,10,0,7194,12,1034,4871
cold_ocean,66265,643,0,0,14941,0,361,533,1220,31,582,112,0,0,0,15,2,9133,22,503,2693
forest,64474,1151,0,12,13921,0,644,1213,1576,236,396,0,1,0,0,0,4,11077,0,1707,309
forest,62186,1265,0,0,13307,0,1617,1344,1154,249,1140,0,0,0,0,0,3,12808,0,1035,460
forest,60010,1110,109,0,14119,0,686,1104,1282,259,615,0,21,0,0,0,2,14335,0,1479,1388
forest,60684,1717,322,0,14656,0,1277,1422,1476,255,340,0,44,0,0,0,10,11421,0,1086,1992
forest,64707,1147,402,0,14243,1,602,1278,774,249,488,0,0,0,0,0,7,9525,0,1008,1991
forest,62918,1217,799,0,13638,12,1257,1318,436,260,357,0,0,0,0,0,3,12210,0,1000,1209
forest,65060,1000,581,0,12786,0,1220,1086,906,277,535,0,0,0,0,0,4,11149,0,1168,698
forest,70871,1197,337,0,10289,0,593,855,436,284,596,0,10,0,0,0,5,10156,0,974,32
forest,67905,1289,380,0,11765,0,712,1040,1119,259,560,0,37,0,0,0,5,10609,0,938,51
forest,70436,1434,225,0,9933,0,716,970,1074,248,694,0,0,0,0,0,6,9744,0,1067,0
plains,68871,1228,198,0,11265,0,1338,1071,1162,251,291,0,204,0,0,0,30,9611,0,1096,276
plains,68607,1173,177,0,12344,0,1067,1433,1158,27,206,0,126,0,145,0,12,9279,0,791,647
river,67409,1013,16,10,13750,0,1116,456,591,0,476,0,1,0,171,1,0,8798,12,1131,2308
plains,66945,619,0,1,14198,0,1553,478,1256,52,760,0,14,0,476,1,12,8910,0,1059,823
plains,66056,943,0,0,15160,0,599,1329,1022,243,675,0,0,0,0,0,72,10024,0,1023,16
plains,65657,1170,0,0,14750,1,903,1659,1030,256,468,0,0,0,0,0,48,9983,0,1178,0
plains,65083,972,0,0,15216,0,858,1432,1657,256,562,0,0,0,0,0,51,9836,0,1076,0
plains,64334,1100,0,0,14834,0,623,1527,1422,256,724,0,0,0,0,0,52,11362,0,935,0
plains,64722,1112,0,0,14599,0,933,1415,810,256,311,0,0,0,0,0,74,11687,0,1287,0
plains,64802,1553,0,0,14396,0,1547,1043,958,256,528,0,0,0,0,0,59,10628,0,1412,0
plains,65063,1286,0,0,14895,0,905,1002,539,313,431,0,0,0,0,0,52,11621,0,1065,0
plains,64869,871,0,0,15232,0,754,964,766,276,594,0,0,0,0,0,43,11944,0,807,0
plains,64167,866,0,0,15063,0,1389,1000,897,348,367,0,0,0,0,0,42,11807,0,1205,0
plains,64597,943,0,0,14583,0,1090,1311,1419,354,443,0,0,0,0,0,51,11021,0,1276,0
forest,64364,1581,0,0,13553,0,1409,1132,943,250,580,0,0,0,0,0,13,11129,0,1757,0
forest,63913,945,0,0,14242,0,778,1447,1136,251,823,0,0,0,0,0,2,11799,0,1313,0
forest,63757,1718,0,0,15111,0,1022,1115,1321,249,601,0,3,0,0,0,5,10571,0,1054,0
forest,63624,925,0,0,14996,0,921,1152,1153,251,679,0,0,0,0,0,10,12513,0,427,0
forest,62701,1583,0,0,14393,0,1365,1174,795,250,569,0,0,0,0,0,7,12402,0,1135,0
forest,63717,1278,0,0,12510,0,1833,994,923,251,561,0,0,0,4,0,8,11555,0,1210,0
taiga,63140,1260,0,0,12044,0,1039,835,1107,252,435,0,0,0,0,0,7,13257,0,1191,4
birch_forest,64185,712,0,0,10010,0,880,937,901,246,491,0,0,0,0,0,9,14023,0,782,1
birch_forest,64343,1352,0,0,9321,0,422,770,1129,250,524,0,0,0,0,0,8,12756,0,919,27
birch_forest,67051,820,0,0,10271,1,502,339,973,250,342,0,0,0,0,0,9,10854,0,970,0
birch_forest,67163,1111,0,0,13478,1,1367,417,1162,244,410,0,40,53,7,0,24,9662,0,967,350
beach,73540,521,0,34,10827,0,468,201,982,3,371,0,0,87,391,0,36,6930,0,683,1357
beach,73880,283,0,144,8986,0,330,207,427,0,434,0,0,97,65,0,42,5895,6,1064,5366
ocean,73961,11,0,516,7766,0,559,359,1212,0,252,191,21,73,0,33,40,5631,24,1355,5203
ocean,74971,540,0,182,8332,0,444,479,828,0,443,264,38,171,215,36,72,6186,16,148,3797
ocean,73576,728,184,486,8026,0,604,673,714,0,521,75,0,288,170,18,73,6648,12,212,3917
ocean,70712,873,226,298,8102,0,327,626,801,0,336,0,0,455,238,12,80,5669,10,930,7092
ocean,70258,603,14,888,9139,0,171,450,337,0,78,0,0,346,506,31,46,4443,34,393,9271
ocean,68406,72,0,704,9394,0,716,921,550,0,282,0,0,384,230,28,55,5487,38,671,9093
ocean,67419,540,0,626,10709,0,1127,482,1074,0,406,0,199,340,215,29,64,5785,24,839,7200
ocean,65852,1052,0,1034,13257,0,1068,1086,793,0,719,0,0,22,95,28,6,8403,38,1465,2260
ocean,66167,1139,0,603,14236,0,1218,1373,1006,0,422,36,0,63,139,23,1,8559,22,775,1382
ocean,67496,712,0,1233,12300,0,1184,1245,974,0,570,6,0,120,286,28,15,9456,2,756,796
ocean,66056,1387,0,751,13740,3,852,1269,500,0,908,26,0,0,221,32,0,8764,36,1654,947
ocean,65939,1009,0,882,13931,0,897,580,1030,0,270,0,0,0,282,15,0,8485,18,1673,2231
ocean,66206,1299,0,1161,13722,0,1886,642,740,0,440,0,34,0,265,13,0,7820,14,546,2320
ocean,66487,1142,0,539,13059,0,1356,605,365,0,491,214,60,26,286,37,7,9575,24,952,1888
ocean,67032,870,0,1056,12434,0,1055,178,709,0,590,467,0,128,18,22,31,8255,14,1054,3191
ocean,67345,1480,0,1096,11391,0,393,117,809,0,783,346,0,375,0,28,0,7612,14,890,4420
ocean,66221,606,0,562,13917,0,876,180,475,0,657,0,0,56,0,31,0,7917,22,1014,4728
ocean,65789,1363,0,842,14525,0,858,516,1001,23,810,0,0,0,25,16,0,7223,8,1012,3192
ocean,66664,1539,0,957,12930,0,598,147,474,0,593,0,0,70,15,16,0,7180,20,1099,3999
ocean,65990,1206,0,951,13659,0,862,200,537,0,599,0,0,23,74,24,0,8152,14,963,3303
ocean,66535,814,0,841,12863,0,1359,118,1215,0,908,0,0,39,0,19,0,7604,12,1165,3314
deep_ocean,68495,1167,0,268,9834,0,612,133,173,1,912,0,0,20,0,19,0,6696,28,471,5570
deep_ocean,66834,566,67,514,11300,0,584,97,536,0,527,0,1,296,0,5,32,5462,40,1177,8446
deep_ocean,66282,676,206,829,13216,0,873,75,480,0,710,0,0,104,7,6,4,5570,36,1253,6926
deep_ocean,66101,692,308,538,12781,0,737,142,827,0,626,0,0,77,0,3,26,5005,36,1722,7528
deep_ocean,66076,972,152,473,13733,4,1007,289,529,0,654,60,0,81,0,9,17,3626,80,1344,8067
deep_cold_ocean,68811,487,152,801,11173,0,885,95,888,0,652,135,0,153,3,6,33,4551,34,532,7555
deep_cold_ocean,71867,436,258,584,7366,0,20,85,261,22,422,78,475,622,0,10,71,5729,70,980,7473
deep_cold_ocean,75470,912,315,497,4448,0,285,0,331,0,314,164,612,345,0,2,25,5093,52,510,7321
deep_cold_ocean,70951,896,189,1003,8429,0,412,64,557,0,595,179,304,528,21,7,58,5016,36,228,7702
deep_cold_ocean,68637,389,0,1044,10326,0,524,99,61,0,425,0,1,690,6,11,78,4342,114,668,9596
deep_cold_ocean,66873,690,114,496,12373,0,245,31,442,0,785,0,10,212,0,4,48,5461,42,1122,8166
deep_cold_ocean,66643,1436,0,261,12695,0,564,204,269,0,627,0,0,133,12,6,34,4797,38,884,8612
deep_cold_ocean,67266,1000,0,641,10166,0,604,149,574,0,709,3,15,27,0,6,1,4160,78,1242,8253
deep_cold_ocean,66180,578,0,823,13496,0,445,259,561,0,397,5,0,0,0,5,0,4611,44,1417,7023
deep_cold_ocean,65792,678,0,677,14471,0,668,242,18,0,782,49,0,0,0,7,0,6420,88,422,6950
deep_cold_ocean,65792,785,0,1303,13735,0,479,178,65,0,476,194,0,0,0,8,0,5957,36,1212,7033
deep_cold_ocean,65792,283,0,934,14154,0,228,190,377,0,594,238,0,0,0,6,0,4368,28,894,9172
deep_cold_ocean,65792,573,89,1431,13934,0,476,86,212,0,767,156,214,0,0,7,0,6213,52,672,6582
deep_cold_ocean,66242,211,0,751,14112,1,342,195,526,0,674,198,40,0,1,9,0,4955,50,655,7330
deep_cold_ocean,67011,330,0,287,12465,0,845,186,618,0,610,0,65,324,0,7,58,6421,58,897,7071
deep_cold_ocean,66760,1144,0,777,12045,0,1663,229,606,0,545,0,0,331,26,7,77,5248,82,943,6671
deep_cold_ocean,65957,858,0,715,14182,0,351,113,792,0,630,0,0,31,0,11,0,5898,58,1046,6584
deep_cold_ocean,65792,751,0,296,14448,0,832,168,617,0,538,0,0,0,0,5,0,6615,38,1020,6177
deep_cold_ocean,65792,768,0,905,14730,0,25,232,583,0,623,0,0,0,13,7,0,6240,52,883,6397
deep_cold_ocean,65792,1167,0,847,13514,0,769,364,632,0,419,0,0,0,9,13,0,5860,78,1444,6339
deep_cold_ocean,65792,522,0,680,14175,0,1513,180,470,0,646,167,0,0,30,3,0,5273,78,1472,6283
deep_cold_ocean,65891,746,0,280,14682,0,651,96,314,0,871,171,0,51,0,9,0,5858,66,1021,6453
deep_cold_ocean,66014,1332,0,374,13333,0,125,200,1499,0,704,274,106,8,0,9,0,5631,42,1326,6084
deep_cold_ocean,65943,1192,0,831,14264,1,729,158,667,0,399,277,0,0,0,3,0,5554,40,925,6197
deep_cold_ocean,65879,1105,0,443,13577,0,931,19,655,0,487,323,0,0,0,6,0,5726,70,1375,6609
deep_cold_ocean,66042,0,0,520,14303,0,867,162,207,0,684,414,49,125,2,6,14,6255,56,913,6582
deep_cold_ocean,68706,1337,0,484,10161,0,656,494,665,0,578,8,423,378,0,2,62,5968,58,1636,5505
deep_cold_ocean,67220,1214,34,744,12319,0,625,436,1075,0,996,0,312,17,0,12,0,7103,60,525,4645
deep_cold_ocean,66663,1116,72,407,12385,0,1029,373,923,0,979,133,989,101,0,5,9,6105,26,587,5326
deep_cold_ocean,65800,1364,184,987,13387,0,714,259,1304,0,509,0,327,2,0,6,1,7402,20,1562,3399
deep_cold_ocean,65792,1187,0,834,13650,0,1176,266,978,0,509,0,0,0,65,19,0,7164,84,1422,4025
deep_cold_ocean,66325,1460,0,691,13405,0,962,596,483,0,415,0,0,16,33,1,5,8165,2,1466,3152
deep_cold_ocean,66484,560,0,683,13543,2,690,453,684,0,376,85,0,20,274,12,0,7554,44,1032,4597
cold_ocean,66217,347,19,563,14170,0,227,194,731,0,605,240,0,0,0,17,0,5724,38,973,7122
cold_ocean,66127,1004,0,646,13477,0,616,97,959,0,717,173,75,27,0,24,0,7499,16,1424,4365
cold_ocean,66862,867,0,350,13216,0,1002,212,405,0,620,0,7,31,0,14,3,9217,14,948,3387
cold_ocean,66209,1353,0,875,13419,0,599,150,368,0,450,0,0,0,20,20,0,9650,8,1124,3008
cold_ocean,65964,347,0,586,14648,0,987,737,1252,0,581,0,0,0,179,8,0,8610,8,872,2341
cold_ocean,67046,1047,0,232,13327,0,770,965,895,0,718,14,0,275,100,21,69,8449,22,938,2274
cold_ocean,66790,1343,105,731,13305,0,683,499,789,0,540,0,0,106,78,16,25,7506,10,1091,3373
cold_ocean,66716,851,0,630,13067,0,1059,177,433,0,864,0,0,391,1,32,58,6977,30,920,4904
cold_ocean,66917,1320,0,469,12721,0,677,107,538,0,783,0,0,269,0,17,41,7469,18,862,4892
cold_ocean,66424,300,0,379,14111,0,608,467,758,0,587,0,0,35,0,24,5,8378,18,1147,4000
cold_ocean,65958,768,0,712,13861,0,1337,136,792,0,642,0,0,52,0,15,6,8075,12,813,4095
cold_ocean,66233,880,0,594,14046,0,841,174,441,0,801,0,27,82,0,24,0,8184,18,1023,3838
cold_ocean,68670,494,0,378,10898,1,383,250,1271,0,630,4,152,355,0,12,0,6921,26,1039,5640
cold_ocean,72553,778,0,485,6782,0,1183,82,1065,0,594,65,877,314,0,14,0,6163,6,603,5651
cold_ocean,74681,414,0,488,4550,0,609,346,418,0,439,0,1163,354,0,20,0,8979,20,539,4163
cold_ocean,74583,804,0,344,5258,0,1007,127,908,0,587,0,770,351,50,13,9,8209,6,737,3338
cold_ocean,71554,929,0,133,8754,0,831,393,927,0,677,0,131,265,0,19,7,9033,12,664,2822
cold_ocean,66804,1310,0,538,12483,0,342,336,996,0,859,0,67,0,39,7,0,8482,4,1739,2672
cold_ocean,66099,603,0,546,14449,0,371,153,781,0,964,0,6,0,0,18,0,6457,18,799,5974
cold_ocean,66074,21,0,334,13019,1,836,86,647,0,978,0,0,0,0,29,0,7293,16,2236,5579
cold_ocean,66246,899,0,331,13089,0,620,312,497,0,712,38,0,0,0,15,0,8331,12,2006,4032
cold_ocean,66324,471,0,327,13795,0,439,163,439,0,753,0,113,0,0,23,0,8309,10,1144,4980
cold_ocean,66334,1025,178,323,13720,0,1073,341,566,0,453,0,114,0,0,16,0,6403,16,1945,4733
cold_ocean,65936,184,0,61,14561,0,1171,221,1276,0,723,0,0,0,0,13,0,7130,12,1406,4509
cold_ocean,66003,778,0,168,14374,0,1244,327,1070,0,692,0,0,0,0,13,0,6356,6,1106,5115
cold_ocean,65798,464,0,56,14411,1,450,401,511,0,863,0,1,0,0,11,0,7718,8,948,5643
cold_ocean,65912,360,0,170,13975,3,842,237,874,0,580,0,68,0,0,27,0,7581,30,1022,5585
cold_ocean,66468,536,0,0,13564,1,1013,293,577,0,580,0,219,0,0,24,0,7959,16,1038,4937
cold_ocean,65908,1206,0,0,13823,0,1001,89,649,0,811,95,12,0,0,23,0,7530,18,1291,4757
cold_ocean,66208,1139,0,0,13885,0,568,149,1205,0,905,326,0,0,0,15,0,7054,8,1255,4447
cold_ocean,66265,583,0,0,14413,1,740,50,399,0,716,213,0,0,0,22,0,8825,22,829,4122
cold_ocean,65788,984,0,0,14175,0,892,278,398,0,767,236,0,0,6,21,0,8060,26,1581,3918
forest,64597,1025,0,0,14594,11,903,1128,908,210,318,13,0,0,11,0,8,12103,0,723,381
forest,63364,949,0,0,13914,0,966,1216,1096,295,725,0,0,0,0,0,2,12832,0,1165,42
forest,61574,707,0,0,15447,0,1476,1181,997,260,789,0,0,0,0,0,6,13933,0,188,82
forest,60520,1439,93,0,14150,0,801,1587,1070,275,277,0,0,0,0,0,0,14499,0,1607,6
forest,58612,1218,249,0,13545,0,823,1782,1787,302,792,0,19,0,0,0,4,15339,0,2040,162
forest,57070,762,127,0,13646,0,1396,2568,1317,395,416,0,267,0,0,0,0,15670,0,1792,1361
forest,58592,937,549,0,12869,0,1450,1778,951,288,360,0,218,0,0,0,0,15247,0,1271,1925
forest,66195,945,0,0,11976,5,1029,725,1296,248,389,0,0,0,0,0,2,9611,0,881,3673
forest,69912,695,7,0,10699,0,803,820,584,283,429,0,0,0,0,0,6,11252,0,1006,276
plains,67320,1216,120,0,12253,0,1464,731,1065,251,462,0,0,0,0,0,19,10487,0,1372,0
forest,69355,935,198,0,11916,0,816,804,420,253,235,0,0,0,0,0,25,10566,0,1166,0
plains,67982,876,254,0,12451,0,1611,827,905,256,286,0,32,0,0,0,63,10505,0,819,38
plains,66881,1036,51,0,14260,1,928,931,1147,133,269,0,30,0,59,0,27,9784,0,934,699
river,67052,1545,0,0,13803,0,1142,499,833,0,646,0,0,0,178,0,0,8830,0,1117,1432
plains,67842,1021,0,25,12859,0,1257,1073,1087,12,473,0,0,0,105,0,3,9190,0,1254,972
plains,66190,943,0,43,14326,0,1204,1060,695,161,453,0,3,0,1,0,41,10185,0,1623,247
plains,65214,1328,101,0,14028,0,1620,1371,796,256,399,0,0,0,0,0,59,10335,0,1518,0
plains,64301,1495,0,0,14912,0,825,1295,1038,256,85,0,0,0,0,0,47,11692,0,1213,0
plains,64376,837,0,0,13921,0,1162,1151,1350,256,470,0,0,0,0,0,60,12424,0,1067,8
plains,64351,871,0,0,15155,4,1222,895,817,256,479,0,0,0,0,0,55,11860,0,1086,117
plains,65021,986,0,0,14131,0,1422,1131,1078,255,497,0,0,0,0,0,47,11075,0,1446,0
plains,65555,871,0,0,13681,0,935,1007,986,256,451,0,0,0,0,0,61,11413,0,1902,0
plains,65575,1013,0,0,13635,4,1458,952,1066,256,512,0,0,0,0,0,42,11260,0,1343,1
plains,65882,1449,0,0,13228,0,1143,800,1267,304,366,0,26,0,0,0,68,11585,0,988,0
plains,64228,1807,0,0,14174,0,1349,772,967,256,608,0,38,0,0,0,78,11597,0,1240,0
plains,63943,1460,0,0,14940,0,757,986,1430,280,431,0,0,0,0,0,61,11965,0,879,0
plains,65399,1265,0,0,14637,1,748,974,1096,269,599,0,0,0,0,0,55,10800,0,1242,0
plains,64516,1288,0,0,14640,0,1166,1121,1020,254,590,0,0,0,0,0,22,11192,0,1044,0
forest,64838,1220,0,0,14710,6,1182,932,1667,252,364,0,0,0,0,0,9,11107,0,488,1
forest,68236,701,0,0,12078,0,991,1168,1077,252,427,0,0,0,0,0,13,11625,0,232,0
forest,64741,1405,0,0,14369,0,1487,896,1054,251,479,0,0,0,0,0,11,10875,0,1277,0
forest,63824,886,0,0,14135,0,1149,1271,1192,250,409,0,0,0,0,0,6,11851,0,1537,0
forest,64766,982,0,0,12684,0,1437,1149,1002,250,363,0,5,0,0,0,6,11200,0,888,0
forest,64765,816,0,0,11328,1,491,895,783,255,553,0,227,0,0,0,4,13167,0,918,8
birch_forest,67718,1193,0,0,8652,0,1048,791,454,252,366,0,21,0,0,0,6,11891,0,194,4
birch_forest,66803,1062,0,0,7692,0,732,953,1251,250,350,0,0,0,0,0,7,11184,0,868,1
birch_forest,68259,668,0,0,7796,0,953,1050,801,253,333,0,0,0,0,0,10,11648,0,690,140
birch_forest,67360,1343,0,0,13112,0,668,952,896,236,518,0,232,0,43,0,12,9909,0,903,283
beach,68936,1270,0,6,12912,0,808,441,772,0,374,0,1,0,652,0,0,7549,0,902,1554
beach,69887,537,0,87,11327,0,1142,110,558,0,172,0,89,119,238,4,1,6226,0,954,5271
ocean,72535,950,0,229,8782,0,632,15,557,0,548,172,113,163,193,21,37,6072,12,890,5184
ocean,75428,556,0,0,7358,0,809,238,159,0,698,228,0,205,91,40,84,5708,40,769,4775
beach,72394,540,43,18,7293,0,387,97,553,0,297,20,0,473,19,39,132,5972,44,1622,7111
beach,71621,351,0,953,9213,0,566,159,592,0,473,0,0,555,431,0,102,6034,0,277,5348
beach,67636,837,0,351,11288,0,231,151,543,0,340,0,1,410,1077,0,88,6489,0,1111,5606
ocean,65878,1224,0,522,13941,0,773,987,989,0,339,0,1,2,455,22,0,7410,14,845,3655
ocean,66494,1047,0,431,12578,1,1148,1133,875,0,483,0,109,170,417,32,13,7936,24,1181,3096
ocean,66799,1079,0,707,13248,0,424,922,842,0,704,278,0,240,330,38,53,8568,24,907,1892
ocean,66371,979,0,771,13942,0,1537,773,688,0,450,270,0,179,310,18,33,8529,22,708,1521
ocean,66738,1263,0,819,12208,0,1061,880,960,0,381,146,1,214,168,28,19,9415,26,1463,1337
ocean,66364,990,0,862,14113,0,1006,886,983,0,717,35,0,113,252,27,0,8223,24,844,1775
ocean,66611,1225,0,961,13983,0,961,1009,797,0,667,0,0,78,64,31,0,7376,26,734,2672
ocean,66449,579,0,685,13846,0,795,770,814,0,533,0,0,4,101,32,0,9077,18,1018,2484
ocean,66471,1172,0,933,12884,0,1161,238,728,0,892,94,58,49,64,31,6,8403,20,987,2980
ocean,67028,705,0,907,12598,2,1561,405,451,0,443,179,32,140,0,30,13,7408,38,783,4438
ocean,66074,884,0,730,13934,5,994,299,829,0,512,23,229,17,8,28,0,5008,20,965,6763
ocean,65816,403,0,570,13898,4,64,143,641,0,928,0,17,0,8,34,0,5177,32,1254,8288
ocean,66335,1453,0,807,14010,2,769,299,609,0,678,0,0,90,0,19,1,6580,16,454,5105
ocean,67345,1040,0,1082,12193,0,1137,242,984,0,904,0,0,322,0,50,69,5823,32,716,5204
ocean,65792,749,0,710,14445,0,532,276,885,0,641,0,0,0,0,28,0,6384,26,1141,5649
ocean,65894,803,0,1101,13453,0,914,190,942,0,627,0,0,7,0,27,0,6764,36,1176,4748
ocean,66040,784,0,1230,13902,0,908,256,888,0,630,49,0,3,0,23,0,7682,24,597,3998
ocean,66252,722,0,910,13231,0,899,397,1238,0,571,94,0,1,0,29,0,7676,22,1223,3623
deep_ocean,67496,1096,59,904,8541,0,706,100,897,0,732,90,0,11,0,6,5,6875,64,1149,4749
deep_ocean,66934,479,83,598,10439,0,943,241,724,0,642,89,3,0,0,6,0,5746,72,921,6322
deep_ocean,66938,860,24,408,11950,0,1138,160,797,0,531,42,0,0,0,8,0,5477,66,516,6401
deep_ocean,66970,1069,52,746,11207,0,829,173,357,1,494,97,0,0,0,10,0,5482,56,518,7109
deep_ocean,66553,1375,167,641,11207,0,525,105,680,0,606,290,0,0,0,7,0,4542,38,1307,7016
deep_cold_ocean,66633,572,153,1003,11836,0,1392,103,158,0,890,254,0,101,0,16,26,5182,90,747,7488
deep_cold_ocean,73633,939,74,659,6268,0,1146,0,378,0,417,281,427,468,0,10,73,4699,62,408,7034
deep_cold_ocean,79542,409,67,363,2231,0,602,0,237,0,355,150,774,200,0,5,27,4922,54,220,7120
deep_cold_ocean,72024,642,131,692,6850,1,410,176,407,0,390,0,385,692,0,2,141,5411,42,717,7825
deep_cold_ocean,68240,620,7,1187,9878,0,1108,153,1090,0,494,0,0,580,3,3,116,3602,52,1012,8870
deep_cold_ocean,69188,223,55,1065,9465,0,662,160,513,0,241,0,2,328,0,9,66,3354,34,1149,10692
deep_cold_ocean,66086,601,0,862,11151,0,322,0,12,0,690,0,0,36,0,6,15,3130,72,1019,13337
deep_cold_ocean,67032,410,0,1460,10670,0,245,31,158,0,546,174,0,107,0,5,0,3100,38,639,11691
deep_cold_ocean,66234,627,0,965,11810,0,598,171,430,0,582,292,0,54,0,6,4,4447,50,1013,9853
deep_cold_ocean,65857,924,0,964,12482,0,822,379,0,0,733,0,0,27,0,4,3,5472,46,1310,8309
deep_cold_ocean,65792,667,0,1591,12830,0,762,23,431,0,804,0,0,0,0,15,0,4142,66,984,9224
deep_cold_ocean,65792,858,0,1059,13929,0,1057,41,256,0,619,0,0,0,0,6,0,4771,58,727,8118
deep_cold_ocean,65792,858,0,898,14128,0,835,132,819,0,581,0,183,0,0,7,0,5403,52,917,6653
deep_cold_ocean,65967,1197,0,778,14127,0,596,157,951,0,609,107,79,3,0,5,0,5023,62,965,6661
deep_cold_ocean,66818,240,0,962,12874,0,203,416,607,0,749,0,0,288,0,7,7,6294,56,878,6838
deep_cold_ocean,67005,580,0,828,11959,0,905,101,813,0,704,0,0,331,0,6,47,5900,56,1148,6809
deep_cold_ocean,66415,1553,0,1033,13221,2,456,0,434,0,937,0,0,40,0,6,0,5518,28,927,6598
deep_cold_ocean,65807,654,0,666,13385,0,949,15,1264,0,721,187,0,2,0,6,0,5654,56,1852,5846
deep_cold_ocean,65792,644,0,851,13596,6,1164,179,1450,0,541,325,0,0,0,7,0,5817,62,1288,5519
deep_cold_ocean,65885,784,0,728,13709,0,949,16,1048,0,373,320,0,0,0,1,0,6478,44,1239,5633
deep_cold_ocean,65823,1164,0,652,14456,0,828,260,1017,0,429,323,0,0,0,8,0,5128,62,1273,5761
deep_cold_ocean,66028,635,0,273,14552,0,1295,25,609,0,538,144,0,0,0,7,0,5489,58,1249,6106
deep_cold_ocean,65792,337,0,534,13893,0,1376,174,570,0,618,71,0,0,3,10,0,6382,54,1399,6004
deep_cold_ocean,65810,146,0,701,14496,0,1339,282,422,6,410,149,0,0,0,1,0,5549,26,1044,6828
deep_cold_ocean,65806,779,0,453,14156,0,827,272,625,3,466,192,0,0,0,11,0,5683,50,1214,6625
deep_cold_ocean,66019,1374,0,710,13216,0,1007,224,1063,0,526,0,0,0,0,4,0,5389,44,1294,6358
deep_cold_ocean,66324,1355,0,682,13346,0,172,196,685,0,787,77,0,281,3,3,39,6214,38,739,6231
deep_cold_ocean,67151,477,0,980,12064,0,91,120,697,0,380,399,98,270,0,4,46,7126,52,1069,6129
deep_cold_ocean,70283,535,0,321,9581,0,512,311,1411,0,482,284,210,640,0,8,80,6478,52,814,5001
deep_cold_ocean,66526,884,0,667,13028,0,502,86,477,0,861,143,101,98,0,6,20,6606,42,1190,5933
deep_cold_ocean,66842,940,0,338,12537,0,1035,248,206,0,598,316,1259,264,0,6,0,5902,80,680,5910
deep_cold_ocean,66903,1010,15,606,11852,0,972,310,748,0,477,294,1373,181,20,5,11,8367,46,682,3268
cold_ocean,66017,1499,0,666,13659,0,826,416,486,0,499,0,0,68,157,14,7,9413,14,1279,2106
cold_ocean,67373,830,0,428,13400,0,1180,711,1153,19,413,0,0,6,187,15,0,7836,18,890,2708
cold_ocean,67291,1335,0,776,12019,0,995,675,1032,5,476,19,0,183,336,17,22,6857,20,983,4118
cold_ocean,66324,622,0,578,13337,0,973,469,629,0,819,222,1,47,12,20,19,6153,26,1297,5645
cold_ocean,66841,922,0,543,13449,0,1054,408,905,0,812,254,0,0,0,16,0,6145,20,1077,4281
cold_ocean,66722,1329,0,594,13512,0,1120,261,947,0,575,63,0,0,27,33,0,7887,16,591,3449
cold_ocean,66070,1099,0,354,14709,1,889,497,8,0,399,0,0,9,7,28,5,9251,18,753,3079
cold_ocean,65823,1142,0,386,15147,0,972,483,829,0,219,0,0,0,206,30,0,8508,18,779,2675
cold_ocean,65957,467,0,549,14503,0,1029,521,870,0,755,0,0,46,68,17,27,8424,28,1112,2829
cold_ocean,65809,712,0,525,14784,0,669,52,879,0,696,0,0,26,0,10,4,7961,8,922,4168
cold_ocean,66385,1313,0,670,13374,0,1151,117,484,0,555,0,0,62,0,17,1,8361,12,1035,3642
cold_ocean,66748,1198,0,595,13675,0,832,311,1159,0,708,0,0,122,0,13,0,6395,10,779,4685
cold_ocean,67486,1262,0,872,12196,0,904,318,557,0,605,0,0,246,0,24,22,7718,18,964,4037
cold_ocean,66519,1239,0,612,12912,1,844,293,420,0,525,0,0,233,0,10,12,7857,16,1528,4253
cold_ocean,65888,1262,0,446,14221,6,1336,398,895,0,625,0,0,2,0,22,0,7055,14,1080,3909
cold_ocean,67998,1289,0,790,12120,0,990,213,1315,0,498,328,0,159,0,22,1,6310,20,1003,4109
cold_ocean,68947,927,0,539,10715,0,908,118,1170,0,741,339,130,603,0,19,19,6802,16,810,4114
cold_ocean,70358,891,0,332,9984,2,274,266,803,0,645,65,368,294,0,29,0,7642,38,481,4678
cold_ocean,70971,1106,0,614,8917,0,1057,98,460,0,268,0,18,419,137,17,10,7619,18,958,4284
cold_ocean,67644,976,0,405,12795,0,553,102,830,0,479,0,0,183,51,28,16,7581,12,958,4597
cold_ocean,66554,1214,0,380,13388,4,307,461,1406,0,820,0,0,74,228,24,16,6674,16,976,4632
cold_ocean,66350,508,0,526,13909,0,164,111,365,0,764,0,53,26,6,13,0,6784,14,1341,6246
cold_ocean,66721,232,0,309,13725,0,1086,264,650,0,651,0,0,0,0,22,0,8085,12,1077,4426
cold_ocean,67026,974,0,271,13414,2,819,214,497,0,518,0,0,0,0,34,0,5329,26,1418,6677
cold_ocean,67011,587,0,200,13802,0,994,146,359,0,541,196,1,0,0,24,0,3319,22,661,9464
cold_ocean,66000,731,0,282,14751,0,396,394,1027,0,818,322,0,0,0,13,0,4999,8,774,6667
cold_ocean,65798,656,0,550,14273,0,433,248,684,0,925,222,0,0,0,26,0,7157,18,976,5242
cold_ocean,66396,906,8,377,14202,0,253,235,1153,0,544,79,4,0,0,13,0,6518,8,1058,4759
cold_ocean,66872,1104,0,18,13061,0,1061,454,700,0,557,51,100,0,60,22,0,7906,16,951,4301
cold_ocean,66965,477,216,215,12804,0,1284,324,833,0,634,58,264,0,114,25,0,7947,16,1424,3575
cold_ocean,66176,620,0,0,14739,0,889,119,1120,0,637,31,5,0,0,10,0,7616,6,1085,4213
cold_ocean,66224,812,0,0,13772,0,1407,264,958,0,418,0,0,0,0,16,0,7958,14,747,4702
cold_ocean,65874,803,0,0,14272,0,489,0,954,0,543,0,4,0,0,21,0,8459,18,620,5222
cold_ocean,65842,641,0,0,14449,0,1214,0,927,0,1083,67,0,0,0,23,0,7539,12,1300,4061
cold_ocean,66046,508,0,0,14042,0,541,110,688,0,1118,153,0,0,0,22,0,9036,24,1256,3742
cold_ocean,66353,504,0,0,14419,0,1461,118,981,9,404,0,35,0,63,7,0,8727,14,836,3200
forest,64571,1919,0,15,14640,0,851,765,1231,172,651,31,16,0,10,2,2,9944,0,1427,571
forest,63033,1401,0,0,14792,0,1514,686,890,247,465,0,8,0,0,0,3,11947,0,1176,277
forest,62074,1672,0,0,14523,0,1075,1150,1095,301,438,0,155,0,0,0,4,12640,0,1098,30
forest,61434,1461,0,0,13822,0,1248,1297,972,351,447,0,33,0,0,0,5,14195,0,1358,0
forest,60457,903,0,0,14160,1,1242,1345,645,327,547,0,0,0,0,0,0,15071,0,1464,23
forest,55686,1529,51,0,15328,0,1113,2069,971,380,428,0,0,0,0,0,1,18020,0,791,130
forest,53832,1241,0,0,13734,0,1331,1371,870,302,699,0,95,0,0,0,5,21533,0,1252,245
forest,59726,1041,441,0,10980,0,1082,1008,1087,249,511,0,599,0,0,0,6,16748,0,1186,1499
forest,66656,921,0,0,12272,2,857,955,883,272,483,0,0,0,0,0,15,10600,0,560,2448
plains,73764,1219,0,0,10186,0,825,798,1325,200,285,0,0,0,0,0,19,7822,0,791,0
plains,68343,1125,0,0,12249,0,1543,930,341,256,516,0,0,0,0,0,58,10490,0,1199,0
plains,66461,1215,0,0,12539,0,1291,1026,658,256,217,0,0,0,0,0,47,11650,0,1775,1
plains,66767,1447,0,0,13668,0,597,881,827,256,569,0,0,0,84,0,66,10746,0,1161,129
plains,66550,1520,0,14,14641,0,1019,877,1224,86,762,0,0,0,63,0,20,8929,0,664,689
plains,66365,1376,0,6,14468,0,736,642,1174,47,478,0,2,0,39,0,8,9721,0,1053,402
plains,67350,1104,0,17,13350,0,1012,779,1221,229,222,0,0,0,0,0,78,10249,0,1569,33
plains,68493,1120,0,0,13804,1,1334,1038,920,257,980,0,94,0,0,0,62,8100,0,999,77
plains,67110,1264,0,0,14309,0,1054,1028,1137,256,411,0,0,0,0,0,42,9338,0,1152,0
plains,63700,934,0,0,14323,0,1125,1003,504,256,280,0,0,0,0,0,65,13563,0,1356,0
plains,65018,1681,0,0,14550,0,588,873,971,238,505,0,1,0,0,0,50,11675,0,1058,3
plains,64313,1526,0,0,14042,0,629,1036,1307,254,484,0,0,0,0,0,33,11578,0,1375,546
plains,65971,1186,0,0,14399,0,669,1383,607,255,315,0,0,0,0,0,63,10636,0,1094,512
plains,66358,673,0,0,13169,4,1737,1217,1178,242,419,0,0,0,0,0,56,10465,0,1173,359
plains,66246,981,109,0,12982,0,1052,1037,1227,259,297,0,0,0,0,0,59,11007,0,1575,192
plains,67633,813,0,0,14110,0,1262,764,693,256,502,0,0,0,0,0,59,10031,0,1062,1
plains,66778,1179,0,0,14222,0,755,576,1331,256,284,0,55,0,0,0,35,10900,0,828,1
plains,63827,1202,0,0,14713,0,1017,1026,1026,286,659,0,112,0,0,0,63,12516,0,695,0
plains,64590,701,0,0,13851,4,1542,1026,650,256,574,0,43,0,0,0,56,12529,0,1361,0
plains,64747,1407,0,0,14582,0,1302,845,878,259,743,0,0,0,0,0,40,11126,0,965,0
plains,65399,1621,0,0,14346,0,820,897,890,256,578,0,0,0,0,0,40,10710,0,1027,0
plains,64050,1263,0,0,14759,0,1166,943,953,256,497,0,1,0,0,0,67,12753,0,386,0
forest,63774,1406,0,0,14417,0,1455,594,1212,252,561,0,0,0,0,0,15,11738,0,1365,0
forest,64950,1043,0,0,14377,0,1422,914,1287,281,311,0,0,0,0,0,5,10520,0,1672,0
forest,63649,901,0,0,14731,0,941,1322,1331,257,467,0,143,0,0,0,11,11705,0,1131,0
forest,67115,2017,0,0,11660,0,1076,1113,1365,251,320,0,94,0,0,0,11,10870,0,702,0
forest,65196,841,98,0,12940,0,964,1028,1394,248,857,0,138,0,0,0,4,12025,0,668,0
forest,65143,1194,0,0,13505,2,779,913,790,250,462,0,391,0,0,0,1,12027,0,1050,0
forest,65463,919,0,0,13091,0,493,1060,1945,250,346,0,498,0,0,0,6,11007,0,1391,157
birch_forest,65425,1027,0,0,11223,0,1491,1161,493,250,416,0,474,0,0,0,16,10496,0,792,1442
birch_forest,66690,615,0,0,9190,5,1410,1366,513,250,584,0,91,0,0,0,8,9486,0,1102,2229
birch_forest,66397,1335,0,0,12827,2,716,934,560,227,421,0,162,0,114,0,11,9837,0,893,568
birch_forest,68727,1152,0,0,9695,0,1312,551,839,156,394,0,22,0,280,0,7,9151,0,1209,0
beach,68243,193,0,0,9271,0,621,324,801,42,581,0,8,7,557,0,1,9393,0,1047,2069
beach,67714,941,0,326,11417,0,1022,229,990,0,514,0,0,47,1056,0,0,10125,0,846,1021
beach,72150,103,0,351,8136,0,577,363,997,0,331,0,0,94,912,8,0,8753,6,948,2867
river,71562,720,0,711,9085,0,382,575,901,1,215,0,0,435,194,11,46,6778,10,1001,4283
beach,68339,763,0,525,11889,0,641,138,200,0,433,0,0,140,766,0,10,7026,0,1163,4552
beach,65832,669,0,607,13632,0,806,345,951,0,428,7,6,0,797,1,0,8868,0,1729,1744
ocean,66060,1567,0,726,13222,0,1397,1142,1284,0,695,60,0,63,135,36,0,7539,34,729,2515
ocean,65806,1056,0,324,14414,1,893,1118,672,0,528,249,24,0,174,31,0,8631,22,1134,2116
ocean,65792,1144,0,669,14360,0,972,655,1046,0,511,355,31,0,263,29,0,8293,24,1136,1883
ocean,65792,913,0,549,13729,0,1021,521,1114,0,597,305,57,0,237,22,0,9205,44,1220,1732
ocean,66016,1565,0,796,12975,0,726,227,1099,0,492,254,0,16,224,27,5,8609,18,1739,2072
ocean,66186,823,0,973,13113,0,1350,619,1346,0,372,69,0,104,186,30,9,7991,30,1076,2808
ocean,66749,1362,0,757,13079,0,816,488,1122,0,774,0,65,225,20,22,34,7403,28,1054,3138
ocean,66517,1310,0,1208,12428,0,728,318,490,0,682,0,87,90,4,27,4,8361,24,1225,3674
ocean,66089,1129,0,964,13697,0,1028,98,532,0,755,0,314,24,3,30,8,7988,16,548,3956
ocean,66679,746,0,1010,13379,0,402,258,939,0,502,0,444,76,15,12,5,6761,8,679,5319
ocean,67119,686,0,489,12781,0,588,363,756,0,354,224,53,303,28,37,47,6763,20,1075,5426
ocean,66984,718,0,1029,12468,0,274,671,805,0,321,167,258,183,269,35,18,5634,8,672,6629
ocean,66371,1062,0,746,13497,0,929,682,803,19,384,6,18,182,363,20,23,5835,20,1317,4841
ocean,66101,1090,0,864,13308,0,1076,973,611,109,804,0,75,0,4,25,5,8979,12,835,2362
ocean,66148,1479,0,844,13418,0,1228,686,794,106,444,0,1,64,0,14,15,8152,4,1652,2071
ocean,67763,502,0,415,11082,3,1118,147,668,0,609,0,0,557,0,13,109,6521,28,1685,5728
ocean,65797,680,0,945,14068,0,388,148,181,0,754,0,0,0,0,42,0,7544,44,1152,5359
ocean,65794,1088,0,1288,13861,0,685,129,657,0,733,106,0,0,0,19,0,7003,22,1350,4423
ocean,66287,651,0,903,13409,0,324,338,784,0,583,369,0,58,0,27,0,8523,44,1164,3780
ocean,66115,1108,0,662,11885,0,630,501,1116,0,398,291,0,13,24,29,0,8880,14,1531,2833
deep_ocean,67301,1173,0,693,9305,0,1337,140,524,0,621,304,52,13,0,8,5,7370,56,990,3594
deep_ocean,67457,877,169,593,10016,0,519,0,819,0,744,358,214,18,0,7,0,6218,62,305,5484
deep_ocean,67621,468,122,854,10297,0,348,246,1136,0,460,156,0,0,33,5,0,5662,52,966,6672
deep_ocean,67325,1586,60,479,10644,0,269,254,1461,8,533,0,0,0,12,9,0,4096,64,806,7169
deep_ocean,67016,650,0,591,10846,0,209,190,1214,0,540,151,0,0,0,4,0,4959,92,1043,7115
deep_cold_ocean,66730,934,0,694,12027,0,913,44,946,0,744,245,1,129,0,7,31,5040,88,1278,7076
deep_cold_ocean,72955,10,0,841,6818,0,373,125,611,0,529,365,136,649,0,11,115,5382,44,528,7428
deep_cold_ocean,74201,329,0,1129,6088,0,713,271,298,0,447,267,579,432,0,5,40,4263,44,718,7375
deep_cold_ocean,68497,704,0,1401,10227,1,740,232,719,0,420,0,109,442,0,4,58,5351,48,1006,7102
deep_cold_ocean,67719,1017,0,1115,11384,0,637,168,591,0,350,0,0,372,0,7,52,4086,28,1194,8403
deep_cold_ocean,67793,257,0,1224,10971,0,680,48,286,0,406,0,0,346,0,5,18,3815,46,606,10701
deep_cold_ocean,68239,0,0,700,9321,0,543,0,218,0,510,0,0,293,0,5,18,3180,66,1175,12165
deep_cold_ocean,67326,11,0,1541,10168,0,880,0,333,0,509,133,0,316,0,4,7,3197,68,1143,11618
deep_cold_ocean,67044,85,0,800,11502,0,745,119,642,0,608,338,1,224,7,5,11,3366,66,943,10766
deep_cold_ocean,67681,190,0,528,11191,0,882,159,741,0,499,26,263,365,3,8,46,4242,64,909,9419
deep_cold_ocean,65792,1106,0,1411,12761,0,744,34,344,0,778,0,0,0,0,11,0,5003,68,1679,7575
deep_cold_ocean,65792,828,0,668,13579,0,757,94,621,0,750,0,0,0,0,12,0,6456,38,1155,6498
deep_cold_ocean,65808,67,0,584,14082,0,1179,116,714,0,553,131,0,0,0,4,0,6532,30,1265,6194
deep_cold_ocean,65947,505,0,536,14344,0,988,149,537,0,975,377,0,0,0,12,0,6179,70,573,6063
deep_cold_ocean,66262,865,0,534,13769,0,633,224,324,0,503,164,0,65,0,8,0,5897,42,1396,6576
deep_cold_ocean,66813,598,0,370,12755,2,669,277,1263,0,631,0,0,273,0,11,35,5506,80,1258,6605
deep_cold_ocean,66439,631,0,683,12679,0,1193,56,753,0,619,0,0,95,0,5,12,5531,28,1050,7048
deep_cold_ocean,66761,971,0,805,13243,0,110,366,491,0,815,0,0,52,0,7,15,5864,42,898,6527
deep_cold_ocean,66071,1076,0,623,14092,0,585,32,539,0,465,383,0,67,0,7,3,5159,44,927,7148
deep_cold_ocean,66151,677,0,482,14382,0,374,132,258,0,679,365,0,117,0,5,28,7446,52,835,5158
deep_cold_ocean,65889,202,0,360,14369,0,1136,139,1402,0,420,326,0,38,0,7,14,5099,44,1314,6430
deep_cold_ocean,66445,494,0,728,12388,2,819,229,1157,0,761,136,0,57,4,7,4,6354,70,1153,6272
deep_cold_ocean,66390,68,0,352,12590,0,612,25,1218,0,674,0,0,21,7,8,0,7666,36,1263,6179
deep_cold_ocean,67072,1059,0,279,12448,0,1033,4,706,0,482,0,0,121,0,7,0,5788,74,1323,6340
deep_cold_ocean,66645,660,0,754,13689,0,647,109,741,0,538,0,0,110,6,5,0,6727,34,746,5819
deep_cold_ocean,65793,479,0,649,14452,0,614,155,439,0,434,246,0,0,18,8,0,5374,42,1054,7461
deep_cold_ocean,65792,333,0,560,14001,2,1172,38,458,0,568,225,0,0,0,15,0,3427,110,1543,9065
deep_cold_ocean,66098,1021,0,1076,13596,0,577,24,636,0,625,0,0,83,0,5,0,4262,26,612,8658
deep_cold_ocean,66057,1173,0,429,13435,4,330,299,630,0,897,0,0,20,8,5,0,4574,72,1055,8335
deep_cold_ocean,67368,604,0,982,11841,2,704,221,312,0,342,72,0,248,0,7,51,3365,44,875,10140
deep_cold_ocean,69107,849,0,718,10230,0,316,131,545,0,542,295,67,454,0,11,113,5221,66,665,7688
deep_cold_ocean,66904,200,0,907,12281,0,449,162,480,0,668,306,379,80,0,5,32,5817,68,1303,7159
deep_cold_ocean,67213,233,0,421,12453,0,894,58,402,0,717,381,939,88,0,8,4,5019,62,296,7898
deep_cold_ocean,68771,691,0,982,9887,0,581,213,829,0,599,353,1321,409,28,6,18,5697,36,253,6376
deep_cold_ocean,67666,917,0,446,10560,0,670,452,516,59,482,52,855,478,248,10,11,7258,18,1044,4848
cold_ocean,67744,605,0,562,10975,0,955,769,1122,130,531,0,0,28,174,14,6,8282,6,808,2743
cold_ocean,67594,920,0,529,11698,0,1054,699,1080,104,424,0,0,165,60,13,36,7919,8,1380,3430
cold_ocean,66603,325,0,268,14423,0,616,266,969,0,440,0,0,58,3,20,24,8693,28,644,3823
cold_ocean,66401,652,0,747,13544,4,968,201,563,0,476,0,1,3,0,26,1,8073,22,946,4310
cold_ocean,66066,562,0,532,14029,0,944,266,627,0,736,7,0,37,0,20,11,7921,24,1535,3890
cold_ocean,65986,1125,0,462,14073,0,700,384,1002,0,964,273,1,97,81,20,36,8203,6,1205,2458
cold_ocean,65792,1469,0,453,15354,0,834,474,1063,0,833,145,0,0,18,22,0,7112,12,501,3115
cold_ocean,65792,390,0,1095,14119,0,1209,647,1039,0,503,0,0,0,255,21,0,7434,16,1035,3735
cold_ocean,65914,1112,0,941,13796,0,649,567,460,0,566,0,0,0,86,16,0,7767,18,1329,3982
cold_ocean,66366,1057,0,638,13666,1,811,684,606,0,751,0,0,0,144,22,0,8172,24,1151,2999
cold_ocean,66684,1349,0,528,13157,0,861,374,1205,0,481,0,0,44,0,25,8,7668,18,1290,3487
cold_ocean,66621,1202,0,718,13346,2,1202,210,451,0,790,0,0,13,0,15,0,7892,8,669,3421
cold_ocean,66346,1130,0,445,12813,0,1352,253,381,0,677,0,0,75,0,10,6,7902,12,912,4074
cold_ocean,65814,814,0,1062,13809,0,655,378,559,0,719,351,0,0,0,8,0,8428,20,594,3943
cold_ocean,66170,745,0,413,13913,0,557,118,849,0,507,432,0,52,0,10,1,6665,16,1584,5141
cold_ocean,66536,845,0,768,13480,0,1179,459,1336,0,678,348,0,226,0,26,3,6868,16,787,3554
cold_ocean,68354,1333,0,424,11826,0,1195,339,363,0,514,345,0,324,99,13,15,8247,8,548,3146
cold_ocean,69389,855,0,458,10553,0,970,580,685,0,279,99,0,401,180,24,33,8199,26,1296,2965
cold_ocean,66122,869,0,684,13246,0,1124,558,1176,0,602,0,0,115,189,23,12,6370,8,1854,4209
cold_ocean,67030,308,0,883,13417,5,1049,805,664,0,419,0,56,198,141,9,41,6307,12,435,5388
cold_ocean,67324,695,0,517,12822,6,489,27,721,0,635,1,127,149,0,24,6,7071,24,1102,5399
cold_ocean,67428,726,0,492,12262,0,889,100,473,0,588,0,73,99,0,10,0,7472,18,1007,5540
cold_ocean,67264,1304,0,520,13184,5,726,352,483,0,495,0,32,0,0,21,0,5943,24,1187,5705
cold_ocean,68613,192,0,423,12467,0,685,210,473,24,601,0,209,40,0,15,14,5463,14,712,7179
cold_ocean,69242,653,0,313,13013,0,479,52,27,4,394,0,0,182,0,15,58,1800,12,922,10127
cold_ocean,67535,263,0,284,12240,0,722,0,733,0,160,0,1,151,0,11,15,2516,8,1466,11206
cold_ocean,66260,657,0,40,14660,0,693,364,1014,0,559,0,29,0,77,22,0,5405,14,758,6724
cold_ocean,65972,977,0,131,13992,0,1009,199,754,0,768,0,94,0,67,11,0,6943,6,1226,5036
cold_ocean,67073,367,0,4,13448,3,800,208,1715,0,543,60,22,0,0,17,0,8215,30,575,4087
cold_ocean,66663,480,0,0,13501,3,1333,335,317,0,513,229,249,0,0,12,0,8053,16,1563,3400
cold_ocean,67328,1198,0,0,12876,0,672,183,962,0,469,330,0,0,0,24,0,6881,14,1378,3759
cold_ocean,66016,1006,0,0,14639,5,976,162,1141,0,561,200,0,0,0,22,0,7233,16,903,4327
cold_ocean,65902,1093,0,0,14403,0,450,275,722,0,594,0,0,0,15,28,0,8625,12,770,4367
cold_ocean,66110,1038,0,0,14040,0,422,346,1012,0,713,0,0,0,0,17,0,7869,24,1190,4446
cold_ocean,66241,281,0,0,13995,1,409,124,1274,0,716,58,0,0,0,19,0,8207,28,1561,4306
cold_ocean,66267,545,0,0,14565,0,891,261,926,0,605,0,18,0,0,17,0,8244,6,1075,3872
forest,65038,1007,0,0,14017,0,935,461,697,139,767,0,0,0,28,5,2,11028,2,1624,1120
forest,63463,827,0,0,14569,0,850,617,1090,249,531,0,44,0,0,0,5,12722,0,1530,0
forest,63259,1199,0,0,13686,0,809,469,965,249,397,0,334,0,0,0,7,13517,0,1434,127
forest,64148,799,0,0,12385,0,1054,825,1089,291,103,0,58,0,0,0,14,13825,0,1717,297
forest,64379,890,0,0,12997,0,1190,1123,804,287,338,0,0,0,0,0,5,13330,0,1339,0
forest,62985,809,0,0,12929,0,677,1041,1801,254,642,0,0,0,0,0,5,14704,0,1059,4
forest,58466,1346,0,0,12068,0,857,1718,1031,260,894,0,29,0,0,0,2,18156,0,1527,477
forest,59161,797,118,0,12362,0,901,1624,1710,366,443,0,12,0,0,0,5,17746,0,798,693
forest,63592,1046,343,0,12304,0,1538,722,356,252,648,0,141,0,0,0,6,12817,0,501,2272
plains,67094,1280,0,0,12483,0,588,698,875,281,604,0,0,0,0,0,55,11356,0,1341,490
plains,69266,1344,0,0,11597,0,1314,909,663,256,571,0,1,0,0,0,57,10293,0,883,17
plains,67139,1150,0,0,13794,0,1152,715,1113,198,596,0,0,0,0,0,35,10234,0,911,72
plains,66152,970,0,0,13713,2,1053,834,1472,223,275,0,20,0,35,0,42,10559,0,1440,380
plains,66466,910,0,0,13573,0,1441,1036,1134,22,364,0,0,0,194,0,4,8556,2,1950,1566
river,65877,1242,0,41,15560,0,1262,937,1155,13,641,0,0,0,124,20,2,9137,28,109,1070
plains,66931,1115,0,0,13158,2,1384,831,1282,227,504,0,0,0,29,0,55,9874,0,1392,99
plains,67551,1169,0,0,13330,0,1012,741,780,256,506,0,103,0,0,0,55,10435,0,887,212
plains,67331,1439,0,0,13604,0,810,789,809,256,394,0,1,0,0,0,41,10071,0,1002,189
plains,63173,1324,0,0,14444,0,1418,991,1375,256,190,0,135,0,0,0,54,12299,0,901,0
plains,64614,1071,0,0,14050,0,1226,962,789,263,664,0,48,0,0,0,68,12153,0,1185,7
plains,64868,938,0,0,13789,4,884,893,936,322,952,0,0,0,0,0,51,12215,0,1252,17
plains,64876,1548,0,0,14047,0,1378,804,1127,212,868,0,0,0,0,0,39,10889,0,889,416
plains,64498,1587,0,0,14376,0,1446,971,736,246,640,0,0,0,0,0,42,11055,0,1186,261
plains,65587,1493,0,0,14020,4,932,1078,829,256,575,0,0,0,0,0,53,11028,0,1211,105
plains,66490,828,5,0,12947,0,1403,856,1029,256,386,0,1,0,0,0,69,11589,0,1185,34
plains,69300,705,0,0,13148,0,557,946,908,253,658,0,1,0,0,0,54,9170,0,1436,47
plains,68618,1158,0,0,14012,0,971,1050,664,284,484,0,0,0,0,0,71,9010,0,924,0
plains,66903,898,0,0,14659,0,1205,895,1330,256,627,0,0,0,0,0,63,9253,0,1031,0
plains,68428,1945,0,0,13639,0,764,971,779,256,324,0,106,0,0,0,64,8338,0,1554,0
plains,64598,838,0,0,14621,0,1332,1189,621,256,360,0,24,0,0,0,81,11638,0,1597,0
plains,65956,1152,0,0,13647,0,1100,1067,1054,258,385,0,0,0,0,0,49,11581,0,791,0
plains,64756,1091,0,0,14432,0,1293,1167,1103,256,297,0,0,0,0,0,45,11639,0,941,0
plains,63868,805,27,0,14141,0,975,1232,1130,256,455,0,0,0,0,0,44,12514,0,1580,0
plains,63569,994,190,0,14690,0,1005,1117,1207,256,396,0,27,0,0,0,59,12671,0,799,0
plains,63410,1781,127,0,15039,0,1508,1176,898,253,521,0,0,0,0,0,32,11094,0,951,0
forest,62972,1277,0,0,14414,0,1229,1013,854,250,658,0,0,0,0,0,8,12480,0,1341,0
forest,62911,1196,26,0,14510,0,1223,995,1188,251,658,0,12,0,0,0,11,11952,0,1630,0
forest,64278,1030,45,0,14266,0,1547,970,1052,248,458,0,21,0,0,0,8,11423,0,1339,0
forest,64733,897,2,0,14165,1,1188,999,1059,248,293,0,0,0,0,0,7,11863,0,1024,63
forest,64328,1223,0,0,12389,0,782,799,1087,251,732,0,106,0,0,0,7,13127,0,1304,571
forest,66802,1568,0,0,9947,0,281,1015,759,251,464,0,460,0,0,0,13,12486,0,463,2140
birch_forest,64244,949,0,0,11405,0,1023,1466,833,251,678,0,934,0,0,0,10,10446,0,1027,2671
birch_forest,67186,975,0,0,8644,0,1078,1154,110,251,204,0,616,0,0,0,9,9687,0,1082,3782
birch_forest,65466,786,0,0,14353,0,987,805,1500,252,299,0,99,0,0,0,10,9686,0,802,1580
birch_forest,67390,1293,0,0,10517,0,1145,864,995,253,508,0,0,0,0,0,18,10105,0,1352,14
birch_forest,66112,1100,0,0,10145,0,919,1046,848,228,16,0,0,0,121,0,5,10337,0,1784,1332
beach,66502,1539,0,146,13051,0,1150,383,808,15,213,0,0,16,1038,0,8,11159,0,357,31
beach,67924,951,0,414,11022,0,894,331,440,0,375,0,69,58,1002,0,12,10429,0,1209,1519
beach,68498,944,0,82,12650,1,978,779,728,61,470,0,0,32,560,0,0,9294,0,615,1021
river,67408,1384,0,299,12783,0,1220,348,766,20,202,0,0,192,165,28,4,8313,26,1222,2686
beach,66918,1076,0,509,12729,0,1036,388,902,0,612,0,199,106,722,4,12,8301,4,956,1900
ocean,65950,1298,0,842,14250,0,926,886,347,0,428,184,45,18,453,16,6,8498,12,894,1890
ocean,65857,545,0,826,13896,0,1036,385,1380,0,376,207,0,0,56,28,0,8539,18,1175,2793
ocean,65817,971,0,753,13708,0,1195,170,880,0,457,134,0,0,0,28,0,8197,38,1530,3314
ocean,66248,682,0,531,14019,0,757,248,456,0,963,27,0,110,19,40,22,9121,32,995,2930
ocean,69946,914,0,1193,10336,0,637,0,1157,0,732,152,0,591,0,20,42,7773,20,46,3208
ocean,67812,1486,0,521,11258,0,943,68,564,0,524,28,0,325,0,17,39,4742,14,1257,7310
ocean,66027,1290,0,715,13831,0,1225,130,1073,0,801,0,2,64,0,25,26,6659,18,1175,4099
ocean,66586,779,0,897,12628,5,902,124,789,0,749,0,216,168,0,24,29,8012,14,1182,4041
ocean,66415,544,0,808,12349,0,715,354,1277,0,389,0,854,58,0,22,9,7835,22,1239,4278
ocean,65998,1092,0,495,12366,0,681,229,477,0,494,0,1067,23,0,36,4,7000,34,1515,5727
ocean,66019,931,102,842,13972,0,693,153,1034,0,643,255,197,31,0,17,15,6961,18,762,4487
ocean,67211,1194,0,987,12302,0,809,179,818,0,425,181,137,131,212,21,9,5092,12,907,6512
beach,66598,1039,0,1015,11999,0,1297,293,856,0,254,22,62,15,903,15,5,8995,14,1663,1194
ocean,66564,944,0,1057,13009,0,1319,672,831,1,481,97,0,163,382,34,27,7626,40,1006,2766
ocean,65867,1001,0,894,13845,0,552,993,1455,130,400,18,0,10,90,7,5,6801,8,1150,3909
ocean,65421,422,0,722,14182,0,1000,687,1486,256,292,0,0,40,0,0,16,11283,0,1227,33
ocean,67690,855,0,935,11671,0,435,495,1361,197,302,0,0,264,0,1,39,10788,14,1075,607
ocean,66525,403,0,1105,13031,0,1130,478,179,0,699,0,0,65,0,26,26,7162,26,1319,4493
ocean,65792,1091,0,1148,14537,0,1026,258,462,0,459,39,0,0,0,37,0,7016,38,1104,4216
ocean,66031,1473,0,886,14304,0,664,228,895,0,609,343,0,0,0,22,0,6860,24,922,3910
ocean,66592,692,0,719,12418,0,724,457,1178,0,504,447,224,138,0,30,0,7600,20,1595,3784
ocean,68010,602,0,416,10805,0,973,410,1141,0,745,329,104,41,36,29,0,7663,32,443,3446
ocean,69147,1378,0,662,9780,0,320,154,1017,0,430,365,153,0,3,12,0,7163,14,767,4138
deep_ocean,66762,720,0,924,9798,0,894,44,1040,0,719,233,0,0,0,17,0,6458,54,1043,5028
deep_ocean,66742,1135,0,576,10373,0,527,436,576,0,709,0,0,0,12,9,0,4267,56,997,8228
deep_ocean,65803,749,0,844,14096,9,813,56,854,0,536,0,0,0,0,9,0,3854,78,1028,8572
deep_ocean,66879,638,0,1187,12366,0,800,273,494,0,717,70,0,168,0,11,0,5389,52,867,7298
deep_cold_ocean,66404,993,0,529,12574,0,576,299,295,0,568,345,0,155,0,2,14,5193,30,1831,7312
deep_cold_ocean,71680,567,0,980,7590,0,511,380,973,8,555,346,287,631,0,3,38,4129,32,543,7764
deep_cold_ocean,70882,875,0,1080,8332,0,46,83,331,0,564,287,757,740,40,6,48,3538,42,483,8959
deep_cold_ocean,67423,1203,0,885,12615,0,108,139,563,0,367,0,283,164,0,16,27,5117,80,759,7459
deep_cold_ocean,66938,1284,0,1299,12460,0,375,164,733,0,364,0,14,195,0,8,24,4701,50,900,7739
deep_cold_ocean,68945,362,0,1195,10391,0,817,109,622,0,528,0,0,157,0,4,11,3031,60,1083,9919
deep_cold_ocean,67649,57,0,826,11539,0,356,94,157,0,402,0,0,206,0,7,47,4101,76,562,11198
deep_cold_ocean,66543,637,0,540,13213,0,635,4,220,0,323,100,0,224,0,4,45,3422,38,418,10497
deep_cold_ocean,66020,990,0,1039,12599,0,399,284,422,0,484,133,0,0,7,0,0,3408,22,1213,9843
deep_cold_ocean,66551,713,0,345,13164,1,22,263,1095,0,480,111,18,234,7,8,17,4714,88,1388,8003
deep_cold_ocean,65792,741,0,817,13494,0,653,195,737,0,643,303,0,0,0,7,0,5208,50,1463,7099
deep_cold_ocean,65792,171,0,801,13968,0,339,131,453,0,944,270,0,0,0,9,0,6957,58,1054,6290
deep_cold_ocean,65855,361,0,568,13974,5,895,310,662,0,903,408,0,2,0,8,1,5620,38,1441,6070
deep_cold_ocean,66245,1062,0,629,13687,0,416,93,1051,0,719,307,0,77,0,10,12,5736,86,836,6228
deep_cold_ocean,67716,711,0,709,11977,0,299,118,780,0,445,0,0,216,0,8,0,6219,48,1477,6542
deep_cold_ocean,67668,1613,0,670,11123,1,709,3,981,0,787,0,0,495,0,5,71,5514,54,977,6441
deep_cold_ocean,66820,504,0,223,13705,4,896,259,556,0,747,0,0,183,0,5,91,5645,82,557,6977
deep_cold_ocean,66478,289,0,462,14202,0,719,214,1062,0,628,0,0,83,0,12,31,5224,50,659,7181
deep_cold_ocean,66547,768,0,489,13671,0,0,101,701,0,721,0,0,187,10,9,49,6106,92,967,6753
deep_cold_ocean,66742,875,0,545,12861,0,615,409,644,0,889,202,0,430,1,4,85,6873,42,963,4873
deep_cold_ocean,67397,565,0,440,12878,0,1012,381,831,0,472,179,0,328,0,6,56,5305,50,712,6492
deep_cold_ocean,67088,459,0,624,11683,0,1096,247,1345,0,520,12,15,141,14,8,30,7231,46,858,5718
deep_cold_ocean,65792,724,0,658,13990,0,1025,150,286,0,520,0,1,0,1,11,0,7215,54,1327,5532
deep_cold_ocean,65792,731,0,600,14044,0,520,65,1084,0,321,0,0,0,0,2,0,5588,38,1348,6466
deep_cold_ocean,65792,400,0,516,14001,0,490,123,1152,0,477,0,0,0,2,7,0,6885,48,931,6054
deep_cold_ocean,66368,884,0,409,13336,0,1010,140,121,0,589,0,0,8,0,7,0,7621,64,1125,5597
deep_cold_ocean,67625,1344,0,650,12306,1,798,303,991,0,508,31,0,184,0,7,11,6338,58,915,5103
deep_cold_ocean,65859,638,0,1307,13960,0,150,409,555,0,583,304,0,8,0,3,0,7083,48,583,5600
deep_cold_ocean,66062,797,0,882,14344,0,192,266,812,0,629,230,0,0,0,8,0,5099,74,756,6934
deep_cold_ocean,66275,551,0,559,13058,0,229,96,266,0,464,0,0,80,0,8,21,2108,50,1527,11141
deep_cold_ocean,66315,947,0,502,13661,0,303,44,50,0,653,0,0,22,0,6,6,4131,80,1459,9184
deep_cold_ocean,66963,1102,0,771,11893,0,608,114,627,0,784,0,6,457,0,4,79,4949,42,1441,7231
deep_cold_ocean,66813,512,0,690,12779,0,898,314,532,0,652,195,60,191,0,9,11,5678,68,911,6895
deep_cold_ocean,67164,521,0,740,12416,0,695,279,634,0,608,213,350,75,26,2,12,4934,20,820,6721
deep_cold_ocean,69643,531,0,252,10253,0,716,128,900,0,482,152,337,452,1,9,94,3027,38,810,7718
deep_cold_ocean,68662,969,0,417,9065,2,864,322,343,0,436,182,1580,673,0,13,64,5569,42,733,7124
deep_cold_ocean,69700,755,0,313,9143,0,582,418,592,3,544,126,1495,513,160,9,7,4873,6,627,7320
cold_ocean,69439,997,0,349,10192,0,894,963,615,177,469,0,6,253,31,1,5,9216,2,1467,1696
cold_ocean,68913,940,0,233,10392,0,1052,321,1372,61,470,0,0,252,242,22,25,9524,8,1650,1582
cold_ocean,68783,919,0,537,11802,0,1406,201,956,0,399,0,18,131,0,22,0,7617,14,979,3420
cold_ocean,70055,739,0,734,10081,0,1075,728,242,0,691,0,258,263,75,24,4,9204,30,446,2465
cold_ocean,68369,965,0,849,12090,0,712,97,1020,0,650,0,6,199,12,13,15,8597,12,769,2797
cold_ocean,67332,709,0,433,13083,0,404,651,533,0,511,288,0,97,263,14,26,9216,12,1413,2164
cold_ocean,66013,781,0,620,14958,1,110,1149,459,0,429,135,0,0,188,29,0,9232,14,598,2479
cold_ocean,66166,1146,0,770,14118,0,1144,1046,1260,0,205,0,0,0,203,29,0,7116,12,1286,2722
cold_ocean,66105,816,0,429,14559,0,1129,864,1310,0,468,0,0,0,334,12,0,7751,8,749,2642
cold_ocean,66518,1004,0,536,13235,0,977,387,759,0,818,201,0,0,107,14,0,8037,18,1607,2920
cold_ocean,66597,824,0,476,13549,0,926,468,761,0,786,111,0,135,102,27,24,9003,30,1083,2233
cold_ocean,66004,1223,0,547,13329,0,349,225,1371,0,883,0,0,0,0,22,0,8666,26,1524,3039
cold_ocean,65798,968,0,666,13532,1,1221,279,500,0,604,0,0,0,0,17,0,8407,18,1254,3914
cold_ocean,65792,814,0,633,14310,0,817,109,443,0,940,0,0,0,0,24,0,6827,18,1050,5476
cold_ocean,65852,1118,0,515,14293,0,922,337,637,0,462,0,5,5,0,22,0,4629,12,1175,7305
cold_ocean,66782,947,0,421,12934,0,994,290,587,0,701,0,0,55,29,23,1,6953,16,1128,5353
cold_ocean,67483,1404,0,295,10402,0,987,756,966,0,341,282,0,319,305,13,41,7542,16,1581,3572
cold_ocean,66049,515,0,516,13586,0,1176,862,1085,0,353,240,0,115,318,18,13,7691,20,1166,3168
cold_ocean,66279,373,0,506,14614,0,524,861,857,0,223,45,0,93,186,24,32,7086,24,687,4611
cold_ocean,66881,273,0,693,12820,2,642,449,665,0,415,143,6,99,51,23,26,5392,24,1497,6933
cold_ocean,67919,608,0,901,12216,0,551,270,584,0,481,302,56,306,0,16,10,5882,18,684,6321
cold_ocean,66953,759,0,749,12993,0,1321,428,563,0,384,67,188,194,70,21,2,8375,28,865,3222
cold_ocean,66576,1044,0,550,14221,0,740,360,475,0,276,0,122,50,54,12,0,9304,16,840,2527
cold_ocean,68030,1238,0,363,12860,0,607,428,768,14,447,0,385,39,186,12,0,6024,22,1142,3457
cold_ocean,68844,613,0,314,13151,0,181,130,580,3,638,0,0,163,4,19,0,3039,14,891,8722
cold_ocean,67039,272,0,541,13812,0,1173,239,910,0,342,0,149,47,0,17,0,5439,16,778,6359
cold_ocean,67994,513,0,559,13739,0,553,55,17,1,263,0,0,35,0,17,3,2518,22,1394,9630
cold_ocean,66762,392,0,114,13867,0,545,437,862,0,479,0,0,136,70,13,3,4270,10,789,8563
cold_ocean,67357,652,0,110,13572,0,1216,851,994,0,203,0,114,0,570,26,0,7769,20,849,2890
cold_ocean,67788,607,0,59,12056,5,752,1003,1166,0,315,0,639,0,177,13,0,6842,8,1477,4388
cold_ocean,66205,763,0,0,13520,0,1296,68,794,0,426,0,500,0,7,27,0,7814,22,1349,4434
cold_ocean,66177,1663,0,0,13625,0,895,125,543,0,608,0,1538,0,0,19,0,7409,10,722,3896
cold_ocean,67447,526,0,0,12663,3,1208,145,1049,0,722,125,78,0,7,11,0,7226,16,961,4331
cold_ocean,66634,581,0,0,13043,0,556,17,1220,0,787,0,116,0,0,14,0,7833,18,789,5672
cold_ocean,67352,1680,0,0,12644,0,1072,195,543,0,547,0,0,0,10,16,0,7030,16,1200,4991
cold_ocean,66010,1271,0,0,14661,0,698,209,936,7,799,96,0,0,13,6,0,5558,8,1180,5806
forest,65417,1328,0,0,14708,0,884,427,504,67,636,64,0,0,0,10,3,8090,14,1007,3848
forest,65742,1233,0,0,13816,0,1170,392,697,70,562,0,0,0,0,0,2,9597,0,1103,2546
forest,64065,1511,0,0,14016,0,870,188,1240,247,70,0,0,0,0,0,6,12662,0,1439,6
forest,63930,1273,0,0,12584,0,1596,507,1439,251,568,0,111,0,0,0,9,12382,0,1773,0
forest,63731,1516,0,0,12926,0,1017,776,1081,251,600,0,413,0,0,0,2,13170,0,980,0
forest,61557,1274,141,0,14029,0,1140,1150,1493,250,722,0,0,0,0,0,3,13305,0,1290,0
forest,62809,1622,69,0,12988,1,1135,939,1207,250,655,0,1,0,0,0,5,13592,0,1190,2
forest,61328,1544,0,0,12709,0,1226,999,1166,249,445,0,0,0,0,0,5,15616,0,1307,0
forest,61329,886,0,0,13301,0,970,1323,1035,257,412,0,0,0,0,0,7,15696,0,1269,323
plains,65564,961,78,0,14996,0,1225,960,515,297,207,0,1,0,0,0,18,10553,0,735,881
plains,66477,808,0,0,14432,5,507,601,863,255,371,0,24,0,0,0,47,10888,0,981,851
plains,67645,695,0,0,13550,0,1247,677,758,256,461,0,0,0,0,0,57,10969,0,829,1
plains,68575,409,0,0,11854,0,1703,710,844,248,402,0,0,0,0,0,56,10895,0,1199,236
plains,66708,755,0,4,14204,0,1386,588,1280,217,563,0,0,0,51,0,36,10583,0,440,200
plains,66096,1178,0,28,13905,0,317,649,1312,32,555,0,12,0,75,0,5,10125,0,1077,1855
river,66034,488,7,12,14268,0,1033,582,805,14,1068,0,91,0,126,27,3,10011,24,779,1879
plains,65840,669,4,0,15474,0,1344,488,968,57,789,0,18,0,374,1,22,9818,4,893,459
plains,69685,1397,0,0,10651,0,1135,923,975,254,480,0,6,0,6,0,63,10310,0,1068,1
plains,73716,998,0,0,7556,0,1546,709,988,256,193,0,151,0,0,0,61,9873,0,843,204
plains,64831,1113,0,0,12586,0,1281,921,1365,256,279,0,0,0,0,0,37,12311,0,1225,0
plains,64543,1110,0,0,12991,0,899,1409,991,255,725,0,87,0,0,0,57,11997,0,1031,0
plains,64855,1118,0,0,13909,0,1201,1333,1318,256,563,0,136,0,0,0,54,11459,0,915,25
plains,64523,1699,0,0,13493,0,1217,870,774,206,424,0,0,0,0,0,36,12097,0,1512,249
plains,64420,939,0,0,14069,0,874,683,974,257,495,0,26,0,0,0,49,13161,0,1143,28
plains,64319,1014,0,0,15001,0,1537,586,1398,254,402,0,119,0,0,0,66,11336,0,1015,155
plains,64242,1356,0,0,13494,0,1571,728,597,251,424,0,0,0,0,0,41,12031,0,1631,717
plains,64267,1966,63,0,13872,0,819,1112,697,256,362,0,0,0,0,0,41,12530,0,1016,8
plains,70447,1066,0,0,12195,0,608,1119,1004,256,449,0,0,0,0,0,51,8986,0,765,192
plains,77172,720,0,0,7142,0,1107,1057,1412,250,83,0,0,0,0,0,67,7345,0,549,412
plains,72354,899,0,0,11170,0,925,1176,926,256,578,0,0,0,0,0,54,8076,0,843,22
plains,66981,1643,0,0,15346,0,1129,1225,633,256,943,0,0,0,0,0,64,8417,0,525,0
plains,65576,874,0,0,14566,3,1514,1347,900,256,610,0,0,0,0,0,79,10335,0,1097,0
plains,67302,567,0,0,13041,0,1036,1076,1113,256,474,0,0,0,0,0,62,10383,0,1819,0
plains,68014,1113,0,0,12303,0,947,1118,1036,256,786,0,0,0,0,0,62,10138,0,1411,0
plains,66014,1533,0,0,13437,0,992,1319,658,259,231,0,0,0,0,0,33,12015,0,737,0
plains,64320,1379,0,0,14305,1,660,1155,1296,256,768,0,0,0,0,0,31,11519,0,1455,0
plains,63764,939,156,0,14239,0,1580,1089,1086,256,625,0,0,0,0,0,69,11972,0,1235,0
plains,63808,1619,117,0,13665,0,1080,1190,1242,256,428,0,0,0,0,0,51,12640,0,954,0
plains,63266,587,20,0,15206,0,918,861,1181,255,480,0,0,0,0,0,54,13146,0,1058,0
forest,62966,1446,0,0,15501,0,1558,901,1263,250,536,0,0,0,0,0,15,11383,0,775,0
forest,64541,707,18,0,13724,0,1010,868,1642,250,582,0,74,0,0,0,14,12070,0,1245,0
forest,65896,1716,171,0,13829,0,925,696,1082,253,523,0,37,0,0,0,10,10964,0,691,1
forest,63949,1290,71,0,13913,4,924,868,844,250,745,0,0,0,0,0,5,12754,0,884,41
forest,65137,641,50,0,12341,0,995,651,1824,251,240,0,20,0,0,0,4,13092,0,1179,239
forest,66081,1001,0,0,11416,4,809,1157,872,252,470,0,85,0,0,0,10,11651,0,805,1940
birch_forest,63207,873,0,0,13059,0,923,1149,795,249,447,0,364,0,0,0,8,11207,0,963,2437
birch_forest,64761,1253,71,0,11084,0,1125,978,1080,242,650,0,295,0,0,0,9,9554,0,523,2983
birch_forest,65609,889,3,0,12371,0,1271,708,396,251,343,0,301,0,0,0,23,9307,0,1157,3167
birch_forest,68820,1089,0,0,12083,2,852,1019,1228,251,404,0,80,0,0,0,8,9369,0,1380,175
birch_forest,66793,779,0,0,13087,0,1261,990,685,250,550,0,0,0,0,0,17,10313,0,1730,276
birch_forest,67079,775,0,0,12548,0,1403,949,1745,242,316,0,0,53,40,0,5,10969,0,559,96
birch_forest,66714,1231,0,181,11775,0,609,517,1140,157,431,0,0,65,383,0,3,12604,0,853,0
birch_forest,65298,1418,0,47,14303,0,1319,876,946,226,556,0,0,0,65,0,10,10613,0,918,195
river,66175,561,0,203,13540,0,1812,369,487,71,479,0,0,47,205,2,6,10585,2,1471,943
river,66240,834,0,484,13558,0,1328,410,1655,0,508,0,35,275,381,27,40,8588,28,686,1811
beach,66050,1057,0,604,13838,0,1087,483,942,0,321,52,11,6,699,0,2,8112,0,1494,2035
ocean,65841,912,0,933,13968,0,1187,254,1148,0,444,209,0,0,145,28,0,8335,20,707,3075
ocean,65794,1086,0,588,13518,0,946,169,1348,0,920,88,0,0,0,21,0,7408,18,1354,3867
ocean,67002,1234,0,415,13345,0,752,108,949,0,588,0,0,287,0,21,35,7831,24,653,3845
ocean,72309,435,0,776,7070,0,996,111,727,0,562,0,0,531,0,18,57,6414,32,301,6685
ocean,72547,527,0,1108,6770,0,925,0,289,0,560,155,0,299,0,35,10,3439,28,418,10041
ocean,69376,447,0,477,9719,0,369,79,252,0,516,225,5,307,0,29,30,3767,28,848,10631
ocean,67263,1239,0,810,11883,0,380,227,854,0,551,0,19,399,52,36,62,6166,24,1378,5706
ocean,66848,1075,0,1394,11928,0,990,198,1168,0,501,0,195,207,0,20,20,6996,18,1327,4245
ocean,67212,1146,0,628,10773,0,1409,218,743,0,584,0,0,153,0,3,11,7764,0,1379,5179
dark_forest,67582,1252,56,600,12973,0,989,704,1081,95,478,89,2,90,62,12,22,7519,8,695,2661
dark_forest,67627,411,0,739,11645,5,469,792,682,118,445,35,149,176,304,0,21,7563,0,1585,4035
beach,67993,1176,0,700,10958,0,729,189,675,1,528,0,9,418,1066,0,84,9633,0,1083,56
dark_forest,68056,860,0,1045,11101,0,787,845,682,125,356,0,149,481,513,0,54,9558,0,1280,165
beach,65596,1300,0,515,14458,0,1183,305,954,0,522,0,0,37,979,0,10,9631,0,695,276
beach,65887,1575,0,533,13817,0,1112,714,737,46,318,0,0,104,457,10,12,10054,10,842,595
ocean,71491,830,0,539,7589,2,605,678,670,186,356,24,0,341,21,13,37,9708,2,1081,2876
ocean,68169,1275,0,924,9871,0,1235,1092,1334,253,316,0,1,362,0,0,55,8787,0,1505,1679
ocean,65444,1079,0,874,13606,0,1503,617,1222,162,634,0,0,50,71,4,5,9320,4,1185,1175
ocean,66392,1010,0,651,11856,0,919,151,704,0,566,0,0,0,6,20,0,7587,18,950,4141
ocean,66154,694,0,1376,13094,0,1360,286,524,0,473,0,0,0,9,54,0,7017,38,1295,4487
ocean,65863,892,98,693,13798,0,446,299,1194,0,876,111,0,0,20,18,0,7154,26,1220,4440
ocean,66378,682,0,1002,13308,0,272,475,1393,0,727,250,61,3,0,14,0,6930,16,1147,4497
ocean,66413,1501,0,1230,12117,0,971,258,992,0,630,262,50,0,0,32,0,6496,28,1329,4267
ocean,65942,866,0,997,13155,0,489,268,1251,0,525,274,0,0,0,24,0,6427,18,1255,4940
ocean,67074,391,0,850,9954,0,1168,182,736,0,718,144,0,0,0,17,0,5516,38,962,6784
deep_ocean,67617,1293,0,578,8738,0,159,52,276,0,506,0,0,0,0,8,0,3614,12,909,10275
deep_ocean,66864,725,0,1276,11544,0,22,30,506,0,386,0,5,87,0,5,7,5405,64,903,8001
deep_ocean,66531,426,0,1056,12943,0,485,136,575,0,589,134,12,166,0,14,5,6195,50,972,6978
deep_cold_ocean,68095,364,0,906,11330,0,1022,5,844,0,620,308,32,382,0,5,29,4965,42,992,7180
deep_cold_ocean,74690,484,0,595,4530,0,707,100,632,0,445,180,196,704,0,5,72,4423,54,271,8967
deep_cold_ocean,76877,55,0,387,3894,4,322,94,411,0,281,176,803,447,0,9,25,4183,60,389,8797
deep_cold_ocean,69404,257,0,729,9906,0,413,151,924,3,545,0,390,377,15,7,41,4464,88,1104,8328
deep_cold_ocean,68302,222,0,737,11093,0,456,166,984,0,791,0,125,346,0,7,66,4877,44,1081,7813
deep_cold_ocean,68466,277,0,1132,10355,0,838,58,934,0,491,0,0,509,0,6,35,4525,52,1328,8094
deep_cold_ocean,66321,870,0,638,12982,0,707,211,593,0,649,0,0,87,0,3,1,4537,28,1087,8525
deep_cold_ocean,65883,582,0,488,13842,0,344,298,941,0,390,0,0,12,1,12,5,3830,74,931,9671
deep_cold_ocean,66299,222,0,845,13318,0,945,177,615,0,670,0,10,14,0,5,4,3650,38,1166,9330
deep_cold_ocean,66168,325,0,283,14299,0,46,379,54,0,591,2,11,46,5,5,0,4843,44,1092,9110
deep_cold_ocean,65792,1090,0,388,14191,0,1031,256,702,0,661,348,0,0,0,7,0,4888,64,807,6941
deep_cold_ocean,65843,334,0,734,14186,0,769,260,955,0,958,358,0,0,0,5,0,5760,40,996,5826
deep_cold_ocean,66499,930,0,182,12472,0,578,0,1222,0,954,256,0,312,0,3,17,6265,44,1327,6008
deep_cold_ocean,66520,895,0,452,13639,0,1087,61,1021,0,639,0,0,302,21,6,19,5258,40,621,6582
deep_cold_ocean,66078,1159,0,670,13875,0,762,18,771,0,772,0,1,20,0,4,2,6247,66,1245,5604
deep_cold_ocean,68374,1148,0,681,11625,1,768,311,470,0,994,0,0,464,0,2,94,5937,34,489,5700
deep_cold_ocean,69500,577,0,584,10144,0,779,26,604,0,770,0,0,359,1,8,14,6125,78,1316,6185
deep_cold_ocean,66836,1219,0,803,12321,0,587,78,959,0,434,0,0,135,0,7,12,5659,20,1491,6645
deep_cold_ocean,66686,634,0,832,12250,0,564,212,546,0,649,0,0,161,0,8,19,7212,66,1735,5658
deep_cold_ocean,66394,1238,0,360,13626,0,380,168,533,0,821,189,0,59,1,7,8,8355,62,1174,3733
deep_cold_ocean,66079,890,0,37,13850,1,566,43,408,0,772,78,53,97,0,11,7,6245,48,1546,6471
deep_cold_ocean,65829,724,0,624,14293,1,959,353,836,0,542,0,159,0,6,6,0,6734,64,735,5317
deep_cold_ocean,65792,1266,0,226,14226,0,658,302,1476,0,774,0,1,0,0,4,0,6702,64,939,4775
deep_cold_ocean,65852,749,0,812,13312,4,310,340,412,0,365,0,112,0,0,3,0,7356,22,1257,5698
deep_cold_ocean,66267,415,0,384,14538,0,919,144,553,0,499,0,0,0,0,5,0,6185,88,741,5175
deep_cold_ocean,65813,1316,0,744,14823,0,488,247,324,0,319,0,1,0,0,4,0,6010,78,747,4627
deep_cold_ocean,65804,809,0,775,13687,0,421,120,1384,0,213,0,0,19,0,4,0,6605,40,1050,5478
deep_cold_ocean,65801,720,0,386,14657,0,677,185,259,0,740,263,0,14,0,4,0,6793,30,1066,5492
deep_cold_ocean,67297,945,0,589,12060,0,583,237,247,0,612,231,0,234,0,11,35,6887,80,1592,5233
deep_cold_ocean,67092,799,0,503,11363,0,615,294,355,0,459,223,0,126,0,2,20,6639,76,999,5749
deep_cold_ocean,65909,497,0,562,13458,0,917,61,326,0,1123,152,0,0,1,8,0,6405,64,1569,5874
deep_cold_ocean,66175,267,0,719,14034,0,360,171,414,0,441,0,0,0,4,4,0,3293,50,994,9114
deep_cold_ocean,65860,1061,43,916,13630,0,1086,195,379,0,780,0,0,0,0,9,0,6306,60,925,6051
deep_cold_ocean,66693,357,0,627,14167,0,692,166,231,0,396,0,0,24,9,10,1,7139,50,664,5812
deep_cold_ocean,66320,419,0,720,12835,0,880,84,897,0,762,0,229,16,0,4,6,7096,58,1315,5536
deep_cold_ocean,66866,635,0,485,12822,0,643,85,792,0,470,0,223,174,4,5,38,6788,70,748,6301
deep_cold_ocean,66756,73,0,369,12316,0,1213,335,898,0,525,0,134,668,20,5,112,5345,54,1111,7155
deep_cold_ocean,68988,796,0,904,10069,1,340,45,1077,0,615,266,186,263,0,8,18,5910,42,1054,6631
deep_cold_ocean,70538,1268,0,770,9343,0,765,966,834,0,481,106,68,409,203,7,47,6468,96,479,4182
cold_ocean,70777,985,0,456,9616,0,1044,872,1145,11,469,0,7,198,283,12,0,9810,24,729,659
cold_ocean,69587,800,0,808,10232,0,1621,500,1049,23,374,0,0,282,283,16,3,10000,10,855,723
cold_ocean,69866,1092,0,287,10286,3,1159,379,802,0,490,0,10,326,78,10,1,9753,14,803,1816
cold_ocean,72443,757,0,320,8063,0,1351,275,1089,0,360,0,85,689,126,18,65,8530,10,388,2421
cold_ocean,73034,820,0,751,6629,0,1240,344,750,0,486,0,0,868,0,18,87,8096,18,614,3126
cold_ocean,71046,1114,0,489,9368,0,667,815,771,0,476,0,0,371,192,14,39,8797,24,495,2410
cold_ocean,66449,1046,0,210,14758,0,904,441,742,0,651,74,1,0,10,30,0,8362,16,930,2572
cold_ocean,65871,1220,0,843,14446,0,1422,607,415,0,353,0,0,0,115,8,0,7258,12,1090,3563
cold_ocean,65932,1461,0,523,13672,0,528,409,505,0,703,51,0,0,293,16,0,8259,18,1744,3130
cold_ocean,66456,360,0,550,14089,0,1224,240,352,0,477,354,0,120,15,13,30,8649,28,815,3294
cold_ocean,66799,793,0,175,13495,0,1366,656,506,0,666,117,11,81,59,13,12,9513,14,785,2088
cold_ocean,66031,985,0,427,14771,0,957,301,335,0,736,0,39,5,0,18,0,9258,24,758,2577
cold_ocean,65804,2096,0,552,13861,0,738,249,875,0,715,0,0,0,7,22,0,7302,36,1248,3641
cold_ocean,65804,559,0,536,13719,0,858,211,368,0,709,0,0,0,0,14,0,6151,8,1084,7221
cold_ocean,65924,969,0,315,12948,1,254,299,913,0,613,0,0,38,3,21,0,5979,16,778,8173
cold_ocean,66393,791,0,572,13365,0,273,356,902,0,526,0,0,28,21,33,0,6362,14,1463,6123
cold_ocean,66518,674,0,743,13132,0,668,761,589,0,310,54,22,1,313,29,0,6554,14,1068,5063
cold_ocean,66324,663,0,496,13825,0,379,779,836,0,620,171,0,116,271,11,3,6040,10,784,5361
cold_ocean,66985,483,0,554,13116,0,958,579,1112,0,155,84,0,35,282,20,8,3281,20,1392,7966
cold_ocean,66369,928,0,591,12845,0,256,294,575,0,302,100,5,49,0,20,1,2603,6,1600,10637
cold_ocean,67772,1077,0,516,10983,0,69,237,398,0,445,453,5,348,0,5,34,3718,14,1464,9630
cold_ocean,66776,770,0,505,12657,0,1325,605,804,0,445,284,3,93,93,15,37,7041,10,1414,4228
cold_ocean,66728,1841,0,575,13961,0,1123,812,626,0,579,17,0,279,131,15,1,7344,10,604,2275
cold_ocean,66754,833,0,350,14475,0,1053,890,1327,0,607,109,0,22,250,20,3,7240,18,1053,1743
cold_ocean,67735,1201,0,221,11876,0,1224,794,489,0,936,255,12,275,301,20,7,7994,26,1602,2064
cold_ocean,68791,347,0,784,11443,0,910,163,390,0,313,0,514,79,40,26,31,6484,14,1424,5466
taiga,67099,811,0,438,13213,0,863,418,696,48,397,0,84,104,65,0,4,9156,0,941,2128
cold_ocean,67674,972,0,96,11964,0,559,264,526,0,565,0,96,170,29,9,37,8598,4,1135,3080
cold_ocean,67943,607,0,147,13023,0,516,115,900,8,328,0,0,7,70,24,0,5695,22,1632,6264
cold_ocean,67381,873,0,116,13638,1,920,581,1408,0,602,0,126,0,95,26,0,6973,26,687,3747
cold_ocean,73504,848,0,92,6540,0,922,775,893,0,409,0,422,0,227,17,0,6630,16,789,5231
cold_ocean,68148,943,0,82,12771,0,1155,520,1104,0,598,0,17,0,64,29,0,7070,18,1032,3680
cold_ocean,67677,1227,0,0,13128,0,573,141,385,0,746,0,0,0,0,21,0,7250,20,1242,4819
cold_ocean,68734,1295,0,0,12159,0,667,109,1040,0,544,0,1,0,11,22,0,7016,20,1108,4521
cold_ocean,69553,540,0,0,11497,0,1217,166,705,0,428,76,1,0,4,24,0,7831,28,808,4223
cold_ocean,67696,532,0,0,10697,0,164,288,384,0,588,0,2,0,0,19,0,4767,20,1539,9465
cold_ocean,68459,122,0,0,12739,0,175,271,564,17,410,0,0,0,0,2,0,3274,0,1046,10248
forest,69618,561,0,0,11302,0,591,808,300,213,867,18,0,0,0,8,4,7092,4,903,4732
forest,65896,1186,0,0,12097,0,854,707,600,250,610,0,0,0,0,0,1,11819,0,1259,1455
forest,63930,864,0,0,13929,0,846,417,1340,224,435,0,0,0,15,0,7,12272,0,2081,284
forest,63881,1667,0,0,14941,0,847,761,925,257,181,0,0,0,11,0,2,11522,0,1050,581
forest,64798,1493,0,0,12785,0,831,535,818,292,472,0,11,0,0,0,9,13490,0,989,170
forest,61416,784,0,0,14390,0,1004,685,923,249,308,0,0,0,0,0,4,14691,0,1654,0
forest,67796,1050,0,0,10745,0,749,1217,781,251,455,0,1,0,0,0,3,12374,0,1357,0
forest,70785,520,0,0,8794,0,650,1092,579,249,772,0,1,0,0,0,10,12851,0,295,1
forest,61058,982,0,0,14040,0,1009,1045,1264,260,1057,0,2,0,0,0,6,14664,0,1220,0
plains,67615,689,0,0,11579,0,673,1159,366,301,524,0,314,0,0,0,12,10867,0,1018,1896
plains,74212,210,0,12,12449,0,273,579,858,181,325,0,161,0,116,0,20,5852,0,858,1248
plains,74929,735,0,0,13373,0,250,644,267,231,380,0,0,0,0,0,61,5367,0,805,153
plains,72778,615,0,0,13267,0,953,585,410,227,415,0,0,0,0,0,58,6612,0,1246,66
plains,74133,33,0,0,11359,0,753,582,792,257,558,0,49,0,0,0,54,7058,0,1232,406
plains,69609,962,0,9,12311,0,505,747,912,86,520,0,1,0,171,13,26,7244,26,731,3280
plains,67690,1039,0,0,13244,0,1244,761,823,188,674,0,111,0,0,0,26,9068,0,965,1370
plains,68981,749,131,0,12377,0,707,745,1079,199,481,0,340,0,6,0,40,9728,0,745,598
plains,69920,358,89,0,13807,4,755,798,393,255,281,0,73,0,0,0,69,8951,0,690,309
plains,70784,1012,0,0,11207,0,1211,796,869,250,438,0,0,0,0,0,62,8936,0,1435,229
plains,68238,1268,0,0,12835,0,1197,729,535,256,639,0,0,0,0,0,59,10623,0,849,0
plains,65862,1445,0,0,14070,0,678,1305,1054,256,478,0,1,0,0,0,45,10842,0,1172,0
plains,64783,778,0,0,13817,0,1337,1221,1391,256,379,0,0,0,0,0,61,11818,0,1273,0
plains,64694,1158,0,0,12442,0,996,1317,1029,256,518,0,27,0,0,0,46,12685,0,660,130
plains,64560,811,0,0,13153,0,646,866,916,256,359,0,146,0,0,0,41,12873,0,1358,1005
plains,65977,913,0,0,13059,0,782,600,1196,260,593,0,172,0,0,0,61,12000,0,824,727
plains,64794,704,0,0,13799,0,1037,820,1196,255,578,0,19,0,0,0,50,12198,0,1241,241
plains,64378,926,0,0,13912,0,876,967,610,280,418,0,254,0,0,0,45,12559,0,1145,588
plains,64214,926,94,0,14831,0,1072,1268,935,256,770,0,0,0,0,0,52,11079,0,909,648
plains,70968,275,0,0,11454,0,1113,1223,1621,256,299,0,0,0,0,0,53,9391,0,432,77
plains,70658,334,0,0,12452,0,730,782,1135,256,209,0,0,0,0,0,47,9543,0,699,425
plains,67506,929,0,0,13728,0,962,1003,1033,256,488,0,0,0,0,0,48,9259,0,1057,854
plains,72442,1119,0,0,9031,5,1145,1011,871,256,322,0,1,0,0,0,64,9939,0,720,305
plains,72120,1222,0,0,9286,0,1161,1073,786,256,412,0,0,0,0,0,65,10360,0,495,0
plains,67089,1143,0,0,14458,0,1377,1035,730,256,468,0,1,0,0,0,62,9867,0,728,0
plains,65220,1265,0,0,14326,0,505,647,1469,256,216,0,0,0,0,0,64,11815,0,1417,0
plains,65670,1559,0,0,14181,0,1293,799,1511,256,366,0,0,0,0,0,65,10404,0,1137,0
plains,68166,801,0,0,13567,0,648,1012,1125,255,594,0,0,0,0,0,50,9831,0,1078,0
plains,65912,1148,0,0,14950,0,760,1380,1205,256,765,0,0,0,0,0,34,10491,0,276,0
plains,64826,1503,50,0,14961,1,1165,1256,465,256,924,0,0,0,0,0,38,11017,0,644,0
plains,64038,870,344,0,14648,0,1787,1559,1050,256,391,0,3,0,0,0,47,11538,0,458,0
plains,63995,1027,311,0,13962,0,1264,1194,738,256,874,0,10,0,0,0,68,12300,0,1033,0
plains,64098,791,539,0,14145,0,1532,1343,903,256,196,0,0,0,0,0,53,11861,0,1307,0
forest,65178,1592,135,0,13518,0,1180,851,814,252,394,0,114,0,0,0,15,11647,0,1046,1
forest,64937,1128,27,0,13187,0,1558,934,904,251,401,0,96,0,0,0,11,12113,0,1220,0
forest,64619,700,314,0,13784,0,1193,910,1237,252,409,0,22,0,0,0,9,12157,0,1069,0
forest,62572,969,528,0,14108,0,1276,546,826,249,549,0,61,0,0,0,6,13371,0,1239,269
forest,62128,1421,324,0,14214,1,803,650,1817,248,444,0,73,0,0,0,3,12560,0,1302,302
forest,63326,1052,0,0,13666,0,1274,1006,731,249,640,0,125,0,0,0,2,11918,0,1244,1307
forest,62516,1001,0,0,13256,0,579,1077,1355,248,507,0,0,0,0,0,6,13637,0,1022,61
birch_forest,65254,1123,164,0,10873,0,312,842,840,250,546,0,92,0,0,0,7,13449,0,1132,1
birch_forest,68166,1202,43,0,13058,2,1245,729,376,287,443,0,41,0,0,0,18,9352,0,1080,18
birch_forest,73509,1012,78,0,11670,0,992,905,683,251,425,0,196,0,0,0,9,6358,0,754,0
birch_forest,71075,553,0,0,14578,0,416,863,96,249,677,0,151,0,0,0,18,7168,0,922,0
birch_forest,69128,1241,92,0,13625,0,961,754,561,226,508,0,0,0,44,0,1,8588,0,951,262
birch_forest,66527,717,0,76,13457,0,823,982,1370,235,424,0,0,0,1,0,4,10587,0,1527,38
birch_forest,64632,502,0,213,14154,0,1504,962,1255,251,451,0,1,0,0,0,14,11673,0,1218,0
beach,65002,1181,0,53,13493,5,970,671,1046,59,583,0,0,31,420,0,4,10578,0,1561,700
beach,65522,1065,0,205,14243,0,1053,495,1107,18,606,0,0,43,521,3,1,10233,0,938,636
river,65791,1233,0,235,15018,0,583,557,780,2,637,12,0,0,101,21,0,7754,20,487,3948
ocean,65999,1533,0,166,14373,0,1234,480,995,0,500,275,0,3,199,14,0,7691,12,1164,2438
ocean,66307,824,0,557,13204,0,1182,203,611,0,757,120,2,131,0,30,0,8415,14,928,3880
ocean,67966,762,0,517,12404,0,1125,322,1206,0,545,0,0,382,0,33,26,7393,18,378,3983
ocean,73066,1065,0,820,6011,0,544,88,980,0,664,0,1,514,0,19,46,4995,20,516,7757
ocean,71919,114,0,593,6711,0,661,46,210,0,498,331,0,292,0,38,55,3061,42,565,12031
ocean,70754,587,0,466,8395,0,448,0,632,0,575,250,0,380,0,27,59,3236,36,814,10474
ocean,68542,691,0,684,11664,0,783,122,491,0,439,0,0,455,0,0,66,5787,0,526,6849
ocean,67619,1005,0,1033,11767,0,1087,332,338,0,833,0,177,225,7,0,24,7609,0,1180,3942
dark_forest,67877,343,0,1143,11755,0,1066,404,892,15,589,58,114,335,7,0,28,7801,0,1138,3459
dark_forest,67995,1016,145,590,12147,0,1007,854,1160,226,432,0,53,354,29,0,83,8921,0,586,820
dark_forest,69007,930,0,934,11955,0,500,1083,741,245,356,0,66,479,14,0,74,8337,0,1228,475
dark_forest,68117,519,0,1112,10185,0,1116,1007,996,173,659,0,131,510,318,0,35,10438,0,928,77
dark_forest,67112,1246,113,1547,12123,0,279,1266,731,283,731,0,160,497,0,0,63,8098,0,912,122
dark_forest,67954,987,0,1119,12301,0,1061,798,841,235,300,0,19,744,0,0,4,8691,0,783,32
dark_forest,67439,1089,0,974,12241,0,1391,852,1028,246,469,0,0,554,19,0,29,8853,0,1178,2
beach,67940,875,0,1366,11047,0,1041,705,1449,49,610,0,0,157,681,0,21,8166,0,1727,682
beach,66286,1080,0,1102,13332,0,655,215,503,3,417,0,0,45,905,0,8,8731,0,1431,1858
ocean,68615,1100,0,1294,9919,0,835,733,870,130,373,8,0,400,368,3,40,9583,4,1332,1018
ocean,71731,1022,0,671,8876,0,1202,723,400,154,252,18,27,387,68,4,72,7083,10,310,4117
ocean,66245,1243,0,931,13294,0,245,120,516,26,668,0,2,107,0,35,15,6265,34,966,6516
ocean,65946,970,0,657,13509,0,637,171,952,0,612,0,0,0,0,17,0,7091,18,1384,4527
ocean,65854,744,0,1005,13137,0,916,280,313,0,459,0,0,0,13,20,0,7674,14,2034,4300
ocean,66008,992,2,645,13512,2,864,203,756,0,660,77,0,48,0,24,0,7238,20,1469,4694
ocean,65950,708,0,1287,12933,0,841,231,991,0,839,27,0,0,2,26,0,6557,20,1363,5485
ocean,66228,448,0,1345,12671,0,942,194,762,0,701,0,0,0,0,16,0,7313,24,1112,5484
ocean,65855,495,0,1194,14130,2,1005,102,491,0,474,0,0,0,0,28,0,4722,34,669,8128
ocean,66049,424,0,653,12545,0,393,95,1165,0,621,0,0,8,0,18,4,2769,22,850,10218
ocean,66218,692,0,1261,11381,0,375,130,720,0,408,0,139,77,0,39,8,3656,30,1441,8932
deep_ocean,67767,550,0,938,10939,0,504,90,476,0,538,0,181,592,0,11,109,6640,80,627,6544
deep_ocean,67454,604,0,786,12203,0,100,89,560,0,389,75,2,298,0,3,28,6477,64,1202,6870
deep_cold_ocean,71984,751,0,853,7380,0,0,139,294,0,615,84,100,593,0,9,45,5510,76,867,7660
deep_cold_ocean,78069,892,0,395,1898,0,811,79,604,7,313,0,42,489,0,10,58,3785,106,81,9500
deep_cold_ocean,81036,2,0,0,1020,0,606,46,250,0,417,78,452,259,0,4,0,4257,42,358,8507
deep_cold_ocean,76633,68,0,496,3893,0,934,130,470,6,400,97,199,296,0,4,30,2542,38,464,10616
deep_cold_ocean,69136,0,0,556,10794,0,552,233,489,0,644,0,0,398,0,2,71,5519,48,707,7988
deep_cold_ocean,66754,101,51,700,12733,0,1310,178,1119,0,681,0,0,241,0,8,26,5770,60,998,6516
deep_cold_ocean,66605,1492,13,1266,12348,0,1204,234,536,0,790,0,39,155,0,10,11,5731,90,688,5936
deep_cold_ocean,69303,829,0,929,10855,0,274,174,1153,0,458,0,0,271,14,5,16,5041,40,397,7376
deep_cold_ocean,66417,512,0,457,13606,0,476,81,515,0,659,0,52,69,0,13,0,5401,42,1107,7851
deep_cold_ocean,65995,837,0,851,14074,0,1301,96,649,0,378,0,0,0,0,5,0,5058,54,645,7334
deep_cold_ocean,65846,1187,0,662,13803,0,576,234,1359,0,604,7,0,0,0,4,0,5084,60,1135,6752
cold_ocean,66033,568,0,600,13921,0,1040,104,737,0,560,258,0,12,0,0,3,7311,0,1672,4122
cold_ocean,66649,1268,0,368,13210,0,314,243,1797,0,617,151,0,0,0,15,0,7514,12,1044,3861
cold_ocean,65990,1210,0,795,14075,0,742,174,289,0,597,0,0,0,4,14,0,7485,24,1398,4345
deep_cold_ocean,66126,921,0,540,14055,0,508,101,1353,0,775,0,0,2,0,9,0,5975,60,1201,5583
cold_ocean,66950,332,0,369,12879,0,1273,113,1543,0,616,0,0,134,0,19,0,6969,18,1511,4393
cold_ocean,71744,1172,0,402,8385,0,555,108,1341,0,776,0,0,376,4,24,8,6869,54,951,4378
deep_cold_ocean,68411,612,0,498,11608,2,853,100,1136,0,422,0,0,153,1,10,58,7074,76,1463,4552
deep_cold_ocean,66057,965,108,472,12980,0,1157,261,856,0,758,0,0,9,8,12,5,8503,38,1452,3387
deep_cold_ocean,66636,945,0,243,13148,0,834,224,749,0,663,356,0,13,36,5,3,8792,78,1452,3008
deep_cold_ocean,66494,667,0,346,13216,2,1304,304,1322,0,681,104,1,0,0,3,0,7523,32,1292,3817
deep_cold_ocean,66049,840,0,524,14409,0,832,480,1259,0,443,0,0,0,77,5,0,8073,56,863,3241
deep_cold_ocean,66239,1265,0,538,13267,0,704,108,857,0,746,0,0,70,36,6,0,8732,36,1083,3527
deep_cold_ocean,66242,460,0,667,13921,0,632,256,808,0,621,0,0,94,0,3,11,6642,42,675,5731
deep_cold_ocean,67091,771,0,307,13502,0,1124,70,739,0,457,240,0,123,0,8,0,5103,44,986,6231
deep_cold_ocean,66399,788,0,371,13844,0,726,294,249,0,531,559,0,0,0,14,0,6838,32,1064,5111
deep_cold_ocean,65886,791,0,360,14223,0,1001,299,562,0,129,178,118,4,0,8,1,6192,54,1134,4966
deep_cold_ocean,65848,1062,0,441,14066,0,853,333,898,0,535,0,0,21,0,2,8,4843,22,1305,5143
deep_cold_ocean,65792,1071,0,661,14799,0,661,354,830,0,385,0,0,0,0,8,0,5671,50,822,5001
deep_cold_ocean,65951,1138,0,696,13897,0,1409,177,602,0,613,111,0,27,0,5,7,5695,50,1140,5800
deep_cold_ocean,65792,792,0,316,13969,0,643,212,652,0,676,151,0,2,0,4,1,7190,32,1369,5446
deep_cold_ocean,65795,774,0,638,14409,0,806,98,394,0,730,100,0,13,0,10,2,6264,64,1275,5837
deep_cold_ocean,65792,1201,0,522,14524,0,231,108,1312,0,649,165,0,0,12,7,0,6771,74,909,4961
deep_cold_ocean,65890,831,0,485,13924,3,830,162,1009,0,837,137,0,52,0,12,11,5305,40,1391,6350
deep_cold_ocean,67766,1173,110,418,11468,0,899,54,466,0,975,0,0,554,0,6,89,6624,48,571,5794
deep_cold_ocean,68118,995,0,667,9833,0,654,119,551,0,519,0,0,272,0,3,36,6485,40,663,6468
deep_cold_ocean,66919,621,0,1064,11915,0,1281,192,735,0,651,0,1,259,0,9,7,6795,58,584,5606
deep_cold_ocean,67757,815,0,738,12258,0,704,302,387,0,474,0,0,383,0,1,75,6670,42,331,6201
deep_cold_ocean,67816,617,122,503,11978,0,831,137,1443,0,376,0,45,358,0,4,45,5931,48,667,6213
deep_cold_ocean,68742,864,0,617,10731,0,785,266,527,0,856,238,14,278,0,7,49,6046,76,1175,5838
deep_cold_ocean,67428,1065,0,466,12397,0,1216,387,919,0,382,210,0,433,90,5,64,6758,44,645,4417
cold_ocean,66815,1183,0,466,12840,0,863,778,1268,20,617,0,0,74,281,17,13,8054,16,1106,2727
cold_ocean,67563,1643,0,493,11818,0,979,712,1574,92,530,0,0,255,108,22,41,8489,8,925,1821
cold_ocean,68805,1289,0,311,10575,0,1394,649,837,3,477,36,0,408,301,26,57,8935,26,1178,1729
cold_ocean,71601,536,0,417,8637,0,1636,859,653,0,467,0,2,786,156,21,100,8993,16,249,1710
cold_ocean,72806,711,0,634,6952,0,755,334,795,0,523,0,0,701,185,24,36,8643,22,497,2977
cold_ocean,72656,1269,0,638,7608,0,1248,427,663,0,677,0,0,568,191,24,35,7506,16,608,2934
cold_ocean,68613,1424,0,795,11283,3,753,334,725,0,689,0,0,30,5,27,0,9225,18,578,2702
cold_ocean,66055,1100,0,293,14118,0,1042,441,648,0,983,188,0,0,0,14,0,8332,16,1327,2622
cold_ocean,66087,1616,0,395,14109,0,545,415,1135,0,732,312,0,0,73,19,0,8024,20,1351,2342
cold_ocean,66165,1479,0,671,13702,0,1011,247,1113,0,738,339,0,9,18,16,0,8164,14,835,2563
cold_ocean,65986,1118,0,484,13917,3,932,588,1125,0,412,58,322,0,228,20,0,8556,10,1214,2219
cold_ocean,66463,944,0,668,12561,0,545,437,835,0,606,0,97,7,222,26,0,9077,30,1617,2263
cold_ocean,67814,1286,0,423,11746,0,653,508,1340,0,396,0,2,0,95,23,0,7555,12,547,3031
cold_ocean,66480,1268,0,227,13498,0,1294,466,386,0,493,62,0,0,179,31,0,5729,18,826,5282
cold_ocean,65911,923,0,678,14207,0,503,92,244,0,342,112,0,0,0,8,0,7496,16,779,5902
cold_ocean,65913,1738,0,1008,13585,0,519,50,272,0,848,63,0,0,25,36,0,5268,28,973,6890
cold_ocean,65792,266,0,1092,13851,0,590,408,398,0,416,153,0,0,40,9,0,4336,12,1143,8747
cold_ocean,65918,105,0,460,14551,1,155,253,211,0,297,198,32,13,169,24,0,2556,10,970,11402
cold_ocean,66280,167,0,642,13765,0,176,349,312,0,373,57,23,0,90,19,0,1893,6,1071,12147
cold_ocean,66083,62,0,553,14278,0,344,68,217,0,329,0,0,77,4,24,19,3718,22,962,10540
cold_ocean,67240,1324,0,944,12669,0,743,311,376,0,491,0,22,195,24,18,34,6778,18,641,5329
cold_ocean,67744,1448,0,541,12145,0,1426,633,585,1,448,22,52,260,286,26,33,8550,16,1090,1771
cold_ocean,66925,934,0,241,14140,0,668,924,795,0,740,0,170,87,168,24,12,8876,8,1139,1317
cold_ocean,67195,1228,141,269,13595,3,1218,733,835,0,871,16,61,3,203,21,0,8091,16,916,1646
cold_ocean,67923,1306,20,271,12617,0,1113,729,755,0,678,345,153,256,265,21,18,8012,12,1006,1616
cold_ocean,67068,1546,0,326,13096,1,731,287,567,1,727,322,225,139,72,15,28,8681,12,847,2457
taiga,68034,335,0,492,13055,2,1117,813,630,86,466,0,52,45,39,0,10,8198,0,739,2965
taiga,64873,1156,0,236,14745,0,688,940,1136,244,253,0,0,24,0,0,3,10523,0,833,1167
taiga,65860,1016,53,129,14050,0,1203,664,1587,206,577,0,0,28,3,0,5,10293,0,841,231
cold_ocean,68168,787,10,81,12450,0,500,433,786,4,702,0,0,112,118,15,39,8999,8,1036,2899
cold_ocean,68589,800,6,165,12229,0,1007,983,901,35,254,167,0,0,305,19,0,8272,20,1063,2383
cold_ocean,68648,863,0,7,12167,0,1088,989,413,0,457,0,460,0,188,22,0,8245,22,781,2907
cold_ocean,75185,525,0,0,6022,0,646,286,600,0,551,0,429,0,0,15,0,5200,18,711,7196
cold_ocean,67117,877,0,0,13867,0,59,155,357,0,831,0,0,0,0,22,0,4873,10,1170,7097
cold_ocean,68347,742,0,0,13472,0,483,233,542,0,483,0,0,0,0,25,0,4946,20,486,6331
cold_ocean,66529,650,0,0,14319,0,428,285,540,0,540,130,63,0,2,24,0,6979,10,1302,5440
cold_ocean,66280,1064,0,2,13457,0,1486,808,903,2,776,168,0,0,213,20,0,8378,16,1544,1923
taiga,66329,877,163,0,13419,0,1031,518,569,8,533,32,103,0,122,0,0,8155,0,1138,2921
taiga,65796,1056,2,0,12877,0,807,605,965,130,879,0,15,0,3,0,5,9954,0,1503,2406
forest,64662,1257,0,0,13483,0,999,794,1369,249,371,0,0,0,0,0,2,12108,0,769,533
forest,65711,594,0,0,12756,0,1643,832,1161,251,388,0,0,0,0,0,5,11301,0,1077,1093
forest,63715,963,0,0,14669,0,869,623,717,251,460,0,0,0,0,0,6,10368,0,1189,2700
forest,65834,777,0,0,13975,2,776,509,969,253,340,0,0,0,0,0,8,10498,0,1271,1692
forest,64906,1179,0,0,11826,0,1238,731,1380,250,262,0,0,0,0,0,9,12335,0,2217,0
forest,65030,617,0,0,12600,0,888,862,1081,249,810,0,0,0,0,0,5,12629,0,1615,0
forest,67305,1869,0,0,9518,0,780,998,932,250,618,0,86,0,0,0,6,13255,0,1006,1
forest,61054,1264,0,0,14263,0,1129,1369,984,251,608,0,46,0,0,0,11,14268,0,1187,0
forest,60679,959,199,0,14616,0,971,1075,1517,252,462,0,181,0,0,0,21,14582,0,1143,24
plains,67240,807,4,0,12558,0,234,1005,507,281,469,0,833,0,0,0,26,10349,0,1271,1448
plains,74388,300,0,0,11520,0,113,806,276,271,70,0,391,0,0,0,35,6162,0,601,2375
plains,78686,182,0,0,10459,0,502,778,45,256,327,0,0,0,0,0,61,4028,0,812,1165
plains,79012,476,0,0,10017,0,251,906,115,255,279,0,0,0,0,0,69,3533,0,1041,1299
plains,75758,318,0,0,10811,0,487,575,281,128,182,0,0,0,74,2,30,5057,0,992,2600
river,75875,319,0,7,10976,0,430,495,287,29,207,0,0,0,186,24,8,3712,40,618,4130
plains,76932,547,0,4,9489,0,474,400,607,190,211,0,0,0,42,0,32,3737,0,888,3763
plains,75900,667,64,36,10652,0,517,531,438,106,261,0,0,0,225,0,16,3967,0,1323,1762
plains,71465,590,0,0,12920,0,634,797,544,256,497,0,0,0,0,0,51,4240,0,1340,3037
plains,68951,947,0,0,12797,0,1190,1200,788,256,582,0,1,0,0,0,42,9291,0,977,204
plains,67221,1537,0,0,12882,0,507,909,998,256,324,0,2,0,0,0,52,11404,0,1026,0
plains,66402,784,0,0,11901,0,1227,882,910,256,402,0,10,0,0,0,50,12531,0,1741,8
plains,65769,853,0,0,11773,0,1057,1162,934,246,677,0,0,0,0,0,42,13087,0,1230,177
plains,66128,851,35,0,10426,0,820,1010,993,256,409,0,1,0,0,0,59,13134,0,1050,128
plains,65352,1425,0,0,13687,0,1593,875,885,248,534,0,32,0,0,0,54,10820,0,1061,344
plains,66772,1113,0,0,13977,0,835,620,815,237,360,0,0,0,8,0,50,9766,0,1318,1284
plains,66616,1174,0,0,14442,0,1182,692,1082,227,624,0,90,0,0,0,51,9394,0,1066,413
plains,63750,1542,0,0,14058,0,1805,1073,1376,322,398,0,182,0,0,0,59,11081,0,823,163
plains,62703,1103,0,0,14573,0,976,1346,677,331,423,0,0,0,0,0,46,13552,0,1358,70
plains,65879,655,0,0,13319,0,1701,1336,1298,351,303,0,0,0,0,0,58,10712,0,1525,0
plains,66641,1179,0,0,14103,10,1179,1132,1166,281,255,0,0,0,0,0,60,10091,0,789,291
plains,66809,842,0,0,14925,0,1041,1085,743,256,273,0,0,0,0,0,78,9096,0,1184,784
plains,71460,969,0,0,11103,0,979,1517,915,256,257,0,0,0,0,0,65,8799,0,906,7
plains,68635,1391,0,0,14371,0,662,1180,564,256,427,0,37,0,0,0,57,8475,0,1185,4
plains,69737,446,0,0,11956,0,689,1421,1141,256,434,0,0,0,0,0,64,10409,0,641,1
plains,69238,1237,0,0,13022,0,877,1088,687,256,472,0,0,0,0,0,54,9064,0,1181,0
plains,67424,943,0,0,14499,0,841,933,531,256,317,0,0,0,0,0,75,10168,0,1120,69
plains,66724,1508,0,0,14053,0,639,606,1227,256,354,0,0,0,0,0,50,10344,0,1353,44
plains,65862,1193,0,0,14705,0,983,579,684,256,401,0,31,0,0,0,57,11279,0,1129,9
plains,65706,1223,0,0,13603,0,1000,900,1239,256,531,0,1,0,0,0,35,10732,0,1870,0
plains,67311,705,145,0,14162,0,1103,947,1216,256,509,0,0,0,0,0,29,9914,0,743,0
plains,65964,1205,157,0,14488,1,783,1194,1200,256,491,0,0,0,0,0,27,10063,0,1357,0
plains,64721,1290,124,0,14390,0,842,1541,911,256,560,0,0,0,0,0,53,11160,0,1204,0
plains,65559,1126,427,0,12599,0,1222,1198,1097,256,227,0,94,0,0,0,61,11979,0,1212,0
plains,64552,1458,1013,0,12976,0,505,1106,1271,254,438,0,0,0,0,0,59,11915,0,1077,0
forest,63962,967,597,0,13859,0,1562,899,858,255,767,0,36,0,0,0,20,11751,0,863,0
forest,64241,1369,535,0,13690,0,1044,992,615,248,491,0,42,0,0,0,1,11567,0,1593,0
forest,64662,987,637,0,14297,0,1135,936,1307,249,565,0,54,0,0,0,5,10854,0,763,0
forest,63030,1934,491,0,14216,0,357,1004,1053,251,329,0,25,0,0,0,5,12812,0,1115,0
forest,62723,1252,204,0,14550,0,981,682,1139,250,361,0,95,0,0,0,4,13201,0,1033,0
forest,64302,939,0,0,14330,0,1234,847,878,251,579,0,0,0,0,0,6,12048,0,1167,0
forest,63306,1522,0,0,14978,6,629,1126,1265,262,670,0,0,0,0,0,3,11958,0,849,14
forest,62715,998,60,0,13956,0,2007,1167,631,251,704,0,22,0,0,0,11,12802,0,1121,1
birch_forest,67987,995,20,0,13495,0,871,715,1000,249,244,0,13,0,0,0,20,9569,0,1507,0
birch_forest,74540,656,49,0,12310,0,331,724,359,252,329,0,30,0,0,0,13,6036,0,1332,0
birch_forest,74915,152,0,0,12474,0,635,766,255,251,651,0,0,0,0,0,13,5654,0,1159,0
birch_forest,71256,560,62,0,14291,0,255,852,752,241,410,0,0,0,0,0,6,6737,0,1345,0
birch_forest,64594,1575,0,25,14535,0,743,777,929,249,240,0,0,0,0,0,8,11637,0,1404,0
birch_forest,63983,1144,0,108,14012,0,1655,339,903,248,650,0,77,0,0,0,16,12470,0,986,87
birch_forest,63942,1170,81,63,13234,3,1187,464,1342,117,466,0,105,158,305,0,12,12518,0,1095,234
beach,65325,1724,167,237,14014,0,859,481,738,0,431,0,0,124,784,0,4,10147,0,846,496
beach,65773,1188,97,272,14472,0,792,501,329,2,267,0,0,0,759,7,0,8804,6,1184,2434
river,66201,1079,216,214,13772,0,580,545,571,0,792,15,23,0,154,45,0,7626,46,1293,3807
ocean,66325,842,94,228,13816,0,983,161,1321,0,1059,69,0,6,0,37,0,7855,22,927,3443
ocean,66219,639,8,627,13320,0,1066,241,575,0,769,0,0,121,0,31,20,8791,18,1210,3613
ocean,69300,810,0,720,9750,0,1127,100,534,0,734,42,1,431,14,33,43,7624,34,925,4785
ocean,70122,598,7,755,8848,0,350,129,27,0,674,161,0,443,0,31,48,4251,20,719,9903
beach,67299,80,0,1068,12272,0,674,94,372,0,603,0,0,215,460,16,34,7896,28,715,5012
beach,67903,1388,0,814,11359,0,1540,227,707,14,527,0,0,330,586,1,79,8058,2,987,2000
dark_forest,67634,715,0,521,12684,0,1234,673,1098,92,492,0,0,113,259,0,14,9082,0,1060,1244
dark_forest,65687,1319,0,898,13033,0,839,962,755,176,738,0,61,122,73,0,11,10139,0,1031,547
dark_forest,65757,1174,0,937,12615,0,843,1090,983,240,397,0,72,331,0,0,54,10903,0,627,201
dark_forest,66455,933,0,1158,13382,0,538,888,1124,235,266,0,278,308,0,0,44,9614,0,824,42
dark_forest,66491,1095,0,1239,12152,0,1168,1260,776,243,309,0,47,377,0,0,36,9889,0,1184,4
dark_forest,65217,855,0,872,13684,0,1491,967,761,240,641,0,0,470,0,0,75,9349,0,1470,0
dark_forest,64129,1311,17,917,13575,0,889,1274,1547,240,267,0,22,109,0,0,6,10421,0,1361,0
dark_forest,65245,1099,41,843,11044,0,1160,1158,1052,233,219,0,20,413,0,0,58,11807,0,1702,33
dark_forest,65589,1466,0,1510,12567,0,1220,722,810,238,235,0,12,275,0,0,28,10537,0,725,53
dark_forest,66566,1215,0,1121,12797,0,1052,709,859,244,516,0,20,283,0,0,13,9776,0,1280,19
dark_forest,67576,1057,0,1326,11428,0,949,1214,1165,221,210,0,11,562,67,0,40,9307,0,992,139
beach,67436,660,0,999,12491,2,1418,613,1074,72,640,0,71,303,594,0,50,8135,0,1210,696
beach,67705,1292,0,1119,11587,0,468,324,616,0,192,0,29,485,269,26,81,6690,14,1383,4588
ocean,67840,175,0,1459,13117,0,605,144,62,0,485,0,10,253,9,21,16,4759,22,574,7656
ocean,67134,497,0,883,12037,0,212,169,741,35,662,0,4,141,0,25,13,4438,6,1345,8855
ocean,65907,552,0,881,13900,0,356,117,409,1,745,0,0,2,0,10,0,4631,10,1257,8518
ocean,66044,974,0,786,14124,0,549,167,624,0,617,155,0,50,0,34,0,6960,26,1380,4689
ocean,66207,1131,0,953,13140,0,1063,67,1229,0,754,233,1,89,0,36,0,6473,30,1189,4634
ocean,65794,776,0,877,13665,7,708,237,808,0,575,107,0,0,0,19,0,7497,16,932,5220
ocean,65826,726,0,862,13698,0,908,404,823,0,661,0,0,0,0,34,0,6866,36,773,5600
ocean,66353,726,0,1318,12443,0,956,254,494,0,800,0,0,97,16,29,18,6959,30,1303,5486
ocean,67026,1291,0,828,12215,4,569,332,720,0,575,0,6,241,0,35,57,6769,30,1510,5000
ocean,67440,530,0,590,12211,0,1659,79,1109,0,365,0,660,318,0,16,32,6676,16,638,4893
ocean,70689,210,0,1121,7717,0,571,28,684,0,432,0,929,423,0,23,48,5766,68,992,7446
deep_ocean,72762,1020,0,1024,6766,0,800,94,496,0,416,0,40,346,0,30,3,5884,34,585,6796
deep_ocean,76059,1319,0,892,3628,0,388,132,584,0,479,0,0,416,0,9,4,5072,34,155,7925
deep_cold_ocean,77546,566,0,355,2680,0,100,16,1387,0,447,0,0,447,0,3,60,4461,34,128,8938
deep_cold_ocean,78956,297,0,256,1436,0,210,16,322,0,324,175,42,429,0,0,52,4900,30,163,9598
deep_cold_ocean,74856,509,0,569,5028,0,152,110,733,0,449,258,221,450,21,7,35,3824,52,402,9475
deep_cold_ocean,66559,292,0,828,13366,0,776,316,950,0,532,165,191,152,0,3,17,4384,68,812,7873
deep_cold_ocean,66145,810,0,910,13615,2,1173,357,586,5,795,188,1,43,1,1,0,4840,62,1203,6583
deep_cold_ocean,66088,909,28,528,13590,0,957,166,473,0,905,165,0,30,12,7,5,5779,56,1437,6135
deep_cold_ocean,66238,289,0,954,13705,2,258,176,979,0,422,60,0,21,46,6,0,5990,42,1293,6821
deep_cold_ocean,66172,440,0,1139,13364,0,213,270,163,0,438,0,0,65,0,8,22,6631,58,1375,6857
deep_cold_ocean,66022,380,0,790,14150,0,354,63,894,0,527,0,0,53,0,16,18,6214,16,1260,6419
cold_ocean,65908,980,0,472,14683,2,405,302,332,0,463,0,0,0,1,24,0,7665,16,1045,4891
cold_ocean,65860,363,0,761,13693,0,728,79,1434,0,560,137,0,0,0,22,0,7216,8,1837,4506
cold_ocean,66165,610,0,540,14151,0,701,314,807,0,694,295,0,0,13,23,0,7919,16,1040,3830
cold_ocean,66782,827,0,753,12793,0,1213,242,521,0,764,265,0,0,0,17,0,7499,14,1749,3752
cold_ocean,67499,1355,0,655,12621,0,1046,224,1130,0,647,195,0,185,0,25,11,5915,20,1166,4453
cold_ocean,68940,977,0,261,12617,0,727,147,454,0,560,212,0,232,0,16,10,6491,26,1628,3643
cold_ocean,68661,907,0,330,12992,0,1201,209,729,0,839,5,0,210,0,25,0,5533,16,1389,4075
cold_ocean,68955,575,0,513,10937,3,900,237,860,0,605,0,0,456,0,26,44,8346,64,1035,3530
deep_cold_ocean,68322,657,163,694,10776,0,1257,72,1045,0,553,0,38,380,31,9,91,8306,52,1230,3080
deep_cold_ocean,67260,1060,0,431,12517,4,504,546,463,0,280,215,58,190,170,6,24,9383,48,765,3178
deep_cold_ocean,65875,867,0,437,13238,0,906,755,1084,0,425,91,0,0,207,7,0,9398,64,1672,2091
deep_cold_ocean,65872,992,0,539,14346,0,1244,916,762,0,203,0,0,0,171,16,0,9802,58,743,1498
cold_ocean,66106,1312,0,448,13583,3,1720,341,1019,0,478,0,0,44,432,10,0,8652,6,1283,1755
cold_ocean,65877,719,0,719,13353,0,1166,493,1135,0,913,0,0,0,35,0,0,6973,18,1409,4486
cold_ocean,66581,1229,0,567,14121,0,856,359,625,0,465,174,0,36,10,2,0,7497,2,776,3883
cold_ocean,66625,776,0,365,13470,2,1119,266,399,0,651,334,0,0,0,9,0,8547,20,1126,3480
cold_ocean,65962,584,0,331,14855,0,811,351,596,0,517,336,0,0,0,23,0,7988,12,1185,3652
cold_ocean,66363,849,0,309,14275,0,1097,278,595,0,237,338,0,0,0,21,0,6057,44,1095,5279
deep_cold_ocean,66539,453,0,409,14338,9,811,59,800,0,292,132,16,61,0,2,0,6464,42,814,5471
deep_cold_ocean,65847,530,0,352,14396,0,1105,150,764,0,751,0,0,8,12,5,0,5744,41,1025,5857
deep_cold_ocean,65809,720,0,553,14459,0,541,365,912,0,652,0,7,11,0,4,1,4230,54,769,7564
deep_cold_ocean,66687,951,0,440,13008,0,566,157,851,0,868,0,6,379,0,6,74,4540,42,1022,7552
deep_cold_ocean,65851,423,0,546,14386,0,1070,195,568,0,443,0,0,17,0,2,8,6753,36,1161,5754
deep_cold_ocean,65792,852,0,466,14533,0,653,228,711,0,807,0,0,0,0,13,0,6670,80,1164,5234
deep_cold_ocean,65792,1384,0,719,14641,0,1059,200,1000,0,504,214,0,0,0,8,0,6029,58,739,4882
deep_cold_ocean,67171,810,0,839,12536,0,524,450,814,0,845,270,0,104,0,8,17,6536,38,832,5458
deep_cold_ocean,73819,376,9,52,7798,1,478,143,720,0,683,0,43,231,0,11,41,6549,78,20,6184
deep_cold_ocean,73257,815,0,681,6231,0,935,3,811,0,523,0,0,414,0,3,69,5550,44,691,7107
deep_cold_ocean,68360,991,0,815,11678,0,1245,243,10,0,489,0,0,308,2,8,44,5835,64,932,6137
deep_cold_ocean,66533,1083,0,873,13541,0,472,128,504,0,574,87,0,162,2,7,17,6321,52,754,6131
deep_cold_ocean,66366,900,0,360,13205,0,324,98,692,0,733,0,0,157,0,11,40,6791,76,1326,6067
deep_cold_ocean,66125,703,0,316,13944,0,955,193,1164,0,779,0,0,4,0,10,2,5962,38,1212,5771
deep_cold_ocean,66846,313,0,629,12184,0,1113,502,911,0,390,70,0,390,0,8,16,8990,30,1402,3286
cold_ocean,65814,841,0,566,14398,0,1350,726,602,0,641,0,0,9,380,23,0,9745,28,939,1182
cold_ocean,65929,1223,0,695,14071,0,619,680,825,0,474,0,0,0,366,9,0,10199,4,1012,1128
cold_ocean,66826,1163,0,845,12252,3,677,702,210,0,646,222,55,175,414,18,15,8890,20,981,3004
cold_ocean,69246,1434,0,753,10545,0,1054,697,1149,0,244,267,0,401,347,10,32,8036,8,984,1773
cold_ocean,69893,983,0,599,9981,0,821,512,999,0,665,0,0,367,76,11,31,6782,24,1251,2495
cold_ocean,70175,777,0,995,9968,0,475,360,952,0,553,0,0,338,0,8,24,8275,30,676,3253
cold_ocean,70481,1014,0,857,10218,11,1139,328,318,0,438,0,0,23,0,12,2,9484,14,320,2550
cold_ocean,68306,995,0,826,11829,3,926,1,346,0,722,74,0,0,0,45,0,9365,18,1199,2560
cold_ocean,65918,300,0,365,14213,0,615,384,1094,0,530,443,0,31,0,11,0,9370,20,1222,2560
cold_ocean,65815,1036,0,754,14454,0,1323,707,610,0,557,307,0,7,27,21,0,8387,16,1124,1986
cold_ocean,65859,1741,0,817,13530,0,1468,496,787,0,723,0,105,0,163,17,0,7658,32,1328,2461
cold_ocean,66689,1246,0,1032,12504,0,1073,829,713,0,682,0,77,11,164,26,5,7760,26,894,2988
cold_ocean,67981,1002,0,412,10611,0,1183,665,874,0,348,0,0,19,132,3,3,5640,6,927,5129
cold_ocean,66444,687,0,406,13064,0,1140,224,569,0,399,119,0,43,19,27,0,6509,22,839,5729
cold_ocean,66638,728,0,887,12326,0,780,50,461,0,508,315,0,165,39,13,4,7364,18,1151,5731
cold_ocean,65792,1048,0,587,14362,0,492,39,830,0,440,235,0,0,39,21,0,6845,18,1058,5434
cold_ocean,65879,668,0,713,14201,0,208,651,780,0,174,184,2,0,90,18,0,6590,12,1573,5505
cold_ocean,66059,81,0,447,14325,0,889,202,395,0,254,257,0,3,87,20,2,3738,26,968,9520
cold_ocean,66050,1153,0,312,13858,11,498,128,175,0,542,106,0,4,6,17,0,4045,8,1008,9347
cold_ocean,66289,431,11,485,13838,0,883,100,447,0,792,0,84,0,0,28,0,5078,20,1067,7696
cold_ocean,67099,1000,68,434,12992,0,1227,354,433,0,697,0,36,189,11,23,22,7519,16,1063,4036
cold_ocean,67252,797,0,466,11850,0,1316,446,821,12,638,0,113,252,86,14,77,9297,14,1575,2044
cold_ocean,67339,1006,0,647,12506,0,981,831,1318,111,497,0,103,125,61,6,50,9666,0,1283,568
cold_ocean,68125,777,0,571,12384,6,1207,648,994,0,394,0,23,177,175,26,32,8250,26,1347,2047
cold_ocean,67171,1087,0,579,12071,0,844,654,1364,0,540,78,0,247,207,10,64,9038,12,1508,1608
cold_ocean,66502,1167,0,342,14078,0,698,894,1404,0,397,37,89,176,177,43,0,8983,28,836,1267
taiga,65680,1175,0,291,14812,0,1281,1088,1077,99,225,0,0,32,169,0,2,9507,0,758,849
taiga,63757,1216,0,191,15186,1,1311,1054,1248,253,119,0,0,44,0,0,3,11311,0,931,202
taiga,62918,1435,50,192,14701,0,1360,1060,861,265,659,0,0,0,0,0,2,12030,0,1104,0
taiga,63496,1231,278,6,14113,0,1320,883,886,250,257,0,0,107,0,0,3,12209,0,1288,136
taiga,65533,1113,451,0,13462,3,834,719,823,218,762,0,1,0,0,0,1,11552,0,904,344
taiga,65924,512,478,0,14551,0,523,394,1126,20,440,18,0,0,0,18,1,9036,20,911,3004
taiga,67265,1035,179,10,12999,0,629,681,1349,1,503,147,191,0,0,15,0,6588,8,1485,4100
cold_ocean,67607,1046,85,0,12623,0,956,426,713,2,504,0,363,0,29,22,0,7743,14,1073,3995
cold_ocean,70500,441,108,0,10525,0,1260,223,898,8,802,0,97,0,0,17,0,7879,16,797,3575
cold_ocean,69590,1146,145,0,11703,0,338,191,1020,18,343,0,0,0,2,18,0,4680,18,1007,6703
cold_ocean,66896,656,0,0,14218,1,1195,219,1036,0,437,43,0,0,1,25,0,6722,10,600,4883
cold_ocean,66123,1030,0,5,14880,0,1141,739,875,0,642,279,0,0,60,20,0,8343,16,1082,1924
taiga,65441,1305,0,37,14418,0,1155,1031,1091,105,512,103,1,0,125,2,3,10108,0,777,784
forest,63149,1047,0,0,14887,4,1104,1198,672,248,449,0,0,0,19,0,5,12846,0,1029,26
forest,63461,1512,0,0,13596,4,1293,1077,1336,257,483,0,0,0,0,0,7,12552,0,850,31
forest,63063,1097,0,0,13367,6,1004,1070,801,250,566,0,0,0,0,0,7,13494,0,1738,111
forest,64015,931,2,0,14130,6,1465,1114,986,250,362,0,0,0,0,0,2,11214,0,1451,546
forest,66819,1055,2,0,13893,0,657,748,696,251,481,0,1,0,0,0,7,10704,0,1322,56
forest,69375,1212,0,0,13279,0,360,683,580,253,408,0,0,0,0,0,7,9496,0,911,0
forest,67136,1093,0,0,12568,0,804,601,417,251,544,0,1,0,0,0,3,10855,0,2269,0
forest,64668,1068,0,0,13453,0,795,793,666,250,1090,0,0,0,0,0,10,12421,0,1518,3
forest,63302,834,0,0,13903,0,1386,1027,1227,249,430,0,11,0,0,0,5,13119,0,1223,0
plains,65259,1540,0,0,13565,2,1321,1187,996,255,676,0,0,0,0,0,19,10615,0,1549,0
plains,67514,952,0,0,12660,0,802,1321,811,256,381,0,386,0,0,0,49,10706,0,1306,31
plains,72679,710,0,0,11066,0,410,974,634,272,270,0,1213,0,0,0,40,5668,0,631,2740
plains,72288,924,0,0,9878,0,457,868,346,213,266,0,390,0,0,0,30,7440,0,835,3331
plains,78018,104,0,0,10034,0,66,718,244,248,12,0,5,0,0,0,43,3930,0,1038,2946
plains,77467,190,0,21,9510,0,307,790,190,95,192,0,0,0,53,16,18,3283,16,1038,4229
river,78864,468,0,20,9564,0,330,703,13,71,323,0,0,0,152,13,14,2222,26,1179,3389
plains,75308,792,12,13,11727,0,299,472,189,227,238,0,0,0,20,2,48,1888,0,1019,5108
plains,75514,453,0,0,12464,0,416,721,38,256,96,0,40,0,0,0,63,1261,0,769,5288
plains,70803,623,144,0,12499,0,439,1130,726,253,119,0,161,0,0,0,70,4602,0,1006,4622
plains,72491,983,0,0,10832,0,702,1135,679,256,469,0,156,0,0,0,60,7590,0,1083,755
plains,69094,274,0,0,12695,0,828,1284,672,256,494,0,0,0,0,0,55,10437,0,1049,0
plains,68285,1470,0,0,12230,0,596,864,1647,256,523,0,7,0,0,0,36,10538,0,738,1
plains,68047,574,0,0,11379,0,712,435,936,256,464,0,21,0,0,0,58,13246,0,1001,57
plains,65942,698,0,0,12674,0,888,454,1007,252,594,0,0,0,7,0,49,13007,0,1025,449
plains,65286,652,109,0,14306,0,1036,722,555,261,138,0,0,0,0,0,57,11590,0,1244,1107
plains,67503,908,0,0,14460,0,714,835,268,280,344,0,0,0,0,0,62,8615,0,947,2211
plains,66971,699,82,0,14009,0,547,689,724,228,178,0,0,0,2,0,38,8015,0,1368,3534
plains,64791,1108,0,0,14360,0,1847,805,1063,256,378,0,21,0,0,0,46,10714,0,1093,702
plains,62563,1386,0,0,14207,0,1374,1419,1315,256,872,0,0,0,0,0,63,12106,0,1537,0
plains,62437,1370,0,0,13747,0,1331,1539,1211,256,667,0,0,0,0,0,46,12664,0,1657,88
plains,63529,1486,0,0,14168,0,1250,989,1760,256,571,0,0,0,0,0,35,11785,0,1237,0
plains,68964,1111,0,0,11326,0,1109,1128,1047,260,345,0,0,0,0,0,62,11044,0,711,39
plains,68693,904,0,0,13359,0,922,1064,599,279,366,0,0,0,0,0,54,10175,0,732,97
plains,74880,1077,0,0,11068,0,368,1050,547,256,350,0,0,0,0,0,47,6643,0,961,0
plains,69485,1077,0,0,13177,0,1452,1249,1225,256,200,0,0,0,0,0,45,8087,0,846,0
plains,73811,454,0,0,12643,0,87,1166,1124,256,205,0,0,0,0,0,82,6089,0,1302,0
plains,68776,1262,0,0,15306,0,718,1184,555,233,128,0,0,0,0,0,50,8161,0,821,23
plains,67738,1097,0,0,15211,0,1664,1143,589,193,415,0,0,0,54,0,50,8022,0,1001,13
plains,67379,847,0,0,14846,0,617,1031,1158,247,351,0,0,0,27,0,62,9455,0,1173,10
plains,65878,1157,0,0,13444,0,1116,839,1190,256,199,0,0,0,0,0,45,11299,0,1693,0
plains,65979,1545,0,0,14865,0,1125,459,773,256,443,0,0,0,0,0,56,10351,0,1090,204
plains,66693,1276,0,0,13718,0,1243,830,1148,255,110,0,58,0,0,0,71,9438,0,1516,754
plains,68003,1314,0,0,13314,0,1260,936,998,256,448,0,16,0,0,0,53,9184,0,1366,5
plains,68060,1168,198,0,13437,0,1134,880,1085,256,274,0,0,0,0,0,41,9566,0,877,159
plains,67401,1152,310,4,12615,0,1042,907,1062,241,402,0,0,0,2,0,75,10297,0,1452,14
plains,68097,1060,489,14,11935,5,1049,807,1493,251,534,0,0,0,0,0,49,10551,0,786,5
plains,66200,765,398,0,13003,0,797,937,1398,256,287,0,0,0,0,0,46,11913,0,955,0
plains,64415,1052,1297,0,13357,0,1616,944,791,256,535,0,0,0,0,0,50,11342,0,1217,2
forest,64577,1293,962,0,13036,0,1373,731,1182,250,399,0,38,0,0,0,6,11738,0,862,1
forest,64630,1354,1084,0,12687,1,1105,940,1131,249,482,0,0,0,0,0,3,11637,0,1247,0
forest,64059,1305,372,0,13284,5,1542,1109,752,252,331,0,0,0,0,0,6,11206,0,1339,0
forest,63502,1040,366,0,14287,1,1141,988,727,250,276,0,0,0,0,0,10,12332,0,1591,0
forest,64418,1165,24,0,15182,1,1094,687,1039,250,403,0,0,0,0,0,5,11176,0,1138,0
forest,64538,1523,0,0,14578,0,1616,990,829,254,459,0,0,0,0,0,17,10627,0,1527,0
forest,63769,1306,0,0,14795,0,1341,1121,765,250,603,0,0,0,0,0,9,11660,0,991,0
forest,62977,747,0,0,15012,2,1021,1125,924,251,632,0,0,0,0,0,7,13405,0,501,0
birch_forest,68122,698,0,0,15102,0,594,796,451,249,390,0,33,0,0,0,8,9718,0,601,0
birch_forest,75124,196,0,0,12306,0,401,743,359,250,234,0,0,0,0,0,10,6124,0,1129,0
birch_forest,76820,10,0,0,12229,1,749,719,348,249,312,0,0,0,0,0,10,4607,0,793,0
birch_forest,73942,151,0,0,14331,0,360,798,0,249,413,0,0,0,0,0,6,5259,0,1322,0
birch_forest,66692,936,0,0,14698,0,1086,1011,620,251,478,0,3,0,0,0,11,10005,0,1087,0
birch_forest,65374,1058,0,107,14140,0,730,833,1467,250,174,0,94,0,0,0,16,11510,0,950,115
birch_forest,65151,1139,0,126,13924,0,951,476,808,149,628,0,322,0,305,0,5,11167,0,958,357
beach,66168,859,98,180,12223,6,882,352,713,11,356,0,0,39,933,0,15,10202,0,1658,542
beach,66897,1147,153,176,13213,0,1598,228,785,0,349,0,0,214,1097,0,16,9083,0,1216,510
beach,66135,801,683,162,14251,0,1176,322,603,0,483,0,381,0,538,13,0,8267,12,771,2228
beach,65792,541,113,293,14774,0,522,242,1224,0,475,28,112,0,162,6,0,9440,6,855,2332
ocean,65790,1371,199,790,13611,0,1072,405,1105,0,727,175,0,0,111,25,0,7926,20,1302,2373
beach,65983,1018,246,127,13034,0,1135,77,620,0,1090,106,0,0,3,17,0,8731,26,1114,3801
beach,66535,1307,290,376,11833,0,954,190,838,0,661,7,0,113,350,1,17,8553,0,1752,3289
beach,65930,1015,122,810,13339,0,1214,413,1331,0,464,0,0,0,905,0,0,9393,0,1536,104
dark_forest,65212,1972,0,456,13228,0,641,1156,669,174,635,0,0,177,298,0,5,10262,0,1426,81
dark_forest,65393,1262,0,517,12608,0,821,1041,1129,242,630,0,0,286,0,0,9,11176,0,688,522
dark_forest,63160,854,0,408,14471,0,1405,1108,1033,242,451,0,0,81,0,0,5,11665,0,742,508
dark_forest,65315,1013,0,533,13269,0,792,977,886,239,537,0,1,350,0,0,8,11447,0,804,15
dark_forest,64812,1249,0,1023,12528,0,1220,745,1184,239,389,0,0,187,0,0,46,10981,0,1492,1
dark_forest,64837,819,0,774,13539,0,672,931,966,238,344,0,0,485,0,0,69,11448,0,972,0
dark_forest,65939,1378,0,1946,13008,0,811,482,982,223,326,0,0,311,0,0,22,9827,0,1127,74
dark_forest,63416,1340,24,798,13774,0,1354,1080,935,245,563,0,75,22,0,0,9,11062,0,1627,0
dark_forest,64113,559,35,657,13741,2,1376,1292,1060,243,719,0,62,183,0,0,37,11314,0,997,0
dark_forest,66488,1090,0,1790,9891,0,839,1011,818,244,817,0,25,343,0,0,28,10474,0,1461,17
dark_forest,65765,769,0,1174,11515,0,1512,1022,613,243,285,0,24,404,0,0,50,11746,0,1066,37
dark_forest,64932,1028,0,1103,13004,0,930,946,557,247,589,0,110,297,0,0,71,11430,0,1060,0
dark_forest,66882,722,0,1396,13145,0,833,968,579,240,496,0,255,456,0,0,68,9167,0,943,30
dark_forest,67912,1239,0,1399,11951,0,733,1241,914,257,473,0,60,519,0,0,55,8248,0,1394,0
dark_forest,66124,1425,0,1335,13150,1,882,1264,938,229,457,0,0,153,112,0,5,8499,0,1327,532
beach,66498,1121,0,1193,12478,12,982,172,457,14,209,0,0,142,576,0,15,6124,0,954,6001
beach,67249,319,104,989,12774,0,680,29,800,0,255,0,0,405,611,0,35,3873,0,1050,7698
beach,66700,274,0,816,12962,0,573,76,633,0,396,0,0,508,1014,0,11,6693,0,916,5236
beach,65519,1167,0,840,13095,0,596,53,750,0,568,0,0,150,687,2,34,6820,4,1170,5534
beach,66402,769,0,1027,13039,0,837,192,921,1,859,40,0,139,398,5,20,7923,4,868,3084
river,66079,1471,0,1167,13543,0,719,555,1036,0,669,11,0,77,13,36,0,7200,26,1166,3476
ocean,66039,872,0,321,13344,0,680,314,893,0,478,225,0,26,0,46,0,7731,40,818,5392
ocean,66294,1013,0,1182,12267,0,800,109,898,0,425,146,0,231,0,20,29,6957,30,455,6324
ocean,66424,865,0,1472,12759,0,766,204,303,0,1006,0,0,188,0,26,37,7463,34,892,4817
ocean,67212,1051,0,864,12551,0,409,294,780,0,695,0,174,292,17,20,53,7386,10,571,4705
ocean,69707,1286,0,1014,9475,0,617,258,1579,0,531,0,557,354,0,24,38,6339,10,945,4359
ocean,74725,505,0,1011,5374,0,787,111,856,0,414,0,593,384,0,27,10,6242,32,152,5917
ocean,76286,1283,0,428,4318,0,765,242,597,0,544,0,138,418,0,19,9,5869,28,236,6047
deep_ocean,76568,630,0,467,3773,0,449,82,715,0,469,0,0,403,0,2,27,5336,0,616,7326
deep_cold_ocean,76244,546,0,980,3932,0,471,71,330,0,401,0,69,401,0,3,14,5932,42,103,7691
deep_cold_ocean,75343,1068,0,890,4094,0,608,228,720,0,473,135,0,431,0,8,13,4646,72,330,7960
deep_cold_ocean,74144,667,0,814,6436,0,372,109,392,0,657,342,0,387,0,6,12,4900,52,194,7671
deep_cold_ocean,69137,694,44,755,11488,0,974,30,432,0,523,261,0,243,0,10,30,5079,40,469,6981
deep_cold_ocean,65853,571,6,1175,13367,0,1086,205,488,17,808,317,0,3,0,13,0,6271,60,625,6393
deep_cold_ocean,65989,355,52,520,14029,1,1220,319,744,0,481,313,0,26,0,8,13,5780,38,1308,6034
deep_cold_ocean,65928,721,0,811,13900,0,649,183,930,0,413,198,0,0,8,9,0,5643,104,963,6499
deep_cold_ocean,66074,658,0,682,13949,0,726,38,78,0,713,289,0,37,0,10,19,6676,28,1189,5995
cold_ocean,66734,708,0,311,13837,3,700,254,1010,0,581,237,0,59,0,8,18,7279,12,1149,4237
cold_ocean,66736,1449,0,159,14009,1,741,281,450,0,806,85,1,0,26,15,0,7331,8,963,4200
cold_ocean,67421,899,0,533,12540,0,902,245,736,16,711,81,44,0,0,16,0,7011,6,1353,4669
cold_ocean,67368,269,0,707,13263,0,263,275,1162,0,581,187,0,0,0,34,0,7715,26,845,4430
cold_ocean,67435,1332,153,589,12363,0,948,12,696,0,686,188,147,64,0,22,2,7070,12,1704,3772
cold_ocean,68891,1147,0,1191,12148,0,846,176,172,0,809,214,118,53,0,13,25,6781,8,1112,3497
cold_ocean,67536,1267,0,542,11477,0,678,174,652,0,947,359,235,107,0,18,12,8422,10,1545,2947
cold_ocean,70414,980,0,644,10729,0,169,283,241,0,664,375,0,170,0,11,1,7595,26,1309,3468
cold_ocean,70110,1127,0,783,9803,0,406,215,546,0,497,0,50,436,3,15,18,7225,20,1421,4370
cold_ocean,68223,475,24,829,11376,0,671,420,617,0,691,0,37,77,277,11,14,9078,10,1129,3037
deep_cold_ocean,65966,1625,90,530,13374,0,995,890,873,0,693,41,0,10,295,25,0,8389,88,1015,2237
deep_cold_ocean,66020,1180,0,582,14086,0,780,988,1087,0,461,90,0,0,231,5,0,8674,42,793,2125
cold_ocean,65992,1253,0,574,13939,0,1410,408,670,0,597,0,0,0,43,11,0,8089,12,1184,2996
cold_ocean,65821,1125,0,413,14064,0,466,543,1232,0,492,0,0,0,58,14,0,8677,52,1193,2662
cold_ocean,66889,856,0,355,12735,3,969,297,1235,0,537,0,0,23,0,24,9,6803,44,1554,3983
cold_ocean,66212,714,0,321,14101,3,1240,133,1501,0,716,0,0,20,0,9,5,7061,6,1339,3805
cold_ocean,66965,996,0,160,14060,0,383,532,959,0,651,87,0,0,11,18,0,7473,26,1023,3859
cold_ocean,66334,891,0,580,13412,0,346,229,753,0,572,30,0,0,13,18,0,8692,8,1638,3663
cold_ocean,65802,393,0,635,14160,0,661,144,871,0,963,59,0,0,0,13,0,8901,18,866,3708
cold_ocean,66569,900,0,406,14331,2,758,195,547,0,486,359,0,43,4,12,0,7774,10,867,3938
cold_ocean,65919,704,0,252,14381,0,682,272,1159,0,373,112,23,0,0,28,0,7416,22,1323,4472
deep_cold_ocean,65796,687,0,476,14154,0,812,211,943,0,489,0,157,0,0,7,0,6817,80,1209,5336
deep_cold_ocean,65792,148,0,411,14195,0,729,185,423,0,739,0,52,0,10,10,0,7000,48,1058,6498
deep_cold_ocean,65792,887,0,549,13619,0,1256,153,520,0,761,0,0,0,1,9,0,5912,64,1257,6473
deep_cold_ocean,66693,349,0,598,13033,0,823,26,49,0,657,0,0,141,1,2,11,5799,36,1378,7641
deep_cold_ocean,66728,1441,0,742,12391,3,431,112,537,0,440,0,0,8,0,6,6,5727,54,1653,6627
deep_cold_ocean,65867,596,31,549,13959,0,876,0,931,0,644,50,0,0,0,7,0,6246,38,1352,6045
deep_cold_ocean,66508,579,212,578,13221,0,575,356,1024,0,681,273,0,97,0,5,6,6487,56,1036,5412
deep_cold_ocean,73597,122,201,339,6762,0,991,226,612,0,442,244,98,289,0,7,14,7380,42,454,5266
deep_cold_ocean,75995,391,95,40,5167,0,555,377,769,0,297,0,425,276,0,8,0,6931,66,133,5682
deep_cold_ocean,73969,1089,0,326,5912,0,641,59,473,0,276,0,151,367,0,4,22,5790,62,1075,6916
deep_cold_ocean,68795,1044,93,840,11150,0,1221,37,326,0,615,197,1,97,0,6,14,5376,62,1076,6236
deep_cold_ocean,65852,834,0,728,14402,0,856,131,912,0,703,228,0,50,0,5,0,5568,48,1046,5875
deep_cold_ocean,65802,561,0,340,14099,0,457,141,918,0,831,0,0,0,0,5,0,7457,46,1404,5132
deep_cold_ocean,66156,931,0,437,13723,0,902,171,746,0,685,0,0,2,6,0,0,7512,0,1577,4332
cold_ocean,66626,327,0,737,13234,0,992,301,720,0,847,0,0,200,41,29,9,9063,18,1142,2820
cold_ocean,65800,175,0,718,13617,0,1758,1137,1898,0,346,0,0,2,185,13,0,8246,20,1548,1455
cold_ocean,65792,1400,0,622,14122,4,800,754,1509,0,598,0,0,0,347,19,0,8740,16,1051,1326
cold_ocean,65805,873,0,655,13150,0,642,416,328,0,921,107,0,0,96,20,0,9198,18,1383,3572
cold_ocean,67878,760,0,677,11701,0,258,682,1251,0,860,311,0,301,55,18,34,8850,4,1170,2134
cold_ocean,67702,1284,0,675,12256,0,881,314,1076,0,993,186,0,170,47,20,20,8176,8,1041,2298
cold_ocean,69048,1381,0,912,10958,0,341,230,568,0,743,0,0,67,14,22,32,9809,10,492,2556
cold_ocean,70359,545,0,849,10145,0,1119,696,1161,0,608,0,4,1,211,17,1,9289,12,388,1769
cold_ocean,69614,1176,0,343,10849,0,1460,407,784,0,616,0,0,0,80,20,0,8313,14,1117,2385
cold_ocean,66941,1053,0,549,13703,0,597,332,1327,0,813,77,0,0,0,31,0,8064,20,842,2867
cold_ocean,65792,1300,0,386,13716,0,800,341,885,0,747,189,0,0,0,18,0,8124,12,1834,3055
cold_ocean,65875,1023,0,396,14813,0,999,171,743,0,1019,0,0,15,0,16,0,7285,10,550,4279
cold_ocean,66807,1208,0,777,13272,0,738,259,411,0,656,0,0,135,0,13,13,7060,8,1427,4422
cold_ocean,69842,1041,0,679,8364,0,576,253,717,0,630,0,1,151,0,21,6,5973,20,595,6185
cold_ocean,67209,1157,0,691,11970,0,897,534,800,0,847,0,0,232,0,13,16,6774,10,729,4484
cold_ocean,67503,1443,0,921,10821,0,1097,309,708,0,651,198,0,496,12,10,56,7542,4,1292,4022
cold_ocean,65851,645,0,708,14054,0,1342,509,866,0,377,107,0,92,369,15,18,8683,10,1003,2449
cold_ocean,65792,882,0,828,14185,0,608,1146,1023,0,585,0,0,0,161,33,0,9571,30,1126,1206
ocean,65795,1227,0,676,13730,2,667,632,713,0,338,108,0,0,321,18,0,9519,12,1349,2157
ocean,65932,936,0,634,14602,0,1126,398,400,0,531,39,0,29,82,34,14,6211,24,783,5428
cold_ocean,65981,886,32,248,13516,0,849,33,657,0,627,0,18,36,35,24,1,5279,10,1458,7417
cold_ocean,66565,813,56,517,12962,0,892,579,1425,0,740,0,44,18,165,15,3,8177,10,1158,2976
ocean,67791,1287,41,1464,10795,0,662,612,1001,9,503,13,815,108,204,28,12,9494,18,974,1279
ocean,68840,1313,8,846,11046,0,1400,664,1215,105,469,13,220,270,114,15,25,8715,14,439,786
ocean,68404,1117,0,734,12313,0,1276,572,475,74,826,28,0,103,246,27,9,7763,14,863,2357
ocean,67114,497,0,1013,12031,0,1407,741,299,0,787,0,0,40,344,40,8,8026,30,1185,3655
ocean,66308,555,0,237,14644,6,1272,656,817,6,662,0,2,49,262,26,0,8100,22,867,2690
old_growth_birch_forest,65273,1166,0,230,14408,0,1004,807,1030,120,404,0,0,77,283,1,19,10264,4,1048,787
old_growth_birch_forest,63594,1382,0,140,13397,0,1770,1301,1172,250,525,0,0,0,0,0,13,10251,0,1619,372
old_growth_birch_forest,62669,1310,0,104,14361,0,1272,1068,1509,294,374,0,3,0,0,0,3,12038,0,1085,32
old_growth_birch_forest,63280,1213,0,100,14958,0,1186,925,1200,250,396,0,167,0,0,0,6,12235,0,718,0
taiga,63549,1461,83,118,13983,0,825,875,504,250,585,0,0,0,0,0,4,13036,0,1456,0
taiga,63738,1241,409,47,13876,0,1289,1002,1235,249,473,0,0,24,0,0,2,11918,0,1066,11
taiga,66076,1224,943,0,13947,4,935,525,510,112,295,0,0,0,3,0,0,8905,0,947,2590
taiga,64279,1174,548,0,14246,0,1297,876,1176,189,323,0,0,0,8,0,1,10825,0,867,886
taiga,63658,1415,94,0,15119,0,946,1412,1421,295,320,0,1,0,0,0,2,11032,0,757,270
taiga,65482,1433,417,0,13019,0,698,760,1036,133,411,0,9,0,36,10,1,10032,8,1702,1561
cold_ocean,69009,1209,573,0,10509,0,1198,489,1013,29,632,0,72,0,72,15,0,8046,24,1368,2810
cold_ocean,68725,419,310,0,12046,0,682,312,828,40,480,0,0,0,1,20,0,6976,12,1287,5075
cold_ocean,65773,512,0,5,15390,0,673,313,496,2,612,0,0,0,0,6,0,6784,0,1013,5700
cold_ocean,66277,1168,0,30,13665,0,970,1175,1258,39,771,39,0,0,81,12,0,7646,10,1626,2306
forest,64566,1770,0,0,13691,0,1318,1262,751,214,616,10,0,0,30,0,5,10493,0,1679,402
forest,62700,895,0,0,14966,0,725,1173,1051,248,424,0,0,0,0,0,4,12701,0,1338,259
forest,64143,1678,0,0,12750,0,554,1122,1260,249,1065,0,0,0,0,0,3,12266,0,1185,310
forest,63127,1365,0,0,14611,0,1065,1254,1275,251,668,0,0,0,0,0,3,11724,0,1018,390
forest,64691,1046,54,0,13174,0,1346,1029,1455,252,369,0,5,0,0,0,3,11510,0,1457,19
forest,71640,1077,155,0,12710,0,572,726,760,251,158,0,51,0,0,0,10,7115,0,1556,5
forest,73283,1001,171,0,12045,0,204,800,484,249,175,0,0,0,0,0,4,7159,0,971,0
forest,68234,1210,0,0,13746,0,1270,985,942,251,287,0,0,0,0,0,4,8741,0,1009,0
forest,66809,1090,0,0,13024,0,999,815,1157,79,811,0,0,0,50,0,7,9569,0,1744,798
plains,68123,544,0,0,14262,0,941,899,639,186,394,0,1,0,0,0,15,8290,0,1745,837
plains,69322,586,0,0,14159,0,945,1376,498,256,432,0,0,0,0,0,51,7483,0,1227,856
plains,72051,135,0,0,12192,0,285,1246,263,256,348,0,150,0,0,0,37,7871,0,1538,768
plains,76778,235,0,0,10599,0,45,1033,46,241,106,0,1,0,0,0,40,4746,0,1451,1748
plains,73962,783,0,0,8497,0,378,456,625,189,216,0,0,0,61,9,37,4384,12,1033,6619
river,76370,876,0,0,8681,0,300,551,404,34,419,0,0,0,403,10,5,2900,8,1160,5268
river,77911,221,0,8,9672,0,301,687,229,65,116,0,0,0,220,10,23,3374,8,948,3565
plains,79534,74,0,9,9877,0,200,578,104,187,220,0,0,0,176,0,44,2246,0,771,3377
plains,76894,324,120,0,10411,0,249,648,155,164,286,0,154,0,72,0,31,1896,0,1018,4938
plains,74141,420,0,0,12669,0,130,1121,570,245,276,0,327,0,0,0,65,3702,0,1225,2389
plains,71266,1111,0,0,13186,0,844,1690,567,256,386,0,236,0,0,0,57,6322,0,1163,161
plains,69606,594,0,0,12139,2,708,1449,958,279,515,0,0,0,0,0,55,9472,0,1425,12
plains,67515,966,0,0,12127,4,579,1436,1248,269,458,0,0,0,0,0,60,11320,0,1061,28
plains,66904,1129,0,0,12759,0,822,825,1503,204,331,0,0,0,0,0,41,11158,0,1433,18
plains,68563,1321,0,0,11975,0,1011,473,1049,180,318,0,0,0,0,0,38,11048,0,1012,204
plains,67400,1109,0,0,13547,0,629,856,678,256,344,0,0,0,0,0,62,10754,0,1292,223
plains,65780,1148,0,0,13687,0,1007,743,546,256,482,0,58,0,0,0,66,10767,0,941,1582
plains,67622,304,0,0,12279,0,771,1072,732,256,660,0,114,0,0,0,49,8165,0,1496,3708
plains,65700,1097,60,0,12987,0,625,1101,1282,255,671,0,1,0,0,0,58,8799,0,841,3533
plains,64905,643,0,0,13987,3,1426,917,1087,255,307,0,0,0,0,0,50,12618,0,665,99
plains,62527,937,0,0,13601,0,895,1553,1992,256,635,0,0,0,0,0,58,13217,0,1416,0
plains,61906,1433,0,0,13926,0,1234,1219,567,256,845,0,22,0,0,0,64,13810,0,1333,307
plains,64046,1398,80,0,14092,0,1257,993,995,235,530,0,33,0,0,0,60,10987,0,1416,47
plains,65643,1441,0,0,13305,4,952,1195,1070,254,389,0,10,0,0,0,58,11298,0,1226,215
plains,71539,527,0,0,9727,0,960,1180,1200,304,283,0,0,0,0,0,62,9700,0,1219,537
plains,68613,1212,0,0,14376,0,287,975,704,278,458,0,0,0,0,0,41,8927,0,926,408
plains,67575,912,0,0,14029,3,978,1428,1300,274,182,0,0,0,0,0,67,8914,0,1487,0
plains,67142,1478,0,0,14632,0,1003,1460,936,256,241,0,0,0,0,0,63,9029,0,875,1
plains,67580,1393,0,0,15225,0,785,1224,1118,256,245,0,1,0,0,0,72,8576,0,700,0
plains,69065,1030,0,0,13979,0,507,1142,855,256,86,0,36,0,0,0,62,8679,0,1496,0
plains,68060,1348,0,0,14696,0,1031,1204,570,139,117,0,0,0,0,0,52,8301,0,1511,151
plains,66868,1431,0,4,13825,0,1186,900,827,7,813,0,120,0,165,0,3,8964,0,1424,650
plains,66349,1298,0,8,14537,0,1455,551,986,64,482,0,0,0,320,0,23,9521,0,1417,224
plains,65856,1406,0,0,14528,0,1264,540,1397,191,163,0,0,0,76,0,58,10478,0,1138,48
plains,65926,967,0,5,15258,0,1909,490,1287,67,732,0,0,0,207,0,26,9164,0,862,328
plains,66504,759,0,0,14555,0,997,408,879,118,578,0,1,0,180,0,27,10069,0,880,1227
plains,67894,1117,70,0,13703,0,821,367,1237,20,605,0,0,0,211,0,4,8254,0,1577,1146
river,67686,865,289,0,12673,0,1596,527,725,25,699,0,0,0,47,0,1,8535,0,1529,1546
plains,66585,1614,403,2,13690,2,942,527,1003,6,397,0,46,0,142,2,3,9382,2,1075,926
plains,66404,725,353,9,13976,0,1131,244,881,193,367,0,0,0,32,0,18,11208,0,1305,129
plains,67618,1020,315,0,12874,0,929,556,1421,256,367,0,0,0,0,0,56,10694,0,913,64
plains,65396,1641,864,0,13398,0,991,405,820,256,424,0,0,0,0,0,51,11720,0,950,74
plains,65942,911,735,0,13451,0,1184,917,1381,256,299,0,1,0,0,0,53,11146,0,697,0
forest,65711,1611,309,0,13612,1,1589,957,1356,250,274,0,0,0,0,0,5,9264,0,1401,195
forest,64500,1423,373,0,13822,0,1244,1141,1220,252,644,0,0,0,0,0,5,10648,0,1041,86
forest,63432,1004,289,0,13986,0,1740,1383,772,250,579,0,0,0,0,0,3,11802,0,1097,0
forest,64224,1211,300,0,15245,1,730,1032,675,249,184,0,30,0,0,0,3,12225,0,521,56
forest,64971,756,0,0,14754,0,1221,1160,1202,258,416,0,50,0,0,0,7,11090,0,851,4
forest,64318,1087,0,0,14581,0,958,1122,993,248,336,0,0,0,0,0,6,11856,0,1120,0
forest,63303,1692,0,0,15261,0,1211,1072,1251,251,160,0,0,0,0,0,3,11288,0,913,33
forest,64524,1061,0,0,13923,0,1284,1154,493,251,614,0,45,0,0,0,11,11792,0,1272,255
birch_forest,75045,753,0,0,11714,0,474,987,318,248,227,0,211,0,0,0,7,5858,0,1220,9
birch_forest,75788,494,0,0,13940,0,20,694,523,271,287,0,8,0,0,0,13,3846,0,1071,0
birch_forest,73361,601,0,0,14576,0,672,833,241,301,529,0,0,0,0,0,4,4646,0,1187,0
birch_forest,68852,1217,0,0,15315,0,519,791,296,269,380,0,0,0,0,0,8,8331,0,873,1
birch_forest,65042,2165,0,0,14099,0,973,1240,729,261,563,0,72,0,0,0,14,10499,0,1000,48
birch_forest,66151,1138,0,70,14012,0,1239,1142,1426,248,438,0,13,0,0,0,9,9341,0,1148,408
birch_forest,65315,729,48,134,13824,0,1097,1179,771,242,400,0,130,0,41,0,8,10870,0,856,718
birch_forest,65716,1142,191,5,13411,0,1292,794,1155,132,254,0,0,173,435,0,13,9657,0,672,1691
beach,66193,821,232,237,12451,0,1333,297,854,0,348,0,10,64,601,0,0,9164,0,755,2754
beach,65818,1148,232,404,13309,0,683,207,1000,0,733,0,14,0,388,0,0,9395,0,1376,989
beach,65772,977,264,511,13485,0,1010,124,1172,0,881,0,0,0,551,0,0,9017,0,1318,896
beach,65792,643,93,395,14154,0,1100,297,790,0,449,0,0,0,155,0,0,8945,0,1423,2872
beach,65238,1261,198,250,14086,0,999,380,835,30,558,0,0,0,561,0,1,11071,0,925,241
beach,64507,1446,208,432,14919,0,1516,282,1107,101,415,0,0,0,399,0,2,10399,0,784,0
dark_forest,63891,1059,52,261,13662,0,756,1050,1782,242,474,0,0,144,24,0,5,11405,0,1403,0
dark_forest,64678,1141,0,586,12248,0,1187,842,715,238,322,0,0,318,0,0,2,13054,0,888,0
dark_forest,64292,1000,0,996,12098,0,1479,668,1115,247,613,0,0,229,0,0,13,12665,0,1006,6
dark_forest,70707,969,0,541,8723,0,916,626,922,246,510,0,68,377,0,0,26,10613,0,612,183
dark_forest,70353,739,0,875,8148,0,792,535,980,244,527,0,30,521,0,0,47,10327,0,1402,200
dark_forest,63486,915,0,1142,11580,0,1125,683,1556,253,388,0,0,421,0,0,43,13486,0,883,396
dark_forest,63941,1457,0,1517,11488,0,1097,872,862,178,333,0,0,421,0,0,22,13206,0,907,103
dark_forest,63326,1012,0,1148,13348,0,778,1250,1103,244,288,0,0,87,0,0,14,12397,0,1277,37
dark_forest,62994,1135,0,985,14126,0,1113,1166,601,250,582,0,0,0,0,0,4,11883,0,1374,0
dark_forest,63963,720,3,1040,13777,0,811,884,1173,248,890,0,71,30,0,0,22,11178,0,776,17
dark_forest,68214,961,146,1827,10795,0,714,977,860,237,457,0,80,781,0,0,133,8736,0,928,65
dark_forest,67115,836,0,1535,10647,0,1251,1147,790,300,523,0,0,673,0,0,117,10233,0,821,51
dark_forest,64041,1171,0,1042,12852,0,1284,1717,870,247,320,0,0,361,0,0,56,10906,0,1410,15
dark_forest,64665,784,0,1132,13523,0,608,1156,1307,252,669,0,12,514,0,0,95,11365,0,441,14
dark_forest,65605,1574,0,1308,13295,2,655,1321,836,293,395,0,31,595,0,0,101,9268,0,1032,9
dark_forest,66578,1233,103,1106,11930,0,787,1236,757,235,373,0,324,466,0,0,82,9518,0,1239,0
dark_forest,64581,541,0,1282,14617,4,622,1739,651,246,552,0,0,114,5,0,41,10596,0,815,32
dark_forest,66059,1001,0,1430,13622,0,759,871,545,141,439,0,0,229,409,0,48,8098,0,1228,1220
beach,68433,498,97,961,12294,0,812,183,154,1,213,0,0,564,966,0,105,6262,0,1555,3068
beach,67610,385,0,1075,13155,0,590,343,745,0,221,0,0,570,1245,0,81,7782,0,981,1671
beach,64310,631,0,1211,13313,0,935,203,717,0,288,0,0,174,1164,0,24,12037,0,1324,304
beach,65606,1717,0,666,13383,0,851,308,1340,6,569,0,0,180,1000,0,4,9556,0,1172,223
river,65906,503,0,795,13669,0,1474,421,1245,0,341,0,0,24,113,24,2,7976,26,2035,2688
ocean,66748,455,0,858,13107,0,1237,152,860,0,424,203,0,208,3,26,0,7426,24,757,4663
ocean,66287,805,0,814,14054,0,965,41,84,0,624,297,0,174,0,36,8,7506,22,778,4664
ocean,65859,1268,0,613,13796,0,508,68,601,0,520,216,0,7,0,22,1,5013,18,1483,7194
ocean,66774,1341,0,678,12708,0,906,99,806,0,778,88,0,200,1,46,15,6374,38,724,4793
ocean,67009,491,0,966,12568,0,905,197,813,0,818,130,0,312,0,34,50,7250,14,1158,4326
ocean,71317,775,0,1318,8391,0,1266,256,88,0,666,190,28,333,0,28,7,7628,24,580,4165
ocean,71170,812,53,932,9232,5,529,210,491,0,518,67,47,445,0,29,61,7441,34,536,4549
deep_cold_ocean,69274,963,0,458,11141,2,646,326,128,0,568,0,0,312,0,22,45,6106,32,652,6519
deep_cold_ocean,74378,863,51,678,5696,2,1010,278,801,0,503,0,20,369,0,8,39,5557,90,159,6662
deep_cold_ocean,75939,735,27,417,4340,0,401,104,930,0,410,115,0,513,0,2,78,6039,46,64,6854
deep_cold_ocean,77525,65,0,268,3929,0,152,0,506,0,434,299,32,362,0,7,30,6454,46,0,7092
deep_cold_ocean,74945,603,17,421,5833,0,764,141,444,0,628,340,103,394,0,4,37,5626,46,286,6463
deep_cold_ocean,67219,770,0,572,13166,0,621,58,431,0,705,309,0,109,0,11,16,6401,70,825,5829
deep_cold_ocean,66066,312,149,547,14006,0,622,70,877,0,718,200,0,0,14,6,0,6050,48,1268,6249
deep_cold_ocean,67870,373,0,543,12709,0,994,375,977,0,532,145,0,109,0,3,13,4928,40,864,6138
deep_cold_ocean,71608,214,0,380,8892,2,1454,266,548,0,472,205,9,499,0,8,65,5181,32,511,6710
cold_ocean,71721,555,0,671,7956,0,759,449,1087,0,475,186,95,375,0,5,47,6703,6,933,5032
cold_ocean,71410,1517,0,521,8991,2,571,351,1109,7,521,55,8,331,0,8,25,6495,14,822,4344
cold_ocean,67151,1007,0,250,13113,0,1378,248,1074,10,753,0,0,99,0,15,22,7452,18,989,3594
cold_ocean,67644,867,0,592,12643,0,1060,203,1100,0,367,0,26,84,0,15,23,7247,20,769,4459
cold_ocean,67371,778,0,152,12470,0,408,10,783,0,847,0,389,133,0,18,17,8291,18,1655,3847
cold_ocean,68020,968,0,355,12368,0,892,408,186,0,491,12,649,201,4,15,78,8042,16,857,3560
cold_ocean,67123,792,0,577,12361,0,923,340,282,0,661,372,454,49,0,16,20,8836,14,956,3378
cold_ocean,69181,866,0,383,11122,0,998,53,787,0,588,389,41,19,0,18,0,8552,24,791,3242
cold_ocean,69816,641,0,936,10176,0,1013,199,709,0,667,76,1,199,4,29,5,8105,22,804,3646
cold_ocean,68392,739,0,777,11991,0,1165,465,509,0,555,0,61,145,43,15,41,6716,10,847,4707
cold_ocean,66113,1289,0,156,13496,0,1326,849,1270,0,458,0,44,5,377,11,0,7806,16,1597,2416
deep_cold_ocean,65935,1407,0,361,14294,0,880,542,883,0,466,175,0,66,110,8,0,8379,38,1016,2643
cold_ocean,66063,1655,0,218,14285,0,815,286,1209,0,605,0,0,13,3,27,0,7070,18,1507,3488
cold_ocean,65855,945,0,150,14505,0,855,19,561,0,539,0,0,0,0,26,0,8036,8,1328,4019
cold_ocean,66836,261,0,534,13843,0,443,65,1233,4,544,0,0,0,0,21,0,7443,10,1073,4553
cold_ocean,65866,946,0,337,14207,0,650,292,1322,0,552,243,0,0,0,25,0,7593,18,1272,3907
cold_ocean,66453,1297,0,181,13471,0,404,308,575,0,589,173,1,78,0,17,0,8348,2,1493,3687
cold_ocean,66024,1758,0,247,14023,0,990,449,1135,13,585,0,0,0,0,24,0,7484,20,1113,3343
cold_ocean,66068,931,0,277,14863,6,1145,10,788,0,943,0,0,0,0,11,0,7692,12,844,3551
cold_ocean,66477,1286,0,342,14686,0,375,529,367,0,909,0,0,0,83,32,0,7779,14,798,2747
cold_ocean,65942,1016,0,325,14152,0,692,431,1077,0,763,26,0,0,0,27,0,8220,6,1431,3131
cold_ocean,66053,999,0,236,14910,0,719,418,488,0,654,206,55,0,0,17,0,7640,20,763,4074
cold_ocean,65989,731,0,294,13411,0,572,241,965,0,1290,123,58,0,0,16,0,7435,6,1977,4096
deep_cold_ocean,65844,768,0,209,15076,0,563,332,991,0,693,0,6,0,0,29,0,6775,16,1076,4889
deep_cold_ocean,65792,308,0,306,14318,0,809,115,1282,0,575,0,0,0,0,8,0,5916,38,1641,6089
deep_cold_ocean,65792,376,0,656,14383,0,597,190,1614,0,501,0,0,0,0,12,0,5870,70,856,6336
deep_cold_ocean,66279,841,0,656,13917,0,401,127,1019,0,496,64,1,0,0,13,0,5693,66,1109,6593
deep_cold_ocean,66309,411,0,814,12985,0,1000,164,437,0,690,263,0,0,0,9,0,6049,86,1424,6626
deep_cold_ocean,65914,640,157,635,14446,0,950,54,247,0,644,341,0,0,0,7,0,6029,52,1179,5906
deep_cold_ocean,66821,1441,274,345,13493,0,953,188,1082,0,887,247,0,76,0,6,19,4496,44,822,5854
deep_cold_ocean,71261,898,158,659,8087,2,1098,99,971,0,632,176,76,407,0,9,23,4874,42,628,7001
deep_cold_ocean,73841,802,65,222,6176,0,988,150,733,0,482,64,386,445,17,6,1,5983,80,377,6260
deep_cold_ocean,69327,1064,32,248,10243,0,807,118,916,0,705,56,57,144,5,4,8,5560,40,1375,6522
deep_cold_ocean,66041,1750,81,491,14089,0,1090,125,617,0,870,251,0,27,0,4,0,4939,62,904,5812
deep_cold_ocean,65859,132,0,714,14435,2,172,94,1260,0,715,229,0,0,0,7,0,6587,48,1006,5935
deep_cold_ocean,65943,457,0,625,13780,0,655,116,1177,0,849,0,0,0,0,16,0,7349,72,1147,5018
cold_ocean,66006,804,0,373,14408,0,686,324,614,0,785,0,0,0,0,7,0,8057,8,1264,3882
cold_ocean,66191,1028,0,297,13506,0,907,539,490,0,844,0,0,199,80,22,17,8217,22,1674,2981
cold_ocean,65800,621,0,582,14539,0,942,845,945,0,641,0,0,0,336,16,0,9050,22,902,1868
cold_ocean,65795,516,0,549,14461,0,1973,974,719,0,536,0,0,0,252,18,0,8037,10,1281,2005
cold_ocean,65792,473,0,357,14212,0,412,730,582,0,339,0,0,0,296,9,0,10090,10,1003,2920
cold_ocean,67051,627,0,349,12421,0,1545,934,1200,0,550,74,3,104,310,17,16,9083,8,902,1032
cold_ocean,68089,852,0,709,10878,0,1073,897,1470,0,777,81,0,245,404,30,33,9322,30,1128,1092
cold_ocean,69758,1009,0,859,10458,0,1128,360,524,0,843,0,123,34,3,15,6,8913,16,545,2669
cold_ocean,70671,893,0,669,9155,0,1000,671,524,0,469,0,29,186,118,11,10,9599,8,1085,2172
cold_ocean,70056,476,0,592,11045,0,890,693,609,0,397,0,0,0,80,23,0,9804,20,448,2087
cold_ocean,67215,779,0,491,13002,0,1257,410,1228,0,630,0,0,40,141,13,0,7814,0,1426,2717
cold_ocean,66105,1034,150,317,15034,0,232,433,460,0,728,0,0,0,70,23,0,8729,28,792,2911
cold_ocean,66477,789,0,720,14509,0,703,243,564,0,700,100,0,1,0,15,0,7890,10,671,3548
cold_ocean,67926,766,0,314,12791,0,711,218,625,0,670,151,0,187,1,19,63,6730,18,1656,3948
cold_ocean,68540,690,0,376,9665,0,1148,114,329,0,632,132,0,5,37,18,3,8396,30,646,3416
cold_ocean,66456,722,0,510,12105,0,227,820,1558,0,750,159,25,3,89,5,1,8136,8,927,2827
ocean,66104,807,0,606,12659,0,772,790,927,0,539,233,14,32,165,28,4,8028,32,1859,3592
ocean,65933,1316,0,312,13694,0,1112,1091,846,0,560,70,0,65,164,42,0,7205,38,934,3795
ocean,65792,1013,0,505,13857,0,585,751,889,0,333,0,0,0,347,18,0,9771,18,1294,2006
ocean,65792,1198,0,572,14033,1,924,349,719,0,917,0,0,0,84,29,0,8810,32,1242,2520
ocean,65800,1650,0,828,14292,0,907,669,400,0,596,0,0,14,288,27,8,8150,12,1183,2373
ocean,66218,752,0,768,13977,0,476,610,954,0,581,0,0,35,221,34,7,7419,22,1200,2645
ocean,66185,1152,0,880,13813,0,881,987,1037,1,445,0,0,0,403,37,0,7616,16,1308,1646
ocean,68824,894,76,683,11454,0,962,846,972,0,478,74,27,15,282,22,3,9433,18,428,1591
ocean,69560,1334,20,302,10682,4,645,337,557,1,581,317,242,163,15,14,0,7645,10,527,2321
ocean,68838,722,0,621,12644,0,865,546,504,105,602,196,6,163,28,38,0,7950,28,738,2407
ocean,67078,983,0,480,14043,1,1195,606,548,114,655,0,0,0,161,32,0,8218,14,744,2280
ocean,66083,634,0,247,13937,0,596,530,600,0,526,0,0,0,212,44,0,8452,32,1948,3287
ocean,65769,468,0,366,14489,0,876,755,1425,35,232,0,0,18,192,16,2,8853,10,1430,2182
old_growth_birch_forest,63785,1665,0,276,14584,0,715,1037,1640,232,198,0,0,0,24,0,9,10886,0,689,192
old_growth_birch_forest,62462,1287,0,102,14071,0,1535,902,892,249,388,0,100,0,0,0,16,12993,0,1140,202
old_growth_birch_forest,64076,1476,0,98,13965,4,1481,764,1250,252,498,0,110,0,0,0,10,11432,0,1246,0
old_growth_birch_forest,64386,1068,0,226,15182,4,1424,1043,1663,356,754,0,100,0,0,0,15,9894,0,450,0
old_growth_birch_forest,64266,1143,0,27,14140,1,1054,892,897,253,209,0,463,0,0,0,10,12121,0,1390,0
taiga,64037,892,0,65,14130,0,1084,1085,901,250,518,0,0,0,0,0,0,12258,0,1540,0
taiga,64181,1328,209,0,13888,0,973,1033,1324,249,486,0,100,0,0,0,0,11570,0,1288,5
taiga,70995,644,629,0,12779,0,494,654,323,149,299,0,1,0,32,0,1,5103,0,1203,3558
taiga,68497,773,624,0,10943,0,1656,676,680,126,423,0,1,0,0,0,0,7809,0,1639,3206
taiga,63314,1315,87,0,13742,0,1516,1366,1057,247,892,0,204,0,0,0,0,11159,0,1522,209
taiga,64541,636,44,0,14249,0,980,808,463,252,613,0,146,0,0,0,7,11380,0,736,0
taiga,66850,1205,337,0,11348,0,1351,860,569,245,407,0,7,0,0,0,0,12397,0,895,17
taiga,65365,975,248,0,14523,0,983,798,1037,150,429,0,9,0,9,1,1,10887,0,801,722
forest,64816,558,49,0,14615,0,1380,773,187,137,510,0,1,0,2,0,0,8680,0,1543,3723
forest,64097,1214,0,0,14870,0,818,1426,843,249,526,0,0,0,0,0,6,11743,0,830,47
forest,65010,829,0,0,14586,0,933,1527,1256,249,444,0,0,0,0,0,7,10415,0,785,648
forest,64128,1044,0,0,14744,0,654,1107,947,249,445,0,0,0,0,0,4,11754,0,950,444
forest,64210,1272,0,0,13288,0,1073,906,1588,250,584,0,0,0,0,0,11,11818,0,1200,291
forest,63932,926,0,0,14303,8,1208,985,517,248,339,0,0,0,0,0,2,12460,0,1580,0
forest,63701,1728,0,0,14441,0,1392,1093,615,249,489,0,0,0,0,0,9,11687,0,1068,0
forest,69092,1152,0,0,12695,0,992,1182,988,253,333,0,0,0,0,0,11,9219,0,798,62
forest,69231,1325,0,0,12536,0,543,844,991,239,281,0,0,0,3,0,10,8739,0,1812,15
forest,70846,1638,0,0,10684,0,496,837,993,69,498,0,0,0,253,1,0,9110,2,739,736
river,67464,865,0,0,12807,0,1559,397,660,5,763,0,0,0,30,0,0,8450,0,1208,2862
plains,66242,1464,0,0,14163,0,1300,832,978,62,492,0,0,0,132,0,16,8425,0,1694,1306
plains,68381,1181,0,0,14545,0,564,1047,669,138,31,0,53,0,117,0,15,6755,0,1249,2453
plains,71270,512,0,9,13673,0,300,1213,459,124,419,0,3,0,206,13,16,5684,14,1090,2270
plains,74110,446,0,0,10908,0,314,1188,283,180,335,0,0,0,4,2,23,4821,4,970,2943
river,75815,328,0,6,9058,0,201,697,634,103,97,0,0,0,335,14,8,3056,8,605,5220
river,80568,609,0,13,8553,0,272,521,114,18,301,0,0,0,100,33,1,2282,30,677,3290
plains,79854,261,0,14,8599,0,6,391,304,142,416,0,0,0,119,10,19,2311,12,703,4215
plains,79727,22,0,8,9257,0,147,332,130,83,416,0,0,0,144,0,9,2094,0,1266,3719
plains,79120,93,0,6,10597,0,52,757,413,20,284,0,0,0,304,0,4,2893,0,1218,1550
plains,73224,514,0,0,14525,0,457,1201,764,164,408,0,1,0,0,0,29,4795,0,823,404
plains,67074,882,0,0,13906,0,548,1506,1525,260,561,0,0,0,0,0,34,10198,0,632,0
plains,66847,1234,0,0,12512,3,1083,1621,905,371,568,0,1,0,0,0,42,11293,0,646,1
plains,67635,1052,0,0,11733,0,1176,1155,1221,283,385,0,1,0,0,0,55,11658,0,789,23
plains,65553,1076,0,0,12737,0,619,605,756,252,433,0,0,0,0,0,32,13848,0,1156,18
plains,66294,1013,0,0,13068,1,996,416,1033,160,419,0,0,0,0,0,28,12492,0,1076,217
plains,65918,894,0,0,12925,0,1244,764,1106,256,445,0,0,0,0,0,61,12388,0,1060,0
plains,64451,1311,0,0,12994,0,1264,771,1576,256,386,0,0,0,0,0,53,12786,0,1269,70
plains,65513,1424,0,0,13972,0,1129,942,1123,161,678,0,28,0,0,0,23,8994,0,766,2432
plains,70415,1000,0,0,12434,0,299,1078,627,208,483,0,0,0,0,0,46,8052,0,873,1719
plains,65355,1438,0,0,13839,0,644,1020,255,256,163,0,0,0,0,0,55,12212,0,1509,467
plains,62768,1285,0,0,14149,0,1395,1407,633,255,806,0,0,0,0,0,64,11767,0,1335,1051
plains,61877,1475,0,0,14499,0,1216,1140,1080,256,870,0,25,0,0,0,66,13120,0,1419,77
plains,62983,1585,63,0,14664,1,619,827,1363,241,394,0,13,0,0,0,33,12843,0,1425,24
plains,65803,1225,0,0,12249,0,882,1010,1123,255,819,0,51,0,0,0,56,12075,0,831,563
plains,68978,1327,0,0,10800,0,707,760,731,256,626,0,4,0,0,0,55,9324,0,1606,1937
plains,65445,1276,0,0,13839,1,1622,1085,791,256,148,0,0,0,0,0,52,10646,0,1185,699
plains,67230,932,0,0,14256,0,1128,1208,1087,257,241,0,0,0,0,0,55,9830,0,835,2
plains,68114,1062,0,0,13391,0,1440,1263,837,256,308,0,0,0,0,0,67,9468,0,1026,18
plains,67755,1221,0,0,13046,0,1345,1200,776,254,253,0,0,0,0,0,66,9683,0,1433,142
plains,66315,504,0,0,14312,0,1215,1178,720,256,439,0,0,0,0,0,66,10452,0,1714,0
plains,67397,1353,0,0,14390,0,1053,1482,676,256,179,0,1,0,0,0,55,8910,0,1400,0
plains,66655,1224,0,0,14610,0,1275,946,916,256,399,0,0,0,0,0,64,9693,0,1207,0
plains,66644,463,0,0,14575,0,812,1077,1002,256,382,0,0,0,0,0,60,10231,0,1623,0
plains,66172,912,0,0,14728,0,1077,1053,603,87,559,0,0,0,223,0,15,10476,0,992,277
plains,66369,1181,0,3,14373,0,688,895,700,0,722,0,0,0,227,0,0,10716,0,1009,366
plains,65950,1021,0,38,14930,2,1140,720,1320,79,586,0,0,0,116,0,22,10298,0,785,163
plains,66376,1268,0,18,14594,3,1121,851,484,0,457,0,0,0,103,0,0,10318,0,1192,356
plains,66461,332,0,10,14884,0,792,557,1189,0,745,0,0,0,314,21,0,9474,52,1187,1118
river,67276,1253,43,15,14050,0,343,637,816,0,406,0,0,0,155,7,0,8809,30,964,2360
river,67555,551,184,2,13176,0,1002,515,294,0,664,0,0,0,120,26,0,9259,38,1747,1809
river,66285,1021,517,0,13456,0,1108,272,583,0,797,0,1,0,0,36,0,9378,50,1141,2156
plains,66287,1254,617,16,12982,1,1130,816,1040,32,375,0,0,0,187,12,8,9987,8,1687,676
plains,66864,1073,452,13,13060,0,1251,774,1289,238,929,0,0,0,24,0,59,10256,0,679,29
plains,65813,1065,529,0,13583,0,631,1027,1089,256,657,0,0,0,0,0,64,10910,0,1352,3
plains,65272,1226,332,0,14488,0,1523,1113,998,255,652,0,18,0,0,0,62,9855,0,1187,0
forest,66437,1036,44,0,13539,0,1040,1083,1044,254,525,0,28,0,0,0,6,9963,0,1454,263
forest,65361,1259,47,0,12289,1,1170,1015,1149,250,645,0,0,0,0,0,7,11402,0,1527,0
forest,64688,1403,9,0,12815,0,1033,1176,943,251,554,0,35,0,0,0,2,11582,0,1930,0
forest,64483,1134,37,0,14374,0,990,997,1032,249,514,0,8,0,0,0,7,11213,0,1185,482
forest,65052,1267,0,0,15429,0,1233,1452,817,258,369,0,1,0,0,0,9,10206,0,618,29
forest,65576,998,0,0,13751,0,1034,1404,900,251,291,0,1,0,0,0,7,10902,0,1560,38
forest,64630,1147,0,0,14203,1,1168,1074,1250,248,501,0,0,0,0,0,7,10941,0,1070,199
forest,63706,1637,0,0,13952,0,1123,1134,513,250,443,0,1,0,0,0,4,12289,0,1077,550
birch_forest,70220,939,0,0,11756,0,523,995,752,249,464,0,69,0,0,0,5,9750,0,531,441
birch_forest,72097,1650,0,0,10335,0,936,720,553,249,327,0,233,0,0,0,12,8791,0,877,0
birch_forest,67432,1493,0,0,12120,0,1115,1122,818,254,175,0,35,0,0,0,20,11394,0,972,0
birch_forest,64568,1124,0,0,13390,0,1325,1147,902,251,543,0,0,0,0,0,8,12269,0,1301,0
birch_forest,64001,1020,0,0,14362,0,968,882,1111,250,292,0,0,0,0,0,14,11580,0,1474,805
birch_forest,65426,1235,0,123,13173,0,1143,1101,960,250,545,0,12,0,0,0,10,10138,0,1528,1128
birch_forest,65409,1260,0,8,12723,0,1041,1407,919,250,447,0,65,0,0,0,8,10690,0,1210,1424
birch_forest,65516,823,0,223,12772,0,1426,1058,1255,241,741,0,0,106,29,0,13,10109,0,940,1566
beach,66187,981,0,68,13796,0,1211,152,716,89,369,0,0,233,339,0,1,9920,0,863,1547
beach,66120,1602,255,116,12594,0,1212,386,1129,22,362,0,224,34,425,0,0,9547,0,1750,157
beach,67104,764,391,258,13268,0,532,317,1021,4,268,0,0,13,559,0,5,9839,0,1626,82
beach,65759,1213,244,166,14991,0,426,451,902,35,269,0,0,0,644,0,1,9502,0,999,1008
dark_forest,64331,1079,114,343,14818,0,938,920,591,211,234,0,8,85,102,0,6,10857,0,1116,501
dark_forest,62482,1390,116,980,13529,0,1625,1261,702,238,577,0,166,0,0,0,7,11550,0,1474,0
dark_forest,63453,873,0,581,13386,0,894,959,1097,246,423,0,41,192,0,0,6,13579,0,507,0
dark_forest,62806,989,0,548,12475,0,1295,965,1048,235,513,0,0,289,0,0,10,13506,0,1180,3
dark_forest,63169,945,0,919,13103,0,1193,1317,817,240,273,0,0,126,0,0,15,13062,0,941,231
dark_forest,63644,1543,0,717,11008,1,959,849,770,248,379,0,0,325,0,0,14,14114,0,1376,148
dark_forest,62782,1404,0,1157,11031,0,1279,880,860,242,572,0,5,381,0,0,23,14031,0,1178,54
dark_forest,58751,1031,0,483,13603,0,1346,1028,876,280,616,0,0,261,0,0,46,16834,0,1294,11
dark_forest,61416,1381,0,1920,11278,0,1057,1286,1045,278,849,0,0,344,0,0,28,14478,0,867,61
dark_forest,66023,506,0,1086,11307,0,616,1241,874,254,279,0,29,335,0,0,7,12777,0,845,141
dark_forest,65640,499,0,999,12873,0,1545,1489,1104,264,350,0,0,295,0,0,28,9562,0,1294,224
dark_forest,64547,1596,0,1801,13492,4,927,830,436,246,315,0,0,124,0,0,29,10937,0,1101,46
dark_forest,69914,828,14,2028,10578,0,222,497,1632,242,166,0,36,568,0,0,36,8081,0,1104,163
dark_forest,71151,777,0,834,9461,0,1177,635,1237,286,345,0,14,653,0,0,103,8354,0,853,14
dark_forest,68211,1020,0,1203,9885,0,872,776,587,298,639,0,0,597,0,0,61,10190,0,1358,9
dark_forest,64761,1338,0,1473,12540,0,955,943,814,293,478,0,24,350,0,0,66,10552,0,1463,5
dark_forest,63742,769,121,689,13310,0,885,1153,721,244,750,0,81,108,0,0,13,12454,0,1486,0
dark_forest,64408,907,0,1270,13591,2,1043,1414,900,245,686,0,128,165,0,0,69,10441,0,1244,32
dark_forest,64356,800,70,1080,14145,0,1086,1323,1591,274,318,0,335,163,0,0,55,9676,0,1049,7
dark_forest,64184,1028,104,1197,13455,0,1447,1321,1335,243,503,0,249,36,0,0,21,10172,0,1045,1
dark_forest,65044,815,0,1239,13492,0,926,1219,896,246,568,0,0,194,0,0,31,10564,0,1111,4
dark_forest,65071,813,132,1489,13546,0,1235,874,1163,246,353,0,1,261,2,0,49,9951,0,806,47
beach,70546,923,161,1026,11852,0,1005,234,934,55,92,0,0,570,751,0,129,5928,0,1515,27
beach,71546,318,148,1431,9738,0,667,270,576,0,524,0,0,504,1198,0,58,7358,0,1128,909
beach,67942,1226,0,795,10931,0,867,248,1239,0,271,0,0,272,1153,0,6,9803,0,1463,408
beach,67318,1054,0,766,12771,0,1546,614,971,12,815,0,0,230,988,14,13,8466,14,735,434
river,66082,826,0,1306,13106,0,838,486,777,0,477,0,0,49,165,3,13,7986,2,1329,3634
ocean,66239,879,0,968,13085,0,854,121,951,0,634,0,0,34,13,48,0,7195,26,1309,4833
ocean,65842,916,0,1252,13972,0,1249,0,1163,0,639,0,0,7,0,36,0,7226,22,1278,3655
ocean,65792,943,0,779,14244,0,159,498,1254,0,599,0,0,0,40,22,0,8791,12,1046,3048
ocean,65850,392,0,619,14582,0,813,322,582,0,550,39,5,2,0,41,0,5711,30,1136,6475
ocean,66738,36,0,968,13033,0,104,235,980,0,946,265,106,5,0,27,0,6862,28,1188,5638
ocean,67660,877,0,880,11511,4,493,239,1055,0,663,286,7,85,0,31,1,7834,10,1467,4067
ocean,68825,414,67,1465,10928,0,523,95,560,0,480,237,0,218,0,31,15,8812,12,796,3629
ocean,67279,760,76,613,12109,0,1280,99,275,0,585,106,0,152,0,25,26,7195,40,1502,5012
deep_cold_ocean,72996,1119,0,673,7139,0,489,175,994,0,836,0,53,382,0,7,42,5193,70,31,6900
deep_cold_ocean,77392,480,0,496,3090,0,617,179,802,0,335,0,0,423,0,8,46,6532,50,21,6778
deep_cold_ocean,78733,687,80,23,2392,0,822,100,276,0,451,116,334,285,0,4,4,6186,38,105,6566
deep_cold_ocean,76596,754,155,283,3906,0,676,49,720,0,571,210,419,356,0,5,0,5822,62,219,6207
deep_cold_ocean,74060,653,0,213,6884,3,966,119,1235,0,546,233,78,492,0,12,52,5255,80,279,5991
deep_cold_ocean,71138,310,0,606,9330,0,422,210,514,0,739,89,0,458,0,3,41,6407,68,468,6363
deep_cold_ocean,73855,725,0,359,6510,0,364,398,1062,0,413,0,2,533,0,5,39,5868,54,596,6317
deep_cold_ocean,74423,860,98,366,4899,0,1136,107,537,0,273,0,1066,520,0,6,40,7201,14,517,5027
cold_ocean,73487,989,0,281,6863,1,1402,81,1013,0,543,0,773,318,0,12,3,7430,54,97,3781
cold_ocean,72377,900,0,773,7568,0,771,196,1340,0,431,0,220,376,0,27,0,7669,26,738,3712
cold_ocean,67586,999,0,805,12353,0,1055,480,691,0,602,0,0,51,0,20,0,8084,18,1255,3131
cold_ocean,67765,1154,0,904,12279,0,1086,158,1294,0,624,0,0,121,0,25,16,7315,22,784,3635
cold_ocean,67704,650,0,547,13617,2,1601,116,254,0,483,0,11,142,0,23,20,7740,22,876,3291
cold_ocean,68653,1024,0,293,10809,0,785,203,1204,0,792,295,563,456,3,27,87,7264,24,1343,2976
cold_ocean,68852,1472,0,349,11195,4,463,285,506,17,575,403,175,527,1,19,42,8074,18,795,3109
cold_ocean,68314,840,0,127,11648,0,272,19,732,0,501,159,0,77,0,14,7,9285,22,1848,3157
cold_ocean,66257,1161,0,495,13747,0,1042,78,635,0,600,0,0,3,0,24,0,8831,22,1427,2912
cold_ocean,66305,908,0,11,14822,0,808,411,846,0,383,0,0,5,174,20,2,7982,16,1207,3274
cold_ocean,66228,1341,0,443,13675,0,853,972,749,0,314,0,56,0,250,19,0,7892,20,1489,2868
cold_ocean,66199,1387,0,468,14051,0,528,634,837,0,331,202,0,7,302,17,0,9227,24,1321,1544
cold_ocean,66105,1229,36,210,14504,1,1448,287,1429,0,931,189,16,58,12,28,0,6614,18,990,3065
cold_ocean,65939,1095,131,320,14606,0,302,107,858,0,730,0,61,18,0,12,0,7487,2,1050,4495
cold_ocean,66697,0,0,241,14157,0,631,227,1096,0,1027,267,0,0,0,10,0,6921,16,1105,4850
cold_ocean,66440,310,0,473,13668,0,230,90,254,0,379,448,1,0,0,23,0,9133,22,776,4025
cold_ocean,67073,640,0,382,12725,0,130,315,1617,0,742,118,0,165,15,26,0,7824,20,1155,4245
cold_ocean,67797,516,0,167,13130,0,943,97,1037,0,752,0,0,215,1,37,1,7268,26,792,4387
cold_ocean,67518,1000,0,424,12391,0,553,365,820,6,739,0,0,187,0,22,22,7330,20,1387,4323
cold_ocean,68629,810,0,127,11289,0,965,219,1120,0,816,0,1,249,17,14,15,7129,8,1251,4488
cold_ocean,68883,1325,0,113,11785,0,1262,319,878,0,686,0,70,284,0,12,0,6165,18,330,5007
cold_ocean,66889,75,0,44,13902,0,1163,192,554,0,635,0,0,140,0,24,0,8177,28,1052,4304
cold_ocean,65792,1436,0,326,14548,0,749,238,540,0,538,0,0,0,0,22,0,7194,22,1425,4426
cold_ocean,65840,839,0,496,13820,0,1335,206,335,0,1002,0,25,0,0,16,0,6896,6,1240,5139
cold_ocean,65973,818,0,397,14785,0,1132,173,304,0,638,63,0,0,0,33,0,7949,18,1022,3859
cold_ocean,65922,1041,0,504,14043,0,1304,425,892,0,718,266,0,0,0,16,0,7130,8,1105,3749
deep_cold_ocean,65792,1102,0,452,14289,0,1004,8,1005,0,827,323,0,0,15,5,0,6677,54,1449,4254
deep_cold_ocean,65792,1123,9,670,13983,0,521,355,82,0,583,225,0,0,0,3,0,6614,48,1314,5824
deep_cold_ocean,65890,875,142,834,13610,3,994,205,506,0,825,100,0,0,0,4,0,5372,28,1176,6657
deep_cold_ocean,66694,128,262,418,13349,0,787,232,874,0,883,62,0,46,0,6,21,5631,40,922,6742
deep_cold_ocean,67100,340,218,488,14182,0,1029,48,266,0,314,102,64,109,1,11,12,3966,54,625,6635
deep_cold_ocean,66002,1003,274,739,14398,1,24,195,524,0,489,55,49,2,0,4,0,5731,58,828,6848
deep_cold_ocean,65922,214,60,574,13577,0,707,127,1176,0,478,280,0,36,0,8,0,5399,38,1171,7492
deep_cold_ocean,67500,897,27,339,11928,0,1191,359,996,0,499,452,155,76,0,3,0,4043,34,1532,7162
deep_cold_ocean,65873,822,0,215,14626,0,973,112,531,0,734,322,4,0,0,8,0,4893,66,1223,6855
deep_cold_ocean,65792,774,0,466,14156,2,353,208,1136,0,807,99,0,0,0,11,0,6853,72,1426,5136
deep_cold_ocean,66636,574,0,474,13733,0,590,319,998,0,484,81,0,17,0,18,10,7717,64,728,4666
cold_ocean,66053,854,0,411,14122,0,1249,334,1256,0,674,26,0,0,0,10,0,6767,14,1211,4122
cold_ocean,65792,1231,0,472,14050,0,936,267,1237,0,895,16,0,0,0,23,0,7106,14,1335,3868
cold_ocean,65792,1103,0,326,14008,0,482,114,1139,0,627,122,0,0,0,11,0,8689,6,1146,3468
cold_ocean,65795,759,0,597,13878,0,1244,213,337,0,914,253,12,0,20,20,0,8666,8,1363,2906
cold_ocean,66406,1029,0,815,13583,0,759,768,1425,0,684,168,0,79,248,24,0,7936,28,885,2295
cold_ocean,65906,1043,0,392,13916,0,836,1140,1000,0,153,120,248,19,237,26,2,9131,26,1381,1627
cold_ocean,66637,1322,0,348,13696,0,1386,1096,686,4,328,41,521,187,330,22,26,9073,24,664,554
cold_ocean,69713,1166,0,870,9910,0,598,1275,1357,30,640,86,72,335,272,20,34,8361,18,1062,1234
cold_ocean,66819,1367,0,556,13456,0,1659,719,1071,5,392,0,0,155,218,16,24,7675,22,1270,1735
cold_ocean,67417,1287,0,380,13019,0,905,773,794,1,288,0,0,285,107,20,56,9278,8,988,1562
cold_ocean,67429,986,0,1023,13017,0,966,562,1320,0,440,0,0,0,166,15,0,8223,12,772,2314
cold_ocean,67426,988,0,303,11363,0,768,823,720,0,284,0,0,0,129,12,0,8259,14,890,3449
cold_ocean,67212,914,0,894,10530,2,482,741,481,0,363,0,0,0,156,34,0,8062,34,880,3802
ocean,69180,526,0,468,9301,0,872,215,449,3,298,62,0,25,194,31,0,6010,30,814,4630
ocean,67655,780,0,596,10123,0,1071,365,460,31,302,292,0,76,39,42,29,8207,26,769,3040
ocean,68029,1248,0,409,9198,0,746,967,1345,0,820,249,0,30,310,17,10,7729,18,699,2334
ocean,66990,932,0,319,12052,0,752,991,833,0,583,187,123,0,284,26,0,8492,50,1181,2189
ocean,66125,396,0,607,13447,0,753,1234,807,0,862,282,366,0,182,36,0,6111,30,577,5339
ocean,65802,385,0,619,14286,0,605,1008,689,0,347,124,0,0,137,25,0,6953,18,1119,5051
ocean,65792,1368,0,533,14105,0,1229,688,665,0,520,0,0,0,165,36,0,8349,22,1464,2222
ocean,65792,935,0,458,14675,0,1002,550,1199,0,605,0,0,0,87,28,0,8750,26,779,2377
ocean,65882,1097,0,372,14424,0,1019,914,1317,0,577,0,0,0,208,29,0,7553,24,887,2936
ocean,65865,877,0,406,13999,0,1389,515,1037,0,576,0,0,0,44,23,0,8558,16,1343,2584
ocean,65801,1608,0,852,13651,0,1262,265,589,0,815,0,0,0,104,22,0,8062,26,1403,2764
ocean,65964,1134,0,672,13484,0,1079,508,1796,0,875,0,0,3,141,19,1,7579,12,1435,2521
ocean,66983,707,0,576,13934,0,556,677,1475,0,441,140,1,5,264,40,0,8342,36,1270,1734
ocean,66761,1221,0,807,13453,0,1098,431,1095,0,466,217,17,5,89,27,0,8067,30,1090,2304
ocean,66344,1173,0,799,14087,0,1024,95,1129,0,793,170,0,52,0,29,27,8122,24,754,2460
ocean,66222,755,0,806,13709,0,884,656,1379,0,837,0,0,0,110,21,0,8099,30,908,2744
ocean,66142,1516,0,538,13911,0,1113,798,733,14,364,0,0,0,110,25,0,7542,20,1558,2668
dark_forest,64100,1024,0,578,14995,0,1196,858,936,190,501,8,0,0,47,0,1,9739,0,783,1670
old_growth_birch_forest,61543,900,0,442,13951,0,686,851,2245,271,498,0,0,0,0,0,9,12190,0,1827,1155
old_growth_birch_forest,62572,658,0,121,14181,0,1626,724,1659,254,793,0,0,0,0,0,6,11562,0,1007,1700
old_growth_birch_forest,66793,1205,0,85,13473,0,1416,412,1062,236,417,0,0,0,73,0,2,8640,0,999,1106
old_growth_birch_forest,68454,1189,0,254,14310,0,1383,739,1479,153,406,0,41,0,0,0,3,7341,0,1297,6
old_growth_birch_forest,65331,1199,0,63,15136,0,1122,1408,1044,309,297,0,0,0,0,0,13,9710,0,930,286
old_growth_birch_forest,64734,1015,0,0,14435,4,1010,1172,1294,249,185,0,138,0,0,0,12,11731,0,752,0
taiga,65802,1065,0,0,13120,0,1319,1095,817,249,389,0,0,0,0,0,2,11599,0,1329,1
taiga,67007,939,0,0,13566,0,1438,1071,756,250,456,0,0,0,0,0,1,10190,0,1076,0
taiga,74586,10,426,0,12069,0,577,1238,1140,247,300,0,0,0,0,0,1,5464,0,319,314
taiga,78134,314,0,0,8463,0,697,598,597,151,167,0,0,0,0,0,1,4587,0,881,2627
taiga,66952,1071,107,0,11786,0,876,1110,1346,250,506,0,142,0,0,0,0,11687,0,629,188
taiga,65747,1270,153,0,12043,0,1032,836,1480,251,304,0,16,0,0,0,1,12148,0,1114,87
forest,63064,974,132,0,14802,0,1433,777,618,251,248,0,0,0,0,0,6,12851,0,1253,112
forest,64129,1260,66,0,14886,0,1498,779,1056,237,282,0,0,0,18,0,9,11018,0,898,510
forest,66022,1309,116,0,14614,0,838,571,783,35,241,0,0,0,148,0,1,7815,0,995,3632
forest,64938,951,0,0,14093,0,980,1382,1488,252,423,0,0,0,0,0,8,9508,0,1313,1336
forest,63846,728,0,0,15066,0,926,1239,1009,248,390,0,0,0,0,0,4,10375,0,1385,1036
forest,64799,1299,0,0,14099,0,1283,946,1196,250,644,0,0,0,0,0,9,11004,0,1029,72
forest,63637,1448,0,0,14212,8,875,636,799,249,711,0,0,0,0,0,4,11860,0,1835,0
forest,63468,692,0,0,15072,0,1495,912,942,252,469,0,0,0,0,0,1,12191,0,1032,105
forest,64698,877,0,0,14509,0,964,924,600,229,454,0,43,0,0,0,3,11764,0,1462,276
forest,68389,645,0,0,13985,0,976,968,1740,243,489,0,2,0,0,0,4,8236,0,1142,34
forest,70686,1219,0,0,11694,0,823,1022,503,22,539,0,0,0,153,8,1,7526,10,1510,1382
river,70060,1223,0,0,11591,0,709,539,957,17,470,0,1,0,2,15,7,7582,22,939,3036
plains,65786,1321,0,16,14651,2,734,885,1282,151,504,0,0,0,0,0,39,9662,0,1290,873
plains,65740,1578,0,0,15132,0,769,832,1141,253,361,0,31,0,0,0,39,10443,0,882,3
plains,66188,748,0,0,13769,0,717,1000,996,209,463,0,3,0,3,0,35,9703,0,1861,1364
plains,71176,118,0,3,13328,0,426,956,601,248,202,0,0,0,0,0,28,6989,0,1198,1863
plains,75973,317,0,21,10822,0,144,1091,266,216,448,0,0,0,0,4,20,4456,0,1074,2448
plains,77303,292,0,2,9605,0,71,1193,71,256,48,0,0,0,0,0,38,2983,0,872,4598
plains,80710,296,0,0,8518,0,608,521,34,205,267,0,7,0,0,1,63,2401,2,100,3708
plains,80725,131,0,0,7609,0,680,406,19,232,280,0,75,0,13,0,51,2669,0,647,3830
plains,79326,672,0,0,9361,1,346,646,288,144,385,0,30,0,22,0,31,3254,0,1257,1631
plains,77491,648,0,0,11228,2,710,528,644,160,277,0,6,0,17,0,14,4227,0,1210,159
plains,72062,626,0,0,14286,0,618,739,454,175,276,0,96,0,0,0,21,6886,0,1067,0
plains,64188,1377,0,0,13821,0,994,952,816,226,729,0,14,0,0,0,27,13066,0,965,0
plains,65339,1078,13,0,11295,2,1304,1257,1084,271,703,0,73,0,0,0,42,13595,0,1024,1
plains,66463,1384,0,0,10682,0,1367,1238,590,256,174,0,0,0,0,0,22,13932,0,973,0
plains,66898,1448,0,0,11619,0,829,861,993,205,480,0,0,0,0,0,18,12517,0,1224,62
plains,65185,1119,0,0,13871,0,1359,270,1266,201,648,0,176,0,0,0,37,12034,0,734,146
plains,64355,1290,0,0,13314,2,1268,536,1381,248,414,0,115,0,0,0,53,12547,0,1607,0
plains,64964,1143,0,0,12142,0,1727,1052,553,256,659,0,54,0,0,0,57,13736,0,813,1
plains,65050,1488,0,0,14126,0,547,687,1874,131,583,0,0,0,16,0,19,11161,0,788,744
plains,64824,811,0,0,14313,0,1272,1282,1006,198,937,0,0,0,0,0,28,11065,0,1046,363
plains,64404,1094,0,0,14378,0,563,1079,1023,257,622,0,0,0,0,0,44,11069,0,1003,1560
plains,62575,1111,0,0,14418,0,1298,1449,737,271,362,0,0,0,0,0,56,13197,0,1325,248
plains,62286,971,180,0,13726,0,1484,950,1241,256,780,0,2,0,0,0,63,13428,0,1557,0
plains,62752,1066,87,0,12850,4,1247,835,1177,256,407,0,0,0,0,0,44,14611,0,1396,0
plains,65356,1208,0,0,13508,0,818,1057,1526,264,498,0,1,0,0,0,64,10704,0,441,864
plains,65958,1204,0,0,12905,0,809,1252,487,455,573,0,0,0,0,0,54,11554,0,1510,428
plains,65311,359,0,0,11635,0,701,817,707,321,571,0,16,0,0,0,55,12663,0,2106,1575
plains,66861,591,0,0,12427,0,1340,1016,1010,256,945,0,119,0,0,0,56,11213,0,1257,23
plains,66242,1129,0,0,14160,0,1024,903,1035,256,540,0,50,0,0,0,64,10615,0,719,416
plains,68621,1247,0,0,12097,0,1361,727,1231,178,454,0,116,0,159,0,50,9081,0,1183,630
plains,68734,1399,0,0,12757,0,594,283,735,110,335,0,4,0,122,0,24,9705,0,1173,1277
plains,67126,935,0,0,14117,1,504,924,1162,256,314,0,0,0,0,0,48,10232,0,1146,368
plains,65481,1013,158,0,15009,1,878,1020,1753,256,736,0,54,0,0,0,66,9818,0,761,0
plains,66302,698,176,0,13523,1,1310,1020,1529,256,365,0,0,0,0,0,74,10525,0,1221,0
plains,66758,1564,38,0,13848,0,951,1056,657,256,926,0,0,0,0,0,61,9424,0,1565,0
plains,66705,1217,0,0,14789,0,1299,879,979,157,121,0,0,0,116,0,36,9930,0,887,68
plains,66332,939,0,4,14835,0,1366,1121,1091,5,414,0,0,0,340,0,3,9755,0,675,250
plains,67448,1132,0,12,13410,0,1160,919,1231,57,637,0,1,0,162,0,22,8627,0,2105,303
plains,67453,583,0,1,14797,0,914,1100,1161,188,474,0,0,0,105,0,44,9217,0,838,270
river,67472,1108,0,18,14789,0,1129,1030,481,29,579,0,0,0,133,18,7,8837,10,827,655
river,67759,1359,64,0,13332,0,953,875,397,0,685,0,0,0,388,15,0,6892,20,1343,2138
plains,66521,1156,207,6,13667,0,1589,1220,977,0,594,0,0,0,277,7,0,8150,6,1247,1475
river,66842,795,382,10,14070,0,898,900,754,0,834,0,1,0,129,0,0,9536,0,1020,984
river,66985,896,513,0,13373,0,896,309,1176,0,594,0,0,0,301,12,0,9699,18,682,1631
river,66325,1117,347,13,14583,2,1244,545,1238,0,504,0,0,0,176,23,0,8393,40,697,1814
plains,66107,1145,170,0,14346,0,1089,661,1153,101,483,0,0,0,262,8,28,10010,4,1116,412
plains,65874,1348,201,0,14315,0,613,1129,692,256,689,0,3,0,0,0,57,11028,0,838,0
plains,66377,1264,0,0,13970,0,1117,988,1320,255,461,0,2,0,0,0,48,9901,0,1375,0
forest,65818,1168,0,0,14128,0,973,1035,970,249,694,0,1,0,0,0,7,10593,0,970,0
forest,63989,1229,0,0,14324,0,1842,881,931,249,629,0,0,0,0,0,9,11255,0,1202,0
forest,64151,1246,0,0,14682,4,1271,971,999,250,460,0,106,0,0,0,10,11146,0,1076,155
forest,65237,766,0,0,14313,0,1064,1139,1125,250,905,0,24,0,0,0,12,10654,0,1194,2
forest,65248,1231,0,0,14782,0,1172,1153,1510,252,418,0,0,0,0,0,9,9670,0,1155,0
forest,65034,1000,0,0,14949,0,895,1449,1220,252,616,0,0,0,0,0,5,10381,0,715,154
forest,65007,1249,0,0,14212,0,1431,1399,613,250,676,0,1,0,0,0,8,10319,0,1491,0
forest,64782,1263,0,0,13582,0,913,1333,1486,251,544,0,0,0,0,0,2,11285,0,1147,62
birch_forest,65195,1001,0,0,12132,0,857,1430,1156,267,670,0,0,0,0,0,7,12735,0,845,310
birch_forest,64453,992,0,0,12662,0,1611,829,1466,293,567,0,1,0,0,0,9,12780,0,903,102
birch_forest,64850,1429,0,0,13101,3,1038,1006,826,256,692,0,0,0,0,0,8,12336,0,1163,0
birch_forest,63741,1414,0,0,14471,0,1537,1051,1172,250,457,0,1,0,0,0,12,11263,0,1335,159
birch_forest,63974,1529,0,0,14484,0,1195,753,716,250,616,0,0,0,0,0,11,11655,0,941,732
birch_forest,64601,774,0,0,13258,0,898,881,598,247,475,0,74,0,0,0,13,12480,0,947,1282
birch_forest,66975,1075,0,114,9638,0,926,1087,663,249,533,0,81,0,0,0,12,10525,0,1421,3470
birch_forest,69209,928,0,42,7908,0,755,1356,713,249,403,0,0,150,0,0,14,8876,0,700,5383
birch_forest,68153,590,0,173,10953,0,819,868,438,250,253,0,1,256,0,0,12,11173,0,489,2379
birch_forest,68723,1311,50,328,11384,0,1282,544,631,225,370,0,113,62,40,0,12,9746,0,1412,441
dark_forest,68656,559,77,454,12443,0,903,500,721,192,401,0,9,114,89,0,9,7721,0,1020,1648
dark_forest,69812,904,122,404,12264,0,454,955,621,240,390,0,227,111,6,0,27,8118,0,1060,729
dark_forest,69361,1303,112,485,8852,0,1031,1274,748,239,290,0,0,561,0,0,41,10496,0,1158,38
dark_forest,62386,1296,28,577,14049,0,857,1138,575,240,433,0,0,184,0,0,18,13023,0,1253,0
dark_forest,62104,1252,0,630,13471,0,1625,1085,601,241,423,0,56,118,0,0,10,13711,0,914,19
dark_forest,63525,1401,0,488,12783,0,1181,1047,636,246,336,0,32,96,0,0,6,13426,0,1284,16
dark_forest,65511,1004,0,711,11741,2,1076,1157,1239,244,352,0,1,265,0,0,34,12063,0,586,300
dark_forest,64822,859,0,589,10467,0,820,1246,773,251,570,0,0,545,0,0,80,13265,0,1679,89
dark_forest,64577,1390,0,1106,11518,0,1500,1057,1060,268,485,0,0,397,0,0,38,12074,0,770,3
dark_forest,60813,907,0,1333,12470,0,1011,1131,768,260,723,0,1,220,0,0,14,15493,0,1064,116
dark_forest,61624,900,0,1627,11065,0,434,1153,1003,287,415,0,0,399,0,0,34,15803,0,1596,34
dark_forest,63826,1349,0,1749,11216,0,779,1342,865,282,588,0,0,473,0,0,28,12461,0,860,125
dark_forest,63586,1045,0,1381,11896,0,866,1224,726,258,464,0,0,391,0,0,28,13650,0,502,33
dark_forest,65460,641,0,1318,11805,0,631,677,1651,240,369,0,0,398,0,0,33,11845,0,937,57
dark_forest,66300,931,0,1342,10977,0,1090,485,910,243,357,0,0,437,0,0,64,11677,0,1220,13
dark_forest,67415,989,0,1546,10977,1,954,868,1235,239,410,0,0,453,0,0,60,10158,0,820,7
dark_forest,66933,1346,0,1413,11580,0,882,768,925,236,512,0,0,321,0,0,17,10203,0,648,135
dark_forest,65755,996,0,1721,12387,0,1237,673,983,269,296,0,0,197,0,0,23,10640,0,988,4
dark_forest,64115,657,106,1079,11698,0,1384,984,977,247,599,0,0,180,0,0,33,11898,0,810,0
dark_forest,62620,1247,0,927,13503,0,1289,975,961,257,342,0,24,42,0,0,5,12671,0,1191,1
dark_forest,63366,1148,0,631,14856,4,698,932,1162,270,693,0,15,95,0,0,23,11431,0,1084,0
dark_forest,64371,1311,228,980,12900,0,1122,1042,1118,242,407,0,63,121,0,0,45,10140,0,864,27
dark_forest,64637,988,261,785,13036,0,857,1006,987,279,372,0,130,67,0,0,20,11162,0,782,17
dark_forest,63364,967,285,613,13347,0,1102,1272,592,246,210,0,10,162,0,0,7,12374,0,1254,0
dark_forest,64962,908,148,1869,13582,0,1068,1084,858,246,497,0,0,288,0,0,33,9424,0,1252,14
dark_forest,65147,508,341,1623,13725,0,1230,1003,747,297,346,0,14,255,0,0,52,9779,0,990,13
dark_forest,67739,664,405,1509,12520,0,744,389,833,204,399,0,0,325,179,0,85,8903,0,1027,17
beach,71087,1273,373,891,10082,0,832,269,597,65,308,0,0,463,766,0,61,7856,0,1034,189
beach,68972,1280,33,934,9969,0,518,364,899,17,361,0,0,627,1146,0,58,10059,0,720,414
river,67334,1246,0,990,11887,0,986,867,809,27,351,0,0,187,533,14,25,7711,20,1113,2954
river,65792,1080,0,641,13408,0,877,663,745,0,1005,0,0,0,440,22,0,6928,34,1543,3867
beach,65843,949,0,1378,14075,0,770,215,358,0,362,0,0,0,400,21,0,8779,22,955,2789
ocean,65908,1163,0,845,13978,4,782,240,867,0,544,0,0,0,3,42,0,7552,26,1172,3957
ocean,65962,956,0,729,14170,0,661,660,1171,0,362,0,0,0,27,23,0,8285,16,1271,2928
ocean,66682,858,0,625,12935,0,674,361,950,0,531,0,37,115,74,43,17,9024,36,1380,2768
ocean,66381,1448,0,1184,12111,0,757,322,1274,0,562,0,179,11,50,27,0,6759,16,1855,4286
ocean,65834,1421,0,449,13416,1,795,423,345,0,981,46,55,5,0,29,0,7921,26,1074,4386
ocean,67804,1119,0,1314,11362,0,625,219,438,0,876,244,1,447,0,34,60,7783,26,703,3933
ocean,66156,829,0,711,13910,8,1140,374,1073,0,544,203,0,59,6,35,7,7184,30,997,3884
deep_cold_ocean,70782,395,0,1111,8653,0,1292,85,328,0,819,0,30,359,19,19,37,6648,24,816,5776
deep_cold_ocean,75342,689,0,530,4888,0,554,250,857,0,375,0,20,287,0,5,43,6028,70,523,6683
deep_cold_ocean,74976,513,0,678,4899,0,876,44,703,0,528,0,14,359,0,5,6,5766,58,829,6813
deep_cold_ocean,76364,290,0,293,4911,0,622,112,1063,0,334,0,50,350,0,3,0,5693,42,347,6664
deep_cold_ocean,76434,170,0,49,4588,0,1279,192,1068,0,542,0,147,368,0,3,7,5153,38,727,6420
deep_cold_ocean,76616,912,0,203,4009,0,565,193,956,0,579,0,0,345,0,7,6,6101,68,601,6036
deep_cold_ocean,76107,918,43,189,4438,0,394,376,748,0,368,0,37,332,0,14,0,7655,70,336,5057
cold_ocean,74766,1152,96,457,3409,0,419,260,570,0,319,0,1669,590,12,22,1,9150,22,538,3469
cold_ocean,71797,1085,0,544,6389,1,1344,326,680,0,742,0,2295,346,0,18,21,6585,14,476,4107
cold_ocean,70607,1226,0,294,9337,2,514,485,798,0,812,0,485,178,27,16,0,8085,8,1251,3035
cold_ocean,66711,1179,0,607,13290,0,469,651,871,1,494,0,0,67,105,16,0,8728,12,1433,2467
cold_ocean,68353,1199,0,395,12061,0,646,391,1196,0,463,106,1,283,0,13,18,7898,6,1087,2973
cold_ocean,70594,451,0,584,10348,0,420,175,827,0,509,213,0,463,0,17,28,8408,10,632,3313
cold_ocean,72135,896,0,393,9168,0,933,152,812,0,458,354,145,448,0,19,34,7536,12,561,2870
cold_ocean,68587,932,0,332,11344,0,790,153,483,0,900,228,57,447,0,29,78,8473,26,1162,2955
cold_ocean,67477,788,0,487,12463,0,992,327,1072,0,334,0,0,210,0,15,43,8268,18,1360,3227
cold_ocean,66193,1211,0,391,13857,0,955,483,1119,9,297,0,0,97,108,14,27,8079,18,1673,2669
cold_ocean,65906,885,0,293,14373,0,520,439,1020,0,636,0,0,1,62,24,0,8756,20,1326,2956
cold_ocean,65939,808,0,298,13037,0,1119,449,1338,0,348,0,170,0,115,14,0,7246,6,1963,4390
cold_ocean,66170,821,0,233,13985,0,794,314,1317,0,585,207,0,0,111,19,0,8631,16,1281,2606
cold_ocean,65851,973,0,546,13833,0,1014,138,758,0,878,239,0,0,0,8,0,6903,10,1470,4612
cold_ocean,65792,292,0,165,15174,0,308,293,802,0,794,243,0,0,0,20,0,7287,22,854,5090
cold_ocean,65857,876,0,264,14025,0,774,409,1238,0,664,353,0,0,0,15,0,6841,22,1614,4147
cold_ocean,66391,928,0,162,14658,0,461,130,927,0,447,253,3,0,0,17,0,7413,26,948,4424
cold_ocean,67916,957,0,246,13455,0,1057,330,614,0,571,0,8,74,2,8,28,6736,20,642,4461
cold_ocean,67923,889,0,352,12429,0,872,44,1429,0,697,0,0,116,0,23,18,7084,16,1024,4339
cold_ocean,66342,1441,0,137,13997,0,809,277,820,7,979,0,0,46,0,9,12,6291,12,1455,4604
cold_ocean,68027,697,0,337,12316,0,1032,87,627,0,655,147,32,224,0,15,9,7233,20,881,4843
cold_ocean,67451,873,0,601,12531,0,896,304,449,0,587,375,596,156,0,21,0,7731,12,764,3756
cold_ocean,66020,733,0,173,14805,0,848,225,650,0,796,0,110,0,0,11,0,6703,6,831,5354
cold_ocean,66006,369,0,254,13979,0,706,197,743,0,702,0,0,28,0,26,0,7380,20,1610,5261
cold_ocean,66213,1055,0,127,13919,0,543,260,308,0,622,0,0,46,8,12,0,6939,12,835,6385
cold_ocean,65792,1036,0,62,14307,0,297,333,1022,0,590,0,0,0,4,13,0,6552,18,1288,5980
cold_ocean,65792,733,0,104,14780,0,1041,147,809,0,925,0,0,0,0,14,0,6803,14,1167,4942
cold_ocean,65792,812,0,143,14557,0,617,164,651,0,741,67,0,0,10,12,0,7626,18,1096,4917
cold_ocean,65792,1206,0,499,13332,0,1198,180,438,0,764,255,0,0,26,16,0,7598,8,1620,4194
cold_ocean,65792,583,0,373,14664,2,988,271,829,0,685,200,0,0,0,16,0,7689,24,538,4459
deep_cold_ocean,65792,1130,0,423,14071,1,866,187,838,0,469,133,0,0,0,2,0,7150,0,895,5210
deep_cold_ocean,65792,535,0,232,14488,0,1003,70,816,0,785,0,0,0,0,10,0,5616,44,1103,6750
deep_cold_ocean,67928,206,0,707,11712,0,1402,161,835,0,471,0,0,222,0,9,26,5429,56,1044,7039
deep_cold_ocean,70214,208,0,506,11009,0,1016,37,230,0,488,0,0,244,0,3,61,5448,42,423,6948
deep_cold_ocean,66386,910,0,541,13902,0,518,133,74,0,509,0,5,290,0,12,68,5954,38,1016,6863
deep_cold_ocean,66013,880,0,645,13614,0,363,89,48,0,490,235,430,2,0,13,1,5714,82,1429,7193
deep_cold_ocean,66138,1041,0,81,14198,0,868,48,478,0,737,399,0,0,0,4,0,5348,38,1485,6300
deep_cold_ocean,66138,1174,0,478,14337,0,312,82,746,0,589,0,2,0,0,11,0,5497,78,1111,6724
deep_cold_ocean,66583,1075,0,516,13577,0,464,343,1201,0,563,0,28,12,15,19,0,7088,40,1120,4601
cold_ocean,66190,704,19,617,13832,1,741,115,1351,0,454,8,0,133,0,24,14,8229,22,914,3786
cold_ocean,65845,1192,0,560,14467,0,1057,428,1060,0,604,245,0,0,0,24,0,6865,12,843,3750
cold_ocean,66278,595,0,531,13179,1,1083,198,1852,0,1134,317,0,0,8,30,0,6234,12,943,3749
cold_ocean,65792,899,0,289,14492,0,897,314,1190,0,230,257,0,0,0,23,0,7497,10,1591,3642
cold_ocean,66475,1231,0,435,14022,0,1469,296,839,0,461,277,23,132,75,23,10,7912,30,506,2805
cold_ocean,67034,1135,0,659,12600,0,1156,811,709,0,433,135,0,147,478,15,17,9501,2,1135,1153
cold_ocean,66074,746,0,438,13583,0,576,1156,1499,36,464,8,299,10,171,14,3,10392,14,1256,407
cold_ocean,68035,1118,0,294,12482,0,1129,1039,851,16,690,0,61,299,302,17,10,9687,6,1012,163
cold_ocean,71297,818,0,377,9512,0,817,925,1483,34,411,109,0,539,136,12,63,8659,2,210,1592
cold_ocean,67000,985,0,523,12724,0,1319,791,744,174,534,0,0,328,80,9,3,10090,6,1058,709
cold_ocean,65884,1166,0,680,13883,0,1280,607,873,48,419,0,0,18,157,7,0,10260,8,1291,600
ocean,65792,1410,0,833,13914,0,910,559,968,20,300,0,0,0,308,32,0,10094,10,1310,792
ocean,67171,1307,0,314,11619,0,2043,815,987,0,257,0,0,138,236,28,26,8825,24,596,961
ocean,67273,444,0,354,11581,5,880,853,1170,0,552,0,0,44,252,40,6,8579,32,623,1925
ocean,68110,1015,0,344,10169,0,707,491,553,0,863,0,0,0,270,25,0,7838,30,708,2490
ocean,68513,1127,0,558,8304,0,868,380,900,0,415,0,0,82,226,37,20,7727,40,1005,2082
ocean,68715,607,0,228,9387,0,1307,1042,663,0,555,17,1,50,136,20,0,6777,12,869,2816
ocean,66783,553,0,840,12827,1,857,1008,689,0,580,124,0,18,422,22,0,8302,24,755,2787
ocean,65990,1083,68,479,13814,0,639,1155,1124,0,589,195,262,0,299,35,0,6764,24,1468,3191
ocean,65792,702,0,1229,13663,0,1204,929,994,0,513,43,0,0,184,17,0,8968,12,1197,1623
ocean,65811,564,0,1001,14283,1,898,743,864,0,497,0,0,0,182,14,0,9250,20,1107,1977
ocean,65835,1299,0,1092,14295,0,370,730,421,0,322,0,0,0,206,26,0,9380,28,786,2468
ocean,66066,963,0,545,13748,0,1058,327,1053,0,506,56,0,0,103,47,0,7887,22,1696,3134
ocean,66249,514,0,896,13836,0,1156,367,446,5,510,110,0,0,0,46,0,8158,28,1384,3490
ocean,65794,1233,0,961,13974,0,737,403,890,0,714,107,0,0,0,25,0,8488,18,965,2867
ocean,66375,718,0,1103,13038,0,406,221,758,0,692,0,0,85,30,31,17,8772,22,1610,3340
ocean,65979,1258,0,757,13611,1,676,870,1021,0,641,0,0,0,252,19,0,8785,24,1477,1807
ocean,66129,1027,0,710,14130,0,1003,1088,1793,0,518,166,0,0,272,16,0,7178,4,1276,1766
ocean,66124,1129,0,640,13656,0,1240,603,847,0,551,422,0,0,177,36,0,7938,24,1407,2297
ocean,66904,1402,0,331,14634,0,1312,597,364,0,664,198,0,0,154,42,0,7284,32,639,2567
ocean,66075,1208,0,397,13543,2,441,196,1458,0,1011,147,0,0,3,44,0,8802,30,1094,2616
dark_forest,63947,877,60,160,13522,0,1263,1258,1145,154,436,0,0,0,66,16,1,10767,6,1973,1211
old_growth_birch_forest,61221,989,164,347,14467,0,945,993,1017,251,506,0,0,0,0,0,10,11352,0,1323,2994
old_growth_birch_forest,61791,915,0,270,14720,0,1363,829,214,253,84,0,0,0,0,0,3,12238,0,1050,3176
old_growth_birch_forest,65399,1002,0,396,14524,0,1217,891,1158,363,618,0,121,0,0,0,15,9933,0,950,225
old_growth_birch_forest,66222,814,0,324,15411,2,1009,953,874,305,534,0,225,0,0,0,14,9275,0,126,543
old_growth_birch_forest,67850,862,0,135,12952,0,826,1066,1424,254,441,0,59,0,0,0,17,8973,0,747,1165
old_growth_birch_forest,67146,1227,0,0,13465,0,1016,1028,783,247,603,0,53,0,0,0,3,10221,0,896,123
old_growth_birch_forest,66803,1025,0,0,13447,0,1095,847,961,251,444,0,0,0,0,0,9,10373,0,1446,149
old_growth_birch_forest,66850,1074,0,0,14319,0,1144,882,1080,270,407,0,0,0,0,0,8,9806,0,911,50
taiga,67736,843,0,0,12929,0,1356,792,1129,250,633,0,0,0,0,0,6,10360,0,666,0
taiga,67938,1173,0,0,12056,0,1172,1077,1319,251,421,0,62,0,0,0,3,9800,0,1509,0
taiga,67109,1511,198,0,13373,0,955,1249,1148,249,383,0,0,0,0,0,0,9679,0,832,0
taiga,77004,416,115,0,13365,0,182,481,264,123,105,0,16,0,0,0,0,4005,0,906,1
taiga,68531,1211,372,0,11673,0,850,950,1100,250,270,0,113,0,0,0,3,10429,0,706,65
forest,63851,1174,912,0,13172,0,1309,962,1111,249,305,0,1,0,0,0,7,11675,0,1650,129
forest,63034,1043,445,0,14177,0,1287,1000,787,249,671,0,0,0,0,0,4,12505,0,1241,0
forest,62354,917,396,0,14129,0,801,901,1054,251,517,0,0,0,0,0,8,13817,0,1363,6
forest,63879,1158,238,0,14313,0,916,1181,691,219,404,0,0,0,22,0,2,12075,0,1204,398
forest,63875,1519,129,0,14372,0,1616,1128,1209,253,482,0,83,0,0,0,9,11034,0,1123,0
forest,63531,1822,8,0,15073,0,1130,1163,835,253,368,0,82,0,0,0,15,11469,0,1032,0
forest,66097,1131,0,0,13957,0,1013,794,1227,250,197,0,0,0,0,0,4,11061,0,947,0
forest,63958,760,0,0,14893,0,1506,593,965,251,512,0,0,0,0,0,9,12148,0,1148,1
forest,63621,1702,0,0,14183,0,1109,709,1346,220,595,0,0,0,0,0,6,11673,0,1272,123
forest,66697,755,0,0,14482,0,1184,774,1451,201,417,0,106,0,0,0,5,9103,0,1231,433
forest,68294,858,0,1,13487,0,809,977,1013,132,585,0,79,0,54,0,5,8744,0,1502,540
river,69405,1087,0,15,13777,0,992,472,736,6,525,0,145,0,252,24,0,7033,16,1173,1428
plains,66265,1381,0,0,15153,0,1449,808,910,153,535,0,1,0,0,0,28,9217,0,752,582
plains,66110,937,0,0,14465,0,993,791,1087,254,720,0,0,0,0,0,56,10226,0,1249,260
plains,66340,927,0,0,14244,0,1658,1099,857,256,309,0,12,0,0,0,60,10040,0,1380,0
plains,65588,737,56,0,14034,0,967,826,1384,256,533,0,34,0,0,0,60,11125,0,1447,0
plains,68845,698,95,0,12779,0,714,910,1421,256,357,0,164,0,0,0,66,8831,0,1112,835
plains,76959,134,0,0,9217,1,775,1039,807,256,337,0,13,0,0,0,56,4409,0,693,2615
plains,83136,210,0,0,5256,0,129,941,396,256,445,0,268,0,0,0,53,2853,0,452,2941
plains,85957,291,0,0,4836,0,166,467,50,256,90,0,359,0,0,0,59,3367,0,730,709
plains,84712,327,0,0,5540,0,161,417,90,256,239,0,618,0,0,0,61,3794,0,11,1154
plains,81401,353,0,0,8007,0,37,933,160,230,110,0,105,0,9,0,43,4797,0,891,251
plains,81057,572,0,0,10708,3,323,68,580,46,162,0,312,0,0,0,3,2759,0,768,18
plains,71861,128,0,0,13723,0,741,908,985,225,295,0,245,0,0,0,27,7409,0,691,1
plains,59375,1218,35,0,13669,0,1167,1323,1181,260,766,0,9,0,0,0,37,16673,0,1319,0
plains,62220,851,108,0,12828,0,1060,1173,1034,259,814,0,51,0,0,0,41,15787,0,797,1
plains,63094,893,0,0,13115,0,1016,1570,1415,256,534,0,1,0,0,0,22,13559,0,1643,1
plains,68333,857,0,0,11314,0,1133,734,688,256,308,0,1,0,0,0,38,12138,0,1119,246
plains,68379,742,0,0,9941,0,1205,667,1016,240,395,0,17,0,0,0,33,13330,0,709,460
plains,64635,1067,0,0,13543,0,1143,762,871,235,553,0,153,0,0,0,42,12880,0,1194,50
plains,63569,1034,0,0,13938,3,1536,1068,977,256,380,0,1,0,0,0,62,13408,0,793,0
plains,65731,1543,0,0,12185,5,1281,923,793,255,368,0,11,0,0,0,38,12603,0,1318,45
plains,64968,1290,0,0,14368,0,1260,961,984,232,620,0,0,0,0,0,27,10781,0,898,762
plains,63732,1656,0,0,14052,0,871,947,782,256,234,0,43,0,0,0,52,11830,0,1498,1207
plains,63707,1022,0,0,13125,0,862,885,1199,256,577,0,12,0,0,0,46,12255,0,1311,1862
plains,64651,1273,0,0,13279,0,1220,721,919,256,444,0,0,0,0,0,56,12968,0,1051,182
plains,62404,1193,0,0,12857,0,885,957,1159,256,676,0,35,0,0,0,41,13915,0,1726,0
plains,63609,967,0,0,13565,0,991,868,1005,256,386,0,0,0,0,0,56,13407,0,1194,0
plains,65050,1044,0,0,13031,1,1509,1257,1118,401,548,0,0,0,0,0,43,11514,0,1521,146
plains,65359,1297,0,0,12952,0,713,1094,997,332,433,0,0,0,0,0,64,12009,0,1595,93
plains,65623,774,0,0,13625,0,1323,918,1192,256,776,0,1,0,0,0,57,11432,0,970,159
plains,66528,1408,0,0,12656,0,1054,863,764,251,615,0,0,0,0,0,47,10684,0,952,1334
plains,67483,659,0,0,13448,0,1110,1025,861,190,436,0,0,0,13,0,35,10049,0,689,1185
plains,68090,1437,0,0,12163,0,951,821,1006,37,432,0,0,0,311,31,18,9177,18,1585,1073
plains,68478,1210,0,2,12958,0,991,769,649,20,503,0,0,0,207,11,8,8537,14,938,1927
plains,69468,720,0,0,13458,0,730,725,950,293,418,0,15,0,24,0,68,9388,0,653,273
plains,69433,1124,0,0,13278,0,932,622,1449,256,670,0,0,0,0,0,59,8038,0,1119,202
plains,65346,1127,0,0,14963,0,881,740,1327,255,841,0,0,0,0,0,66,10754,0,688,42
plains,65532,809,0,0,14596,0,1451,942,830,256,610,0,0,0,0,0,55,11215,0,766,0
plains,66163,1456,0,0,13530,0,1436,1073,1315,256,771,0,47,0,0,0,62,9244,0,1691,0
plains,66321,1211,0,0,14929,1,930,1051,1484,153,290,0,0,0,214,0,43,9650,0,816,62
plains,67056,1316,0,5,14813,0,449,1037,867,65,367,0,0,0,306,0,22,9543,0,1146,184
plains,67435,1161,0,0,13905,0,1169,1211,954,99,424,0,25,0,159,0,25,9226,0,1109,155
plains,66635,1215,0,0,14032,0,1067,1049,1333,256,406,0,0,0,0,0,69,9745,0,1120,0
river,66402,958,0,0,14567,0,682,1086,1086,86,525,0,50,0,95,8,13,9458,16,1255,913
river,66112,1116,106,9,13389,0,1112,1035,738,0,746,0,0,0,407,17,0,8832,14,1614,1818
plains,66642,972,98,1,13471,0,839,956,1724,0,542,0,61,0,301,0,0,8605,0,1871,1026
plains,66212,995,126,8,14219,0,1246,710,937,0,564,0,0,0,266,0,0,9813,0,1377,610
plains,66130,916,284,5,14424,0,587,672,787,30,567,0,1,0,271,11,2,10280,10,1024,709
river,67026,1259,301,0,13883,0,676,810,773,57,621,0,0,0,114,7,8,8394,6,856,1110
river,65911,1417,270,9,13742,0,1492,820,1110,39,640,0,8,0,251,18,10,9045,22,1291,1006
plains,66066,1401,79,0,14201,0,1105,841,1392,174,689,0,0,0,159,0,41,9698,0,1177,88
forest,66390,1240,0,0,14554,0,1398,825,673,189,368,0,2,0,214,0,14,9936,0,1106,61
forest,66880,1369,0,0,14386,0,1079,906,1058,251,443,0,9,0,0,0,8,9293,0,1002,0
forest,65074,1435,0,0,14325,0,846,755,1005,248,847,0,0,0,0,0,1,10685,0,1424,0
forest,64204,1506,0,0,14228,0,1190,800,1171,250,288,0,0,0,0,0,5,11604,0,1233,0
forest,64197,1345,0,0,14871,0,1032,942,862,249,316,0,0,0,0,0,5,11303,0,1238,0
forest,64749,1403,0,0,14570,0,1389,718,781,249,420,0,0,0,0,0,3,11086,0,1165,4
forest,65753,1261,0,0,15434,0,1086,956,942,252,337,0,0,0,0,0,5,9275,0,553,834
forest,63937,1639,0,0,14565,0,1224,1325,1196,250,630,0,0,0,0,0,7,10272,0,1622,0
forest,64367,771,0,0,15511,0,1547,1346,904,250,601,0,0,0,0,0,1,10441,0,776,165
forest,64371,880,0,0,14979,0,718,1515,829,259,454,0,0,0,0,0,6,11325,0,1273,9
birch_forest,63852,1239,0,0,14339,0,840,1182,1681,264,631,0,70,0,0,0,5,11984,0,818,9
birch_forest,63833,991,0,0,12983,0,679,1482,1385,251,474,0,231,0,0,0,6,13383,0,1077,8
birch_forest,63767,1638,0,0,14201,0,1193,967,1120,254,568,0,0,0,0,0,8,11936,0,1193,7
birch_forest,64635,896,0,0,14310,0,1242,964,742,287,513,0,0,0,0,0,14,11795,0,1145,218
birch_forest,65632,1172,0,0,11244,0,682,447,1106,296,463,0,180,0,0,0,9,12705,0,791,1556
birch_forest,68993,1242,0,139,9560,4,366,635,1138,256,203,0,117,93,0,0,17,9554,0,1058,3568
birch_forest,77032,1382,0,116,4232,0,171,1012,772,249,195,0,32,230,0,0,26,8047,0,185,3146
birch_forest,77097,1121,0,235,4924,0,537,772,1166,251,68,0,26,240,0,0,15,8577,0,296,1531
birch_forest,78344,670,0,748,5544,0,892,907,949,249,118,0,1,127,0,0,13,7511,0,211,418
dark_forest,77050,187,0,1053,6960,0,523,673,302,236,285,0,1,464,0,0,47,7105,0,522,89
dark_forest,79994,340,25,1083,5426,0,396,884,788,244,425,0,26,119,0,0,18,6236,0,355,98
dark_forest,72732,880,50,622,7560,0,838,1192,449,239,206,0,12,266,0,0,22,10338,0,758,95
dark_forest,63152,1024,0,559,13195,0,876,1140,541,240,663,0,0,285,0,0,46,13688,0,740,62
dark_forest,61535,1541,0,803,13050,0,749,1163,1373,244,546,0,292,81,0,0,23,13047,0,1489,515
dark_forest,62431,705,0,730,13142,0,1058,1094,1036,247,466,0,275,254,0,0,96,12398,0,1393,874
dark_forest,64488,697,0,905,13175,0,786,1323,1136,240,443,0,69,345,0,0,39,11201,0,891,185
dark_forest,65958,1132,0,643,11988,0,729,1404,1037,266,339,0,0,552,0,0,102,9110,0,1219,169
dark_forest,65107,1126,143,523,12064,0,981,1280,787,257,477,0,22,506,0,0,62,11209,0,1098,294
dark_forest,61602,1562,0,1496,13086,0,855,1201,739,247,326,0,0,299,0,0,26,14140,0,883,27
dark_forest,57353,1022,0,1619,12136,0,1346,1333,1411,248,604,0,0,383,0,0,22,16742,0,2030,31
dark_forest,60860,895,0,1109,11894,0,406,956,912,252,709,0,1,460,0,0,56,17218,0,774,45
dark_forest,61917,1088,0,1445,11959,0,1249,723,881,259,379,0,1,517,0,0,62,14584,0,991,259
dark_forest,65693,1089,0,1872,11431,0,930,547,1225,248,506,0,0,360,0,0,10,11181,0,1314,102
dark_forest,67780,658,0,1282,10837,0,417,853,298,247,501,0,13,415,0,0,28,11924,0,1036,89
dark_forest,67238,1182,0,1868,10732,0,989,755,1021,244,715,0,0,412,0,0,30,9891,0,960,97
dark_forest,71621,1192,0,1343,11079,0,471,537,1110,129,331,0,0,405,0,0,40,7458,0,956,49
dark_forest,73463,263,0,1360,11972,0,964,120,1054,1,399,0,0,383,0,0,30,6398,0,543,24
dark_forest,67885,1575,0,1504,14041,0,543,646,773,164,390,0,0,194,0,0,31,8003,0,1017,3
dark_forest,64829,1113,0,745,13918,0,1035,1061,1367,248,348,0,0,105,0,0,54,10155,0,1486,3
dark_forest,62779,829,0,1787,14066,0,811,746,1286,247,550,0,0,0,0,0,11,12273,0,1043,0
dark_forest,63146,1134,0,1625,12960,2,798,594,909,256,366,0,0,16,0,0,1,12927,0,1766,2
dark_forest,63758,1623,247,1285,13552,0,708,513,845,246,306,0,85,122,0,0,35,11214,0,1683,3
dark_forest,62938,1188,657,802,12794,0,1416,574,905,242,292,0,1,8,0,0,6,12506,0,1367,0
dark_forest,62506,1344,920,660,13881,6,1057,823,837,238,219,0,149,0,0,0,10,11876,0,911,1
dark_forest,63170,1247,790,930,13622,0,1023,910,933,241,262,0,194,170,0,0,9,11121,0,1279,0
dark_forest,65110,894,754,1007,12852,0,788,1086,1038,246,580,0,1,507,0,0,20,10255,0,961,24
dark_forest,66479,891,618,1453,11745,0,881,1182,856,245,605,0,31,389,0,0,73,9598,0,1061,27
dark_forest,65615,697,429,835,14347,1,843,780,992,247,446,0,2,67,0,0,10,10281,0,745,1
dark_forest,67422,1289,327,1443,13511,0,405,846,435,239,169,0,0,368,0,0,29,8783,0,895,97
dark_forest,66989,483,55,1256,12016,0,967,852,1124,147,700,0,0,389,198,0,53,8737,0,1573,1066
river,66212,560,0,1098,13621,0,1375,833,365,0,444,0,0,304,128,17,36,7094,38,987,4021
river,65794,1197,0,997,14544,1,1130,771,415,0,453,0,0,0,162,36,0,7910,26,994,2751
beach,65792,781,0,894,14207,0,899,185,1499,0,635,0,0,0,911,4,0,8062,0,1227,1655
ocean,66211,1000,0,884,13404,1,1165,547,681,0,361,0,0,0,271,32,0,9041,24,1544,1938
ocean,65964,1301,0,718,14575,2,1681,646,1244,0,344,0,0,0,246,18,0,7849,10,1115,1458
ocean,65857,856,0,652,14319,0,318,586,1090,0,314,0,0,20,191,9,12,9438,20,1067,2389
ocean,66093,245,0,839,13665,0,1184,456,653,0,669,0,0,69,11,36,24,9267,20,1222,2683
ocean,65856,326,0,1325,13901,5,1040,243,612,0,791,0,0,25,0,30,14,8282,18,831,3857
ocean,66914,642,0,913,12184,0,1178,554,689,0,670,273,6,300,0,14,33,7275,14,1024,4371
cold_ocean,66828,923,174,1037,12937,0,1624,331,494,0,535,215,91,185,14,24,11,6751,22,977,3995
cold_ocean,66407,1528,0,587,13459,0,290,93,1492,0,757,0,0,56,25,25,13,6841,32,1038,4569
deep_cold_ocean,68771,1073,0,438,10997,0,1004,0,879,0,353,0,0,378,0,9,35,6049,62,963,6008
deep_cold_ocean,73853,693,0,724,6928,0,545,231,519,0,394,0,0,363,0,3,0,4786,42,215,5795
deep_cold_ocean,76645,349,0,386,4177,0,1029,31,704,0,493,0,60,304,2,7,0,5837,34,113,6547
deep_cold_ocean,77300,840,0,3,4594,2,421,117,521,0,384,0,119,265,0,9,0,6319,64,51,6168
deep_cold_ocean,78028,266,0,167,2814,0,1283,170,529,0,402,50,188,314,0,8,0,7079,34,349,5539
cold_ocean,77352,1249,91,320,3301,0,606,149,314,0,428,236,192,341,126,21,0,6881,68,374,4979
cold_ocean,75914,1321,133,362,3410,1,1155,519,759,0,182,167,699,525,227,23,2,7746,34,665,2927
cold_ocean,71849,813,0,297,7055,0,961,148,999,0,495,0,1972,257,16,22,18,6830,12,520,4428
cold_ocean,68971,1289,0,197,10679,0,723,435,929,50,394,0,1254,0,125,23,0,7230,2,1347,3520
cold_ocean,66620,920,0,287,13127,0,1213,570,1372,3,811,0,0,8,193,25,1,7444,12,1607,2939
cold_ocean,67133,809,0,313,12971,0,1183,726,587,4,270,255,6,242,52,13,45,8855,8,1417,2254
cold_ocean,69030,741,0,395,11662,0,369,52,1040,0,528,324,16,236,0,30,30,8680,14,720,3186
cold_ocean,71988,1257,0,20,10249,0,665,280,262,0,440,168,20,247,0,30,92,6798,18,1286,3371
cold_ocean,69093,1156,0,507,12115,0,890,267,433,0,561,0,0,309,79,25,42,7251,24,1339,3090
cold_ocean,66786,1097,0,273,12533,0,872,376,1006,0,628,0,0,175,58,19,19,8393,22,1886,2962
cold_ocean,66032,894,19,556,14089,0,933,529,1685,0,801,0,2,16,81,20,1,8311,12,1106,2093
cold_ocean,66179,1033,127,371,13049,0,1302,578,933,0,735,19,47,1,147,16,1,9425,22,1864,1260
cold_ocean,66468,687,0,228,14364,0,827,310,427,0,511,59,127,0,111,20,0,7901,22,779,4358
cold_ocean,66484,992,0,229,13442,0,714,194,897,0,483,59,10,0,1,28,0,7253,16,905,4665
cold_ocean,65924,660,0,83,15020,0,849,88,855,0,604,35,0,0,0,40,0,8330,32,1030,3626
cold_ocean,66142,1175,122,104,13449,0,894,232,493,0,1018,372,54,0,0,10,0,7268,22,2082,3709
cold_ocean,65822,786,0,13,15125,0,842,269,798,0,521,469,0,0,4,9,0,7602,4,933,3879
cold_ocean,66065,774,0,215,14320,6,1389,450,363,0,759,251,111,0,0,3,0,6968,12,1265,4194
cold_ocean,67349,652,0,276,13007,2,1520,123,409,0,1004,0,119,1,2,23,0,7526,50,1044,4045
cold_ocean,65963,864,0,45,14251,4,596,179,1232,0,813,0,41,0,5,14,0,8039,14,1106,4065
cold_ocean,66214,522,0,205,14420,0,1029,98,767,3,546,0,16,14,0,32,3,7235,6,1163,4970
cold_ocean,66821,839,0,243,13930,8,817,251,146,0,647,174,244,0,0,19,0,7375,14,1334,4334
cold_ocean,67386,881,0,109,12180,0,1236,332,364,0,607,496,728,23,0,15,0,8056,24,1516,3256
cold_ocean,68054,1059,0,0,12436,4,1147,375,763,0,857,293,12,0,0,28,0,7370,20,1079,3569
cold_ocean,66066,782,0,120,14691,7,1064,67,1191,0,588,38,3,0,0,10,0,8216,8,804,3488
cold_ocean,66875,1064,0,1,13140,0,1306,297,1266,0,563,0,196,0,0,21,0,5190,14,1174,6072
cold_ocean,66148,372,0,171,13839,0,235,260,549,0,706,0,16,0,0,26,0,6148,28,1794,6963
cold_ocean,66186,189,0,86,13883,0,833,428,577,0,613,0,0,0,12,13,0,6637,12,1257,5795
cold_ocean,66392,1150,0,0,12941,0,1044,466,556,0,855,0,0,0,0,18,0,7034,12,1009,5689
cold_ocean,65808,1208,0,68,14915,0,1356,190,525,0,928,0,0,0,0,22,0,6229,8,1018,4853
cold_ocean,65792,1082,23,202,14294,0,581,440,825,0,475,309,15,0,24,21,0,6023,20,1011,6001
cold_ocean,65792,910,0,138,14567,0,529,328,279,0,622,108,0,0,25,21,0,6653,20,1184,6059
cold_ocean,65807,831,0,412,14305,0,877,129,234,0,1422,0,0,0,0,11,0,6950,26,1100,5116
cold_ocean,65807,889,0,366,13585,0,1070,226,911,0,765,50,0,0,3,15,0,7807,4,1361,4362
cold_ocean,65792,732,0,317,14347,0,642,111,1351,0,589,199,0,0,0,0,0,5951,4,1267,5909
deep_cold_ocean,66376,193,0,311,13280,0,809,125,907,0,643,0,0,238,1,5,48,5524,50,1302,7385
deep_cold_ocean,68364,710,45,59,11338,0,697,51,954,0,503,0,24,175,6,12,54,6016,96,1506,6578
deep_cold_ocean,65849,599,147,307,13840,0,42,54,608,0,553,0,318,6,1,4,2,5837,42,1567,7374
deep_cold_ocean,65792,1229,0,406,15056,0,486,195,1176,0,638,60,33,0,1,5,0,4400,28,753,7011
deep_cold_ocean,65792,417,0,215,14353,0,800,165,828,0,724,0,0,0,0,7,0,7107,56,1138,5647
deep_cold_ocean,66587,573,37,83,14096,0,624,192,1105,0,802,0,30,0,0,10,0,7251,54,1264,4498
deep_cold_ocean,66104,483,0,652,13320,0,965,104,1050,0,882,0,49,0,0,19,0,8446,74,898,4189
cold_ocean,65792,925,0,144,15246,0,773,230,376,0,453,0,0,0,0,14,0,8573,16,809,3851
cold_ocean,66039,1545,0,414,14064,0,1065,291,1003,0,708,131,67,0,0,15,0,6856,8,1152,3679
cold_ocean,66701,728,0,796,12539,0,1284,250,808,0,756,150,106,150,0,17,22,8283,10,698,3276
cold_ocean,67054,456,0,724,12714,0,1217,569,1591,0,381,97,128,294,50,22,5,8488,24,702,2529
cold_ocean,66731,935,144,594,12691,0,979,1302,1004,0,600,131,105,242,220,14,15,8588,20,1151,1575
cold_ocean,65865,728,0,381,14672,0,1035,945,949,0,331,89,0,0,287,21,0,9667,10,1087,1063
cold_ocean,66121,1436,0,282,14680,0,1241,1308,1231,0,395,0,0,8,257,13,0,8271,8,903,977
cold_ocean,67108,1646,0,719,12779,0,711,1126,893,0,517,0,0,148,148,35,17,7940,16,1451,1896
cold_ocean,69775,1018,0,653,10509,0,964,240,859,0,783,59,1,457,42,20,24,7483,8,722,3460
ocean,69925,891,0,532,10362,0,934,364,305,17,526,0,0,389,0,15,41,8238,18,825,3712
ocean,67511,759,0,706,12592,0,804,507,1096,40,753,0,0,74,112,22,37,8642,22,888,2630
ocean,66016,878,0,502,14200,2,1157,304,1502,4,616,58,0,3,40,17,0,8150,6,1104,2660
ocean,67380,1036,0,684,11682,0,1129,790,1049,0,545,136,0,315,16,24,46,8133,16,1363,2641
ocean,67606,1061,0,585,11389,0,1052,560,793,0,539,143,117,572,202,36,69,7954,28,1059,3237
ocean,66632,1446,132,671,12792,0,1074,350,592,0,610,8,0,64,72,18,4,7918,22,934,2684
ocean,68727,1109,20,171,10793,0,725,72,1073,0,779,0,0,42,28,22,28,6931,16,361,3739
ocean,67243,1102,0,369,10521,0,1159,525,495,32,798,0,0,1,60,25,0,8199,36,1073,2347
ocean,66051,1199,0,631,13947,1,562,795,584,0,764,187,103,22,109,18,11,8603,24,1230,2298
ocean,66049,1288,79,830,14316,0,941,956,618,0,542,182,135,19,279,37,10,8024,30,802,1899
ocean,65940,1724,0,880,13851,0,602,969,1180,0,441,0,239,33,253,27,12,8333,38,1111,1567
ocean,65806,830,0,951,14199,0,880,712,692,0,287,0,59,0,158,20,0,8920,10,1431,2281
ocean,65859,758,0,1169,13504,0,1046,374,939,0,597,0,0,0,70,24,0,7679,18,1476,3655
ocean,66085,792,0,665,14721,0,489,92,600,0,734,120,56,0,3,41,0,8903,22,714,3198
ocean,67289,1631,0,1210,12978,0,763,192,936,0,618,323,33,0,0,17,0,5643,14,942,4611
ocean,66891,1009,0,980,13037,0,859,261,546,15,744,305,1,16,0,26,4,7402,18,1228,3819
ocean,65940,1247,0,1082,13378,0,467,146,798,0,884,0,0,9,0,26,4,8427,30,1223,3541
ocean,66114,1282,0,887,13734,0,1152,142,927,0,634,0,0,0,0,27,0,7919,42,791,3523
ocean,66083,708,0,254,14927,0,560,207,1117,0,854,0,0,0,0,23,0,7961,8,881,3620
ocean,66183,1161,17,662,14272,0,783,223,1121,0,650,268,0,0,2,16,0,7230,8,1018,3552
ocean,66864,875,0,917,13195,0,642,250,800,0,588,316,0,108,0,26,19,8239,30,957,3224
ocean,66366,897,0,648,14118,4,1206,492,1092,0,434,236,0,100,33,26,0,7541,18,846,3117
dark_forest,63845,852,0,385,15258,0,957,1157,1420,202,334,0,0,0,193,4,4,10709,0,947,358
old_growth_birch_forest,61748,1110,207,751,14190,0,1640,1677,1072,296,550,0,0,0,0,0,7,11854,0,1316,11
old_growth_birch_forest,62392,1154,97,246,15159,0,919,1244,948,318,391,0,0,0,0,0,5,12453,0,845,601
old_growth_birch_forest,65096,1159,20,432,13348,0,1176,730,1111,259,296,0,136,0,0,0,11,11622,0,1278,10
old_growth_birch_forest,65847,735,0,183,14439,0,1120,605,775,251,432,0,344,0,0,0,15,10501,0,1369,111
old_growth_birch_forest,67092,1844,0,0,12952,0,790,1459,527,323,360,0,0,0,0,0,11,9419,0,1400,683
old_growth_birch_forest,66179,549,0,0,13734,0,1509,1079,1499,332,423,0,112,0,0,0,12,10095,0,1171,81
old_growth_birch_forest,68917,1046,0,0,11719,0,918,1089,1135,250,509,0,110,0,0,0,12,9466,0,1430,128
old_growth_birch_forest,68721,1204,0,0,11505,0,547,808,717,259,693,0,465,0,0,0,10,10261,0,1337,213
old_growth_birch_forest,67064,1067,0,0,13993,0,922,661,696,250,957,0,1,0,0,0,14,9886,0,949,291
old_growth_birch_forest,65603,1821,0,0,14139,0,1156,960,1756,249,602,0,0,0,0,0,20,8929,0,1440,0
taiga,65921,927,0,0,13931,0,1644,910,1082,236,462,0,0,0,0,0,10,10229,0,1317,14
taiga,65536,1450,219,0,14736,0,1272,866,1156,249,559,0,134,0,0,0,3,9437,0,1071,0
taiga,65338,1467,22,0,13789,0,1181,1189,911,250,594,0,1,0,0,0,2,10663,0,1293,0
forest,74020,989,0,0,11334,1,769,1044,746,251,466,0,20,0,0,0,13,5874,0,1318,0
forest,66125,1249,15,0,13459,0,1167,945,578,250,669,0,0,0,0,0,8,11314,0,992,0
forest,63976,1208,458,0,15159,0,1257,899,1023,249,369,0,0,0,0,0,6,11217,0,776,1
forest,63594,1318,456,0,14278,0,914,834,967,252,408,0,0,0,0,0,6,12179,0,1396,0
forest,62006,928,553,0,14093,0,1234,628,1714,251,512,0,0,0,0,0,13,13208,0,1446,0
forest,62898,1001,261,0,14268,0,1727,1078,1853,250,519,0,0,0,0,0,2,11830,0,911,0
forest,63829,1293,0,0,15136,0,1186,1223,996,253,406,0,0,0,0,0,6,12048,0,484,0
forest,65232,1750,0,0,14059,0,840,1293,724,249,496,0,0,0,0,0,6,11224,0,907,2
forest,64494,962,0,0,13403,0,1226,1156,1176,249,358,0,0,0,0,0,2,12130,0,1434,0
forest,64156,1034,0,0,14670,0,752,773,891,247,641,0,0,0,0,0,7,12262,0,1210,0
forest,65016,1585,0,0,13522,6,1107,932,956,247,279,0,325,0,0,0,12,11336,0,900,15
forest,65509,1287,0,0,12260,0,828,1123,1037,244,525,0,527,0,0,0,8,12045,0,1303,24
river,66952,1135,0,22,13535,0,475,750,1344,132,494,0,51,0,285,9,10,9798,4,1336,666
river,70620,651,0,0,13792,0,452,293,497,12,371,0,64,0,534,25,1,6818,26,530,2607
plains,72115,676,0,0,13583,0,463,735,838,200,328,0,0,0,120,0,50,6279,2,1474,360
plains,68651,1028,0,0,14034,0,722,782,574,241,257,0,0,0,0,0,53,9012,0,1361,403
plains,66432,1307,0,0,14496,0,965,640,1334,256,213,0,1,0,0,0,51,10191,0,1202,0
plains,65394,849,0,0,14415,0,919,490,900,256,807,0,135,0,0,0,64,11364,0,1458,1
plains,68985,983,0,0,11705,0,958,999,1013,256,252,0,73,0,0,0,57,10219,0,1494,195
plains,81114,553,0,0,5337,0,236,788,557,256,420,0,304,0,0,0,54,5637,0,264,1778
plains,84698,769,0,0,5066,0,164,972,476,255,138,0,946,0,0,0,45,2092,0,33,1751
plains,83633,281,0,0,4390,0,88,605,65,256,62,0,1161,0,0,0,43,3208,0,294,3363
plains,85892,76,0,0,6125,0,31,540,19,256,296,0,646,0,0,0,51,3026,0,71,317
plains,86294,785,38,2,6850,0,41,390,52,159,171,0,53,0,0,0,32,1910,0,434,229
plains,83056,653,0,0,6849,0,258,550,657,199,351,0,0,0,0,0,31,3320,0,1175,0
plains,70945,937,0,0,12026,0,616,809,583,256,417,0,79,0,0,0,54,9399,0,960,1
plains,58161,1337,0,0,14059,0,1358,1264,987,256,505,0,0,0,0,0,37,17911,0,1165,0
plains,60344,1118,0,0,13363,0,1707,1243,837,256,625,0,0,0,0,0,52,16594,0,959,0
plains,61806,826,0,0,14284,0,857,980,861,250,426,0,0,0,0,0,43,15534,0,1185,0
plains,65250,595,0,0,13437,0,1036,1127,686,256,478,0,0,0,0,0,25,13494,0,737,8
plains,68027,1208,0,0,9466,0,866,1175,693,256,567,0,1,0,0,0,28,13172,0,1040,23
plains,66392,907,0,0,11629,0,481,1072,1142,256,579,0,0,0,0,0,45,14064,0,403,76
plains,62170,1343,0,0,14189,0,1008,985,1094,256,304,0,0,0,0,0,65,14129,0,1507,7
plains,63927,1531,0,0,12771,0,1297,832,1658,256,718,0,16,0,0,0,41,12581,0,1063,399
plains,67746,1153,0,0,12149,0,884,644,1270,205,602,0,0,0,13,0,31,10089,0,855,1585
plains,68006,685,0,0,11945,0,975,695,677,241,342,0,1,0,20,0,26,12014,0,1205,300
plains,64410,798,0,0,12272,0,1480,1215,1020,256,535,0,0,0,0,0,60,12795,0,1101,1161
plains,64941,1060,0,0,14336,0,644,1078,321,256,553,0,0,0,0,0,43,12279,0,1239,203
plains,65215,587,0,0,13178,0,899,1172,909,333,633,0,3,0,0,0,50,11966,0,1294,0
plains,64444,1365,0,0,14080,0,1001,1016,966,384,501,0,6,0,0,0,44,12473,0,900,0
plains,64850,1041,0,0,13626,0,1432,1579,1156,450,694,0,0,0,0,0,57,11356,0,730,164
plains,65037,1411,0,0,13002,0,1239,1110,1034,266,345,0,0,0,0,0,52,12356,0,1133,147
plains,66455,1072,0,0,12715,0,1516,1034,530,256,714,0,84,0,0,0,61,11715,0,948,125
plains,66165,797,37,0,12818,0,1057,705,503,249,679,0,0,0,0,0,46,11727,0,1520,811
plains,67506,1990,0,0,12970,3,1225,507,965,178,617,0,2,0,81,0,18,9839,0,649,541
river,66616,732,0,0,14196,0,1493,929,1478,21,562,0,0,0,332,10,3,9300,2,995,503
plains,66756,669,0,7,13419,0,1478,1037,1380,1,380,0,0,0,230,10,0,8359,14,1131,2402
river,67019,646,0,9,13941,0,977,791,620,21,242,0,0,0,366,17,4,7319,12,874,4400
plains,68496,598,0,14,13989,4,881,942,407,128,578,0,0,0,216,0,21,6539,0,1207,3234
plains,68944,505,0,0,13142,4,1371,758,155,255,401,0,40,0,0,0,68,8864,0,1428,1166
plains,68766,1266,0,0,11950,0,1062,876,979,256,752,0,0,0,0,0,74,10128,0,909,135
plains,66861,1196,0,0,13153,0,1378,601,859,270,636,0,0,0,0,0,45,10950,0,1202,26
plains,66402,1066,0,0,14002,0,1127,924,988,255,130,0,0,0,0,0,57,10898,0,1278,0
plains,67048,901,0,0,14413,0,1138,1080,559,256,302,0,0,0,0,0,63,9960,0,1453,1
plains,66350,863,0,0,14519,0,773,893,1523,256,412,0,0,0,0,0,62,10027,0,1557,0
plains,70083,1308,0,5,12968,0,1497,1200,691,183,541,0,0,0,47,0,52,7204,0,1271,67
plains,73610,754,0,11,10384,0,1341,1056,627,114,501,0,0,0,218,0,34,7541,0,799,132
plains,69599,1112,0,0,11689,4,903,1110,618,225,467,0,0,0,24,2,51,10619,2,720,32
river,67792,772,0,25,12927,0,885,603,950,0,693,0,0,0,254,23,2,9408,16,1079,1757
plains,66091,820,0,9,13875,0,1096,876,939,123,507,0,15,0,255,0,30,10849,0,1209,438
plains,67269,1481,0,13,14848,0,924,1114,431,56,560,0,0,0,267,0,8,8632,0,1051,538
plains,66306,1332,0,13,14787,0,681,941,1238,0,423,0,1,0,200,0,0,9941,0,773,521
plains,66634,1068,0,12,13966,0,927,685,1338,5,312,0,0,0,405,0,1,9545,0,1261,773
plains,67110,1212,0,26,13466,0,559,933,626,101,451,0,0,0,119,5,24,10255,0,1149,398
river,65982,612,0,1,14370,0,1069,722,787,0,313,0,48,0,258,14,0,10320,28,1287,1364
plains,65781,1450,0,3,14695,0,1371,833,1019,203,424,0,0,0,118,0,53,9922,0,1153,167
plains,65870,1305,0,0,14217,1,877,935,1109,245,335,0,0,0,30,0,34,10225,0,1474,140
forest,67096,1672,0,0,13812,1,735,1019,1028,249,267,0,184,0,0,0,10,9736,0,834,0
forest,66311,1660,0,0,14331,0,648,939,855,252,546,0,83,0,0,0,6,10027,0,1044,44
forest,64053,1542,0,0,14241,0,1026,1253,1122,251,454,0,0,0,0,0,10,11320,0,1211,0
forest,65188,991,0,0,14373,0,1035,1128,739,250,382,0,0,0,0,0,7,11679,0,966,0
forest,64799,1350,0,0,13850,0,593,939,773,250,322,0,0,0,0,0,6,12216,0,1534,49
forest,66979,727,0,0,14328,0,1468,1072,576,251,171,0,0,0,0,0,9,7750,0,1357,1961
forest,63870,1280,0,0,14774,3,1836,950,448,250,432,0,1,0,0,0,5,11311,0,1496,0
forest,64707,1097,0,0,14894,0,1134,1197,941,250,695,0,0,0,0,0,4,10756,0,1004,24
forest,64470,1011,0,0,14160,0,784,1407,600,253,480,0,163,0,0,0,5,11343,0,1423,475
birch_forest,65685,745,0,0,13398,0,903,1511,1678,269,429,0,38,0,0,0,12,10147,0,1788,359
birch_forest,62357,1328,0,0,13629,0,1662,1728,923,264,714,0,0,0,0,0,6,13052,0,1038,51
birch_forest,62677,1229,0,0,14491,6,1184,1207,1177,281,620,0,21,0,0,0,8,13114,0,932,0
birch_forest,65593,1144,0,0,13886,0,360,1003,762,260,487,0,154,0,0,0,13,11786,0,1272,40
birch_forest,66258,1373,0,0,13254,0,822,339,1598,266,162,0,100,0,0,0,9,12007,0,375,112
birch_forest,68672,836,0,231,11450,0,1067,970,1118,282,387,0,2,27,0,0,17,9947,0,989,713
birch_forest,77883,585,0,751,4989,0,844,739,888,247,452,0,89,80,0,0,48,8297,0,654,306
birch_forest,78512,851,0,1158,5308,0,491,733,158,252,194,0,91,153,0,0,29,8125,0,701,140
birch_forest,80895,616,0,930,5960,0,116,718,777,344,108,0,0,313,0,0,37,5670,0,240,126
birch_forest,79791,6,0,757,6149,0,511,972,250,253,289,0,0,197,0,0,52,7253,0,339,79
dark_forest,77624,468,0,591,7059,0,917,1180,307,245,422,0,0,132,0,0,76,6757,0,835,0
dark_forest,67447,335,0,987,12982,0,314,1265,572,236,202,0,0,245,0,0,47,10242,0,1174,114
dark_forest,63234,756,4,558,14235,0,917,1201,861,241,681,0,3,392,0,0,45,11900,0,1044,85
dark_forest,62135,1049,0,784,12681,4,1069,773,1512,242,257,0,190,477,0,0,73,13254,0,1087,608
dark_forest,64278,1323,0,683,13023,1,1104,664,916,248,715,0,494,408,0,0,127,11361,0,909,12
dark_forest,67088,702,83,959,11549,0,1069,761,870,234,279,0,207,802,0,0,180,9483,0,1366,232
dark_forest,65559,709,0,729,12590,0,1645,1471,927,242,243,0,137,505,0,0,61,9954,0,1038,423
dark_forest,66466,1025,0,1213,12347,1,975,1011,1386,264,203,0,7,245,0,0,34,10037,0,1083,145
dark_forest,64174,453,0,1863,12038,0,838,1172,1247,250,407,0,1,293,0,0,11,13229,0,540,106
dark_forest,57230,889,0,1475,13208,0,1150,1420,536,253,642,0,20,357,0,0,15,18185,0,752,215
dark_forest,58171,1044,0,1129,12906,0,1836,1416,1568,268,675,0,0,126,0,0,7,15215,0,1561,213
dark_forest,60433,1653,0,1112,13259,0,770,867,765,266,452,0,0,193,0,0,21,14810,0,1447,418
dark_forest,64455,1117,0,1042,13427,0,1072,1007,1094,246,673,0,0,621,0,0,102,9840,0,831,590
dark_forest,64494,1306,0,1051,12836,0,618,1458,1192,313,538,0,0,190,0,0,49,10846,0,1249,15
dark_forest,66505,1213,0,1121,12380,0,448,1232,805,267,445,0,0,309,0,0,23,10661,0,890,41
dark_forest,76226,375,0,1730,11402,0,307,94,399,1,404,0,0,541,0,0,109,4517,0,785,63
dark_forest,73115,621,0,1774,12964,0,651,311,395,0,469,0,0,250,0,0,72,5355,0,1088,6
dark_forest,69363,833,0,1627,14047,0,714,422,416,103,217,0,0,42,0,0,9,7897,0,1481,0
dark_forest,71441,647,0,1716,12197,0,954,514,727,67,305,0,0,149,0,0,2,7169,0,931,23
dark_forest,67313,761,0,903,14548,0,842,380,1223,181,531,0,0,0,0,0,3,9051,0,1092,0
dark_forest,64429,1580,0,1087,14428,2,1166,849,790,239,706,0,0,69,0,0,15,9921,0,1111,5
dark_forest,62492,815,0,1096,14422,0,764,815,911,241,385,0,0,3,0,0,8,13049,0,1342,0
dark_forest,62503,731,0,1144,14090,1,825,292,852,234,755,0,0,0,0,0,9,13725,0,1001,0
dark_forest,63858,1354,87,1514,13431,0,1103,614,705,246,279,0,139,195,0,0,33,11509,0,1295,4
dark_forest,62950,995,272,819,14064,3,1390,665,1329,252,750,0,0,19,0,0,14,11454,0,1211,0
dark_forest,63351,1007,435,1050,13834,0,1121,897,901,254,385,0,380,191,0,0,20,11357,0,1069,0
dark_forest,64416,1516,562,965,12948,2,767,1223,821,238,564,0,123,317,0,0,11,10109,0,1521,0
dark_forest,66975,1178,542,1080,10962,0,841,1158,1221,244,534,0,2,679,0,0,72,9911,0,717,0
dark_forest,69100,795,231,1263,10683,0,967,992,612,244,592,0,727,489,0,0,93,8192,0,1387,1
dark_forest,65184,1357,315,681,13633,0,1129,1056,1414,234,76,0,432,45,0,0,7,9402,0,1194,7
dark_forest,64847,1251,274,849,14944,0,1005,985,682,246,433,0,3,13,0,0,9,9684,0,1011,91
dark_forest,65910,1224,91,1144,14227,0,632,695,750,125,668,0,0,122,355,4,15,9264,4,512,705
river,66325,473,0,807,13357,0,964,573,1146,0,624,0,0,41,152,27,2,8733,28,1248,2665
river,65894,478,0,1177,14107,0,828,517,998,0,349,0,0,0,191,25,0,8169,28,1257,3174
beach,65792,859,0,1147,14362,0,1204,184,1060,0,359,0,0,0,579,35,0,7434,28,1168,2737
ocean,65842,1025,0,1215,14428,0,813,297,959,0,522,0,0,0,112,14,0,7791,2,821,3396
ocean,66121,1185,0,978,13228,0,948,460,1085,0,691,0,0,0,139,33,0,8114,24,1478,2789
ocean,65897,1298,0,742,14264,1,1193,233,1249,0,719,141,0,0,63,28,0,7210,26,1080,3073
ocean,65996,1443,0,908,13628,0,1052,151,1095,0,552,150,0,0,20,23,0,7424,24,1019,3662
ocean,65840,707,0,1270,13458,0,1037,217,523,0,591,73,0,4,0,22,2,7313,36,1353,4820
ocean,66282,728,0,596,14058,0,609,347,665,0,561,138,7,61,0,23,20,7189,18,599,5316
cold_ocean,66903,1065,22,1125,12780,0,1417,149,430,0,617,139,20,261,0,7,3,6953,10,929,4346
cold_ocean,66759,766,0,958,12532,0,723,129,742,0,921,0,34,259,0,25,33,7332,20,1315,4379
deep_cold_ocean,66788,1300,0,600,12552,0,868,353,803,0,685,142,0,97,0,8,1,7391,30,1156,4092
deep_cold_ocean,68086,463,0,936,11180,0,1031,321,838,0,396,348,210,178,2,1,1,7645,0,1504,3989
cold_ocean,74631,647,0,507,5339,0,969,154,921,0,356,95,1152,196,20,29,6,7250,52,341,4364
deep_cold_ocean,76472,1172,0,122,3558,4,1095,113,680,0,525,0,557,357,0,26,0,7857,70,8,4502
cold_ocean,76972,787,0,239,4221,0,854,238,574,0,376,64,93,338,0,23,0,8239,58,234,3827
cold_ocean,76271,662,0,150,4197,0,929,530,664,0,294,178,165,333,70,13,0,7760,14,646,4249
cold_ocean,76396,1414,0,209,4142,0,1158,854,325,9,178,116,58,347,234,18,0,7471,20,572,3538
cold_ocean,68534,1373,0,481,10061,0,680,502,715,0,771,0,2062,125,20,12,0,6911,14,573,3747
cold_ocean,67071,1125,206,447,13385,0,294,671,906,0,865,0,131,0,220,23,0,6718,14,1205,3106
cold_ocean,66605,705,0,266,13078,0,1004,407,769,0,852,0,0,42,120,27,16,7797,16,1701,3669
cold_ocean,66156,1001,0,314,13854,0,1245,229,609,0,631,218,0,25,7,15,12,8415,12,1525,2824
cold_ocean,66334,571,0,578,12886,0,1399,589,1208,0,494,175,0,95,185,18,29,8336,18,1504,2583
cold_ocean,68037,719,0,133,13410,0,1160,199,860,0,947,0,0,8,0,10,2,6680,4,1139,3852
cold_ocean,71350,542,0,594,13005,0,601,492,595,2,416,0,1,9,156,12,4,4288,8,895,4314
cold_ocean,66359,409,0,586,13877,0,1293,796,671,0,786,0,0,44,198,7,0,8734,14,1106,2260
cold_ocean,66340,788,0,206,14291,1,1098,572,993,0,726,200,0,0,266,22,0,9079,18,1187,1323
cold_ocean,66617,1225,0,123,14605,0,969,261,1411,28,697,342,0,0,63,20,0,7818,8,908,2002
cold_ocean,67417,1505,0,5,13569,0,671,184,773,3,635,67,0,0,0,26,0,7261,6,865,4188
cold_ocean,67111,1163,0,149,13359,0,382,486,907,0,558,0,0,0,0,7,0,7283,8,1018,4830
cold_ocean,66350,860,0,94,14213,0,964,464,1371,0,691,0,0,0,0,25,0,7861,20,1266,3050
cold_ocean,66074,1165,23,114,14432,0,696,306,803,0,663,9,1,0,36,22,0,7838,8,1553,3485
cold_ocean,66004,991,0,0,14443,0,774,443,836,0,809,337,0,0,0,23,0,7576,26,1193,3690
cold_ocean,66590,502,0,28,14020,2,875,264,808,0,830,269,69,0,0,24,0,7784,14,1349,3737
cold_ocean,66934,835,0,116,13637,0,203,378,667,0,603,237,224,0,0,3,0,8135,6,1093,4164
cold_ocean,66393,557,0,173,14689,0,213,321,518,11,434,282,15,0,0,17,0,8023,22,1335,4184
cold_ocean,66886,603,0,3,13848,0,1148,200,387,82,729,235,463,0,0,21,0,6606,12,1294,4669
cold_ocean,67365,910,0,52,13257,0,1141,171,832,0,635,178,270,0,0,16,0,6917,26,510,4986
cold_ocean,67120,687,0,55,13247,0,1011,46,765,0,796,370,51,0,0,23,0,8211,16,1043,3734
cold_ocean,66843,940,0,156,13605,2,810,112,1805,0,501,400,1,0,0,17,0,8205,10,1309,2482
cold_ocean,65916,1278,0,0,14438,0,1075,294,1072,0,671,238,0,0,0,25,0,7821,14,1374,2987
cold_ocean,65990,1227,0,0,14442,0,1594,191,1109,0,509,232,0,0,0,33,0,7640,12,1359,2833
cold_ocean,65899,807,0,3,14159,0,916,619,1301,0,962,4,0,0,17,26,0,7874,18,1250,3398
cold_ocean,65792,381,0,0,14872,1,779,683,912,0,533,0,0,0,410,17,0,7318,12,1116,4496
cold_ocean,66326,946,0,108,13834,0,383,852,539,0,903,0,0,0,394,10,0,5889,14,1257,5810
cold_ocean,68501,564,0,168,11766,0,604,115,1230,0,925,0,1,0,0,26,0,6357,24,1027,5827
cold_ocean,67701,1106,0,0,12881,0,845,278,825,0,851,34,0,0,0,31,0,7122,24,905,4609
cold_ocean,65897,500,0,116,15101,0,1221,170,644,0,571,320,0,0,0,32,0,6961,22,1177,4133
cold_ocean,65862,325,127,131,14248,0,930,107,371,0,286,437,63,2,9,19,0,5869,22,1455,6603
cold_ocean,65799,1018,0,128,13854,0,433,162,320,0,600,0,0,9,0,21,0,6545,22,1639,6678
cold_ocean,65852,423,0,148,14230,0,1028,106,983,0,859,0,0,0,34,21,0,5881,20,1124,6525
cold_ocean,65959,1211,0,4,14935,1,540,190,870,0,597,40,0,0,0,32,0,6665,20,987,5239
cold_ocean,65907,1556,0,523,14171,0,1045,186,1278,0,643,213,0,0,0,13,0,6241,14,926,4100
cold_ocean,66415,402,0,555,13338,0,1234,192,888,0,524,282,0,33,19,16,19,8002,22,1423,3702
deep_cold_ocean,69506,723,149,175,9796,0,985,188,1423,0,734,201,44,496,17,5,97,7379,62,957,4036
deep_cold_ocean,66913,632,24,119,14010,0,1113,260,950,0,705,0,67,84,0,5,17,5730,42,615,5961
deep_cold_ocean,66093,511,0,127,14582,0,548,162,1116,0,749,0,0,0,0,17,0,6724,68,914,5628
cold_ocean,65805,1257,122,216,14339,4,441,177,865,0,942,0,0,0,0,6,0,8403,12,1078,3550
cold_ocean,65823,771,123,363,14458,0,1308,256,1163,0,734,0,0,0,11,17,0,7863,6,680,3602
cold_ocean,65792,1377,0,979,13334,0,1283,194,809,0,850,0,0,0,0,14,0,7056,6,1472,4076
cold_ocean,66701,1053,0,141,12423,4,954,308,892,0,531,0,60,17,0,28,0,7286,36,963,4080
cold_ocean,66394,1269,50,113,13613,0,1212,260,1530,0,509,0,95,92,0,20,18,7034,10,932,3914
cold_ocean,67829,204,137,499,13025,0,971,290,848,0,451,0,111,352,4,34,50,8360,20,443,3457
cold_ocean,66155,1383,0,607,12877,0,1440,235,960,0,917,0,140,118,6,32,15,7430,16,1625,3046
cold_ocean,66036,1659,12,145,14487,1,646,160,1243,0,485,239,3,61,119,20,0,8701,14,1093,2055
cold_ocean,66363,1793,0,228,14375,0,837,864,920,0,480,160,0,0,121,29,0,8218,12,1083,1630
cold_ocean,65866,1141,0,438,14973,0,1598,248,260,0,770,0,0,0,3,38,0,7450,20,761,3633
ocean,65947,753,0,782,14076,0,1001,190,555,0,546,0,0,0,0,17,0,7876,14,1411,4052
ocean,68017,1036,0,655,12655,0,1273,180,1110,0,763,0,0,266,0,19,4,6668,16,461,4106
ocean,68087,752,77,378,11730,2,1001,309,855,0,759,0,0,296,12,33,39,7631,24,651,4377
ocean,66671,664,65,265,13465,0,502,355,900,2,674,0,0,5,0,32,1,7686,38,1198,4660
ocean,66417,1008,0,1066,12232,0,875,252,677,0,438,0,0,0,0,41,0,8365,30,1431,4322
ocean,67242,826,0,452,12424,0,488,576,88,0,535,145,0,43,86,26,13,9113,10,1019,4032
ocean,67512,202,0,867,12281,0,474,565,1032,0,267,267,1,201,189,30,9,8912,26,539,3814
ocean,66535,1447,0,507,12751,0,601,483,625,0,526,61,15,160,193,18,70,9647,18,896,2046
ocean,66674,903,0,462,12314,0,792,180,1287,0,691,0,26,19,0,35,7,6851,24,1117,4354
ocean,66491,329,0,671,12012,0,1068,238,624,0,703,0,0,96,0,25,0,6647,14,1235,5596
ocean,66197,491,0,896,13036,0,815,206,1123,0,729,228,96,70,0,25,17,8573,38,1396,3222
ocean,66253,1110,0,769,13287,0,1287,284,1001,0,633,246,305,148,38,25,4,8362,24,1024,2419
ocean,66266,1079,0,504,14057,0,745,423,739,0,739,0,219,144,10,40,11,8530,28,640,2973
ocean,66321,942,0,556,13677,0,1133,243,781,0,827,0,143,147,6,37,29,8226,40,1019,3074
ocean,66969,1062,0,521,12859,0,1177,265,800,0,540,0,0,125,0,26,43,7861,16,1178,3794
ocean,66075,680,0,811,14193,0,693,530,1075,0,393,0,46,44,2,18,23,7772,14,820,4038
ocean,66404,830,101,785,13493,0,689,213,268,0,561,36,22,7,0,34,2,7769,26,1375,4469
ocean,68172,975,0,756,12702,0,284,85,771,2,673,73,1,171,13,11,60,5137,6,1187,6072
ocean,67654,1244,0,980,13749,0,849,121,541,0,743,0,0,378,38,40,37,6320,34,1041,3296
ocean,66712,336,0,654,13313,0,1163,129,822,0,644,0,0,176,0,20,37,8274,16,1020,3832
ocean,66621,586,0,735,13660,0,1046,381,1072,0,699,0,0,23,0,12,12,6644,28,1317,4347
ocean,66481,762,223,600,12809,0,641,457,548,0,456,0,0,122,15,25,30,7301,26,1858,4797
ocean,67752,1181,0,988,12292,4,845,168,758,0,906,238,0,242,15,36,32,6347,30,1148,4155
ocean,66991,1147,68,902,12988,0,971,125,1337,0,803,291,0,84,0,38,0,6620,36,1047,3661
dark_forest,65495,1324,300,294,13477,0,967,986,1492,134,529,0,71,0,17,25,2,8913,20,1048,1462
dark_forest,62812,1158,281,387,14017,0,840,1429,1137,243,427,0,0,14,0,0,7,11833,0,1270,413
old_growth_birch_forest,62866,1615,388,428,13439,0,838,1046,802,249,834,0,0,0,0,0,10,11325,0,833,1966
old_growth_birch_forest,63590,1094,201,406,13625,0,1454,830,1907,250,618,0,24,0,0,0,3,10607,0,824,1246
old_growth_birch_forest,64799,1198,75,191,13617,0,411,874,1450,253,586,0,81,0,0,0,13,11302,0,1883,0
old_growth_birch_forest,66893,1190,0,126,13885,0,1208,1153,360,304,432,0,0,0,0,0,11,8092,0,1547,1516
old_growth_birch_forest,66437,980,0,147,14337,0,736,1363,930,309,545,0,0,0,0,0,17,9119,0,1076,787
old_growth_birch_forest,65665,1318,0,0,14583,0,1221,782,686,169,450,0,0,0,27,0,8,10655,0,1237,80
old_growth_birch_forest,65493,1176,0,0,14288,0,1237,725,782,171,338,0,0,0,87,0,11,10897,0,1579,90
old_growth_birch_forest,67113,1527,0,0,13230,0,1309,897,912,179,326,0,146,0,173,0,8,9958,0,998,46
old_growth_birch_forest,67620,710,0,0,13316,4,1097,854,636,158,374,0,530,0,143,0,5,9327,0,1027,1021
old_growth_birch_forest,66654,1224,0,0,14474,2,1537,1113,951,173,316,0,8,0,33,0,14,8569,0,912,951
taiga,67278,1707,0,0,13162,4,955,984,745,106,390,0,26,0,119,9,7,9694,20,1089,569
forest,67701,1043,0,0,13151,0,940,1082,1063,48,332,0,0,0,156,19,8,10552,16,352,669
forest,66216,1123,2,3,13879,10,1568,1068,1330,196,752,0,110,0,74,0,9,9289,0,918,303
forest,65702,1268,0,0,14548,0,1269,1110,1254,249,471,0,95,0,0,0,2,9792,0,973,1
forest,73964,968,0,0,11049,0,596,1075,792,250,211,0,143,0,0,0,8,7249,0,581,0
forest,67566,517,66,0,11875,0,1236,1028,1066,250,341,0,117,0,0,0,6,11061,0,1296,1
forest,64171,977,421,0,14498,0,1002,918,1514,250,279,0,150,0,0,0,3,11071,0,1186,0
forest,63713,1169,365,0,14276,0,1097,779,876,250,694,0,71,0,0,0,7,12230,0,1010,0
forest,63468,1250,324,0,14602,0,990,930,908,251,343,0,0,0,0,0,1,12487,0,1050,0
forest,63921,884,176,0,14387,0,830,1172,844,250,363,0,0,0,0,0,8,11920,0,1892,0
forest,64833,1219,117,0,14083,0,1047,1421,730,250,322,0,0,0,0,0,8,11894,0,823,0
forest,64721,1109,61,0,13700,0,1266,1372,1087,251,280,0,0,0,0,0,10,11527,0,1310,0
forest,64491,1061,0,0,14421,0,871,1046,1051,255,383,0,0,0,0,0,6,11326,0,1534,2
forest,64933,699,0,0,15228,0,1394,741,1097,231,303,0,0,0,0,0,3,11213,0,1048,0
forest,67333,518,0,0,13586,0,1438,745,425,227,400,0,100,0,0,0,1,10518,0,1378,0
forest,67455,854,0,13,12807,6,1181,1265,928,122,271,0,2,0,110,0,10,10572,0,1115,195
plains,69465,935,93,0,11904,0,454,1290,131,0,320,0,8,0,218,29,0,6025,24,1373,4977
river,68340,657,58,0,13475,0,1030,725,717,16,500,0,48,0,351,25,0,6646,24,875,3628
plains,70568,758,0,0,12598,0,1100,807,564,244,455,0,0,0,1,0,51,8274,0,1200,667
plains,68789,953,0,0,14353,0,541,730,1323,255,656,0,0,0,0,0,80,8616,0,864,54
plains,67295,945,0,0,14461,0,684,580,1158,256,692,0,0,0,0,0,63,10189,0,868,0
plains,67911,1476,0,0,14183,0,899,617,988,256,711,0,10,0,0,0,58,9109,0,975,0
plains,73665,508,0,0,9765,0,972,856,708,256,218,0,5,0,0,0,52,9377,0,765,67
plains,78852,604,0,0,5727,0,695,695,289,256,338,0,346,0,0,0,53,6794,0,684,1962
plains,86278,726,17,0,3947,0,15,674,440,270,206,0,1247,0,0,0,57,2326,0,63,1149
plains,87338,16,73,0,4278,0,34,533,63,264,145,0,1196,0,0,0,56,2357,0,143,965
plains,86202,106,122,0,6595,0,43,741,0,257,212,0,448,0,0,0,66,2251,0,164,15
plains,83916,336,266,0,8025,5,194,527,416,242,312,0,27,0,0,0,28,2012,0,911,14
plains,81200,15,190,0,7777,0,16,666,26,254,499,0,0,0,0,0,56,4628,0,636,109
plains,68027,757,187,0,10115,1,865,899,589,256,357,0,26,0,0,0,48,12527,0,1546,62
plains,56793,1385,0,0,13857,1,902,903,1022,256,672,0,6,0,0,0,59,19877,0,1155,0
plains,61296,1114,0,0,11627,2,1236,1208,1344,256,418,0,17,0,0,0,39,17759,0,746,0
plains,61945,1191,0,0,13024,0,1170,1193,981,256,474,0,1,0,0,0,36,15384,0,1386,1
plains,61777,1006,0,0,13304,0,660,1056,742,279,481,0,12,0,0,0,31,16475,0,1313,0
plains,62228,853,0,0,13589,3,998,1138,430,255,404,0,0,0,0,0,20,15530,0,1386,1
plains,64629,1045,0,0,13964,0,1111,1131,628,256,368,0,8,0,0,0,55,12930,0,877,172
plains,62510,1236,0,0,13480,0,1088,982,1747,256,474,0,48,0,0,0,34,12808,0,1450,1028
plains,64169,1600,0,0,13238,1,771,625,1261,256,542,0,5,0,0,0,26,11655,0,1217,1717
plains,68671,1255,0,1,12044,4,1062,420,871,214,253,0,0,0,8,0,20,8924,0,1166,2292
plains,67086,1147,0,0,12379,0,1301,820,1282,249,370,0,0,0,0,0,22,11594,0,719,193
plains,65703,1583,0,0,12560,0,1629,1045,966,245,490,0,0,0,0,0,45,11854,0,730,197
plains,66899,556,0,0,13639,0,1271,993,1418,256,525,0,0,0,0,0,60,9769,0,1800,0
plains,65695,1200,0,0,13396,0,1268,1072,1317,256,548,0,27,0,0,0,66,11109,0,1107,1
plains,66878,572,0,0,13394,2,966,1575,1115,391,671,0,1,0,0,0,74,10381,0,1127,1
plains,66459,1093,0,0,13521,0,758,1671,434,464,533,0,146,0,0,0,58,10956,0,1033,39
plains,65190,1262,0,0,13427,0,781,1417,998,265,605,0,195,0,0,0,51,12446,0,519,0
plains,64641,1103,0,0,14689,0,837,929,811,256,390,0,34,0,0,0,61,12620,0,735,15
plains,65273,1433,120,0,13969,0,1219,945,1910,255,566,0,1,0,6,0,42,9946,0,898,418
river,66044,1053,0,0,14167,0,682,841,943,66,667,0,7,0,288,27,7,10135,16,1337,891
plains,64832,624,0,0,13870,0,1591,1181,1005,247,483,0,0,0,54,0,28,11385,0,1453,407
plains,63457,1003,0,0,14131,2,1302,1487,1197,182,504,0,0,0,194,0,9,11131,0,1182,1298
plains,57346,1098,0,0,13286,0,899,1762,1105,316,501,0,0,0,50,0,27,17079,0,1696,1932
plains,61680,911,58,0,14091,0,931,1074,983,291,204,0,0,0,18,0,23,13733,0,1208,1768
river,66260,1097,87,0,13988,0,1229,1045,893,103,551,0,0,0,318,9,13,8909,2,954,1662
plains,67275,1341,0,0,14719,0,731,1026,968,256,532,0,0,0,0,0,74,9311,0,790,158
plains,69189,742,0,0,14653,0,644,911,833,256,479,0,0,0,0,0,67,7697,0,804,925
plains,67642,811,0,0,14062,0,1493,694,1082,256,767,0,0,0,0,0,58,9284,0,944,114
plains,65861,727,0,0,14453,0,1364,547,879,298,677,0,0,0,0,0,46,11322,0,879,23
plains,66289,1792,0,0,14346,0,1330,520,981,256,155,0,0,0,0,0,59,10301,0,1105,0
plains,67845,862,0,0,14581,0,813,993,941,255,388,0,0,0,0,0,51,9650,0,787,2
plains,66954,1521,0,0,14427,0,935,1257,902,208,409,0,1,0,0,0,56,9146,0,1316,22
plains,67059,947,0,13,13870,0,874,1459,811,161,437,0,0,0,24,0,52,10000,0,1428,77
plains,70255,1411,0,0,12351,2,1343,1273,952,256,361,0,0,0,0,0,61,8203,0,779,0
plains,67692,1404,0,7,13549,0,1282,1109,837,194,460,0,0,0,81,2,43,9604,6,654,152
river,65985,816,0,8,15551,0,1270,627,1011,3,535,0,0,0,109,26,0,9079,22,471,1676
plains,65838,1250,0,21,15238,0,1179,892,1070,22,428,0,0,0,358,0,9,9253,0,601,1034
plains,66221,1228,0,25,14784,4,641,1144,1441,4,512,0,0,0,394,0,1,9196,0,759,840
plains,66668,1354,0,8,14184,0,975,860,1160,0,557,0,0,0,308,0,0,8835,0,1508,798
plains,68684,1207,0,0,12353,2,742,1001,1279,2,523,0,0,0,215,0,0,9681,0,980,478
plains,65968,1066,0,0,14717,0,1097,705,620,115,364,0,0,0,249,0,35,11004,0,1062,96
river,65799,1443,0,11,15478,0,881,561,966,2,311,0,0,0,163,10,0,9420,18,828,1283
plains,66099,1070,0,6,14255,0,1931,672,1489,107,302,0,58,0,211,8,22,8849,4,1845,227
plains,65985,594,0,0,14682,0,912,891,1384,203,493,0,0,0,121,0,30,10032,0,1388,297
forest,65708,881,0,0,14322,0,1796,1120,1071,249,243,0,235,0,0,0,4,9799,0,1028,145
forest,64712,902,0,0,14447,0,1290,1000,684,250,319,0,176,0,0,0,6,11900,0,869,103
forest,64312,1061,0,0,14046,0,1583,976,537,250,651,0,17,0,0,0,6,12024,0,988,160
forest,64955,1386,132,0,13861,0,1086,581,793,249,350,0,169,0,0,0,8,11975,0,883,113
forest,64634,897,59,0,13683,0,1528,832,883,250,466,0,54,0,0,0,6,10950,0,1821,298
forest,67470,743,0,0,14271,0,845,568,979,252,457,0,5,0,0,0,7,7855,0,1047,2096
forest,64809,944,0,0,14136,1,479,1074,1135,262,409,0,74,0,0,0,6,11968,0,1264,0
forest,63989,1087,0,0,14014,0,1370,1046,1276,251,262,0,0,0,0,0,12,11984,0,1477,0
forest,63795,1301,0,0,14358,0,895,1225,992,250,398,0,0,0,0,0,5,11131,0,1427,587
forest,67032,696,0,0,13640,1,755,965,779,228,353,0,1,0,27,0,12,9918,0,1082,1210
birch_forest,66114,889,0,5,13948,0,1197,794,811,155,585,0,0,0,331,0,0,9972,0,1289,922
birch_forest,63878,1550,0,0,13340,10,1098,1335,1013,267,804,0,74,0,0,0,10,11944,0,1434,152
birch_forest,64464,1510,0,0,13521,1,779,1294,1139,247,689,0,0,0,0,0,15,11723,0,1332,3
birch_forest,66520,807,0,0,13255,0,973,1135,2026,281,285,0,1,0,0,0,10,10701,0,807,57
birch_forest,69740,1387,0,42,10882,0,737,1088,762,250,322,0,0,64,0,0,17,10975,0,622,0
birch_forest,75282,696,0,746,7880,0,834,1020,489,251,436,0,0,61,0,0,30,8161,0,779,61
birch_forest,75012,1185,0,284,8571,0,273,920,535,250,395,0,133,314,0,0,130,8126,0,502,26
birch_forest,75614,79,0,646,8533,1,705,635,133,251,99,0,111,254,0,0,97,8559,0,714,44
birch_forest,75233,714,0,765,10109,0,805,838,377,250,42,0,0,50,0,0,44,6767,0,773,88
birch_forest,68834,775,0,752,13026,0,1264,1269,639,246,273,0,1,39,0,0,34,8101,0,1272,94
dark_forest,63195,747,11,273,11786,0,1247,1294,863,244,367,0,4,41,0,0,24,13275,0,658,0
dark_forest,61005,766,402,520,14412,0,920,1004,634,241,551,0,94,22,0,0,12,14581,0,910,104
dark_forest,61272,2240,113,423,12900,0,1105,638,567,247,457,0,59,10,0,0,8,14455,0,1563,334
dark_forest,64551,1156,116,641,13606,0,851,568,1057,245,488,0,52,208,0,0,26,11511,0,932,233
dark_forest,65266,741,57,1047,13313,4,727,540,1011,241,411,0,39,430,0,0,52,11026,0,1276,21
dark_forest,64909,960,101,900,13575,0,892,1007,775,241,490,0,14,428,0,0,76,10718,0,916,7
dark_forest,65857,1341,0,1114,13228,0,900,1126,749,242,562,0,0,283,0,0,37,10289,0,669,30
dark_forest,63908,883,0,1174,13736,0,1122,1303,1000,246,172,0,1,112,0,0,16,11792,0,1133,2
dark_forest,63031,1173,0,1134,12462,0,655,1162,1353,246,215,0,169,134,0,0,51,12819,0,1642,38
dark_forest,61984,1070,0,622,13370,0,1425,1362,1332,269,865,0,0,44,0,0,0,12725,0,829,147
dark_forest,62757,698,0,870,13593,0,845,728,1265,216,502,0,1,58,0,0,6,11484,0,1414,1768
dark_forest,63450,1131,0,1237,13420,0,1695,790,900,245,246,0,0,154,0,0,39,11817,0,895,545
dark_forest,63162,941,0,1077,14179,4,1078,1160,1231,258,499,0,13,21,0,0,13,11534,0,1103,8
dark_forest,63744,1017,0,1556,13628,0,1383,1255,1379,239,423,0,0,46,0,0,24,10508,0,1041,0
dark_forest,72075,413,0,2227,11271,0,457,337,818,58,500,0,1,391,0,0,41,6598,0,1618,99
dark_forest,74083,768,0,1389,12371,0,182,31,1202,0,461,0,0,490,0,0,60,5735,0,252,36
dark_forest,73052,848,0,868,10388,0,789,284,929,50,611,0,0,493,0,0,65,7533,0,990,30
dark_forest,69907,990,0,745,11021,0,558,888,692,155,270,0,0,485,0,0,57,9140,0,1279,5
dark_forest,65887,1063,0,1371,13661,0,1107,678,925,245,427,0,0,105,0,0,28,9412,0,1526,0
dark_forest,66610,829,0,1155,12971,0,1601,683,1435,261,614,0,0,239,0,0,36,8607,0,1163,0
dark_forest,65163,945,0,846,13800,0,981,531,1010,247,527,0,0,0,0,0,4,10808,0,1459,0
dark_forest,65303,873,0,609,14948,0,676,500,970,215,518,0,0,76,0,0,40,11408,0,570,0
dark_forest,64222,1191,105,1407,13637,0,1092,279,1281,202,332,0,0,9,0,0,8,11284,0,1119,0
dark_forest,62920,956,0,916,14464,0,1224,797,1032,242,428,0,36,35,0,0,25,12041,0,1173,0
dark_forest,63818,1251,0,732,13991,2,973,804,649,245,458,0,95,180,0,0,45,11631,0,1482,2
dark_forest,63337,1287,218,700,13739,0,1067,959,1287,299,856,0,153,18,0,0,19,11050,0,1153,0
dark_forest,63411,712,150,894,14172,0,1060,966,998,242,731,0,117,67,0,0,23,11298,0,1536,0
dark_forest,64221,1113,295,1677,13084,2,1384,1272,550,244,631,0,148,85,0,0,13,10270,0,1089,417
dark_forest,63964,1011,471,1117,12898,5,1246,1204,1034,246,379,0,112,112,0,0,18,11080,0,1252,146
dark_forest,64369,1426,302,707,13870,0,995,1102,980,246,496,0,307,64,0,0,29,10499,0,691,293
dark_forest,65936,817,223,886,13508,0,943,1169,904,244,228,0,62,0,0,0,7,9757,0,1422,246
dark_forest,64765,1401,216,952,14210,0,660,1011,756,238,471,0,14,0,0,0,5,9717,0,1424,373
dark_forest,65314,1364,34,1175,14431,0,1435,781,631,118,281,0,0,0,339,0,2,9020,0,856,680
river,65792,919,0,1213,14133,0,1039,711,1191,0,418,0,0,0,73,11,0,9035,32,733,1860
river,65792,403,125,1023,13444,1,776,264,993,0,740,0,76,0,53,29,0,9784,58,1299,2267
beach,65792,986,5,983,14015,0,1073,659,990,0,473,0,2,0,402,16,0,7841,16,1042,2665
ocean,65918,1315,0,615,13136,0,1362,226,1318,0,753,0,0,0,0,25,0,6993,32,1304,4220
ocean,65792,1107,0,1082,13529,0,868,5,885,0,882,23,0,0,0,30,0,7222,16,1371,4383
ocean,65823,1174,0,570,14450,0,1151,90,756,0,990,260,0,0,0,27,0,6762,12,1227,3853
ocean,66080,666,0,859,14437,0,1110,149,376,0,631,290,0,0,0,31,0,7984,26,1200,3341
ocean,66180,946,0,551,13720,0,887,281,765,0,335,35,1,0,33,17,0,7152,8,1442,4933
ocean,65913,1156,0,725,13610,0,951,114,548,0,369,0,0,0,0,43,0,7396,58,1449,4936
cold_ocean,66219,530,0,822,13309,3,1642,228,1309,0,429,91,0,23,0,25,5,6827,26,1264,4449
cold_ocean,66677,1100,0,544,13946,0,566,253,736,0,498,208,7,166,0,17,25,7143,10,967,4258
cold_ocean,66480,879,0,897,12725,0,1029,198,984,0,742,352,0,192,26,20,8,8550,26,1284,2738
cold_ocean,65979,1268,108,627,13894,0,787,332,591,0,417,316,77,28,63,27,0,8382,18,1309,2780
cold_ocean,70575,1415,0,429,9215,0,933,129,1002,0,813,0,295,226,3,27,0,8033,26,669,3271
cold_ocean,74648,1089,0,368,5603,0,1093,176,734,0,746,0,341,347,0,16,0,7763,18,528,3624
cold_ocean,73791,890,0,11,6967,0,1317,28,1271,0,644,0,52,293,0,32,11,8252,32,333,3185
cold_ocean,72106,1372,0,26,7990,0,1140,680,1203,0,527,0,123,241,116,18,0,7722,10,1003,2924
cold_ocean,70674,490,0,159,9646,0,861,1197,699,0,451,0,0,204,326,23,0,8661,16,1241,2448
cold_ocean,69212,835,0,828,11052,0,384,1226,682,0,303,0,106,182,167,27,0,8328,14,845,2497
cold_ocean,66322,753,79,625,13148,4,921,1542,661,0,337,0,0,0,125,14,0,7858,18,1677,1928
cold_ocean,66035,303,95,722,13711,0,994,538,761,0,609,0,38,94,47,14,4,8961,18,1275,2873
cold_ocean,66481,440,0,606,13733,0,1367,164,1024,18,427,25,0,0,35,18,0,8311,8,1252,3183
cold_ocean,66708,1202,0,224,14004,0,923,260,814,0,455,0,0,0,9,25,0,6568,8,1124,4785
cold_ocean,69190,717,0,233,13818,0,361,338,772,0,300,0,0,0,0,21,0,4536,6,1556,5440
cold_ocean,68161,839,0,69,14249,0,365,327,917,0,621,154,2,0,0,17,0,5697,16,1386,4431
cold_ocean,65900,1395,0,59,14004,0,665,701,869,0,514,272,0,0,164,19,0,9089,8,1201,2305
cold_ocean,65878,1274,146,73,15135,1,807,663,540,0,890,303,0,0,179,15,0,8630,16,616,1723
cold_ocean,65959,872,0,0,15001,6,1108,296,838,0,684,152,0,0,13,21,0,7795,24,1177,3272
cold_ocean,66653,727,0,125,13901,1,252,164,43,0,508,0,0,0,0,23,0,9393,10,1238,4193
cold_ocean,66463,1139,0,154,13892,0,1112,547,672,0,653,0,0,0,49,12,0,7915,10,1275,3275
cold_ocean,65976,716,0,110,14925,0,1185,265,722,0,571,0,0,0,0,30,0,9398,22,453,2768
cold_ocean,66581,1095,0,9,12081,0,1054,286,937,0,738,0,0,0,0,15,0,8178,20,1455,3217
cold_ocean,65824,936,0,166,14377,0,1254,246,615,0,565,0,0,0,0,14,0,8106,8,1267,3692
cold_ocean,67336,981,0,0,13870,0,1055,440,1097,0,833,52,0,0,0,9,0,6656,12,1160,3785
cold_ocean,66513,1225,0,110,13814,0,434,205,1136,0,661,0,0,0,0,30,0,7959,24,1141,3970
cold_ocean,65854,937,0,30,14948,0,960,387,1008,32,773,31,0,0,0,27,0,6947,20,813,4395
cold_ocean,66173,498,0,0,14060,0,294,112,1196,3,721,29,205,0,0,17,0,8112,10,1256,4596
cold_ocean,66588,1290,0,139,14023,2,769,263,318,0,894,14,5,0,0,14,0,6994,10,957,5007
cold_ocean,66768,1346,0,0,13745,0,1353,255,1225,0,714,325,9,0,0,29,0,5774,6,914,4779
cold_ocean,66183,861,0,0,13972,0,486,239,1198,0,604,480,0,0,0,6,0,7331,14,1773,4001
cold_ocean,67468,287,0,0,13312,2,1126,408,745,0,530,317,0,0,0,21,0,7729,16,1117,4121
cold_ocean,68077,1041,0,0,12907,3,742,172,1023,0,859,296,47,0,0,26,0,7006,24,845,4096
cold_ocean,68489,622,0,0,12112,0,1020,480,1435,0,579,0,0,0,0,26,0,6474,20,1380,4649
cold_ocean,66520,1449,0,6,13475,0,1034,394,935,0,892,0,0,0,1,12,0,7914,8,1454,3140
cold_ocean,65792,1161,0,15,14350,0,926,1226,847,0,462,0,0,0,199,12,0,7802,12,1777,2659
cold_ocean,65792,613,0,16,15417,3,982,1499,1093,0,864,0,0,0,138,12,0,6215,18,720,3858
cold_ocean,65794,922,0,30,14756,0,534,1436,231,0,456,0,0,0,299,26,0,6667,12,1163,4989
cold_ocean,68865,809,0,32,11927,0,666,432,947,0,563,245,0,0,12,28,0,7007,16,1031,4587
cold_ocean,66776,979,0,0,14046,0,939,187,918,0,721,214,0,0,0,19,0,7673,8,690,4006
cold_ocean,65792,808,0,0,13655,0,1499,337,294,0,670,276,0,0,0,14,0,7899,8,1934,4021
cold_ocean,65829,526,0,0,14598,0,740,98,841,0,850,379,0,22,0,12,2,6563,12,1603,5099
cold_ocean,66439,285,0,121,13264,0,269,102,535,0,482,83,0,400,0,18,66,4064,14,1082,9941
cold_ocean,66632,450,0,696,12456,0,663,220,678,0,304,0,0,288,11,35,14,6149,28,1637,6847
cold_ocean,66345,1455,0,117,12963,2,1026,322,921,0,708,24,1,164,0,13,1,6282,10,1598,5145
cold_ocean,66888,1710,0,134,13090,0,623,275,1351,0,674,302,0,57,0,17,0,7330,20,1151,3410
cold_ocean,68754,1004,49,243,12154,0,1095,159,493,0,556,355,0,276,0,19,2,7827,16,588,3396
cold_ocean,68944,1062,96,201,12129,0,1207,236,1019,0,569,321,0,409,0,19,58,7174,16,186,3445
cold_ocean,66110,158,122,261,14624,0,1812,382,602,0,577,0,0,31,0,26,5,8247,10,715,3544
cold_ocean,66089,1051,126,158,14418,0,984,372,1514,0,871,0,0,0,0,25,0,7257,12,1171,3146
cold_ocean,65796,1101,182,150,14165,0,1180,222,624,0,602,0,0,0,0,13,0,8507,16,1625,3022
cold_ocean,66145,1053,34,443,14319,0,1159,266,711,0,873,0,0,0,0,17,0,7239,16,797,4122
cold_ocean,65803,1388,0,304,14554,0,1231,273,909,11,783,0,0,0,0,19,0,6803,24,957,4089
cold_ocean,65846,1339,0,382,13733,0,500,314,575,0,772,0,12,0,3,21,0,8223,18,1191,4177
cold_ocean,66094,134,3,185,14847,0,1169,352,369,0,620,0,3,71,0,11,16,7770,18,552,4974
cold_ocean,66701,522,9,506,13442,0,1022,324,930,0,834,0,47,89,0,12,4,7961,10,990,3775
cold_ocean,65817,54,0,195,14707,0,1046,270,1317,0,611,58,237,0,0,16,0,8962,26,601,3287
cold_ocean,66150,961,0,304,14436,0,767,63,1535,0,437,287,62,164,0,17,18,8543,12,780,2551
cold_ocean,66136,697,0,520,13766,0,1376,291,318,0,541,202,0,70,24,15,8,8566,26,1464,3017
beach,65847,1141,0,184,14772,0,1159,52,487,0,689,0,0,0,117,0,0,7560,0,1182,3933
beach,65792,787,0,481,14606,0,956,190,732,0,714,0,0,0,61,0,0,7834,2,1181,3837
beach,67526,1352,0,304,13534,0,1109,248,754,0,530,54,0,305,0,7,52,6840,6,420,4087
dark_forest,68741,1113,0,529,11090,0,814,75,744,0,600,16,0,469,0,9,62,7675,6,963,4094
ocean,66784,882,0,642,12376,0,376,129,999,0,404,0,0,136,0,25,22,8386,24,1269,4642
ocean,66228,1037,0,625,13253,0,209,402,1213,25,580,0,0,178,6,17,5,8402,18,930,4015
ocean,66777,1227,0,913,12573,0,1142,712,1102,86,276,0,0,104,50,11,4,8831,18,632,2734
ocean,67122,907,0,823,12756,0,1208,508,943,0,718,224,65,54,18,40,0,7004,28,1030,3778
ocean,67015,709,0,589,13297,0,1026,244,1149,0,790,310,98,196,111,22,52,8192,38,472,2748
ocean,67346,994,0,537,13459,0,107,170,965,0,324,85,182,245,141,39,58,8811,36,501,3076
ocean,67337,711,0,550,12965,0,813,133,402,0,516,0,91,112,0,18,12,5897,12,1187,6358
ocean,66552,881,0,1015,11894,0,919,385,813,0,620,152,678,38,0,24,0,6767,10,1487,4858
ocean,66288,1246,0,710,13522,5,920,706,1222,0,612,121,446,78,94,25,15,8054,42,692,2448
ocean,66169,505,0,740,13064,0,1255,824,819,0,659,86,86,39,220,36,9,8705,14,1558,2371
ocean,65896,617,0,786,13857,0,1286,283,647,0,978,170,0,51,0,27,13,7397,28,1273,3709
ocean,67136,526,0,945,13278,0,909,374,780,0,529,141,4,18,47,24,1,6615,22,1043,4818
ocean,66388,1241,0,785,14473,0,575,566,805,0,299,0,14,70,186,36,20,6004,38,916,4791
ocean,66779,1713,40,859,13062,0,971,533,542,0,766,0,39,127,3,14,8,6803,14,1303,3559
ocean,67261,829,0,816,13873,0,875,553,744,1,495,0,52,212,134,36,20,7524,22,796,2983
ocean,68453,797,0,1256,11718,0,1336,600,442,0,529,190,12,498,332,31,41,6813,26,1194,2782
ocean,66418,932,31,754,13771,0,1345,400,1152,0,709,109,22,199,207,35,21,6654,28,1026,3304
ocean,66155,201,106,411,14138,0,888,302,609,0,787,0,0,22,0,11,3,7840,16,1428,4264
ocean,65906,1129,488,561,13710,0,733,516,1129,0,505,0,0,0,1,45,0,6591,20,1149,4612
ocean,66571,645,420,614,12572,4,846,397,570,0,888,163,84,60,1,28,1,6668,14,1012,5431
ocean,66510,1110,272,700,13319,0,1024,179,897,0,500,41,0,125,0,18,0,6564,16,517,5188
dark_forest,66196,1019,594,714,13519,0,1191,402,623,44,400,0,0,98,102,0,12,7926,0,685,3328
dark_forest,63848,1201,330,358,12873,0,724,1246,1239,244,414,0,0,83,21,0,7,9895,0,1235,2459
dark_forest,63704,1132,248,440,12309,0,761,1157,599,243,326,0,216,61,0,0,11,11597,0,1238,2199
old_growth_birch_forest,64033,722,117,315,12766,0,1080,450,726,190,390,0,66,0,0,0,6,11727,0,755,3517
old_growth_birch_forest,66129,947,0,333,13820,0,1069,1156,674,389,362,0,0,0,0,0,4,10891,0,1178,0
old_growth_birch_forest,67194,1077,0,0,15003,0,1257,1108,653,313,366,0,0,0,0,0,10,8747,0,1109,127
old_growth_birch_forest,67644,1410,0,130,14680,0,575,1037,874,231,297,0,40,0,3,0,15,8675,0,1006,285
old_growth_birch_forest,65557,1106,0,87,14589,0,1442,1048,1641,183,328,0,20,0,134,0,9,9306,0,918,400
river,65920,1061,0,13,15193,1,670,484,851,2,434,0,0,0,213,15,0,9110,14,1164,2022
river,65954,898,0,29,13514,0,1702,776,1567,9,604,0,0,0,193,7,0,8609,10,1849,1479
river,65952,1221,0,20,14422,0,939,670,1040,0,752,0,0,0,165,22,0,9143,14,1076,1787
old_growth_birch_forest,66834,1022,0,6,13876,0,1129,777,1109,26,755,0,0,0,130,9,2,8666,12,1032,1858
river,66083,506,0,18,14185,0,1016,727,752,0,640,0,0,0,174,0,0,7297,0,1268,4540
river,66381,741,0,42,14101,0,1155,799,669,0,560,0,0,0,176,7,0,8400,8,1182,2927
river,67034,398,0,19,13433,1,537,740,1273,0,471,0,81,0,74,34,0,8546,40,1571,2934
river,69104,933,0,0,12428,1,1223,607,476,0,474,0,83,0,98,33,0,6300,42,548,4886
river,69585,468,0,22,11350,0,1169,491,731,11,639,0,0,0,278,0,0,9999,0,1011,1419
forest,67130,1104,0,10,13872,0,1189,1009,527,162,354,0,0,0,22,1,3,10070,0,1427,150
forest,70480,614,0,0,11533,0,1043,987,694,248,221,0,130,0,0,0,5,9185,0,1361,37
forest,68990,1266,87,0,11312,0,699,1077,834,249,317,0,380,0,0,0,1,10544,0,581,0
forest,67074,1344,227,0,12501,0,1355,638,865,249,416,0,0,0,0,0,3,11021,0,887,0
forest,65555,1380,265,0,13455,0,1309,793,946,249,456,0,113,0,0,0,4,11455,0,546,1
forest,66756,1087,95,0,12451,0,1408,1128,830,251,635,0,0,0,0,0,8,10711,0,1246,0
forest,67801,1183,13,0,12338,0,1291,998,1450,253,544,0,18,0,0,0,8,10023,0,960,1
forest,63516,1316,26,0,14516,0,1206,1226,712,249,452,0,11,0,0,0,2,11984,0,1333,0
forest,64194,911,141,0,14795,0,1109,1272,1690,250,525,0,77,0,0,0,4,10937,0,849,0
forest,65909,917,0,0,13404,0,898,1078,1319,253,93,0,1,0,0,0,11,10435,0,1464,1
forest,65268,1220,0,0,13626,0,1021,940,856,252,426,0,0,0,0,0,9,11388,0,1150,0
forest,67349,1353,0,0,12238,0,1155,1127,616,324,215,0,1,0,0,0,2,11372,0,1122,9
forest,68750,1239,0,0,11026,0,1161,1193,1461,191,673,0,0,0,40,0,17,10020,0,879,204
plains,68363,274,0,6,11323,0,303,1098,907,2,320,0,0,0,175,15,0,7307,30,1463,5699
river,68377,825,0,4,12771,0,807,949,1027,0,432,0,0,0,254,17,0,7670,34,1081,3009
plains,69720,1181,0,10,12290,0,586,640,1080,51,362,0,35,0,335,0,10,7674,0,950,1857
plains,66587,1119,0,26,14646,0,1355,1212,1080,145,197,0,20,0,0,0,33,9170,0,1089,463
plains,65898,1272,0,13,15057,0,1141,818,953,217,463,0,0,0,2,0,48,10332,0,918,40
plains,68910,752,0,0,14203,0,1103,593,729,256,168,0,0,0,0,0,46,9165,0,1314,1
plains,70890,879,0,0,10352,0,1203,682,1172,256,440,0,3,0,0,0,54,10067,0,1062,0
plains,76387,816,0,0,6202,0,1029,869,841,256,54,0,505,0,0,0,55,9831,0,432,1
plains,87312,195,12,0,5533,0,36,230,150,117,67,0,903,0,0,0,23,2677,0,173,0
plains,89631,96,85,0,4755,2,142,249,2,101,106,0,984,0,0,0,19,727,0,478,25
plains,83178,107,231,0,7292,0,205,721,51,256,163,0,415,0,0,0,46,3433,0,865,117
plains,78271,519,438,0,9753,0,257,839,224,256,296,0,127,0,0,0,34,4218,0,713,1139
plains,70620,581,666,0,11147,0,449,786,465,256,201,0,12,0,0,0,39,7287,0,1379,2800
plains,61599,929,196,0,12535,0,1165,1137,560,256,264,0,1,0,0,0,55,15571,0,1215,1383
plains,57165,1702,0,0,14241,0,1135,1046,1016,256,450,0,0,0,0,0,59,18982,0,888,0
plains,58517,1236,0,0,13408,0,1012,843,2054,256,547,0,0,0,0,0,44,17993,0,1047,0
plains,61516,1422,90,0,12621,0,819,1062,1559,256,434,0,100,0,0,0,57,15685,0,1488,0
plains,62773,1027,0,0,13293,0,1646,793,1165,261,861,0,0,0,0,0,39,13657,0,1529,0
plains,62428,774,0,0,14454,0,1168,1080,962,273,227,0,0,0,0,0,41,14894,0,857,1
plains,61972,1048,0,0,12431,0,1166,1303,1225,256,506,0,0,0,0,0,46,14619,0,1512,10
plains,62047,1363,0,0,14048,0,1869,1071,945,269,310,0,3,0,0,0,55,13554,0,1157,363
plains,61592,891,0,0,13375,0,1210,736,914,274,475,0,8,0,0,0,35,15642,0,1000,915
plains,64268,1559,0,0,12929,0,749,746,1066,255,363,0,0,0,0,0,27,13385,0,1199,601
plains,65564,1323,0,0,12105,0,1279,1040,1294,256,457,0,1,0,0,0,42,12429,0,962,387
plains,64575,825,0,0,12743,0,1498,1148,1178,249,236,0,10,0,0,0,42,13470,0,683,0
plains,65807,1048,0,0,13567,0,704,1116,924,267,472,0,0,0,0,0,54,10955,0,1511,269
plains,65501,992,0,0,13234,0,1086,1000,1086,255,686,0,0,0,0,0,64,12012,0,1181,1
plains,66112,1550,0,0,14126,2,896,936,1129,256,542,0,20,0,0,0,63,9978,0,1505,1
plains,64787,946,0,0,14379,0,678,1017,1318,294,408,0,83,0,0,0,72,12041,0,1130,0
plains,64935,1112,0,0,12912,0,1431,1239,765,256,460,0,201,0,0,0,68,12481,0,1221,110
plains,65366,1155,0,0,13337,0,1285,1033,1121,220,638,0,1,0,0,6,35,10127,4,1543,1342
river,65824,1046,0,0,14014,0,1496,870,1028,175,563,0,0,0,0,3,20,9912,0,1399,856
river,63286,1241,0,0,13456,0,1301,1122,1029,274,346,0,116,0,0,1,5,13294,0,1237,468
plains,54327,1255,0,0,14282,0,1068,1635,1498,456,596,0,0,0,0,0,26,20278,0,1353,180
plains,54915,1379,0,0,14561,0,1634,1550,711,412,470,0,0,0,0,0,20,19602,0,1591,48
plains,62404,1963,0,11,13779,0,1763,1463,1046,233,603,0,94,0,7,0,16,10817,0,1439,1301
plains,52757,1951,0,0,14476,0,1112,1446,1215,279,810,0,0,0,0,0,33,21333,0,1167,411
plains,50480,1168,0,0,13930,0,648,1686,769,299,541,0,0,0,0,0,25,25850,0,987,488
plains,64438,1503,0,0,13969,0,888,953,1201,177,454,0,0,0,0,7,16,10425,6,1418,1738
river,66349,1355,0,0,13609,0,1514,804,1559,163,702,0,0,0,127,5,15,9088,0,1330,447
plains,65997,1596,0,0,14686,0,1082,935,888,256,286,0,0,0,0,0,71,10207,0,1148,5
plains,66835,1061,0,0,15029,2,955,629,1300,256,360,0,6,0,0,0,62,9533,0,1009,163
plains,65349,880,0,0,14183,1,618,624,962,255,563,0,0,0,0,0,46,10802,0,1864,898
plains,64556,921,0,0,15418,0,1167,453,1436,266,520,0,0,0,0,0,64,11469,0,868,0
plains,65220,1527,0,0,14644,2,1535,539,1057,256,475,0,0,0,0,0,52,10848,0,1017,1
plains,68087,1561,0,0,12321,3,1183,924,674,256,321,0,0,0,0,0,64,9825,0,1991,0
plains,67352,1326,0,0,14981,0,704,1275,696,196,149,0,0,0,70,0,54,9418,0,937,45
plains,66997,1357,0,0,14676,0,1005,1253,799,157,324,0,0,0,213,0,39,8769,0,1222,338
plains,66287,549,0,0,14156,3,938,1222,861,256,386,0,0,0,0,0,69,10934,0,1263,146
plains,67133,1203,0,14,13391,0,566,774,805,71,794,0,0,0,154,19,10,10599,18,1101,563
plains,65965,1270,0,1,14921,0,589,636,1231,28,525,0,30,0,393,4,1,9113,8,1113,1301
plains,65957,834,33,0,14977,0,794,393,1060,9,437,0,18,0,231,0,3,9179,0,1292,1969
plains,65991,949,0,3,14082,0,1193,953,844,0,592,0,0,0,253,0,0,8927,0,1737,1694
plains,66888,1250,0,7,14497,0,168,855,1012,0,462,0,1,0,317,0,0,9360,0,789,1693
plains,67708,1135,0,0,12848,1,1172,1091,714,0,491,0,0,0,194,0,0,10131,0,1018,604
plains,66763,1299,0,0,11546,4,1420,631,1465,108,444,0,0,0,315,0,27,9199,0,1517,103
river,65863,977,0,12,14582,0,535,790,959,4,527,0,0,0,195,15,1,9658,24,1031,1533
plains,66496,1182,0,16,14006,0,1320,951,922,0,288,0,1,0,172,18,0,9563,26,1222,1030
plains,66202,1374,204,11,14115,0,1359,994,1463,96,219,0,0,0,231,0,18,8830,0,1268,337
forest,65188,1101,0,0,14751,0,1040,1318,1125,250,305,0,50,0,0,0,7,10138,0,1004,173
forest,64511,1488,0,0,14700,0,613,1178,900,250,639,0,0,0,0,0,9,11481,0,649,185
forest,64751,776,0,0,14125,0,1109,753,904,212,1007,0,0,0,0,0,3,11093,0,536,1421
forest,65238,530,26,0,13172,0,1716,496,1213,157,537,0,23,0,0,0,7,10036,0,1746,2054
forest,65577,902,7,0,14074,0,1103,554,658,108,493,0,206,0,0,0,2,9634,0,1675,1961
forest,70226,1341,0,0,13923,2,585,210,815,117,350,0,254,0,0,0,0,7208,0,933,1044
forest,66865,1629,0,0,14242,2,207,661,1162,150,386,0,80,0,0,0,1,9288,0,1172,1162
forest,64683,999,0,0,14594,1,794,954,1185,196,466,0,25,0,0,0,5,10374,0,977,1461
forest,64327,1658,0,0,14259,0,1673,729,1442,251,137,0,228,0,0,0,2,11101,0,846,41
forest,64859,1411,0,0,13385,0,742,759,1198,253,351,0,66,0,0,0,5,12264,0,1446,0
birch_forest,64189,1722,0,0,13820,0,1068,999,812,252,501,0,0,0,0,0,0,12135,0,1134,135
birch_forest,63314,1035,0,0,14494,0,1650,1083,917,248,315,0,130,0,0,0,4,12805,0,712,9
birch_forest,65448,1028,0,0,13188,0,1625,1247,1265,256,554,0,42,0,0,0,15,11351,0,585,117
birch_forest,68023,1178,7,0,12882,0,642,1338,1236,261,331,0,0,0,0,0,14,9282,0,1429,30
birch_forest,72615,739,0,0,10239,0,428,1431,1286,249,221,0,0,74,0,0,26,8726,0,904,0
birch_forest,75017,509,0,423,9223,0,1187,1077,573,249,115,0,0,130,0,0,66,7796,0,259,71
birch_forest,72910,834,8,668,10195,0,817,965,666,247,181,0,0,120,0,0,71,8360,0,603,73
birch_forest,71494,600,62,487,12138,0,448,812,335,253,129,0,0,107,0,0,63,9377,0,556,26
birch_forest,69110,246,0,479,14016,1,632,635,581,249,197,0,0,74,0,0,42,8679,0,1817,49
dark_forest,65023,609,57,325,14049,0,879,1262,395,246,534,0,0,199,0,0,44,11086,0,1688,20
dark_forest,61405,969,153,381,14301,0,994,1379,1281,243,242,0,0,156,0,0,53,13013,0,1403,3
dark_forest,63346,939,209,635,13491,0,911,962,558,244,454,0,0,22,0,0,11,13099,0,1274,75
dark_forest,63747,1284,419,673,13855,0,1524,686,988,246,190,0,1,0,0,0,7,11623,0,983,197
dark_forest,65583,1170,329,440,12181,0,819,806,906,238,850,0,0,20,0,0,3,11334,0,1365,216
dark_forest,64702,929,251,834,13209,0,1011,548,905,241,566,0,7,175,0,0,23,11209,0,1457,31
dark_forest,65102,905,371,935,13054,1,1040,1003,837,243,583,0,0,417,0,0,82,10012,0,1476,81
dark_forest,64812,1292,0,986,13206,0,1611,1324,853,242,496,0,0,81,0,0,28,9799,0,1653,8
dark_forest,64334,966,0,1130,13397,3,992,1135,707,241,676,0,11,299,0,0,27,10757,0,1597,0
dark_forest,62832,1411,0,1025,13114,0,1174,1431,755,247,616,0,90,152,0,0,26,11751,0,1749,153
dark_forest,63434,1333,0,1681,13348,0,1253,1354,626,244,681,0,0,0,0,0,9,11259,0,1086,47
dark_forest,63691,994,0,911,13110,0,636,615,606,232,843,0,0,22,0,0,11,10972,0,971,2487
dark_forest,61610,1251,0,799,13761,0,1421,643,794,248,836,0,0,65,0,0,9,13863,0,1103,29
dark_forest,62365,1242,0,797,14351,0,1438,931,883,241,265,0,0,0,0,0,2,12428,0,1169,0
dark_forest,63863,1158,0,1336,14145,0,1415,1152,1152,245,673,0,0,40,0,0,26,10066,0,1147,0
dark_forest,65315,947,0,1230,13026,0,1472,1070,354,236,326,0,0,301,0,0,27,10328,0,1315,47
dark_forest,72731,773,0,1134,10861,0,305,699,1045,156,259,0,0,564,0,0,114,7015,0,1075,38
dark_forest,78311,1202,0,1175,6010,0,401,456,491,106,153,0,0,553,0,0,106,7228,0,569,21
dark_forest,74351,309,0,925,7443,0,296,993,896,246,375,0,0,561,0,0,105,8709,0,995,65
dark_forest,70480,677,28,1895,8506,0,1203,719,844,102,397,0,41,379,302,0,1,9700,0,751,561
dark_forest,69352,714,0,762,10263,0,1277,834,774,196,201,0,76,351,3,0,2,10813,0,629,67
dark_forest,65376,937,0,1614,12946,0,1148,880,1242,236,392,0,0,186,0,0,10,10673,0,791,16
dark_forest,66181,834,0,1244,12753,3,958,554,1077,241,465,0,0,545,0,0,96,9877,0,1248,3
dark_forest,65557,1205,0,1107,14564,0,965,739,1003,232,416,0,0,137,0,0,59,9355,0,783,0
dark_forest,64556,907,0,1239,14194,3,1181,586,744,241,396,0,0,19,0,0,19,11058,0,1222,0
dark_forest,63847,1019,89,1247,14326,0,983,929,797,239,700,0,52,0,0,0,5,11353,0,783,1
dark_forest,64393,1063,0,954,13997,0,929,969,1276,244,733,0,41,52,0,0,19,10439,0,1238,1
dark_forest,63452,1473,0,1262,14045,0,973,1034,914,255,361,0,77,24,0,0,13,11379,0,1076,0
dark_forest,64055,1653,209,1180,13308,0,1227,1251,730,309,673,0,0,32,0,0,25,10251,0,1371,0
dark_forest,62857,1129,196,1151,14010,0,969,1109,1187,238,638,0,0,0,0,0,11,11314,0,1305,0
dark_forest,63403,777,369,733,14248,0,830,1199,1136,265,461,0,15,9,0,0,10,11472,0,1192,202
dark_forest,64445,1081,236,1032,14372,0,1013,1013,501,264,509,0,0,158,0,0,12,10377,0,1147,28
dark_forest,66624,612,101,1098,14390,0,790,946,989,239,596,0,0,312,0,0,48,8607,0,736,128
dark_forest,64849,771,0,1177,13791,0,1130,919,925,240,584,0,28,118,0,0,14,10704,0,954,49
dark_forest,65027,1543,0,613,13545,0,1172,729,645,244,392,0,0,0,0,0,10,10317,0,1700,603
river,65908,804,0,711,14496,0,945,722,1153,29,509,0,0,0,323,17,0,9649,28,668,1165
river,65953,1187,39,849,14206,0,860,384,590,0,619,0,0,17,10,33,3,8087,44,994,3321
river,65929,941,30,719,13456,0,1518,53,1096,0,444,0,21,17,5,19,9,8669,18,1750,2459
beach,65870,1018,2,982,14422,2,403,232,745,0,525,0,1,0,141,1,0,8843,4,632,3274
ocean,65854,1315,0,859,12879,0,642,331,614,0,717,0,1,33,0,23,13,8096,26,1574,4219
ocean,65792,1136,26,1376,13569,4,1105,403,845,0,484,84,0,0,0,24,0,7092,12,1042,4194
ocean,65792,686,0,885,14219,0,858,265,1027,0,820,0,0,0,20,28,0,7583,12,739,4322
ocean,65801,1220,0,1075,14440,0,672,193,1266,0,458,0,0,0,56,21,0,6340,12,569,4848
ocean,66811,1084,0,833,12721,0,888,415,1275,0,440,0,0,80,0,10,22,7224,16,1164,4248
ocean,67002,782,0,531,13121,0,780,118,1090,0,333,0,2,304,0,32,36,8367,34,968,3608
cold_ocean,66594,635,0,845,12890,0,931,370,639,0,643,204,0,149,74,5,17,7789,16,1027,4334
cold_ocean,66446,1399,0,667,13809,0,811,539,754,0,652,358,0,85,33,17,8,7248,16,899,3374
cold_ocean,65865,783,0,490,14232,0,557,295,1001,0,344,206,0,0,37,27,0,8391,22,1312,3671
cold_ocean,65818,621,0,545,14029,4,990,123,881,0,682,0,18,1,58,12,0,9175,6,1370,2839
cold_ocean,69489,1493,0,431,10717,0,1180,147,1181,0,607,0,0,259,0,15,0,7335,24,931,3271
cold_ocean,68437,860,0,633,11848,0,737,335,677,0,541,0,6,140,0,18,3,8644,10,944,3350
cold_ocean,67436,1273,0,529,13033,0,1107,220,905,0,797,0,1,165,17,13,7,7944,12,716,2989
cold_ocean,66381,1200,14,167,14136,0,825,629,762,0,403,0,1,1,393,23,1,8732,16,1503,2053
cold_ocean,66064,1246,111,374,14344,3,920,1048,1633,9,336,0,0,50,97,18,0,8144,4,905,1818
cold_ocean,66010,1268,215,374,14687,0,1358,1184,840,0,309,55,59,0,403,12,0,7801,14,993,1597
cold_ocean,65860,1002,141,195,14163,0,1352,780,1349,0,634,59,33,0,232,21,0,7692,12,1423,2173
cold_ocean,65820,894,0,132,13870,0,1025,429,780,0,771,0,0,0,0,11,0,8228,2,1712,3335
cold_ocean,66459,871,104,234,13815,0,581,399,1481,3,504,0,0,0,5,3,0,7797,8,1649,3227
taiga,67466,625,0,210,13663,0,772,306,785,8,636,0,0,0,34,0,0,7350,0,1253,4024
cold_ocean,66394,1387,0,113,14576,0,831,265,614,0,663,0,0,0,12,3,0,7525,2,1129,3769
cold_ocean,68077,1005,0,18,11431,0,1152,145,605,41,636,268,0,0,76,12,0,5604,10,858,4717
cold_ocean,66474,1086,0,16,11562,0,925,777,1042,0,242,272,0,0,134,15,0,8053,8,1535,2774
cold_ocean,66165,1040,0,7,14403,0,494,996,846,26,674,91,0,0,332,20,0,8567,8,1227,2295
cold_ocean,67195,1299,0,0,14072,0,948,90,384,0,923,0,0,6,0,16,0,7818,12,930,3572
cold_ocean,66747,445,0,0,13871,0,833,457,617,0,540,0,0,59,0,9,0,8379,14,1077,3708
cold_ocean,67036,1567,0,3,14511,0,604,355,984,0,490,0,0,0,116,19,0,6569,6,1444,3561
cold_ocean,67485,1442,0,51,13033,0,632,368,1195,0,624,0,0,0,27,32,0,7805,20,1201,3352
cold_ocean,66975,861,12,0,14409,0,523,259,1014,0,751,0,6,0,0,19,0,7899,12,949,3509
cold_ocean,65923,1627,0,296,14074,0,794,255,737,0,673,20,0,0,0,19,0,8159,6,924,3748
cold_ocean,67162,44,0,77,14029,0,870,167,1267,3,784,0,0,0,0,22,0,7796,18,896,4101
cold_ocean,66589,930,0,179,13634,0,974,176,504,1,768,0,30,0,0,13,0,7810,18,1323,4338
cold_ocean,65807,1203,0,0,15309,2,912,490,751,0,450,0,4,0,0,28,0,6934,20,959,4359
cold_ocean,66450,1076,0,0,13933,4,227,287,869,0,1039,0,166,0,15,18,0,7070,16,1183,4869
cold_ocean,66577,404,0,3,13931,0,528,173,872,1,905,0,0,0,7,26,0,6746,4,1242,5833
cold_ocean,66095,388,0,0,14426,0,1479,384,506,0,586,0,0,0,0,15,0,7364,22,1056,4963
cold_ocean,67167,331,0,0,13387,5,1245,437,756,0,371,355,0,0,0,24,0,7996,32,964,4211
cold_ocean,68818,944,0,0,11736,5,812,286,1007,0,753,326,0,0,0,10,0,7616,14,750,4132
cold_ocean,66311,938,0,0,14216,0,1001,295,937,0,390,225,125,0,0,15,0,7198,14,1461,4060
cold_ocean,66543,1233,0,0,14166,4,470,374,506,0,656,0,0,0,0,19,0,7516,22,1168,4533
cold_ocean,66015,1030,0,0,14546,0,848,204,917,0,640,0,0,0,0,21,0,6660,18,1369,4981
cold_ocean,66558,740,0,0,14576,0,810,340,629,0,713,0,40,0,0,25,0,7176,16,788,4849
cold_ocean,67039,764,0,6,13239,0,1041,538,1164,0,802,0,0,0,28,23,0,7447,16,1596,3503
cold_ocean,65792,1404,0,0,14423,0,372,1300,420,0,640,0,0,0,406,18,0,9209,20,998,2250
cold_ocean,65792,836,0,35,14492,0,1512,1661,790,0,353,0,0,0,259,13,0,7884,10,1445,2154
cold_ocean,65792,1183,0,9,15215,0,888,1261,536,0,545,0,0,0,204,18,0,7748,30,1213,2593
cold_ocean,66980,718,0,0,13104,3,1234,56,917,0,895,302,0,0,0,10,0,7419,12,1179,4292
cold_ocean,66073,851,0,0,14491,0,1312,292,615,0,968,155,2,0,0,18,0,7411,28,948,3968
cold_ocean,66111,902,59,0,14417,1,953,149,1331,0,609,20,0,0,0,13,0,6662,22,1288,4611
cold_ocean,65841,631,48,98,14042,3,1047,0,671,0,811,309,0,0,0,19,0,7699,18,1518,4344
cold_ocean,66458,744,0,59,13373,0,581,29,520,0,645,387,0,349,0,19,87,4801,10,757,8283
cold_ocean,66936,651,0,18,12998,0,616,97,194,0,645,118,0,419,0,17,94,2279,12,700,11410
cold_ocean,67742,701,0,63,11793,3,747,233,782,0,836,0,0,339,83,17,10,6004,14,1129,6730
cold_ocean,69862,662,0,94,11085,1,824,366,237,0,684,101,0,308,12,11,0,7773,10,501,3869
cold_ocean,68716,1316,0,195,11200,2,771,234,942,0,517,295,1,299,0,10,0,7933,20,1124,3511
cold_ocean,66186,1034,0,280,13959,0,921,157,1071,0,869,249,0,40,0,20,0,7627,20,1258,3497
cold_ocean,65793,1121,0,127,14654,0,928,141,1544,0,550,0,0,0,0,13,0,7051,16,1474,3772
cold_ocean,66676,994,50,158,14646,0,1210,271,1492,0,801,0,16,0,0,22,0,6842,8,594,3357
cold_ocean,66017,909,75,309,13560,0,717,225,792,0,774,0,0,47,0,23,10,8878,24,1404,3215
cold_ocean,66403,632,160,209,14260,0,1175,302,825,12,473,0,0,105,0,21,2,7126,14,897,4432
cold_ocean,66606,560,0,654,14313,0,661,153,839,14,448,7,0,22,0,28,11,7384,14,954,4533
cold_ocean,65983,765,0,470,14051,0,1027,207,815,0,500,255,0,0,0,22,0,7080,6,1017,4981
cold_ocean,66889,556,0,167,13144,0,732,85,465,0,666,67,340,79,0,32,0,6487,24,1292,6114
cold_ocean,66839,804,0,605,11833,0,1154,322,515,0,817,106,686,168,0,6,4,8114,4,1017,4170
cold_ocean,65968,886,0,189,12698,0,1163,291,587,0,638,356,1808,0,2,15,0,7392,18,1232,3938
cold_ocean,65921,1223,0,469,12558,2,1064,252,648,0,671,306,969,38,10,37,0,8460,64,1589,2858
ocean,66054,675,0,435,14171,0,673,203,330,0,832,97,258,62,96,19,4,9418,14,690,3173
beach,65948,653,32,380,13854,0,863,350,499,0,455,0,0,13,202,0,0,8445,0,1726,3529
beach,65834,653,47,268,13872,3,1095,188,908,0,419,0,3,14,612,0,3,9422,0,1444,1916
beach,68530,1322,0,263,11851,0,930,507,222,0,343,0,77,424,354,0,53,8667,0,978,2407
dark_forest,69113,1439,0,343,10578,0,834,679,835,0,424,0,0,444,296,0,87,8136,0,1451,2394
dark_forest,66958,40,0,492,12901,0,839,312,814,0,785,20,0,318,11,0,50,8660,0,864,4050
ocean,67155,789,0,347,13106,0,285,89,331,0,982,0,1,319,0,35,69,8617,18,173,4799
ocean,67306,1524,0,814,11826,0,610,387,921,17,502,0,22,562,5,21,56,8162,12,650,3649
ocean,66523,700,0,878,12611,0,729,348,1003,0,848,0,130,38,134,34,6,8469,24,1472,3338
ocean,66490,1374,0,362,14184,0,930,219,824,0,459,363,2,5,61,16,0,7630,16,1215,3030
ocean,66330,1481,0,449,14232,0,981,22,1048,0,759,385,0,55,0,15,33,6808,12,626,3963
ocean,66378,1110,0,761,12337,0,1043,199,857,0,489,185,94,13,0,35,3,6918,40,1388,4518
ocean,66526,226,0,632,10967,0,639,277,514,0,666,103,1321,0,0,18,0,7360,28,1105,5793
ocean,65906,573,0,1100,13466,0,755,338,442,0,896,0,587,0,104,36,0,8493,12,1265,3321
ocean,65810,1475,0,726,14605,0,968,718,836,0,709,47,29,4,182,27,1,8166,22,662,2255
ocean,65986,893,0,989,14150,0,775,372,522,0,564,292,49,74,0,17,14,7655,22,874,3886
ocean,66673,556,0,886,13262,0,785,505,498,0,379,196,138,41,162,28,0,7026,44,1525,4529
ocean,66610,988,0,866,13403,0,1054,1286,813,0,689,0,146,69,308,28,0,8058,16,649,2287
ocean,67041,1145,0,1114,12000,0,775,670,734,0,431,0,311,44,56,26,0,8553,22,1415,2884
ocean,67332,902,0,1045,13048,0,864,620,649,0,466,0,496,128,86,42,4,7617,30,1001,2831
ocean,68727,1019,0,831,12209,0,1100,873,435,7,470,230,184,519,222,30,31,6650,30,1182,2367
ocean,67305,729,198,971,12936,0,858,448,791,0,497,149,3,290,110,30,35,6853,16,1040,3817
ocean,66662,539,168,1131,13914,0,461,144,480,0,681,0,1,122,0,39,31,5938,28,1142,5634
ocean,67683,1086,143,718,12775,0,830,275,442,51,688,0,0,134,0,36,0,4775,32,1005,6559
ocean,66277,826,313,874,13823,0,824,307,921,6,689,298,81,0,0,19,0,5506,20,973,5413
ocean,66173,1110,107,602,14081,0,739,177,905,0,737,208,0,0,0,16,0,6361,24,1168,4249
ocean,66027,1663,264,487,13110,0,1505,335,581,0,511,0,0,0,48,2,0,6837,2,1724,3913
dark_forest,64588,882,375,573,13540,0,1390,1212,1389,229,231,0,0,24,15,0,13,10567,0,794,462
dark_forest,64273,700,328,337,13341,0,1402,1105,756,236,159,0,113,35,0,0,14,10928,0,1114,1243
dark_forest,63373,1404,237,508,13413,1,1146,860,915,245,390,0,24,0,0,0,13,11491,0,1076,1174
old_growth_birch_forest,64661,984,29,341,14677,1,867,797,883,297,457,0,3,0,0,0,6,12261,0,610,15
old_growth_birch_forest,65222,1326,0,75,14187,0,998,908,1225,250,569,0,2,0,0,0,3,10648,0,1344,0
old_growth_birch_forest,68780,951,0,0,15320,0,952,810,1145,242,265,0,0,0,24,0,13,7264,0,660,492
old_growth_birch_forest,67171,1501,0,16,13992,6,1115,800,987,31,434,0,0,0,75,0,2,7791,0,1129,2143
birch_forest,66643,1029,0,6,13860,0,1085,988,853,0,377,0,0,0,195,9,0,8636,14,981,2411
birch_forest,64870,1276,0,0,14437,0,902,693,1291,142,634,0,2,0,173,1,2,10939,2,1256,356
birch_forest,64601,980,0,0,14786,0,1112,686,918,215,608,0,0,0,0,1,11,11899,0,919,97
birch_forest,65028,1392,0,19,15191,0,875,801,1210,187,551,0,0,0,125,3,6,10380,6,744,407
birch_forest,66491,1153,0,17,13543,0,1287,835,752,173,587,0,0,0,42,3,3,10366,4,962,798
birch_forest,66631,794,0,0,14407,0,786,536,1111,27,385,0,0,0,207,1,0,7713,4,1043,3547
river,66875,584,0,31,13977,0,782,925,400,30,377,0,0,0,192,20,1,5903,36,1012,6053
forest,68311,755,0,0,14810,0,929,763,1143,0,354,0,0,0,285,8,0,6425,14,770,2610
forest,67621,772,0,11,14508,0,627,799,434,0,393,0,0,0,239,10,0,7163,12,1180,3409
forest,66297,1288,0,0,13865,0,1472,708,1067,2,239,0,0,0,241,25,0,8599,22,1628,1707
forest,72523,1231,0,3,8899,0,1194,483,1054,0,435,0,17,0,265,0,0,8870,0,1097,1182
river,73265,1161,0,8,8765,0,917,657,1100,72,427,0,62,0,112,14,1,8780,24,1156,730
forest,69376,700,0,7,11186,0,1128,741,1271,235,418,0,346,0,0,0,6,9417,0,1227,196
forest,69782,1067,0,0,11184,0,840,977,636,252,481,0,148,0,0,0,3,10374,0,1103,2
forest,70363,1034,0,0,10348,0,1452,883,1082,251,369,0,0,0,0,0,5,9852,0,1312,0
forest,66293,745,125,0,12363,0,746,977,838,250,553,0,1,0,0,0,3,12631,0,1178,0
forest,66157,1390,191,0,12198,0,826,1261,882,250,422,0,0,0,0,0,8,11460,0,1458,0
forest,65676,1477,24,0,14047,1,1116,1151,1529,249,770,0,1,0,0,0,5,9847,0,642,0
forest,64045,1009,0,0,14562,0,749,1223,919,249,410,0,0,0,0,0,5,12567,0,616,0
forest,63264,1767,0,0,14841,0,1099,1555,599,251,739,0,0,0,0,0,14,11259,0,1260,0
forest,65636,1068,0,0,14160,0,1125,1029,1112,240,476,0,0,0,0,0,5,10782,0,502,0
forest,69421,1693,0,0,11222,0,742,1105,1325,252,228,0,1,0,0,0,2,10045,0,427,0
forest,72987,1299,0,9,8440,0,1193,935,924,171,504,0,2,0,0,0,4,9092,0,852,392
plains,72024,1260,0,20,9262,0,1066,1113,1271,16,647,0,19,0,139,0,4,9292,0,171,868
river,67665,636,0,25,12463,0,913,838,966,0,378,0,39,0,338,5,0,7222,6,894,4889
river,67546,829,0,4,13512,0,703,873,1460,0,387,0,1,0,228,24,0,8235,30,1071,2183
plains,67777,844,0,4,12180,4,1454,843,338,28,292,0,19,0,336,0,5,8868,0,1458,1830
plains,67493,1225,0,17,13342,0,1146,841,810,186,722,0,182,0,52,0,36,9301,0,1013,367
plains,66860,1159,0,0,14666,0,1231,716,1341,195,535,0,69,0,126,0,34,9085,0,1082,80
plains,66786,1341,0,0,14626,0,853,427,321,243,299,0,4,0,0,0,41,11136,0,845,299
plains,67829,761,0,0,11487,0,1440,584,1274,256,501,0,39,0,0,0,49,11771,0,1192,0
plains,74426,1361,0,0,7901,0,599,1010,996,256,412,0,93,0,0,0,49,9694,0,484,1
plains,83852,329,72,0,5968,0,446,362,269,213,213,0,566,0,0,0,28,4977,0,74,0
plains,86115,115,12,0,5157,0,528,497,0,259,128,0,956,0,0,0,43,2704,0,464,498
plains,77341,410,172,0,8412,0,390,819,116,281,250,0,229,0,0,0,50,3909,0,1084,3693
plains,69104,430,180,0,13621,0,752,674,431,257,425,0,25,0,0,0,37,3883,0,1120,6306
plains,64692,870,271,0,14345,1,417,458,17,230,552,0,1,0,0,0,27,8851,0,1644,4730
plains,58951,1027,249,0,13922,0,789,830,900,256,391,0,0,0,0,0,54,18617,0,909,30
plains,57595,1329,0,0,13231,0,1889,1248,1300,256,750,0,0,0,0,0,53,17959,0,1313,0
plains,58941,1237,0,0,13611,0,1080,1015,1144,241,581,0,0,0,0,0,38,17812,0,1314,0
plains,62257,1345,0,0,13180,0,1235,864,1340,243,563,0,0,0,0,0,37,14757,0,1213,0
plains,64778,1265,0,0,13644,0,1377,733,881,258,359,0,0,0,0,0,46,12847,0,937,1
plains,61467,1018,0,0,14486,0,916,999,1365,271,754,0,48,0,0,0,39,14892,0,801,0
plains,60141,1393,0,0,13551,0,671,878,894,256,569,0,0,0,0,0,53,16888,0,1697,69
plains,61464,1114,0,0,15216,0,1394,1042,1006,257,766,0,0,0,0,0,35,13879,0,828,47
plains,60995,892,0,0,15107,0,1004,1079,960,256,387,0,0,0,0,0,50,14185,0,792,1352
plains,63805,820,0,0,12781,0,1055,1118,816,256,474,0,1,0,0,0,51,14107,0,1418,424
plains,64315,1039,0,0,14222,0,1080,1021,1137,256,520,0,0,0,0,0,48,12219,0,959,302
plains,64642,1101,0,0,14512,0,1305,810,980,242,633,0,0,0,0,0,40,11640,0,1005,257
plains,65059,941,0,0,14272,0,831,1077,912,266,777,0,1,0,0,0,68,11767,0,1166,1
plains,65370,1345,0,0,13661,0,1598,709,1245,258,751,0,17,0,0,0,74,10812,0,1363,0
plains,64906,1203,0,0,13887,0,1051,725,613,256,811,0,0,0,0,0,60,12452,0,1194,0
plains,65067,1284,0,0,14563,0,1207,792,1189,256,562,0,44,0,0,0,69,11531,0,570,0
plains,66694,1398,0,10,12919,0,1239,961,1004,186,461,0,104,0,28,0,26,9749,0,1196,1171
river,65644,949,0,0,14672,0,1270,686,1442,115,707,0,0,0,191,9,6,9447,14,1069,949
plains,64676,1194,0,0,14273,0,1053,292,618,243,619,0,0,0,0,0,43,12081,0,1351,783
plains,61664,1957,0,0,14611,2,666,788,1439,330,439,0,0,0,0,0,19,14226,0,595,312
plains,58603,1002,0,0,15102,0,761,752,1742,266,486,0,0,0,0,0,20,17188,0,632,258
plains,60870,942,0,0,14197,0,1240,1030,1604,256,755,0,0,0,0,0,29,14083,0,1074,467
plains,62656,786,0,0,13283,0,1112,904,1008,239,891,0,86,0,22,0,41,13739,0,877,838
plains,59534,824,0,0,14294,0,1693,1190,765,273,513,0,0,0,0,0,34,15040,0,1491,1121
plains,56820,1511,0,0,12910,0,1383,1867,1200,342,736,0,0,0,0,0,30,17390,0,1282,1187
plains,55695,983,0,0,13486,0,1538,1090,2209,259,624,0,2,0,0,0,15,19652,0,1088,248
plains,52215,2053,0,0,14119,0,1428,1462,907,256,856,0,0,0,0,0,13,22008,0,1328,306
river,65696,1175,0,13,14228,0,902,794,764,144,366,0,0,0,26,17,9,8082,26,1585,3369
plains,65803,418,0,0,14431,0,1156,719,1162,159,360,0,0,0,21,2,21,9668,2,1101,2046
plains,65906,914,0,0,14722,0,998,879,874,231,432,0,0,0,54,0,43,10272,0,818,1057
plains,65167,986,0,0,14345,0,1168,903,1144,256,230,0,38,0,0,0,42,11334,0,1392,62
plains,63469,1581,0,0,14766,0,1281,917,905,256,377,0,0,0,0,0,49,12430,0,978,103
plains,64569,407,0,0,14138,0,817,561,810,256,476,0,0,0,0,0,49,12658,0,2126,190
plains,64943,1270,0,0,15034,0,885,504,1042,255,779,0,0,0,0,0,53,10911,0,1201,192
plains,67600,778,0,0,14596,0,996,1173,1300,256,569,0,1,0,0,0,53,9239,0,647,1
plains,67820,953,0,0,14849,0,787,1221,738,250,345,0,1,0,3,0,55,9290,0,840,21
plains,66672,1545,0,0,14147,2,666,1130,992,222,340,0,0,0,0,0,56,8239,0,2124,1021
plains,66399,1386,0,14,14804,0,704,1543,1129,140,539,0,0,0,59,0,26,9216,0,931,339
river,66383,1342,0,1,14635,0,850,586,961,33,548,0,60,0,293,24,6,9227,24,974,1244
plains,66033,1245,0,26,15272,0,901,493,1052,12,768,0,5,0,212,2,0,8763,2,628,1755
plains,65439,1035,114,0,14119,0,1008,449,893,47,881,0,35,0,34,0,3,8770,0,1314,2994
plains,65297,1428,35,12,14184,2,993,701,1079,78,385,0,11,0,105,0,8,9285,0,1710,1871
plains,66330,1101,0,0,14428,0,1287,909,561,0,444,0,0,0,302,0,0,9855,0,987,970
plains,66277,1088,0,0,13929,2,1363,1147,1148,68,268,0,54,0,74,0,19,10051,0,1330,404
plains,66118,877,0,0,14429,0,1316,1165,1089,210,578,0,119,0,30,0,53,9499,0,1409,157
river,66287,867,0,0,14255,8,1378,825,984,22,558,0,0,0,389,24,7,9342,44,868,1250
plains,66050,1410,0,19,14293,4,1107,1050,687,128,533,0,0,0,206,0,25,9793,0,1602,236
plains,66237,1171,0,0,15060,0,1116,1076,1056,254,456,0,0,0,3,0,55,9575,0,1016,7
forest,65596,874,0,0,14633,0,1333,954,1015,251,295,0,0,0,0,0,15,10938,0,886,26
forest,65239,1220,0,0,13582,0,1114,929,432,251,279,0,16,0,0,0,6,11648,0,1746,198
forest,64716,1314,0,0,14275,0,1374,890,698,250,493,0,0,0,0,0,9,11564,0,1042,96
forest,65015,1177,0,0,13866,0,1066,660,1346,249,374,0,64,0,0,0,4,11317,0,1032,369
forest,64981,1248,0,0,15072,0,1678,546,1427,250,277,0,0,0,0,0,4,10423,0,657,175
forest,64014,1205,0,0,14029,0,1142,756,1385,244,575,0,110,0,0,0,6,11898,0,1095,25
forest,63984,685,0,0,14116,0,1074,716,1956,247,557,0,75,0,0,0,8,10950,0,1355,509
forest,64243,1040,0,0,14342,4,947,849,1092,252,646,0,7,0,0,0,13,11911,0,1235,165
forest,63891,1230,0,0,14875,0,1109,710,598,251,421,0,0,0,0,0,5,12407,0,1046,172
forest,65430,1776,0,0,12596,0,1187,897,739,251,551,0,143,0,0,0,7,11353,0,1793,15
birch_forest,65966,956,0,0,13978,0,918,943,866,250,239,0,3,0,0,0,8,11920,0,747,31
birch_forest,61902,945,0,0,14861,0,1334,1042,646,284,52,0,0,0,0,0,2,14975,0,763,27
birch_forest,63613,1359,8,0,14999,0,1186,1018,702,273,523,0,8,0,0,0,9,11983,0,932,84
birch_forest,66874,1631,129,0,13713,0,1071,1223,977,249,445,0,101,1,0,0,12,9261,0,903,0
birch_forest,71147,553,0,0,10711,0,1063,1513,712,249,739,0,0,17,0,0,29,9022,0,906,0
birch_forest,72279,887,0,244,9665,2,922,1362,550,249,218,0,150,117,0,0,59,9292,0,605,6
birch_forest,68436,1112,6,594,11847,0,912,1080,667,250,567,0,182,153,0,0,57,10061,0,835,24
birch_forest,64083,1219,89,542,13842,0,1024,989,592,242,390,0,94,0,0,0,18,12093,0,1316,58
birch_forest,62611,668,46,623,14773,0,363,600,783,247,499,0,2,239,0,0,16,13712,0,1186,46
dark_forest,60816,1157,198,690,14404,0,1160,886,912,249,300,0,0,136,0,0,30,14434,0,1084,41
dark_forest,64307,1336,182,800,12509,4,1543,1056,1047,249,548,0,0,327,0,0,7,11799,0,637,98
dark_forest,64196,1336,575,848,12845,0,635,843,866,239,328,0,0,191,0,0,6,11927,0,1190,24
dark_forest,63159,1015,576,798,13540,0,1036,868,1279,237,477,0,1,13,0,0,2,12009,0,923,0
dark_forest,65702,927,444,603,13484,0,930,678,1248,253,726,0,0,97,0,0,14,10673,0,588,0
dark_forest,65730,546,201,779,12712,0,772,449,864,247,486,0,1,82,0,0,37,11496,0,1500,0
dark_forest,64763,1169,200,777,13102,3,995,731,802,236,619,0,63,15,0,0,12,11732,0,1021,14
dark_forest,65245,1174,16,873,13079,0,1475,931,966,242,566,0,0,74,0,0,40,10572,0,1148,0
dark_forest,64423,752,0,895,14005,4,1424,1361,1034,241,410,0,1,131,0,0,6,10792,0,875,0
dark_forest,64618,776,0,1088,11513,0,1336,1311,689,260,341,0,0,86,0,0,5,12742,0,1548,353
dark_forest,65126,834,0,1321,12371,0,638,1048,1376,246,376,0,0,0,0,0,3,11126,0,1118,1011
dark_forest,64035,956,0,1257,12690,0,1106,897,961,240,698,0,0,41,0,0,18,11282,0,1175,969
dark_forest,62861,1149,0,1031,13085,0,1602,680,670,244,540,0,0,101,0,0,20,12827,0,1300,0
dark_forest,63796,1259,0,1355,13145,0,1087,719,1288,244,492,0,1,145,0,0,13,11839,0,922,83
dark_forest,63723,1154,0,1465,12681,0,1275,1011,1490,237,427,0,0,5,0,0,7,11355,0,1433,7
dark_forest,64678,1067,0,1118,12590,0,874,1200,1503,239,570,0,90,462,0,0,67,10093,0,1455,0
dark_forest,69391,808,0,1346,10373,0,676,1189,1189,245,441,0,0,841,0,0,115,8934,0,725,92
dark_forest,75661,823,0,925,5750,0,666,998,1152,243,307,0,0,457,0,0,38,8546,0,582,144
dark_forest,76792,728,0,516,6078,0,382,1120,607,177,253,0,0,376,25,0,51,7330,0,966,1001
dark_forest,71515,706,98,1397,9132,0,1646,40,93,12,340,0,45,493,7,0,50,6646,0,104,4757
dark_forest,65168,697,30,1064,13648,0,1282,986,849,171,436,0,18,204,0,0,24,8993,0,1188,1700
dark_forest,67131,874,26,1180,11637,3,957,679,1529,218,242,0,96,351,57,0,36,10239,0,1122,71
dark_forest,67655,1084,0,994,11362,1,651,917,979,225,221,0,14,388,3,0,50,11038,0,581,122
dark_forest,67233,723,0,603,10213,0,1248,910,1469,238,387,0,0,301,0,0,57,11697,0,1151,11
dark_forest,70244,864,0,1132,11242,0,774,811,500,242,72,0,0,440,0,0,113,8886,0,717,107
dark_forest,72147,648,0,793,11524,0,534,1094,544,245,568,0,0,279,0,0,101,6720,0,1200,30
dark_forest,71936,681,0,1239,11680,0,664,763,608,252,625,0,0,159,0,0,49,6507,0,1123,49
dark_forest,66212,753,55,987,12313,1,1017,859,1025,240,606,0,28,65,0,0,4,10315,0,838,0
dark_forest,67508,385,0,846,13458,0,759,1085,381,246,325,0,0,303,0,0,78,9462,0,874,7
dark_forest,65865,1151,0,538,14503,0,1096,1437,884,325,73,0,37,69,0,0,23,9409,0,948,0
dark_forest,63731,1227,36,1093,13433,0,1016,1294,645,407,265,0,1,10,0,0,12,11460,0,1522,0
dark_forest,64385,686,0,1437,13522,0,1149,1231,994,245,521,0,41,0,0,0,7,10811,0,1191,1
dark_forest,64546,1110,99,1039,13246,2,722,1020,878,244,401,0,22,16,0,0,22,11332,0,1705,44
dark_forest,66410,581,114,877,14743,8,1068,793,516,266,670,0,8,382,0,0,70,8977,0,788,2
dark_forest,68977,771,0,1156,14147,0,517,882,1205,263,368,0,0,609,0,0,123,6401,0,695,52
dark_forest,66573,1184,35,1184,13270,0,562,1104,596,241,341,0,1,366,0,0,89,8587,0,1833,144
dark_forest,65140,1209,38,1286,13931,0,1415,992,838,222,426,0,0,71,3,0,13,9696,0,809,186
river,66057,628,90,1304,13606,0,1212,415,849,32,439,0,0,75,210,0,8,10025,2,803,1230
river,66346,912,170,737,13656,0,1246,306,967,0,492,0,0,281,7,17,38,8240,26,1092,2533
beach,66140,1019,85,773,14283,0,862,230,565,0,652,0,0,74,202,27,20,9006,46,935,2085
beach,66088,353,0,1402,13319,0,1451,291,1427,0,451,8,0,24,324,0,0,8076,0,1153,2526
ocean,66008,657,7,881,14385,0,1028,234,670,0,625,222,0,0,0,24,0,7134,26,612,4631
ocean,65792,929,254,748,13863,0,472,421,275,0,454,192,0,0,0,49,0,7255,30,1392,4920
ocean,65792,839,58,674,14340,2,926,325,934,0,408,0,36,0,0,19,0,6733,12,1406,4723
ocean,66465,1171,139,941,13003,0,1023,512,251,0,519,0,43,75,240,26,2,8526,18,1210,2499
ocean,66511,1187,0,414,14034,0,482,906,1102,0,373,0,0,59,375,26,10,8037,14,1174,2517
ocean,66365,824,0,426,13990,0,1100,391,1375,0,621,0,0,15,137,27,9,6801,14,1155,3957
cold_ocean,66187,953,0,598,13094,0,479,449,712,0,656,196,65,132,88,23,24,7865,16,1434,4218
cold_ocean,66009,1456,0,362,14783,0,736,611,970,0,378,297,0,24,124,19,11,8313,6,1002,2052
cold_ocean,66002,1521,0,462,14483,0,1200,375,509,0,701,130,0,0,8,11,0,8017,20,1150,2599
cold_ocean,65792,1036,0,629,14702,0,626,213,942,0,517,0,0,0,3,18,0,8106,10,1118,3366
cold_ocean,66437,1069,0,318,13225,0,1717,428,719,0,673,0,0,55,13,19,0,8052,12,1104,3339
cold_ocean,66687,1144,0,297,13306,0,662,152,960,0,904,0,0,0,11,28,0,8274,40,1506,3222
cold_ocean,65939,819,0,329,14239,0,629,337,1131,0,806,0,0,8,6,15,4,8739,12,1315,2893
cold_ocean,66039,1316,0,420,14173,0,539,287,1286,0,558,0,0,18,13,22,10,8627,26,1084,2751
cold_ocean,66489,967,0,149,13899,0,496,353,787,0,340,105,0,11,142,21,3,9639,14,1094,2716
cold_ocean,66459,1511,166,186,13898,0,736,640,984,0,386,152,0,0,346,25,0,9024,20,979,1581
cold_ocean,66263,865,241,164,14311,0,766,689,1153,0,650,67,0,16,197,24,4,8070,24,1070,2570
cold_ocean,66199,219,463,2,14374,2,379,226,1191,0,597,0,0,9,20,12,5,8856,6,1346,3200
taiga,65823,1127,451,4,14040,0,574,359,1161,147,681,0,0,0,9,1,0,10026,2,1084,1115
taiga,64855,863,9,165,15209,0,1094,550,670,225,246,0,0,0,23,0,3,12111,0,598,50
beach,65980,1113,0,105,15603,0,970,408,999,42,298,0,0,0,348,0,0,8988,0,724,1210
beach,67513,855,0,46,10644,0,1247,648,749,3,424,67,0,0,445,21,0,7504,16,1228,3152
cold_ocean,67064,1321,0,1,11700,2,615,1128,1180,0,598,173,0,0,490,12,0,7639,14,1036,2080
cold_ocean,65986,936,0,13,14451,0,1168,1485,769,0,647,118,0,0,105,26,0,7796,34,1069,2627
cold_ocean,67109,1008,0,0,14425,0,767,294,1029,0,790,0,0,0,20,16,0,6934,6,956,3821
cold_ocean,66452,979,0,9,13865,1,709,854,756,0,984,0,0,0,292,33,0,7155,22,1648,3461
cold_ocean,67690,704,0,7,15117,3,828,609,903,0,313,0,0,0,251,29,0,6187,24,1293,3277
cold_ocean,68098,453,0,0,13814,5,1082,278,574,0,757,246,0,0,85,23,0,6377,10,1652,3745
cold_ocean,71690,959,194,0,10937,0,133,52,112,0,821,468,109,0,0,19,0,6050,20,439,5238
cold_ocean,67793,774,0,0,13057,0,681,41,473,0,782,367,1,0,0,24,0,7128,22,1303,4571
cold_ocean,66990,363,0,0,12596,0,625,279,1316,1,719,371,104,0,0,20,0,6368,12,458,5413
cold_ocean,66968,537,0,0,13407,0,1327,530,954,0,617,0,99,0,0,8,0,6700,18,1493,4652
cold_ocean,66118,440,0,0,15254,0,859,252,498,0,449,0,148,0,0,16,0,7594,24,634,4938
cold_ocean,66710,570,0,0,13635,0,1142,273,647,0,793,0,120,0,0,18,0,6820,12,703,5762
cold_ocean,67250,807,0,7,13919,0,697,303,711,0,935,0,36,0,0,19,0,7721,24,1030,3890
cold_ocean,65951,909,139,0,14584,2,864,19,1012,0,524,0,0,0,0,17,0,7523,16,1201,4288
cold_ocean,66352,975,0,0,14068,5,297,365,852,0,447,38,1,0,0,26,0,8008,26,1494,4241
cold_ocean,68862,897,0,0,12312,0,1134,81,1227,0,613,317,0,0,0,15,0,6735,10,777,4211
cold_ocean,66190,82,0,0,14892,0,736,540,906,0,902,289,30,0,1,26,0,7973,28,562,4101
cold_ocean,66176,492,0,0,14452,0,576,319,468,0,716,90,0,0,0,23,0,7694,10,1301,4935
cold_ocean,66706,910,0,0,14752,0,460,51,340,0,366,0,6,0,0,18,0,7796,18,1027,4874
cold_ocean,67011,322,0,0,14161,0,1167,58,907,0,530,0,0,0,0,29,0,6250,20,795,5998
cold_ocean,66580,1297,0,0,14041,0,558,274,616,0,632,0,0,0,18,20,0,6914,14,1288,5027
cold_ocean,66281,499,0,0,14564,0,552,391,708,0,787,0,0,0,2,11,0,7805,6,910,4705
cold_ocean,67463,97,0,0,13481,0,707,258,931,0,336,0,0,0,0,26,0,9043,18,1088,3778
cold_ocean,65838,665,0,0,14488,0,706,445,719,0,534,0,0,0,21,23,0,8743,16,1535,3380
cold_ocean,65792,670,0,0,15252,4,1136,295,878,0,399,0,0,0,83,6,0,8542,16,1020,3106
cold_ocean,65792,655,0,0,13981,4,1342,166,605,0,446,0,0,0,87,33,0,9290,16,1687,3080
cold_ocean,67495,782,0,0,13651,0,1238,220,939,0,740,271,0,0,0,17,0,7416,26,657,3740
cold_ocean,66460,826,0,0,14466,0,562,166,813,0,501,0,0,0,0,13,0,8378,20,788,4149
cold_ocean,65972,1066,0,0,15077,0,0,134,666,0,434,0,0,0,0,17,0,8366,20,1342,4177
cold_ocean,66004,1171,0,0,14101,0,777,25,796,0,698,0,0,0,1,34,0,7254,26,1856,4325
cold_ocean,65847,263,0,0,14118,0,1045,59,998,0,874,321,0,72,0,15,9,7123,12,1424,4955
cold_ocean,67255,36,0,0,12600,0,888,57,196,0,555,76,0,277,4,21,9,3061,10,1228,10920
cold_ocean,68920,998,0,0,11336,0,757,137,530,0,718,0,0,258,18,12,0,5707,20,1186,6585
cold_ocean,66202,803,0,0,13772,0,1241,224,898,0,570,26,0,13,24,22,0,7490,14,1319,4572
cold_ocean,65804,742,0,22,13869,0,1532,415,751,0,451,238,0,0,0,26,0,7620,32,2005,3691
cold_ocean,65862,473,0,311,15268,0,1272,160,1786,0,513,187,0,0,0,23,0,6669,14,746,3820
cold_ocean,66137,1064,0,0,14811,0,997,224,656,0,996,120,0,0,0,21,0,7499,18,999,3696
cold_ocean,67245,1276,0,157,13938,0,857,69,580,0,739,95,97,29,0,15,0,7741,18,712,3487
cold_ocean,67774,725,0,640,12331,0,1155,289,1446,0,1124,0,0,304,0,13,11,7324,16,565,3363
cold_ocean,67770,666,0,373,12820,0,760,173,520,0,612,9,0,297,0,17,47,8054,18,777,4242
cold_ocean,67223,1156,0,262,13946,0,966,61,822,0,479,390,0,103,0,14,39,5865,16,1173,4587
cold_ocean,65804,561,0,134,14022,0,513,246,912,0,543,363,0,0,0,21,0,6555,12,1258,6263
cold_ocean,65924,1544,0,738,13053,0,552,202,475,0,385,0,449,17,1,13,0,6029,18,1046,6362
cold_ocean,65883,1131,0,130,12757,0,321,229,187,0,650,0,856,31,0,34,0,7633,20,984,6397
ocean,65792,1143,0,321,13225,0,1093,51,372,0,655,239,365,0,0,1,0,6956,2,960,6021
river,65919,1299,0,224,12158,0,707,232,704,0,545,16,919,44,0,18,19,6936,24,1157,6286
beach,66478,844,0,168,11668,0,273,313,922,0,794,0,771,153,239,22,12,7843,20,1234,5226
beach,66962,1108,35,663,12093,0,781,242,1040,0,298,0,108,267,625,0,18,8347,0,1366,2501
beach,68694,746,36,1125,11212,0,841,219,874,0,347,0,70,322,675,0,10,8884,0,1140,1320
beach,70045,922,0,636,10518,0,887,391,911,0,244,0,217,499,753,0,48,9484,0,236,999
dark_forest,70584,997,0,853,10506,0,606,1018,1339,0,241,0,0,415,245,0,24,8573,0,812,772
dark_forest,66612,1051,0,526,13853,0,670,521,720,0,552,0,0,249,51,0,44,8459,0,482,3423
dark_forest,66586,782,0,577,12934,0,827,543,890,6,471,0,0,172,157,14,7,9787,8,724,2718
ocean,67852,825,0,934,10804,4,1167,726,1379,40,653,0,74,403,132,37,22,9439,16,1283,1335
ocean,66699,830,0,1153,13399,3,1362,501,1062,0,429,0,0,114,293,28,12,8162,26,881,2239
ocean,66087,329,0,1125,13402,0,1283,298,1249,0,523,0,0,0,163,29,0,8521,18,1530,2645
ocean,66049,1373,0,826,13813,0,624,204,821,0,785,285,26,22,36,24,9,6808,12,997,4371
ocean,66014,1034,0,994,13276,1,800,183,947,0,895,317,76,8,0,29,2,7369,16,994,4156
ocean,65795,926,0,577,14254,0,983,283,650,0,890,164,194,0,28,31,0,7603,30,1027,3749
ocean,65846,649,0,872,13543,2,1368,485,1224,0,481,0,325,0,85,40,0,7667,30,1367,3241
ocean,65825,1142,0,532,14379,0,589,749,776,0,594,0,108,0,31,13,0,8064,14,1271,3120
ocean,66421,1123,0,734,14010,0,406,581,588,4,552,0,0,18,74,50,9,7285,38,1327,4038
ocean,67860,1150,0,947,12980,0,698,656,465,0,573,0,96,179,184,35,50,6032,26,1169,4078
ocean,68477,664,0,914,11725,0,1262,973,647,0,230,0,89,118,302,23,14,7209,24,1507,2947
ocean,69411,796,0,1010,10434,0,1033,370,860,0,563,0,214,208,56,31,4,7962,38,747,3342
ocean,68411,1147,0,1567,10553,0,922,193,960,0,617,0,425,73,1,43,1,7342,20,1249,3651
ocean,67284,1722,0,1250,12790,0,1107,620,807,8,456,136,299,172,64,14,27,7201,10,780,2464
ocean,66801,660,0,1191,12599,0,720,182,1093,0,1046,1,1,95,0,32,25,8209,20,1360,3152
ocean,68744,749,0,1030,11768,0,64,86,924,0,724,0,1,168,0,34,17,6520,22,1266,5052
ocean,71369,567,0,539,9434,0,225,319,997,0,482,0,1,229,0,21,0,7427,16,535,5003
ocean,65792,941,2,624,14373,0,1372,439,807,0,271,309,0,0,0,27,0,6597,16,1306,4256
ocean,66862,938,0,939,12352,0,922,233,409,0,654,350,0,25,3,21,0,7481,30,989,3821
ocean,66670,667,44,826,13004,0,825,347,320,0,705,287,0,0,3,1,0,7937,4,879,4029
dark_forest,65069,927,350,348,13564,0,948,1176,830,184,439,0,0,11,10,0,7,10779,0,1089,915
dark_forest,64069,797,59,648,13594,2,1246,943,1013,237,247,0,75,54,0,0,11,11632,0,1051,574
dark_forest,64617,1565,0,437,14512,0,1025,934,1007,211,344,0,112,13,0,0,4,10017,0,821,755
old_growth_birch_forest,65172,1365,0,397,13793,0,1280,959,1224,249,371,0,133,0,0,0,11,10736,0,1022,9
old_growth_birch_forest,65261,1396,0,210,13949,0,1326,944,968,251,407,0,57,0,0,0,17,10976,0,936,76
old_growth_birch_forest,67465,1035,0,321,13447,0,620,639,1034,191,342,0,0,0,11,4,17,9799,0,854,1135
birch_forest,67785,363,0,170,12580,2,1159,751,920,15,297,0,12,0,102,21,1,8763,20,1227,2986
birch_forest,68341,1477,0,1,12262,0,1142,715,453,101,253,0,0,0,185,0,5,9616,0,626,2005
birch_forest,63861,1093,0,6,14027,0,1081,1067,1064,245,585,0,1,0,0,0,7,11887,0,1594,208
birch_forest,64311,923,0,0,13829,0,1378,1097,1760,217,537,0,0,0,121,0,6,10997,0,1741,90
taiga,62027,1515,0,0,14855,0,1176,1043,1234,255,494,0,0,0,0,0,1,13140,0,1079,144
birch_forest,64779,775,0,0,13765,0,1571,579,898,224,343,0,0,0,69,0,2,12430,0,1318,24
birch_forest,66410,1851,0,0,13808,0,814,824,1072,67,395,0,0,0,345,0,2,9482,0,1478,425
taiga,65273,720,0,0,14156,0,1318,816,1136,216,732,0,1,0,15,0,3,10490,0,677,1310
taiga,64588,477,0,0,14492,0,831,955,825,249,410,0,0,0,0,0,6,11055,0,1220,1697
taiga,64915,1184,0,0,14432,0,967,1130,909,249,338,0,0,0,0,0,11,9691,0,1188,1727
forest,65844,1112,0,0,14620,0,945,1129,960,137,695,0,0,0,150,0,7,9718,0,1265,315
forest,66026,1533,0,3,14747,0,1000,799,1486,0,471,0,0,0,428,0,0,8605,0,1363,744
forest,65783,849,0,2,14353,0,1379,902,1034,32,430,0,0,0,314,0,0,10200,0,1409,441
forest,68270,1462,0,13,12773,0,937,592,884,5,791,0,14,0,107,0,0,9786,0,686,885
river,75990,951,0,0,8285,0,897,273,415,0,366,0,83,0,50,23,0,6955,34,559,2479
forest,70800,809,0,10,10198,0,1812,589,1113,127,186,0,320,0,218,13,0,9442,12,1037,292
forest,67485,699,0,0,13585,0,952,1141,1136,250,126,0,138,0,0,0,8,9972,0,1170,1
forest,70144,1331,0,0,10484,0,628,856,778,251,567,0,1,0,0,0,5,10177,0,1452,1
forest,66401,1033,0,0,12640,0,1566,1300,926,249,660,0,0,0,0,0,3,10790,0,1157,0
forest,64060,1376,0,0,14495,5,1037,1389,936,251,721,0,1,0,0,0,1,11550,0,890,0
forest,63743,965,0,0,14779,0,816,1275,856,252,853,0,0,0,0,0,2,12136,0,1035,0
forest,63309,1288,0,0,15106,0,1457,1366,1019,250,504,0,9,0,0,0,4,11331,0,946,0
forest,65165,876,0,0,14560,0,1058,1495,1560,253,611,0,6,0,0,0,6,9389,0,1779,0
forest,65838,1476,0,0,15478,4,1403,1167,598,251,470,0,0,0,0,0,10,9587,0,469,1
forest,71093,1177,0,0,9249,0,1445,1139,808,250,211,0,0,0,0,0,6,10089,0,1273,0
plains,74679,1089,0,0,5380,0,1077,976,1119,244,552,0,52,0,0,0,35,11104,0,387,412
plains,73659,1561,0,34,7317,0,1361,1132,1161,149,445,0,145,0,0,2,29,8926,0,307,790
river,67805,1010,0,11,12271,1,795,786,576,0,702,0,182,0,37,27,0,8578,42,1125,3315
river,67755,731,0,0,13297,0,963,571,1437,0,343,0,95,0,212,14,0,7619,14,723,3392
plains,67788,1247,0,7,12742,0,1460,748,966,0,396,0,12,0,153,0,0,8156,0,697,2874
plains,68804,1262,0,30,13217,0,967,823,928,31,390,0,16,0,236,0,9,9056,0,947,486
plains,67884,505,0,3,14008,0,660,869,721,105,546,0,0,0,22,0,24,9157,0,1403,1244
plains,67214,906,0,0,13890,0,776,647,518,232,547,0,3,0,0,0,52,10416,0,1447,550
plains,68350,1283,0,0,12506,0,935,1122,966,256,164,0,156,0,0,0,56,10560,0,826,0
plains,73406,585,0,0,9343,0,1177,752,667,256,290,0,37,0,0,0,49,9988,0,678,0
plains,79565,410,65,0,7779,0,436,608,842,263,316,0,206,0,0,0,41,5719,0,905,125
plains,80364,135,131,0,6658,0,473,546,127,308,252,0,422,0,0,0,43,4830,0,581,2445
plains,71310,407,200,0,10508,0,396,685,385,256,165,0,240,0,0,0,59,4447,0,1031,6979
plains,66167,741,469,0,15137,0,102,598,133,256,141,0,55,0,0,0,53,4681,0,886,7569
plains,62909,1505,392,0,15181,0,127,898,569,235,358,0,28,0,0,0,23,9667,0,786,4333
plains,57416,1592,266,0,13762,3,1583,788,1493,256,876,0,0,0,0,0,30,17303,0,1696,0
plains,56571,1061,134,0,14944,0,1030,781,1017,256,654,0,37,0,0,0,28,19386,0,1035,36
plains,59445,1163,92,0,15504,0,1348,755,1227,249,536,0,33,0,0,0,18,15778,0,818,0
plains,61881,1189,0,0,14543,0,845,814,945,279,568,0,0,0,0,0,51,14898,0,1100,0
plains,62900,2002,0,0,14204,0,1292,1291,1116,427,387,0,0,0,0,0,44,11866,0,1319,0
plains,60070,879,0,0,13235,0,2086,1240,898,394,422,0,0,0,0,0,55,16285,0,1263,0
plains,57133,1123,0,0,13664,5,802,815,1083,256,685,0,0,0,0,0,36,19991,0,1371,1
plains,60623,1298,0,0,12788,4,976,896,1055,256,548,0,0,0,0,0,33,17552,0,584,418
plains,62412,1501,0,0,12071,0,673,1108,1240,256,550,0,0,0,0,0,38,15458,0,1041,709
plains,64168,871,0,0,12778,0,1441,1058,1028,256,835,0,1,0,0,0,27,13252,0,1089,175
plains,64242,1418,0,0,13898,0,1602,1257,1075,256,547,0,0,0,0,0,50,11949,0,810,10
plains,64338,1052,0,0,15139,0,1122,1157,527,264,262,0,0,0,0,0,62,12210,0,873,72
plains,64360,1001,0,0,14258,1,1472,848,1449,256,621,0,0,0,0,0,61,11063,0,1763,13
plains,64876,1173,0,0,15335,0,1297,864,1091,256,415,0,0,0,0,0,48,11040,0,784,0
plains,64969,1055,0,0,14756,9,1313,960,1302,251,898,0,0,0,0,0,66,10637,0,889,0
plains,65374,1381,0,0,14659,0,1044,1043,1060,182,423,0,24,0,124,2,36,10536,0,933,269
river,66871,1040,0,0,13753,0,1125,1325,1131,45,347,0,0,0,103,30,9,8825,20,1425,1128
river,65377,846,0,22,14668,0,1295,707,1028,170,544,0,0,0,236,4,24,9372,4,1670,1205
plains,65366,639,0,0,14684,0,1073,699,1467,250,789,0,0,0,0,0,52,10257,0,1039,849
plains,65134,1291,0,0,13420,1,1112,702,724,258,517,0,0,0,0,0,42,10552,0,920,2427
plains,64546,1750,0,0,9228,0,744,926,1183,256,240,0,45,0,0,0,39,12226,0,777,5192
plains,65837,725,0,0,10321,0,1527,1354,1055,256,367,0,41,0,0,0,39,11236,0,1028,3360
plains,64344,1011,0,0,13480,0,813,1503,1194,255,629,0,37,0,0,0,34,11342,0,1435,981
plains,62062,850,0,0,15129,1,1217,1329,1133,295,869,0,0,0,0,0,25,12893,0,1150,60
plains,60836,1084,0,0,15295,0,1229,1510,1433,257,573,0,0,0,0,0,25,13546,0,657,427
plains,62672,1825,0,0,14449,0,1238,1608,1237,256,456,0,0,0,0,0,44,11399,0,1388,555
plains,60821,1561,0,0,13923,0,1050,1561,756,284,161,0,0,0,0,0,23,14544,0,1538,782
plains,54005,788,0,0,13517,0,883,1422,1011,259,289,0,0,0,0,0,34,22651,0,1265,791
plains,50510,1835,0,0,14984,0,623,1872,829,310,731,0,0,0,0,0,26,24180,0,697,323
river,64412,943,0,0,14560,0,1391,1002,689,266,618,0,0,0,0,0,13,9799,0,1284,2144
plains,65226,1334,0,0,14349,0,934,944,456,254,357,0,0,0,0,0,52,11436,0,943,809
plains,64946,917,0,0,14214,0,990,1187,1345,256,377,0,0,0,0,0,67,11277,0,1190,425
plains,63711,1047,0,0,14407,0,1326,1199,1509,256,531,0,249,0,0,0,60,12078,0,806,0
plains,64287,698,0,0,14083,4,1259,1046,777,256,464,0,0,0,0,0,54,12971,0,1214,6
plains,65319,1048,0,0,14321,0,1162,620,1207,256,543,0,0,0,0,0,46,11874,0,752,25
plains,65396,683,0,0,14249,0,1206,485,1124,256,463,0,0,0,0,0,67,10859,0,1325,990
plains,65760,1241,0,0,14290,0,1091,615,947,256,661,0,0,0,0,0,52,10600,0,1107,470
plains,67066,1447,0,0,13664,0,1071,871,801,236,447,0,0,0,0,0,43,9915,0,1335,192
plains,66219,700,0,0,14940,0,1118,948,1410,176,673,0,0,0,36,0,47,9393,0,1170,294
plains,66073,1410,0,12,14315,0,1158,1029,794,5,578,0,0,0,66,20,2,7918,32,1178,2590
river,65866,734,0,12,14492,0,1312,899,1268,0,449,0,0,0,122,24,0,8080,28,1682,2271
plains,66090,792,0,28,14514,0,793,629,1088,31,591,0,0,0,133,0,2,9108,0,1324,2012
plains,64348,757,0,0,13776,0,1210,540,1372,212,323,0,0,0,72,0,30,11398,0,1708,1271
plains,64852,961,0,0,14589,0,924,1144,1238,256,572,0,2,0,0,0,42,11234,0,895,422
plains,67254,825,0,0,13814,0,1001,770,768,56,543,0,12,0,310,0,8,10760,0,535,540
plains,66272,1179,0,4,13749,5,1355,777,941,117,514,0,1,0,138,0,29,10666,0,1062,339
plains,66786,1008,0,0,13355,0,878,954,1397,154,486,0,0,0,83,0,33,10299,0,970,396
river,66905,1051,6,8,13287,0,596,820,1113,0,469,0,12,0,293,11,0,9312,30,1368,1565
plains,65969,1347,0,0,14046,0,818,1133,1141,236,542,0,65,0,0,0,64,10655,0,1104,22
plains,65655,1189,0,0,15940,0,895,932,1260,256,193,0,47,0,0,0,58,10278,0,455,0
forest,67299,1077,0,0,13903,0,1003,757,1143,251,520,0,0,0,0,0,13,9417,0,1382,30
forest,65243,1303,0,0,14174,0,911,749,1094,232,507,0,0,0,0,0,7,10529,0,1378,484
forest,64357,1069,0,0,14951,0,1325,927,1316,250,382,0,32,0,0,0,5,10776,0,768,340
forest,64246,1579,0,0,14244,0,1369,517,951,250,523,0,59,0,0,0,5,10955,0,1438,516
forest,64331,682,0,0,14372,0,881,490,1162,251,348,0,0,0,0,0,11,12939,0,1211,9
forest,64106,1179,0,0,14499,0,1484,974,909,250,487,0,0,0,0,0,6,11383,0,1417,1
forest,65054,1039,0,0,13279,0,1353,426,1218,250,407,0,0,0,0,0,4,11986,0,791,0
forest,65514,913,0,0,13727,0,788,876,958,267,556,0,0,0,0,0,4,12059,0,794,128
forest,65184,1500,0,0,14003,0,575,670,627,250,383,0,132,0,0,0,1,11998,0,1257,1
forest,65809,580,12,0,13674,0,1297,890,1229,250,403,0,148,0,0,0,8,10832,0,1420,186
birch_forest,64122,1350,77,0,13331,0,1142,965,1075,255,563,0,7,0,0,0,6,12726,0,1100,5
birch_forest,60680,1607,0,0,13363,0,966,1142,1272,280,254,0,0,0,0,0,7,15809,0,1461,6
birch_forest,60039,2098,0,0,14066,0,966,1149,1310,252,693,0,0,0,0,0,3,14516,0,1077,723
birch_forest,62621,971,0,0,14604,0,898,1160,976,257,335,0,0,0,0,0,9,12829,0,1326,524
birch_forest,64881,912,0,106,14133,0,734,1295,838,251,597,0,97,51,0,0,41,11658,0,859,49
birch_forest,64289,1231,0,21,13965,3,1500,1110,529,249,402,0,73,20,0,0,20,12194,0,1134,0
birch_forest,63646,1088,0,404,14422,0,1143,1226,1509,247,884,0,26,87,0,0,33,10957,0,970,0
birch_forest,61662,1088,0,447,15157,0,871,1000,1227,250,642,0,0,0,0,0,4,13355,0,1027,0
birch_forest,62214,565,0,624,14889,0,665,973,682,253,314,0,0,160,0,0,50,14129,0,1362,25
dark_forest,62163,1082,269,579,14443,4,841,954,580,250,545,0,0,8,0,0,9,13492,0,1405,28
dark_forest,63677,822,130,337,13155,0,1327,789,1252,242,374,0,0,183,0,0,67,12600,0,1289,0
dark_forest,64442,900,705,700,12288,0,1056,908,1289,244,549,0,1,209,0,0,52,11523,0,1375,1
dark_forest,65274,975,670,595,12750,0,1396,972,705,249,403,0,33,148,0,0,39,11349,0,980,0
dark_forest,66295,1324,579,598,11870,0,1279,601,1101,238,345,0,33,66,0,0,8,10859,0,1015,0
dark_forest,65432,974,676,695,11671,0,1352,222,983,242,723,0,32,79,0,0,7,10800,0,1025,0
dark_forest,66837,1523,237,846,11679,0,1014,572,1184,245,234,0,0,20,0,0,7,10979,0,954,11
dark_forest,66379,689,34,434,11330,0,1554,901,2000,236,661,0,0,1,0,0,3,11249,0,625,0
dark_forest,65835,1164,0,762,11440,0,977,1155,765,239,634,0,0,20,0,0,5,11911,0,1363,0
dark_forest,64608,1124,0,909,11747,0,916,976,1010,242,469,0,0,106,0,0,12,11944,0,1320,796
dark_forest,63530,1038,0,1124,13530,2,1677,882,557,239,558,0,0,60,0,0,9,12346,0,475,193
dark_forest,63887,1216,0,1212,12380,8,1337,800,595,242,446,0,0,76,0,0,31,12981,0,1036,0
dark_forest,63350,1001,0,1299,13105,0,1318,800,1128,239,337,0,0,14,0,0,13,12192,0,1410,2
dark_forest,64557,1058,0,1464,13077,0,1412,647,1054,243,516,0,70,41,0,0,26,11152,0,809,84
dark_forest,64800,980,0,1573,12505,1,1263,707,1161,239,478,0,0,146,0,0,29,11597,0,737,1
dark_forest,64653,886,0,1134,14334,0,952,1114,1343,243,356,0,9,249,0,0,41,10451,0,511,0
dark_forest,67090,666,0,1180,11327,0,992,1244,688,244,503,0,12,652,0,0,128,10835,0,451,22
dark_forest,76995,870,0,1209,6284,0,630,1096,262,247,222,0,0,592,0,0,73,7023,0,712,132
dark_forest,74782,1433,0,669,6751,0,765,1052,282,197,487,0,0,629,78,0,137,8098,0,89,727
dark_forest,69940,279,2,765,9387,0,1208,682,951,75,368,0,0,670,19,0,95,7949,0,1321,3131
dark_forest,65559,1181,134,1019,13959,0,849,1296,920,239,289,0,81,118,0,0,56,9291,0,1048,392
dark_forest,65400,1093,249,1009,14151,0,568,1446,1914,229,477,0,0,17,0,0,11,8788,0,1001,101
dark_forest,65327,956,85,1195,14134,0,546,1384,1017,244,366,0,0,90,0,0,10,9874,0,1146,142
dark_forest,66015,1073,0,1049,13404,0,1176,1022,502,242,726,0,110,4,0,0,3,9781,0,1035,324
dark_forest,65376,1275,0,756,13569,0,720,949,1168,249,506,0,0,151,0,0,21,9632,0,986,132
dark_forest,67955,1679,0,756,10275,0,1129,905,976,244,477,0,0,262,0,0,18,10681,0,909,50
dark_forest,70989,693,0,533,8658,1,823,1161,900,247,561,0,0,380,0,0,45,10976,0,557,28
dark_forest,72213,480,0,1072,8755,0,1391,1046,233,254,495,0,0,504,0,0,61,8652,0,779,329
dark_forest,75567,680,0,1257,8858,0,720,962,561,240,126,0,0,959,0,0,129,5334,0,646,123
dark_forest,73899,439,0,998,10397,0,958,857,647,236,362,0,0,192,0,0,23,6203,0,974,38
dark_forest,68142,711,0,697,13396,0,694,1431,510,241,192,0,0,206,0,0,61,8987,0,911,17
dark_forest,65055,1051,0,580,14590,0,1219,1015,950,231,154,0,0,17,0,0,6,10516,0,1070,4
dark_forest,66663,1290,0,1326,14368,0,608,651,1071,175,123,0,42,6,0,0,12,9038,0,857,12
dark_forest,65321,720,0,1369,13981,2,858,1070,483,240,613,0,0,48,0,0,23,10607,0,1060,5
dark_forest,64475,766,0,960,13980,0,1418,937,765,238,654,0,0,309,0,0,64,10511,0,1110,4
dark_forest,67414,960,37,1370,13922,1,1093,725,894,247,427,0,4,356,0,0,49,7753,0,1104,22
dark_forest,69118,1309,0,1292,13816,0,665,747,793,254,416,0,53,235,0,0,47,6639,0,1005,107
dark_forest,67405,1291,124,1135,12946,0,1022,847,802,248,594,0,11,501,0,0,36,8378,0,1112,59
dark_forest,65357,896,181,1066,13681,0,991,873,1213,241,299,0,0,283,0,0,46,9907,0,1024,129
river,65845,1569,380,1188,12176,0,1038,603,690,53,730,0,0,52,40,5,3,9701,6,1550,1169
dark_forest,67587,1781,693,1088,11956,0,795,627,1422,0,393,0,0,197,299,23,8,8144,20,688,1365
dark_forest,67370,1073,252,1507,11321,0,654,464,880,86,298,0,0,377,440,0,56,9834,0,1224,711
beach,65533,1345,200,1391,12897,0,1085,52,704,4,522,0,0,103,842,0,0,9035,0,1108,1687
beach,65959,625,346,845,13857,0,980,56,1344,0,367,125,0,17,404,3,0,8616,4,1337,1957
ocean,65962,948,99,820,13515,0,1300,418,1120,0,301,199,1,0,165,1,0,7800,0,1811,2653
ocean,65930,1564,109,423,14211,2,1055,454,1005,0,517,0,1,0,160,29,0,7866,14,1067,2818
ocean,67137,934,43,578,12682,2,937,860,1536,0,333,0,11,383,362,26,57,8769,26,697,1671
ocean,67246,599,0,760,12666,0,755,982,1277,0,688,0,17,164,131,37,17,8399,40,1042,2297
cold_ocean,66258,836,0,760,13982,0,1096,275,660,33,362,0,318,0,6,22,0,7325,20,1164,4097
cold_ocean,66334,956,0,900,13693,0,752,104,897,0,307,65,138,54,0,27,14,7152,22,1339,4360
cold_ocean,66367,1184,0,396,14954,0,333,228,713,5,770,111,0,55,181,15,24,8402,14,738,2629
cold_ocean,65919,610,0,354,14575,6,945,393,990,0,1074,214,0,2,116,29,0,8603,18,971,2256
cold_ocean,66568,1025,0,357,13707,0,1324,129,1080,0,776,299,0,86,16,17,45,7544,14,615,3500
cold_ocean,66197,274,0,396,13385,0,965,380,1135,0,622,68,0,14,180,15,2,8334,8,1222,4008
cold_ocean,66361,1170,0,551,13913,0,1507,392,496,0,404,0,0,0,37,14,0,7770,12,975,3688
cold_ocean,65792,809,0,446,14200,4,559,91,1080,0,752,0,0,0,0,11,0,9090,18,1379,2984
taiga,67079,1149,0,354,13205,8,620,101,1135,0,594,53,0,65,4,15,36,8579,28,648,3569
cold_ocean,67163,808,0,247,12828,0,1626,271,1554,0,705,243,0,151,48,20,2,6891,34,1261,3310
cold_ocean,66698,465,133,16,13442,0,955,610,1227,17,592,78,0,0,288,16,0,9234,10,1593,1678
taiga,66331,1098,457,144,14199,1,658,885,1008,160,709,5,0,9,58,0,7,8718,0,1136,1325
taiga,67117,1353,507,108,12825,0,822,839,1080,198,537,0,0,53,88,0,5,10491,0,373,178
taiga,65781,671,511,0,13323,0,836,748,880,247,658,0,84,0,4,0,3,10216,0,1404,7
taiga,64491,1236,161,51,14271,0,1200,703,1218,173,397,0,0,0,163,0,1,10613,0,1723,0
beach,65258,1142,16,111,14715,0,823,492,1590,58,410,0,0,0,657,0,2,10069,0,1065,29
beach,67384,614,0,4,10858,0,1106,306,347,3,499,0,1,0,1037,0,0,9733,0,831,1664
beach,66901,1024,0,0,12174,2,1324,457,800,0,413,19,0,0,1036,0,0,8276,0,890,1746
cold_ocean,65792,1266,0,0,14083,0,1011,734,981,0,539,291,0,0,86,22,0,8208,8,1369,2712
cold_ocean,66203,1207,0,0,14376,0,1211,112,1181,0,524,200,0,0,0,24,0,7873,26,1273,2949
cold_ocean,66635,1088,0,0,13618,0,1045,375,1310,0,434,0,0,0,0,14,0,6408,24,1718,4562
cold_ocean,67092,661,0,0,14891,1,472,361,862,0,733,0,0,0,0,29,0,7599,28,1070,3433
cold_ocean,66698,654,0,0,13775,0,805,546,1158,0,776,0,0,0,0,16,0,7580,14,1797,3431
cold_ocean,67418,1138,0,0,14580,0,383,268,943,0,691,386,0,0,0,19,0,5892,12,1035,4432
cold_ocean,68873,904,0,0,13432,0,522,249,267,0,354,322,1,0,0,32,0,6143,14,609,5456
cold_ocean,69621,550,0,0,11376,0,842,78,757,2,357,418,260,0,0,11,0,6383,16,1061,4562
cold_ocean,67382,573,0,0,13078,4,293,113,613,0,689,391,104,0,11,16,0,7092,8,1510,5262
cold_ocean,68748,1043,0,0,11917,0,1417,112,466,0,587,41,242,0,3,21,0,6638,22,1712,4288
cold_ocean,67736,692,0,0,12342,0,507,155,819,0,681,91,477,0,0,14,0,8692,6,1562,3510
cold_ocean,68087,1298,0,0,12727,0,729,306,638,0,832,71,52,0,33,19,0,8569,14,993,2771
cold_ocean,66208,1117,0,0,14447,0,1542,271,268,0,812,0,1,0,2,28,0,7413,14,934,4150
cold_ocean,65863,653,0,0,15307,0,177,172,1090,0,641,46,0,0,0,24,0,8179,26,1025,3988
cold_ocean,66117,294,0,0,15008,0,897,101,1118,0,475,227,0,0,26,26,0,7912,12,1010,3999
cold_ocean,67129,843,0,0,13015,0,437,238,1410,0,825,295,0,0,10,22,0,7317,8,1646,4000
cold_ocean,65859,1242,0,0,14639,2,1157,218,635,0,601,148,0,0,0,16,0,7381,26,1055,4277
cold_ocean,66316,514,0,0,13766,0,1009,338,591,0,579,0,190,0,0,20,0,7824,16,1866,4225
cold_ocean,66729,428,0,0,13795,3,1674,254,702,0,791,0,52,0,16,15,0,6578,8,1277,4947
cold_ocean,66824,1093,0,0,15006,0,670,300,268,0,663,110,0,0,0,25,0,5492,18,652,6129
cold_ocean,66478,1627,0,0,14635,0,717,337,552,0,667,92,0,0,0,25,0,5868,18,841,5386
cold_ocean,65995,1090,0,0,14579,0,442,384,1180,0,658,0,0,0,60,13,0,7918,16,1311,3539
cold_ocean,65799,153,0,0,14645,0,678,303,473,0,613,0,0,0,7,18,0,9437,12,1373,3746
cold_ocean,68239,839,0,0,11798,4,1438,575,780,0,944,0,0,0,179,22,0,8241,14,1360,2739
cold_ocean,66115,271,0,0,14519,0,925,108,958,0,908,247,0,0,22,11,0,8076,20,1037,3158
cold_ocean,65792,614,0,0,14085,0,1373,112,947,0,670,123,0,0,0,18,0,8530,24,1606,3251
cold_ocean,65792,1017,0,0,15150,0,1194,314,402,0,499,0,0,0,0,40,0,8484,30,840,3441
cold_ocean,68578,1285,0,0,12180,12,678,178,778,0,879,35,0,0,0,17,0,8001,2,1119,3465
cold_ocean,67637,530,0,0,12635,0,670,265,461,0,568,0,0,0,0,3,0,9180,6,1475,3824
cold_ocean,65838,596,0,0,13605,0,808,296,891,0,514,0,0,0,0,6,0,8833,14,1870,3938
beach,66376,1479,0,0,13843,0,1158,203,1535,0,700,0,0,0,174,1,0,6848,0,1446,3401
beach,67065,1336,0,0,13120,0,388,90,946,0,742,0,92,0,339,0,0,7791,0,960,4268
cold_ocean,68929,507,0,0,11623,0,781,376,934,0,340,0,201,147,12,15,0,4942,12,1132,7296
cold_ocean,66635,1311,0,0,14420,0,1404,427,1071,0,326,0,1,31,10,21,0,6666,22,672,4172
cold_ocean,65922,1053,0,0,14330,5,721,423,1058,0,890,18,0,0,0,30,0,7088,18,1272,4378
cold_ocean,65792,1166,0,0,14418,0,794,262,1179,0,757,379,0,0,0,5,0,7651,4,1188,3574
cold_ocean,66436,575,0,131,13921,0,679,146,644,0,648,274,0,0,0,25,0,7066,30,1734,4852
cold_ocean,68001,819,0,72,14947,0,914,154,868,0,480,257,0,21,0,32,9,4379,16,1329,4959
cold_ocean,69117,892,0,195,14753,0,522,67,381,0,376,343,67,3,1,17,1,5292,10,1009,4158
cold_ocean,67827,485,0,87,13966,0,688,220,1088,0,368,190,0,199,5,17,46,7001,24,1138,3574
cold_ocean,67942,670,0,219,13083,0,451,153,1115,0,774,193,0,130,0,17,13,7137,18,1193,4007
cold_ocean,67882,766,0,125,13115,0,398,117,579,0,577,398,1,40,0,21,5,6891,18,1699,4455
cold_ocean,66271,355,0,251,13871,0,446,148,602,0,750,313,4,7,0,12,0,7637,10,1123,5356
ocean,66454,825,0,270,13974,0,1022,277,410,0,583,0,260,80,0,3,0,7353,14,849,4640
ocean,65792,903,0,410,13835,0,454,336,792,0,605,0,0,0,6,45,0,8212,48,1228,4567
river,65792,696,0,392,12906,0,680,388,1307,0,637,0,145,0,36,19,0,7130,18,1070,6079
river,66237,615,0,23,11506,0,1442,475,780,0,471,0,1030,35,25,31,2,7188,36,862,6508
beach,66922,552,0,157,11305,0,1222,526,747,0,473,0,158,401,603,3,42,7645,2,1431,4352
beach,68360,789,0,589,11363,1,1226,117,475,0,592,0,111,399,888,0,52,8778,0,662,1872
beach,70128,793,0,436,10970,0,650,228,1015,0,522,0,23,494,931,0,68,8865,0,913,324
beach,70811,1042,0,286,11380,0,952,647,932,0,234,0,173,453,684,0,72,8427,0,323,421
dark_forest,69337,596,0,617,11848,0,1087,1086,1084,0,503,0,0,547,134,0,75,8321,0,1479,342
dark_forest,67281,803,0,680,13509,3,837,1013,793,18,508,0,0,265,210,0,59,8251,0,1203,1573
dark_forest,65814,1100,0,654,14002,0,1181,546,734,12,274,0,0,46,210,15,1,8431,14,1318,2692
dark_forest,67487,1242,0,1363,10813,0,888,570,881,83,339,0,27,231,191,4,14,10053,4,1498,1346
ocean,67472,1412,0,868,12314,2,1112,474,1132,8,210,0,67,278,212,33,17,8383,28,1012,1961
ocean,65929,604,0,582,14685,1,524,325,1004,0,323,0,0,0,127,29,0,9713,10,976,2316
ocean,65823,997,0,772,14389,0,869,108,678,0,853,0,25,0,4,26,0,6944,20,1118,4623
ocean,66688,847,0,739,11060,0,1126,114,990,0,627,302,88,2,0,20,0,6843,18,1394,4499
ocean,66134,1210,0,798,12641,0,1440,885,1196,0,698,132,15,0,155,31,0,7348,34,1400,2532
ocean,65940,800,0,742,13815,0,922,1145,1011,0,291,0,104,0,311,29,0,8826,20,1185,2070
ocean,68836,1377,0,982,10852,0,977,1173,922,0,476,0,0,146,192,27,40,8479,36,828,1792
ocean,71054,703,0,643,9515,0,1061,836,829,0,567,0,0,226,59,24,2,5970,22,627,5065
ocean,68481,881,0,799,12236,0,949,711,137,0,648,0,121,206,390,39,25,8109,30,934,2523
ocean,68016,1936,0,1204,11385,0,566,835,833,0,332,0,0,442,186,32,27,7869,24,843,2627
ocean,68236,939,0,719,11502,0,1224,108,651,0,618,0,0,246,0,42,47,7681,32,1050,4048
ocean,67894,357,0,1092,12254,0,1447,284,748,0,694,0,32,33,3,15,3,7151,6,985,4186
ocean,66553,924,0,1557,13329,0,698,115,728,0,530,0,53,54,0,15,15,8396,22,1114,3077
ocean,66753,1227,0,1444,13403,0,1130,30,675,0,380,67,0,158,0,33,24,7609,28,695,3427
ocean,68176,653,0,1316,11561,6,500,377,1034,0,734,0,8,274,0,29,7,7800,18,678,3961
ocean,71201,984,0,708,8629,2,418,217,1395,0,501,0,0,411,0,25,50,6501,32,1149,4876
ocean,66196,1114,0,554,14143,0,1200,217,541,0,520,213,0,40,0,28,12,6357,24,767,5233
ocean,65969,530,0,681,13637,0,742,217,541,0,956,273,0,1,0,26,0,7233,22,1032,5234
dark_forest,66372,1181,184,870,13488,0,946,164,783,0,837,121,0,0,4,32,0,6356,20,883,4927
dark_forest,64956,866,516,696,13854,5,790,1256,711,185,620,0,0,0,44,0,2,10364,0,755,851
dark_forest,63787,1158,187,842,14713,0,1443,1613,972,291,354,0,376,10,0,0,9,9121,0,447,889
dark_forest,65526,1250,26,345,13928,0,1103,1067,942,174,502,0,247,28,0,0,4,9055,0,1342,971
old_growth_birch_forest,66124,1744,0,651,13270,0,1078,1037,785,240,238,0,15,0,0,0,8,9664,0,1549,19
old_growth_birch_forest,65966,910,0,254,13935,0,731,1031,834,246,320,0,0,0,0,0,8,11508,0,858,55
old_growth_birch_forest,66630,1225,0,405,13891,0,737,715,1133,99,404,0,0,0,228,0,5,8801,0,721,2082
birch_forest,66496,1274,0,292,12930,0,786,760,486,152,366,0,15,47,27,0,18,7114,0,1513,4691
birch_forest,66252,1360,0,33,14199,0,1359,961,816,236,344,0,0,0,0,0,2,7939,0,807,2550
birch_forest,65657,1092,0,23,14268,0,957,1302,578,211,605,0,0,0,0,0,6,10377,0,935,1076
birch_forest,65381,988,0,0,14104,0,690,808,1092,156,531,0,0,0,107,0,6,11346,0,1450,416
taiga,60283,1498,0,0,13419,0,1378,741,954,261,823,0,0,0,0,0,1,16410,0,1184,22
taiga,59287,1500,0,0,13598,0,1442,696,1151,251,593,0,0,0,0,0,0,17169,0,1021,0
taiga,59033,1094,0,0,15015,0,950,681,855,252,664,0,0,0,0,0,2,17368,0,900,0
taiga,64261,1021,74,0,14490,0,778,719,928,177,652,0,55,0,102,0,1,12304,0,1390,143
taiga,66795,1258,35,10,13795,0,895,621,1569,10,296,0,32,0,377,0,0,9525,0,1451,568
taiga,66059,1060,0,0,13797,0,1259,725,1480,145,633,0,0,0,303,0,0,10259,0,1065,221
taiga,66385,1488,0,0,14648,0,724,1051,921,191,634,0,0,0,0,0,2,9585,0,677,622
forest,66116,477,0,0,14031,2,847,1154,663,75,483,0,0,0,74,0,5,10043,0,1508,1390
forest,65386,1341,0,25,15097,0,1289,1110,918,114,603,0,0,0,118,0,5,9378,0,911,566
forest,65694,1313,0,5,15456,0,1130,1163,1392,51,394,0,0,0,314,0,0,8853,0,970,375
forest,65453,1031,0,14,14253,0,1357,1156,1040,62,369,0,0,0,79,0,3,10301,0,1138,413
forest,68949,1546,0,9,12405,0,626,723,1503,0,490,0,0,0,121,0,0,8066,0,1181,1447
river,73121,379,0,4,11126,0,906,364,747,0,470,0,265,0,2,35,0,6484,46,599,2765
forest,70272,680,0,3,11301,0,773,424,998,28,890,0,670,0,150,12,0,8919,8,849,1173
forest,66279,1529,0,1,14062,0,1165,995,1267,173,374,0,62,0,144,0,2,9746,0,893,134
forest,66551,1436,0,0,14708,0,684,955,925,251,306,0,0,0,0,0,7,9933,0,949,0
forest,66409,1192,0,0,14488,0,1231,1144,845,250,115,0,0,0,0,0,4,9893,0,1083,1
forest,63737,1886,0,0,14987,7,1066,1122,1082,272,592,0,0,0,0,0,6,11206,0,937,0
forest,64540,732,0,0,15152,0,909,1006,921,287,628,0,0,0,0,0,10,11749,0,769,0
forest,65470,1032,0,0,14685,0,1676,1004,926,250,582,0,0,0,0,0,6,10112,0,946,0
forest,65382,1077,0,0,14392,2,1385,1445,1459,249,453,0,0,0,0,0,3,9326,0,1439,0
forest,65340,1734,0,0,14651,6,1141,775,503,250,523,0,0,0,0,0,4,10407,0,1103,0
forest,66688,962,0,0,13522,0,1107,1095,1323,222,199,0,0,0,67,0,8,10489,0,983,19
plains,70388,906,0,0,10355,0,846,1359,1055,220,540,0,1,0,80,0,31,10301,0,864,99
plains,75222,1281,0,8,5677,0,1267,1072,987,101,614,0,65,0,132,2,27,9489,0,615,542
river,67882,1166,0,5,12901,0,641,799,1081,0,194,0,145,0,180,17,0,8187,32,915,3118
river,67469,808,0,16,12775,0,723,409,613,0,593,0,194,0,271,19,0,8092,22,1223,3935
plains,67823,779,0,10,12721,0,1181,735,1059,0,486,0,388,0,281,0,0,8281,0,979,2460
plains,67633,889,0,2,13207,0,1298,621,1234,0,211,0,2,0,292,0,0,8954,0,1465,1433
plains,68726,1115,0,0,12066,1,742,331,669,17,344,0,0,0,105,0,3,8781,0,1358,3016
plains,67417,906,0,0,13720,0,499,898,1269,256,664,0,20,0,0,0,49,10171,0,1171,35
plains,67587,1066,0,0,13759,0,929,1205,1136,256,245,0,17,0,0,0,64,9707,0,1129,78
plains,76140,199,0,0,12367,2,827,996,600,256,178,0,84,0,0,0,59,4690,0,793,134
plains,79987,379,0,0,10417,0,333,879,376,246,157,0,0,0,0,0,47,2429,0,682,804
plains,76617,147,0,0,8151,0,271,627,308,243,213,0,1,0,0,0,35,3875,0,1043,5500
plains,70162,259,36,0,14378,0,765,786,401,256,178,0,1,0,0,0,45,4072,0,864,5048
plains,67449,390,414,0,15102,0,441,622,107,256,143,0,0,0,0,0,50,5642,0,914,5331
plains,66194,880,672,0,13702,0,376,967,1046,256,417,0,0,0,0,0,44,7960,0,1453,3038
plains,59209,1594,858,0,13954,0,815,916,520,256,606,0,0,0,0,0,19,16767,0,1442,44
plains,59165,1231,224,0,15154,0,749,977,1017,256,506,0,0,0,0,0,29,16314,0,1047,303
plains,64217,1181,5,0,14635,0,1237,784,898,230,160,0,0,0,0,0,13,10505,0,1628,1619
plains,62119,1266,0,0,14927,0,1508,1193,1243,385,287,0,0,0,0,0,46,12946,0,1173,45
plains,59407,907,0,0,14444,0,1260,1626,1808,509,348,0,0,0,0,0,32,15405,0,985,0
plains,55847,1180,0,0,13766,2,1465,1138,1546,315,669,0,0,0,0,0,45,19368,0,1277,0
plains,57972,1533,0,0,12538,7,1552,718,1842,256,598,0,0,0,0,0,32,19005,0,842,151
plains,62289,1036,0,0,11269,0,676,908,1105,256,618,0,0,0,0,0,42,17787,0,662,499
plains,68261,1844,0,0,6358,0,1454,1326,805,256,712,0,0,0,0,0,44,15648,0,365,64
plains,70749,1258,0,0,7357,0,1135,933,1239,256,454,0,0,0,0,0,39,12917,0,729,0
plains,67706,1062,0,0,10500,0,1431,924,944,256,666,0,0,0,0,0,43,13015,0,540,0
plains,63928,1183,0,0,14382,0,1020,1002,941,253,658,0,0,0,0,0,57,12222,0,1364,73
plains,64584,1250,0,0,14738,0,1152,745,930,261,413,0,0,0,0,0,52,11746,0,991,345
plains,65037,1232,0,0,14479,0,1423,824,1039,256,451,0,0,0,0,0,55,11118,0,1225,0
plains,65531,474,0,0,15479,0,604,1220,983,247,799,0,18,0,3,0,53,11094,0,359,307
river,66212,1462,0,1,14237,1,1143,1188,638,18,382,0,0,0,339,19,3,8930,18,1231,1398
river,67271,579,0,0,13810,6,1056,1061,1261,0,343,0,0,0,263,27,0,8801,44,1036,1648
plains,65084,1296,0,0,15538,0,812,887,988,209,436,0,12,0,0,0,34,10298,0,551,976
plains,65988,1370,0,0,13645,0,1385,783,625,226,223,0,0,0,0,0,53,10804,0,1409,691
plains,67986,913,0,0,10083,0,1239,946,718,255,956,0,0,0,0,0,55,10287,0,939,2820
plains,65397,1536,0,0,12565,2,1165,920,723,227,523,0,0,0,15,0,45,10484,0,766,2836
plains,66017,1077,0,9,13509,1,1431,1072,1258,138,837,0,49,0,136,0,20,9063,0,1273,1240
plains,65272,1008,0,0,14802,0,1091,1262,1241,213,639,0,0,0,7,0,40,9995,0,967,583
plains,65246,1163,0,24,14326,3,1346,1029,792,181,396,0,0,0,116,0,25,11104,0,1095,269
plains,65157,805,0,0,14898,0,963,1124,1336,236,505,0,0,0,0,0,34,10761,0,1148,41
plains,65051,904,0,0,15428,0,1030,1320,1472,256,386,0,0,0,0,0,44,10663,0,551,67
plains,63449,734,0,0,13562,0,972,1292,974,272,483,0,76,0,0,0,38,13601,0,1360,323
plains,57649,1049,0,0,12955,0,1410,1182,794,265,837,0,55,0,0,0,18,18180,0,1214,906
plains,56215,1455,0,0,15107,0,1365,1506,635,328,708,0,0,0,0,0,26,17286,0,804,1617
plains,57130,1110,0,0,13668,0,920,1077,769,279,725,0,0,0,0,0,32,17119,0,1322,2950
plains,53835,1166,0,0,14345,0,786,1892,1369,469,937,0,0,0,14,0,18,17736,0,927,3446
river,64851,926,0,2,13848,5,1275,1103,960,145,341,0,0,0,31,10,2,8485,14,768,4384
plains,67538,1143,0,13,12828,0,1435,746,1275,116,368,0,0,0,170,4,32,9911,14,1204,408
plains,65491,1618,0,0,13991,0,1191,1108,682,256,271,0,0,0,0,0,49,11367,0,914,238
plains,65568,1111,0,0,13523,3,1158,1095,830,256,309,0,97,0,0,0,41,11792,0,1180,283
plains,66026,1307,0,0,13942,0,1556,1156,1055,256,586,0,0,0,0,0,54,10454,0,756,0
plains,66162,1445,0,0,14071,0,963,798,946,256,528,0,0,0,0,0,55,10581,0,1261,3
plains,65587,1075,0,0,14939,0,1271,515,945,256,163,0,0,0,0,0,49,11080,0,1256,1
plains,65976,1310,0,0,14507,1,1474,974,1061,256,338,0,0,0,0,0,56,8988,0,1455,696
plains,65973,831,0,0,14349,0,767,893,1090,254,628,0,0,0,0,0,57,10443,0,1542,353
plains,66427,1097,0,0,14478,0,897,1076,1275,256,585,0,0,0,0,0,61,9708,0,1139,144
plains,65840,1414,0,0,14893,0,943,895,919,163,471,0,0,0,106,15,45,9527,10,871,1012
river,65792,958,0,10,14593,0,1392,676,1021,0,200,0,0,0,485,25,0,8777,26,1405,1796
plains,65885,1128,0,0,13306,0,1092,724,1084,0,593,0,0,0,213,1,0,9029,0,1527,2560
plains,67457,1231,0,0,11891,0,1009,957,646,60,505,0,0,0,157,0,10,10608,0,1524,1120
plains,67015,1027,0,0,13809,0,1114,675,1229,137,570,0,217,0,188,0,13,9558,0,711,761
plains,67526,1010,0,0,13151,0,1219,629,950,91,269,0,425,0,145,0,21,10123,0,1172,459
plains,67285,987,0,9,13103,0,1395,733,782,15,239,0,309,0,333,0,3,9824,0,1373,778
river,65957,1502,0,5,14386,0,1053,847,770,12,627,0,0,0,373,1,1,9023,6,1256,1356
river,66103,974,174,0,14578,0,580,1089,697,0,236,0,197,0,374,26,0,8975,32,1478,1706
plains,66024,1309,15,4,14577,0,773,1152,915,85,263,0,78,0,332,0,24,9566,0,1438,601
plains,65378,1251,0,0,14490,0,1328,1178,1168,248,518,0,0,0,0,0,16,9629,0,1470,280
forest,66185,876,0,0,14347,0,1567,1227,1211,250,323,0,0,0,0,0,3,9539,0,1189,8
forest,64454,883,0,0,15402,0,1398,938,1276,250,468,0,0,0,0,0,3,10590,0,929,12
forest,64202,1032,0,0,14952,0,1106,1013,861,250,615,0,0,0,0,0,3,11185,0,861,580
forest,64496,1226,0,0,14352,0,277,570,911,250,832,0,0,0,0,0,2,9934,0,1343,2354
forest,66290,950,0,0,13737,0,1236,525,1072,251,645,0,47,0,0,0,7,9693,0,1439,836
forest,64615,1720,0,0,15059,0,886,849,1440,251,413,0,0,0,0,0,3,9892,0,908,434
forest,64644,1574,0,0,14621,0,1175,677,1403,250,641,0,22,0,0,0,8,10103,0,1127,133
forest,64928,1071,0,0,14617,0,1237,569,1037,239,662,0,56,0,0,0,5,10981,0,837,276
forest,64866,931,0,0,13557,0,1488,576,906,269,547,0,208,0,0,0,7,11818,0,1184,297
forest,64360,758,16,0,13695,0,1074,1230,1336,248,253,0,74,0,0,0,5,12376,0,1108,239
birch_forest,62859,1441,99,0,13652,0,937,1067,1008,251,524,0,125,0,0,0,6,12328,0,1178,1211
birch_forest,62100,1491,0,0,14267,0,656,1359,685,250,591,0,1,0,0,0,2,14818,0,552,5
birch_forest,60197,1143,0,0,14145,0,1137,1145,1020,269,617,0,0,0,0,0,0,15124,0,1797,338
birch_forest,61371,1645,0,0,15297,0,1208,806,1157,271,364,0,0,0,0,0,2,13982,0,676,137
birch_forest,65191,970,0,0,14272,0,1020,989,841,250,318,0,132,3,0,0,17,11604,0,930,345
birch_forest,65799,1512,0,0,13551,0,1217,1135,1159,248,646,0,140,2,0,0,4,9745,0,1249,330
birch_forest,64689,1668,0,26,14394,0,1013,1203,675,249,813,0,32,0,0,0,3,10504,0,1179,201
birch_forest,66197,1318,0,523,14195,0,491,1057,1074,251,501,0,0,36,0,0,33,9481,0,1618,51
birch_forest,65473,724,0,265,14813,0,936,1164,886,249,238,0,0,327,0,0,93,10623,0,907,0
dark_forest,63266,1121,160,305,14764,0,1198,1043,1107,247,454,0,0,0,0,0,4,11718,0,1099,31
dark_forest,63635,915,267,424,14167,1,1175,723,1284,243,584,0,0,3,0,0,4,11945,0,822,174
dark_forest,65571,1159,837,1005,11627,0,1326,1253,906,245,630,0,0,24,0,0,7,10279,0,1111,76
dark_forest,65423,1619,887,686,12951,0,1483,1137,1068,244,566,0,0,1,0,0,5,9140,0,1016,36
dark_forest,66516,805,955,1144,11342,0,1153,613,539,234,367,0,0,281,0,0,18,11113,0,1068,18
dark_forest,65797,875,344,969,12292,2,1089,524,1025,243,727,0,1,139,0,0,10,10390,0,1552,91
dark_forest,67958,1383,203,495,9990,0,621,539,1050,250,329,0,0,39,0,0,7,12049,0,1411,11
dark_forest,66068,1565,138,1167,10846,0,921,960,1246,237,486,0,0,9,0,0,2,10998,0,1413,34
dark_forest,63212,899,0,892,13959,0,835,1143,1112,241,679,0,0,0,0,0,9,11663,0,1594,0
dark_forest,62263,1457,0,865,13915,0,1285,843,858,245,237,0,0,0,0,0,6,12451,0,1740,14
dark_forest,62967,1026,0,1012,13151,0,1313,861,1272,249,861,0,0,77,0,0,6,11712,0,1502,417
dark_forest,62285,927,0,1268,13074,0,848,889,813,249,864,0,0,71,0,0,16,13475,0,1527,91
dark_forest,62545,1510,150,977,14114,0,964,851,837,238,657,0,0,94,0,0,5,11887,0,1082,75
dark_forest,64589,983,0,868,12794,0,1097,558,1656,241,761,0,7,208,0,0,19,11629,0,537,129
dark_forest,67170,858,0,1594,10982,0,1481,651,1129,251,430,0,7,310,0,0,28,10779,0,481,95
dark_forest,67352,649,0,1553,11251,0,969,967,557,240,570,0,109,561,0,0,80,9822,0,1194,0
dark_forest,68195,1168,0,1161,11685,0,815,1075,734,240,333,0,184,345,0,0,55,9507,0,812,0
dark_forest,68645,861,0,792,10657,0,896,818,1108,241,516,0,24,512,0,0,55,10130,0,880,18
dark_forest,72121,376,0,1453,9823,0,917,1079,799,244,221,0,0,524,0,0,34,8031,0,498,179
dark_forest,67547,915,0,1056,12852,0,686,1104,691,239,196,0,0,611,0,0,44,9032,0,932,390
dark_forest,67204,1187,33,816,12302,0,870,1294,1046,230,362,0,87,168,0,0,35,9010,0,1408,434
dark_forest,67361,1016,0,1375,13991,0,1045,1128,644,52,221,0,4,72,217,2,19,8216,2,846,922
river,66357,1399,285,1055,13399,4,577,1191,532,0,438,0,15,40,331,40,3,8202,42,1267,1972
river,65853,1301,556,997,13178,0,796,1166,978,7,230,0,1,3,388,8,1,9172,10,1111,1305
river,66231,848,143,786,13768,0,1128,774,885,18,380,0,0,71,245,24,28,8181,24,1560,1911
river,67064,1348,0,763,13182,0,1091,1089,700,87,298,0,0,107,70,19,12,8149,4,848,2094
dark_forest,65512,896,45,568,14678,2,1252,719,953,222,225,0,0,100,66,0,14,10560,0,535,168
dark_forest,68339,1145,127,585,11172,4,822,802,1106,151,192,0,74,136,0,0,10,9613,0,527,315
dark_forest,71137,1334,0,441,8508,0,1105,1223,617,239,251,0,0,447,0,0,6,8297,0,1198,1402
dark_forest,68891,1099,0,616,8705,0,1124,1000,945,230,422,0,0,737,0,0,42,7588,0,1110,3477
dark_forest,72798,1842,0,760,7026,0,916,803,517,247,306,0,0,870,0,0,78,4594,0,1017,4626
dark_forest,75317,535,0,889,7708,0,590,586,507,264,210,0,0,514,0,0,91,4924,0,796,3492
dark_forest,72376,764,0,650,9921,4,938,649,795,252,347,0,0,434,0,0,126,6740,0,1990,163
dark_forest,66453,871,0,661,13708,0,921,872,1147,257,398,0,0,123,0,0,25,9984,0,822,3
dark_forest,63877,859,0,808,13820,0,1673,1000,752,234,575,0,48,4,0,0,9,11373,0,1126,7
dark_forest,63521,1572,0,790,14354,0,1351,1501,960,245,443,0,0,65,0,0,35,10323,0,1283,4
dark_forest,64326,1374,0,855,13961,0,847,1101,635,251,719,0,1,247,0,0,49,10707,0,1348,17
dark_forest,68001,449,0,1900,13783,0,756,1009,787,269,362,0,22,243,0,0,52,7806,0,861,26
dark_forest,69868,541,94,1374,13691,0,429,597,402,229,423,0,435,151,0,0,37,7257,0,1022,30
dark_forest,66835,1142,225,1027,13467,2,763,947,467,235,433,0,70,295,0,0,117,9838,0,543,23
dark_forest,65163,1001,195,1182,14220,0,670,853,511,227,451,0,0,86,44,0,33,10689,0,1032,108
dark_forest,66602,833,334,978,12978,0,375,814,938,47,753,0,0,82,155,17,7,8693,14,1030,2160
dark_forest,66295,1547,0,943,12724,7,995,540,1225,63,714,0,0,163,142,0,26,8915,0,1400,1239
dark_forest,64784,1035,7,744,13092,0,1301,964,1008,237,289,0,0,256,5,0,106,10392,0,1728,342
dark_forest,62851,917,260,850,13736,0,865,976,1332,178,369,0,0,0,322,0,2,11893,0,1591,7
beach,64105,1647,308,1237,13338,0,1181,160,1260,1,602,0,0,0,1197,0,0,10189,0,997,197
beach,66197,786,0,841,13382,0,935,415,1259,0,387,0,59,0,1139,0,0,9569,0,1089,657
ocean,66549,775,0,1223,13695,0,928,689,1264,0,353,0,120,71,707,0,5,8929,0,588,1063
ocean,66800,1110,0,935,13195,0,812,1165,1169,0,358,0,0,164,253,21,41,8317,10,709,2083
ocean,67117,732,0,912,13098,2,1080,564,874,0,750,0,41,39,403,16,0,7906,16,1084,2610
cold_ocean,67419,977,0,685,12371,0,948,968,896,6,1009,0,29,171,176,19,26,7706,18,1050,2724
cold_ocean,67374,852,0,589,13105,0,1715,553,590,37,430,0,0,297,262,18,50,7249,22,1508,2526
cold_ocean,67474,670,0,582,12854,0,566,673,1288,27,238,0,0,239,326,30,65,7851,20,1465,2772
cold_ocean,67081,1243,0,1223,12017,0,724,707,1171,0,604,3,0,45,242,26,6,9405,28,941,1641
cold_ocean,66995,736,0,911,11931,0,1087,430,1225,0,493,287,0,225,341,19,29,8553,20,1629,2177
beach,66326,740,26,356,13843,5,686,778,1427,0,353,86,12,219,391,2,29,7852,4,1265,2547
beach,65954,1117,20,490,12956,0,605,223,1206,0,387,0,9,38,980,0,1,9372,2,2169,1192
taiga,66639,1182,0,645,13738,0,558,504,536,41,618,0,0,120,421,7,30,8992,12,813,1925
taiga,66298,859,0,292,13821,0,602,946,1026,168,418,0,0,165,0,0,25,9768,0,389,2090
taiga,66524,838,0,377,12774,0,1282,776,838,93,395,0,0,146,58,0,48,9064,2,1418,2254
taiga,65574,1102,0,76,13934,0,877,974,958,201,784,0,0,27,30,0,1,9941,0,1113,1256
taiga,64645,1321,856,72,14825,0,767,952,1174,232,856,0,0,0,0,0,0,9912,0,1064,238
taiga,65265,1049,597,95,13870,0,703,1066,1066,249,429,0,0,0,0,0,0,10804,0,1288,0
taiga,64790,1347,491,131,13434,0,1498,796,1035,260,425,0,28,0,0,0,3,10515,0,1587,0
taiga,64150,1085,35,0,14595,0,1682,1342,1116,270,603,0,1,0,0,0,1,10719,0,1011,0
taiga,64391,1121,0,0,13369,0,649,944,506,249,783,0,0,0,3,0,2,12585,0,1416,7
beach,66358,908,0,0,11129,2,724,662,1228,87,269,0,0,0,659,0,0,10324,0,757,719
beach,66615,899,0,0,10388,0,1121,444,826,0,569,0,0,0,1119,0,0,9231,0,1001,1852
cold_ocean,65840,1186,0,0,13788,0,918,158,1294,0,649,21,0,0,227,22,0,7790,20,1551,2986
cold_ocean,65883,846,0,0,14477,0,518,151,1534,0,525,25,0,0,24,11,0,8963,8,873,3088
cold_ocean,66692,1320,0,0,13104,0,508,416,1439,0,646,0,0,0,43,17,0,5883,14,1050,4840
cold_ocean,67007,852,0,0,12784,0,1097,330,463,0,836,0,0,0,0,12,0,7174,10,902,4359
cold_ocean,65928,1437,0,0,13680,0,557,192,1108,0,822,0,0,0,0,21,0,8580,14,1293,3209
cold_ocean,67176,902,0,0,14700,0,542,331,1392,0,1093,7,0,0,0,9,0,7039,24,613,3439
cold_ocean,68709,968,0,0,14167,0,370,285,763,0,523,35,1,0,0,13,0,5951,14,1790,3692
cold_ocean,67567,671,0,0,13472,0,614,138,1138,0,682,0,175,0,0,19,0,8003,18,1024,3680
cold_ocean,68778,1011,0,0,12833,0,965,72,478,0,568,0,148,0,0,38,0,7404,26,797,4057
cold_ocean,68479,832,0,0,12658,1,403,271,813,0,556,150,0,0,0,17,0,7567,8,1591,3730
cold_ocean,68020,1109,0,0,12333,0,1343,530,289,0,552,233,0,0,10,14,0,8809,6,1121,2135
cold_ocean,67939,1497,0,4,12331,2,771,656,1110,0,422,299,5,0,107,17,0,7861,12,1254,2767
cold_ocean,66162,541,0,0,14148,0,763,329,791,0,826,228,49,0,0,12,0,7249,10,1553,3763
cold_ocean,65796,1172,0,0,15000,0,540,147,916,0,890,12,0,0,17,15,0,7553,20,1156,3818
cold_ocean,66118,264,0,0,14683,1,1106,135,1031,0,886,0,0,0,0,20,0,7880,30,945,4089
cold_ocean,67470,1455,0,0,12355,0,1549,242,942,0,562,0,0,0,0,19,0,7108,18,1549,4005
cold_ocean,66654,982,0,0,13298,0,1145,212,975,0,821,0,0,0,0,23,0,7630,22,1274,4168
cold_ocean,67265,1651,0,0,12803,0,1105,228,969,0,607,0,0,0,0,18,0,6670,18,1178,4207
cold_ocean,67004,663,0,0,13984,0,800,220,1064,0,698,0,4,0,1,12,0,6893,18,1186,4364
cold_ocean,65938,1462,0,0,14373,0,788,490,1485,0,536,71,0,0,0,15,0,6909,8,1273,3861
cold_ocean,66191,1154,0,0,13658,2,1124,400,630,0,1026,55,0,0,21,12,0,7883,8,1362,3717
cold_ocean,67267,723,0,2,14427,0,898,282,347,1,756,160,0,0,5,19,0,6542,10,1719,4100
cold_ocean,65877,565,0,0,14791,0,1193,226,1157,1,742,294,0,0,0,17,0,6389,28,884,5062
cold_ocean,65979,1251,0,0,13198,0,439,281,1146,0,779,0,0,0,63,13,0,6594,10,1519,5244
cold_ocean,65934,1191,0,0,14456,0,917,132,460,0,852,0,0,0,0,39,0,7621,28,1213,4404
cold_ocean,68976,1110,145,0,11282,4,857,546,952,0,273,0,0,0,221,12,0,8384,4,1219,3129
cold_ocean,67601,924,0,6,13333,0,445,531,1421,0,786,230,0,0,47,27,0,7836,24,941,3033
cold_ocean,66718,1168,48,0,12975,0,1249,149,740,0,668,139,22,0,0,10,0,8700,10,1859,2739
cold_ocean,68254,1663,34,0,11835,4,1152,123,884,0,520,0,9,0,0,22,0,8762,14,1263,2660
cold_ocean,69158,1352,0,0,11602,0,727,343,1320,0,651,0,0,0,2,29,0,8025,26,1187,2821
cold_ocean,69056,1092,0,0,11544,0,1212,185,754,0,739,212,0,0,0,27,0,8401,24,1320,2572
cold_ocean,68925,1296,0,0,12345,0,983,172,863,0,486,8,0,0,71,13,0,8361,8,750,2886
beach,68382,848,0,0,11446,0,694,387,1045,23,414,0,0,0,333,0,0,8484,0,1628,3102
beach,65986,940,0,0,12352,0,1753,190,268,102,598,0,52,0,315,0,1,8361,0,1074,4614
beach,65109,1109,0,0,13804,0,983,154,561,8,277,0,7,0,412,0,0,8017,0,1738,4177
beach,65399,969,0,0,14099,2,1034,373,1384,0,825,0,124,0,359,1,0,8294,0,1444,2236
beach,65933,815,0,0,14826,0,693,115,1240,0,627,0,0,0,265,0,0,8389,0,1320,2682
beach,65961,897,0,11,14393,0,755,402,801,19,624,43,0,0,342,4,0,9086,0,1239,2316
cold_ocean,68011,843,0,0,12599,0,1024,797,860,0,570,129,7,0,279,17,0,8739,10,985,2325
cold_ocean,66801,1609,0,3,13424,0,1004,355,1215,0,656,34,0,23,63,23,14,6928,14,1287,3773
cold_ocean,66365,938,0,30,14531,0,398,132,579,0,917,29,12,12,2,15,6,8321,16,1207,3641
cold_ocean,67646,911,0,138,14736,0,426,73,1166,0,421,49,0,0,1,9,0,5739,12,1580,4285
cold_ocean,68409,403,0,566,13457,0,1252,271,633,0,415,180,1,44,0,25,8,6369,34,811,4335
cold_ocean,67955,511,0,183,12604,0,114,229,1884,0,635,426,28,73,0,16,23,7256,10,1481,3699
cold_ocean,66394,828,0,130,13710,0,285,216,1508,0,646,235,13,0,0,2,0,8299,0,1062,3894
beach,65876,722,0,97,14696,0,1121,145,695,0,365,0,0,11,107,3,0,7765,2,1410,4073
river,65792,955,0,98,14461,0,579,127,972,0,681,0,0,0,46,20,0,8483,18,1391,3634
river,65792,940,0,315,14993,0,1347,225,709,0,614,0,60,0,11,16,0,8045,22,386,3772
river,66299,1166,0,283,13952,0,1096,501,1344,0,229,0,148,48,567,0,10,7735,0,547,3028
beach,67155,811,0,229,12961,0,872,524,1048,0,422,0,54,355,1023,0,64,8669,0,872,1286
beach,66702,655,0,519,12451,0,904,285,973,0,707,0,1,85,1119,0,7,9206,0,1445,1151
beach,70078,933,0,799,11723,0,1107,163,795,0,250,0,81,236,1247,0,4,7905,0,939,118
beach,70934,712,0,1148,10728,0,526,467,390,0,136,0,40,389,752,0,22,8699,0,1267,671
dark_forest,69025,855,0,757,13363,0,355,971,554,25,388,0,0,377,224,0,78,8407,0,834,762
dark_forest,65905,957,0,572,14260,0,721,1089,1264,215,284,0,0,2,28,0,13,9484,0,891,925
dark_forest,64153,1177,0,708,14000,0,953,1032,895,219,472,0,0,77,0,0,24,11237,0,839,537
dark_forest,65641,1378,0,632,12292,0,1236,573,730,215,666,0,65,437,41,0,101,11861,0,311,136
ocean,68122,1235,0,704,10092,0,1446,602,1115,21,249,0,121,468,116,11,43,9853,2,1679,861
ocean,66643,523,0,290,14039,0,1526,352,902,0,475,0,138,211,12,21,0,7910,32,812,3336
ocean,65921,1409,0,688,14591,0,720,167,571,0,446,0,38,11,0,24,0,7383,22,1017,4116
ocean,65807,898,0,901,13641,0,1072,477,951,0,632,0,0,2,95,25,0,7201,16,1406,4019
ocean,66173,1072,0,1011,13237,0,1405,1268,567,0,418,74,23,4,89,37,0,6973,26,1256,3566
ocean,66019,1235,198,829,13469,0,641,1314,661,0,415,0,35,17,208,26,0,8549,16,1106,2310
ocean,67665,1114,0,1172,12063,0,933,663,602,14,379,0,0,211,239,16,10,7812,10,828,3339
ocean,69052,555,0,1249,12154,0,681,415,929,0,769,101,14,275,107,39,26,6573,32,1282,2822
ocean,66816,1060,0,1334,12359,0,933,715,1038,0,511,147,258,148,147,33,15,7745,20,1061,2768
ocean,68100,527,153,1151,12827,0,485,239,1103,0,801,147,1,71,69,34,19,6237,36,532,3578
ocean,67317,987,0,1048,13203,1,725,10,862,0,206,0,0,251,0,18,56,5391,28,1163,5847
ocean,67651,941,0,1401,12945,0,785,140,384,0,450,0,0,272,0,36,44,6220,38,507,5362
ocean,66818,1194,0,1059,12798,0,649,453,784,16,998,0,0,241,0,25,59,6930,22,664,4467
ocean,66335,1408,0,1193,13145,1,678,182,431,0,684,215,0,93,0,14,5,7720,16,1255,3808
ocean,66363,902,0,1566,12595,0,954,350,622,0,718,207,9,152,0,30,1,7431,22,1473,3803
ocean,68252,326,0,691,12116,0,972,84,634,0,761,114,0,266,0,29,29,7376,24,765,4701
ocean,66651,1009,0,1016,13034,0,924,154,800,0,811,64,1,142,0,2,34,7476,0,686,4398
dark_forest,66070,671,0,1062,13937,0,617,615,826,0,553,0,0,0,183,1,0,8868,0,1087,2631
dark_forest,65911,1128,0,588,13520,0,613,477,1654,35,545,8,0,0,167,0,5,8016,0,1612,2783
dark_forest,65160,684,218,660,14261,1,1004,787,1198,222,526,0,0,9,0,0,7,8457,0,980,2223
dark_forest,64923,874,129,1054,14314,1,731,1106,1182,239,623,0,55,40,0,0,9,9846,0,1063,133
dark_forest,65398,776,18,652,14707,0,697,1004,1081,187,530,0,12,164,0,0,6,9780,0,804,739
dark_forest,65848,1052,0,538,14080,0,1121,1064,1002,215,615,0,20,0,0,0,5,9618,0,1018,333
old_growth_birch_forest,66524,1375,0,528,13253,0,1346,707,1516,148,245,0,0,0,129,0,4,9240,0,1202,517
river,66715,544,0,282,13683,0,1131,723,688,3,403,0,0,0,210,0,0,7081,0,1243,4544
birch_forest,66201,1225,0,99,14308,0,952,1022,574,43,366,0,0,157,126,0,3,5972,0,840,5217
birch_forest,65131,657,0,173,13909,0,1611,1191,542,191,219,0,0,0,62,0,8,8866,0,1300,3150
birch_forest,63557,1557,0,0,14111,0,1128,1344,911,249,541,0,0,0,0,0,7,10715,0,1181,1489
birch_forest,62167,1029,0,0,14159,0,1094,1257,1174,253,511,0,0,0,0,0,13,14095,0,1115,1
taiga,58267,1170,0,0,13983,0,2003,725,1164,254,676,0,21,0,0,0,1,17270,0,1268,0
taiga,53759,800,0,0,14630,0,1821,637,889,255,553,0,0,0,0,0,2,21768,0,1334,0
taiga,54154,1236,0,0,14417,0,914,1022,796,251,765,0,0,0,0,0,0,21843,0,1249,12
taiga,54560,1022,0,0,14287,0,1439,1291,1007,248,808,0,0,0,0,0,0,20787,0,1077,0
taiga,55014,1265,0,0,14032,1,748,1121,1523,261,673,0,0,0,0,0,0,20764,0,1339,0
taiga,59199,1192,97,0,15062,0,791,1211,981,311,569,0,62,0,0,0,0,16476,0,1053,24
taiga,62192,1057,43,0,14323,0,1160,894,893,213,460,0,29,0,96,0,0,14321,0,1246,90
taiga,65410,1256,0,0,14862,0,1329,1060,1586,227,302,0,0,0,100,0,0,10141,0,542,10
forest,66659,817,0,0,14446,0,941,752,809,202,492,0,0,0,53,0,0,10494,0,1184,28
forest,66623,1578,0,10,13716,2,643,1037,699,52,510,0,0,0,134,0,2,9611,0,1542,1005
forest,66350,1168,0,39,14285,0,829,1075,800,48,447,0,1,0,270,0,0,9711,0,1293,633
forest,66824,719,0,0,14129,0,795,939,755,237,390,0,0,0,3,0,3,9819,0,1899,256
forest,67807,500,0,15,15145,0,962,857,857,32,452,0,1,0,189,0,1,8148,0,1279,652
forest,69719,691,0,4,14411,2,995,446,393,0,566,0,0,0,258,0,0,6269,2,1545,1436
river,67571,1060,0,1,14223,0,1233,195,509,0,620,0,83,0,3,27,0,7587,38,1179,2903
river,69075,1298,0,6,13767,0,662,438,666,0,607,0,43,0,181,7,0,8209,6,706,1566
forest,66608,1072,0,0,14742,0,632,860,816,114,659,0,2,0,196,0,5,10094,0,820,261
forest,65834,1495,0,0,14100,0,730,1216,570,251,559,0,0,0,0,0,7,10278,0,1548,0
forest,67537,1171,0,0,12872,0,1305,1170,989,250,449,0,0,0,0,0,4,9567,0,1339,0
forest,64432,1139,0,0,13867,0,1586,1304,785,254,546,0,0,0,0,0,4,11038,0,1848,0
forest,64714,1192,0,0,15846,0,1015,847,1748,252,375,0,0,0,0,0,5,10377,0,512,0
forest,65264,1117,0,0,14557,0,888,682,1105,218,423,0,0,0,0,0,3,10591,0,1530,32
forest,65167,819,0,0,14623,0,1273,700,768,252,550,0,0,0,0,0,2,11330,0,1285,0
forest,65491,1111,0,0,14819,2,967,628,1345,246,447,0,0,0,9,0,13,10370,0,1202,0
forest,65244,1255,0,0,14446,0,975,993,1766,190,181,0,0,0,166,0,8,10124,0,1054,15
forest,66318,1564,0,19,14821,0,399,1173,1166,38,485,0,0,0,210,0,2,9674,0,971,196
plains,69654,903,0,0,11058,0,1026,1161,1172,23,376,0,216,0,229,25,13,9261,18,1068,772
river,67192,342,0,2,12839,0,1344,624,755,0,424,0,789,0,70,40,0,8727,40,1083,2952
river,66370,1136,0,0,13932,10,919,495,475,0,526,0,165,0,275,7,0,7966,8,1191,3672
plains,66294,958,0,10,13620,0,1605,794,871,0,507,0,95,0,222,13,0,8446,34,1207,2475
plains,65847,1087,0,2,15071,0,1289,592,1486,0,470,0,87,0,160,0,0,8412,0,996,1749
plains,65815,1288,0,5,14626,0,1187,545,1238,68,642,0,0,0,289,0,14,9329,0,779,1314
plains,66506,1175,0,0,14521,0,811,811,1116,252,375,0,0,0,0,0,66,9867,0,987,642
plains,74518,1105,0,0,8645,0,733,1223,623,256,65,0,299,0,0,0,55,8006,0,213,1395
plains,77740,349,0,0,9310,0,603,902,327,255,128,0,457,0,0,0,67,5851,0,726,643
plains,76385,430,0,0,11164,0,341,690,307,236,292,0,481,0,0,0,34,4428,0,864,932
plains,77270,709,18,0,7687,0,761,637,310,223,330,0,0,0,0,0,49,6590,0,647,1822
plains,68269,1075,186,0,13586,0,859,859,745,256,303,0,0,0,0,0,52,7860,0,1272,1816
plains,69313,1087,546,0,14343,4,126,672,579,256,516,0,0,0,0,0,51,5225,0,1184,3025
plains,70131,391,581,0,14138,0,181,685,385,256,447,0,0,0,0,0,43,4908,0,1465,3254
plains,65170,660,474,0,13455,4,415,863,555,256,381,0,1,0,0,0,25,9524,0,1626,3612
plains,59573,1221,212,0,14808,3,1216,1163,1636,256,735,0,0,0,0,0,21,14658,0,1252,185
plains,62004,407,137,0,14927,0,618,899,738,256,752,0,0,0,0,0,40,12426,0,1314,2619
plains,59187,889,0,0,15174,0,754,889,1124,302,233,0,0,0,0,0,40,17379,0,999,103
plains,55735,1086,0,0,14856,0,1349,1344,923,278,472,0,0,0,0,0,55,19552,0,1228,0
plains,55363,2063,0,0,13889,3,935,1114,1047,266,611,0,0,0,0,0,37,20253,0,1366,0
plains,60801,1448,0,0,12890,0,1845,1258,895,361,721,0,0,0,0,0,37,15651,0,1165,22
plains,64728,1236,0,0,11289,0,986,1227,1215,256,368,0,0,0,0,0,34,14110,0,1409,229
plains,71051,1121,0,0,6326,1,1153,1268,1470,256,485,0,0,0,0,0,48,13290,0,223,456
plains,71320,1181,0,0,5912,0,729,1373,1365,256,361,0,0,0,0,0,54,13995,0,401,191
plains,67487,1556,24,0,9893,0,1260,1316,1215,256,301,0,0,0,0,0,51,12857,0,732,93
plains,63594,1202,31,0,15115,0,1626,1152,895,256,708,0,0,0,0,0,47,11720,0,691,7
plains,64751,1483,0,0,13832,4,1087,736,992,255,650,0,0,0,0,0,66,11772,0,1368,2
plains,65037,1392,0,0,14530,0,905,979,1211,273,689,0,0,0,0,0,61,10394,0,1635,25
plains,65551,1316,0,0,14425,0,1065,705,1050,256,307,0,0,0,0,0,62,10674,0,1121,601
plains,66061,886,0,0,14970,0,891,1037,561,80,355,0,0,0,268,14,17,10102,28,759,1200
river,67410,1414,0,26,13563,0,631,571,1469,0,484,0,0,0,147,0,0,8574,0,957,1983
plains,65284,1088,0,0,14910,0,514,863,1083,206,458,0,0,0,0,0,51,10342,0,1000,1430
plains,65370,1135,0,0,14081,0,1378,883,845,256,616,0,20,0,0,0,66,10821,0,1447,213
plains,67377,1073,0,0,12356,0,1086,1192,968,256,448,0,134,0,0,0,48,9901,0,1209,1141
plains,66312,846,0,18,12148,0,1060,817,803,186,291,0,0,0,18,0,36,8143,0,886,5743
plains,65913,681,0,36,12673,0,781,1445,1164,101,864,0,199,0,119,0,21,8388,0,991,3464
plains,66025,618,0,1,12877,6,1024,1346,639,104,189,0,0,0,351,0,18,10378,0,1113,969
plains,65911,1615,0,0,14365,0,955,993,968,0,415,0,0,0,457,0,0,8739,0,1427,1274
plains,65322,1125,0,6,15344,0,1357,916,779,195,460,0,0,0,153,0,38,9740,0,660,1039
plains,64620,1073,0,0,14919,0,918,1016,421,272,306,0,0,0,0,0,40,11808,0,1463,273
plains,57932,1022,0,0,14518,0,1431,1544,1112,349,470,0,0,0,0,0,20,17030,0,1105,407
plains,52745,973,87,0,13650,0,983,1351,992,279,635,0,11,0,0,0,11,23373,0,1146,607
plains,56512,1730,107,0,14792,0,819,1154,1532,225,597,0,5,0,0,0,7,17748,0,770,913
plains,58096,1283,0,0,15062,0,958,1426,1307,256,454,0,0,0,0,0,18,15232,0,919,1974
plains,61651,1021,0,0,11788,0,999,1223,1272,275,484,0,0,0,0,0,40,13824,0,1309,1450
plains,59688,972,0,0,13565,8,872,1084,805,291,556,0,0,0,0,0,43,14450,0,1138,3614
plains,59707,1500,0,0,12896,0,1012,1051,808,293,282,0,0,0,74,0,20,14879,0,1527,3026
river,65989,1136,0,35,14054,0,1155,973,343,4,225,0,75,0,168,1,0,9407,2,759,2832
plains,66714,947,0,1,13786,0,944,989,1019,44,472,0,25,0,243,2,11,9736,2,1314,873
plains,65751,968,0,0,13437,0,1099,1063,1521,240,234,0,0,0,81,0,30,11615,0,1111,6
plains,67013,1265,0,0,13903,0,892,1055,821,222,458,0,0,0,86,0,50,10060,0,1277,26
plains,66110,1552,0,0,14573,2,875,786,1572,250,553,0,54,0,0,0,53,9758,0,933,6
plains,65599,551,0,0,14386,0,941,1018,926,256,547,0,0,0,0,0,60,11837,0,1045,0
plains,65943,855,0,0,14733,0,1000,990,784,256,351,0,0,0,0,0,71,10836,0,1342,0
plains,65675,1325,0,0,15386,2,657,1003,1236,220,352,0,0,0,32,0,57,10174,0,877,171
plains,65651,1501,0,0,14686,0,923,1032,1560,214,173,0,0,0,0,0,54,10161,0,1043,215
plains,65882,741,0,0,14613,0,1395,1181,1223,256,313,0,0,0,0,0,59,9840,0,985,84
plains,66449,1001,0,0,14455,0,941,989,746,252,204,0,1,0,0,0,52,10396,0,960,749
river,65775,1344,0,0,15000,0,951,957,1169,50,158,0,0,0,308,6,17,9318,14,967,1151
river,65999,1270,0,13,13924,5,1055,1123,1190,0,420,0,0,0,252,36,0,8507,42,1414,1963
plains,66258,1208,0,11,12634,6,1200,882,978,0,467,0,0,0,101,8,0,9811,18,1274,2365
plains,66553,1317,0,0,12773,0,1246,892,781,0,772,0,8,0,317,2,0,8833,8,1486,2172
plains,66457,952,0,0,14078,0,1322,819,1440,7,527,0,48,0,335,0,2,8691,0,1335,1152
plains,67790,1095,0,20,13034,0,1043,1044,968,0,554,0,304,0,157,0,0,9077,0,897,1185
river,65999,1413,0,10,14851,0,808,1018,1330,0,790,0,57,0,147,19,0,7393,26,1034,2290
plains,66014,1092,0,30,14032,0,1379,1232,824,104,589,0,4,0,217,2,20,9311,2,1476,874
plains,65562,1588,0,0,14705,0,590,1493,1153,237,642,0,0,0,0,0,47,9999,0,904,177
forest,64896,1005,0,0,14690,0,1027,1233,1230,251,420,0,0,0,0,0,25,10911,0,1084,0
forest,64628,1491,0,0,15236,0,428,1451,1142,252,451,0,0,0,0,0,5,10819,0,965,0
forest,64935,1293,0,0,14138,4,1394,1324,755,251,733,0,48,0,0,0,8,10707,0,1096,0
forest,64687,1018,0,0,13615,0,766,1159,838,251,399,0,0,0,0,0,12,11748,0,1679,598
forest,65034,493,0,0,14386,0,670,894,805,266,574,0,0,0,0,0,5,9362,0,1631,2597
forest,63621,803,0,0,13957,0,904,739,589,257,128,0,56,0,0,0,5,13102,0,1373,1240
forest,64537,939,0,0,13093,0,612,1477,912,258,216,0,0,0,0,0,2,10266,0,873,548
forest,66345,908,0,0,12198,0,789,1218,799,251,151,0,44,0,0,0,4,8578,0,689,467
forest,65497,1628,0,0,13183,1,1513,940,534,253,294,0,237,0,0,0,16,11319,0,1115,262
forest,64859,1491,0,0,13639,0,882,1190,1294,250,614,0,25,0,93,0,8,10830,0,1152,287
forest,62721,993,0,0,14066,4,1806,820,1174,240,509,0,68,0,0,0,3,12955,0,923,176
birch_forest,61914,1420,0,0,14362,0,745,923,1303,249,736,0,87,0,0,0,8,12824,0,1246,769
birch_forest,61285,1222,83,0,15725,0,837,1134,1072,249,558,0,43,0,0,0,9,13781,0,538,38
birch_forest,60918,767,59,0,15268,0,828,1177,1401,261,607,0,0,0,0,0,10,14222,0,1040,183
birch_forest,62524,906,205,0,13964,0,1158,665,868,251,398,0,14,0,0,0,7,13931,0,1293,337
birch_forest,65234,1120,194,0,13921,0,1213,540,1382,251,525,0,0,52,0,0,27,10983,0,908,313
birch_forest,64988,1774,0,0,14264,6,647,849,1004,248,476,0,211,18,0,0,28,11096,0,1028,0
birch_forest,68300,503,0,356,13712,0,1193,778,642,249,452,0,9,75,0,0,12,8984,0,1460,13
birch_forest,66608,920,0,667,13396,0,726,981,1272,249,411,0,0,12,0,0,12,9618,0,1194,619
birch_forest,64502,1379,0,359,12833,1,898,1136,404,251,540,0,0,142,0,0,32,13231,0,1085,0
dark_forest,64314,1179,99,420,13660,0,1151,1269,663,247,400,0,0,0,0,0,12,11950,0,1031,0
dark_forest,65990,1393,226,474,12385,3,1119,924,645,247,854,0,0,81,0,0,13,10758,0,822,169
dark_forest,67986,1709,226,664,11147,0,296,1096,1534,246,652,0,0,239,0,0,18,9062,0,819,16
dark_forest,66707,976,605,980,11598,0,833,732,599,250,429,0,109,204,0,0,4,10717,0,1179,3
dark_forest,65846,1151,477,824,11605,0,989,747,928,245,665,0,97,228,0,0,2,11674,0,862,0
dark_forest,64675,1017,120,794,13444,0,720,407,1333,234,642,0,306,15,0,0,6,11319,0,1069,4
dark_forest,65788,801,313,761,12389,0,1186,667,842,243,453,0,1,158,0,0,42,11657,0,923,6
dark_forest,63868,992,256,836,13442,6,1168,1049,1053,247,652,0,0,75,0,0,28,11005,0,1547,0
dark_forest,63277,1222,220,1198,13575,0,724,1232,1529,246,283,0,0,0,0,0,7,11021,0,1658,0
dark_forest,61955,1254,61,723,13210,1,1305,1081,773,244,491,0,0,0,0,0,6,13088,0,1890,0
dark_forest,64258,1089,0,1263,13745,0,1174,1008,977,247,378,0,0,69,0,0,5,10605,0,1121,11
dark_forest,63637,1201,0,900,13444,0,720,1110,1309,241,494,0,0,44,0,0,5,11002,0,1134,913
dark_forest,64400,1618,0,850,13284,4,748,884,1142,236,667,0,1,466,0,0,46,9744,0,1221,742
dark_forest,66884,713,0,1110,10913,0,1045,945,1294,241,407,0,0,830,0,0,131,11166,0,327,79
dark_forest,67571,1535,0,1615,11170,0,1204,944,869,244,469,0,0,501,0,0,27,9596,0,382,45
dark_forest,66482,1301,0,1091,12767,0,861,478,1113,244,850,0,51,379,0,0,75,9566,0,979,2
dark_forest,64696,613,0,931,13324,0,1101,850,722,238,473,0,330,239,0,0,69,11503,0,1012,19
dark_forest,63758,636,0,1175,12974,2,1454,1100,681,247,438,0,62,58,0,0,23,11676,0,1916,171
dark_forest,66165,1725,0,1232,14053,0,728,1079,881,245,334,0,0,115,0,0,17,8800,0,1242,13
dark_forest,66145,1152,0,703,14307,3,1126,926,1366,229,498,0,0,26,0,0,4,8762,0,1028,293
dark_forest,66460,890,0,487,13848,0,1638,1117,1046,84,708,0,0,126,177,2,28,8205,4,1380,657
river,65972,1518,0,1384,13514,0,1168,602,532,0,754,0,0,0,251,26,0,8464,26,1133,1783
river,65792,582,116,233,14666,0,1564,551,1161,0,722,0,0,0,459,13,0,7713,18,985,2570
dark_forest,65792,685,114,428,14477,0,556,1101,1667,0,627,0,0,0,166,12,0,9380,14,784,1245
dark_forest,66005,1177,225,567,14208,0,940,693,1110,0,311,0,0,0,453,12,0,9271,24,1072,1088
dark_forest,66182,864,549,391,13853,0,1369,1103,785,0,441,0,22,0,438,3,0,9145,10,1242,606
dark_forest,66489,1481,50,988,13042,0,799,795,1359,51,184,0,374,84,186,22,1,9387,36,868,936
dark_forest,66254,986,18,343,13634,0,1127,861,828,137,161,0,0,89,2,10,4,8118,8,1056,2968
river,67296,839,131,815,12648,0,837,882,837,74,470,0,0,280,125,11,2,8742,12,943,1817
river,68662,1085,15,1033,10284,2,871,888,881,15,496,0,7,294,178,25,2,9407,22,1392,1470
dark_forest,67238,1589,0,425,10560,0,1210,1004,794,100,341,0,133,314,221,0,2,8819,2,575,3496
dark_forest,67974,650,0,762,9578,1,444,824,970,240,214,0,0,426,0,0,13,8329,0,179,5201
dark_forest,70344,738,0,707,7873,0,668,1050,648,244,436,0,0,561,0,0,41,7157,0,779,5056
dark_forest,74025,467,0,989,7183,0,454,649,596,288,206,0,0,755,0,0,85,5200,0,396,4307
dark_forest,72042,621,0,829,10197,0,1069,690,835,246,45,0,78,179,0,0,21,6426,0,676,914
dark_forest,65144,1366,0,658,13702,0,1086,1206,756,239,366,0,1,151,0,0,28,10257,0,1274,0
dark_forest,65309,1045,0,1252,13356,0,1581,1081,908,247,701,0,6,37,0,0,3,9888,0,1175,0
dark_forest,65643,829,0,1229,14417,2,835,1475,831,246,296,0,0,16,0,0,6,9807,0,807,0
dark_forest,63733,1631,0,572,14410,0,895,1108,1056,246,393,0,0,1,0,0,5,11280,0,1087,3
dark_forest,66991,987,0,1066,14405,0,1300,970,1416,241,360,0,1,187,0,0,79,7386,0,844,0
dark_forest,69052,242,72,1482,13781,0,994,667,403,245,74,0,278,97,0,0,51,7941,0,1049,0
dark_forest,66957,1315,0,993,12910,4,1056,964,804,239,700,0,0,304,0,0,62,8114,0,1211,683
dark_forest,66179,1384,193,1112,13862,0,986,913,1179,177,508,0,0,94,76,0,3,8676,0,752,186
river,66451,867,513,1214,13297,0,1218,485,477,1,319,0,1,4,319,24,4,8501,48,1278,2032
dark_forest,66150,1037,114,1084,13024,0,1608,798,448,64,411,0,1,66,77,2,9,8608,2,1087,2151
dark_forest,63391,1552,125,1152,14397,0,1350,1311,927,249,394,0,0,1,0,0,3,10369,0,769,252
dark_forest,62885,804,171,793,14183,0,1003,1533,868,239,638,0,0,5,1,0,3,11697,0,1401,4
beach,64408,1221,26,1361,12037,0,1044,760,1398,122,586,0,0,376,666,0,57,10477,0,1544,155
beach,65670,1370,0,696,12735,0,1289,624,514,5,446,0,0,75,1155,0,9,9988,0,1471,791
beach,66926,1515,15,565,13061,0,1098,401,913,0,298,5,1,5,969,0,0,9058,0,1108,830
ocean,66361,402,40,575,13557,2,1114,649,1028,0,551,126,2,110,469,12,0,7785,4,1362,2842
cold_ocean,66331,1241,0,1272,13323,0,948,442,1136,0,182,0,29,0,531,28,0,8053,22,1184,2265
cold_ocean,66775,1231,0,1146,13943,0,1292,613,1087,0,788,0,0,28,418,5,0,7406,4,489,1829
cold_ocean,67103,1350,0,1218,13114,0,856,488,600,0,335,0,0,136,307,7,2,7643,14,1249,2674
cold_ocean,66857,791,0,485,13306,0,1092,472,885,0,829,0,0,156,288,20,6,8036,14,955,3056
cold_ocean,68038,780,0,795,11908,0,717,660,887,0,409,0,16,241,346,17,39,8722,14,1128,2138
beach,66732,1036,0,706,13281,0,931,363,1290,0,497,0,0,94,270,5,49,8104,12,846,2474
beach,66598,1389,132,540,13225,3,755,360,746,0,713,0,53,8,835,0,3,9146,0,1301,1068
beach,66135,1348,22,146,13302,0,939,265,1021,0,518,0,10,270,1090,0,48,10371,0,1184,49
beach,68927,771,0,636,13106,0,779,282,925,48,325,0,0,187,849,0,51,8149,0,1032,500
taiga,67899,783,0,581,13612,0,965,1141,1216,253,555,0,0,228,3,0,9,8554,0,436,588
taiga,67469,834,0,116,13080,0,1230,1172,1297,278,296,0,0,301,0,0,6,9432,0,684,480
taiga,65244,1141,79,215,13339,0,1186,1274,829,236,306,0,0,159,0,0,0,11624,0,1079,35
taiga,64080,1462,271,0,14119,0,1121,1016,1009,248,244,0,0,0,0,0,1,11884,0,1232,0
taiga,64597,778,682,72,14676,0,1332,1128,558,253,485,0,1,0,0,0,0,10811,0,1020,0
taiga,64119,1479,725,0,15013,0,1025,988,1046,253,252,0,0,0,0,0,0,9724,0,1270,74
taiga,64738,1653,194,0,12906,1,1190,828,1645,250,365,0,0,0,0,0,0,10662,0,496,99
taiga,67392,1792,106,0,9632,0,802,898,964,252,333,0,0,0,0,0,2,11279,0,1168,313
taiga,66543,1250,46,0,9225,0,961,947,1428,213,310,0,0,0,141,0,1,9704,0,713,2366
taiga,68249,870,0,0,8192,0,784,806,808,162,589,0,0,0,287,3,2,8669,0,611,4214
river,69741,34,0,0,7953,0,1154,219,748,1,327,0,0,0,203,13,0,5407,14,535,7626
cold_ocean,69525,733,0,0,9309,0,607,624,500,0,397,0,0,0,134,34,0,5736,38,487,6793
cold_ocean,67333,681,0,0,10550,0,203,384,1284,0,563,0,0,0,175,3,0,7790,0,635,4159
cold_ocean,68007,312,0,2,10085,0,490,335,485,0,436,0,0,0,10,13,0,7724,20,1322,5047
cold_ocean,66696,849,0,0,13522,0,1472,305,745,0,662,0,0,0,0,15,0,7349,8,1156,3330
cold_ocean,67935,704,0,0,14678,0,500,105,901,0,783,0,0,0,0,11,0,6817,14,1082,3742
cold_ocean,66683,1294,0,0,14729,0,420,255,1532,0,537,0,83,0,0,24,0,7665,14,919,3056
cold_ocean,66039,910,46,0,14835,0,1108,229,928,0,497,0,79,0,0,13,0,8355,6,852,3302
cold_ocean,66355,1063,63,0,14137,0,840,139,772,0,682,0,73,0,0,27,0,8216,32,1492,3176
cold_ocean,67281,951,0,0,13803,0,805,194,971,0,835,0,52,0,0,14,0,7346,12,1220,3542
cold_ocean,66299,798,0,0,14219,0,1556,502,655,0,668,0,0,0,0,35,0,9028,30,623,2512
cold_ocean,67765,780,0,12,12804,0,1388,460,838,0,791,0,0,0,3,21,0,8184,12,1169,3051
cold_ocean,66226,1217,0,0,14104,0,1099,13,1470,0,582,0,95,0,0,15,0,7161,12,1355,3789
cold_ocean,65962,873,0,0,14456,0,1127,308,792,0,466,0,20,0,0,26,0,7804,22,1540,3858
cold_ocean,66001,1050,0,0,14245,5,1311,165,1067,0,610,0,0,0,11,28,0,7249,20,1648,3887
cold_ocean,66713,706,0,0,13985,0,966,132,728,0,887,0,0,0,0,21,0,8036,10,1102,3903
cold_ocean,69295,806,11,0,11808,0,1016,150,685,0,586,0,9,0,0,12,0,7833,6,955,4024
cold_ocean,70357,1160,12,0,11508,0,872,255,529,1,459,0,11,0,1,33,0,7270,14,732,4071
cold_ocean,67179,422,0,0,14209,0,1001,163,522,0,282,0,0,0,0,23,0,8608,16,848,3978
cold_ocean,66388,721,0,0,14864,0,1119,526,1183,0,412,0,4,0,0,15,0,7236,14,950,3836
cold_ocean,65974,1111,0,0,14892,0,1011,108,1042,0,1054,0,34,0,0,14,0,7185,10,953,3806
beach,66415,660,0,0,13845,0,1005,233,510,0,921,0,73,0,21,11,0,8017,2,1206,4164
river,65931,436,94,0,13524,0,858,276,1508,0,906,0,2,0,4,24,0,8611,24,1456,3475
beach,65826,195,16,5,14980,0,971,68,418,0,343,0,0,0,777,1,0,8174,2,1115,3704
beach,65889,1337,0,1,14483,0,1286,171,585,0,770,7,0,0,455,12,0,7864,10,1141,2910
cold_ocean,66097,919,0,0,14561,0,796,566,1268,0,672,39,0,0,352,5,0,7253,2,1372,3218
cold_ocean,68076,777,0,0,12725,0,718,560,1362,0,543,0,0,0,209,17,0,7590,12,1411,3171
cold_ocean,70096,1084,0,3,10507,0,1335,689,1174,0,984,0,0,0,13,17,0,7274,22,1045,3036
cold_ocean,70709,1541,0,6,10519,0,336,273,614,0,523,201,0,0,24,19,0,8166,24,847,3417
cold_ocean,70552,507,20,0,10879,1,1135,683,1173,0,659,0,7,0,90,15,0,8688,18,485,2375
cold_ocean,70074,639,76,18,10577,0,650,731,641,0,703,0,32,0,174,17,0,8973,0,1127,2738
cold_ocean,70010,1029,0,0,11242,0,954,160,1056,0,652,0,0,0,144,0,0,8424,0,913,2559
cold_ocean,70106,1257,0,0,10929,0,964,500,1125,0,586,202,0,0,240,0,0,7663,2,1031,2349
beach,69763,1094,0,0,11771,0,679,190,566,0,330,24,0,0,367,0,0,8362,0,849,2802
beach,64994,662,0,0,14233,0,584,535,753,72,514,0,0,0,327,0,0,9564,0,1369,2971
taiga,63430,890,0,0,14632,0,1271,604,1307,249,182,0,12,0,0,0,0,9543,0,702,3570
taiga,63245,1038,0,0,13811,0,1745,896,455,227,124,0,0,0,62,0,2,12328,0,1353,318
taiga,64183,807,0,0,14080,0,591,569,974,147,479,0,260,0,345,0,3,11995,0,894,252
beach,65241,1154,0,0,13830,5,1135,231,1201,0,656,0,38,0,774,0,0,9720,0,1281,436
beach,65906,893,0,0,14319,0,759,199,927,0,792,1,0,0,1001,1,0,8584,2,1276,1834
river,66471,545,0,6,14208,0,717,722,1494,0,567,0,6,0,541,21,0,6794,16,1219,3845
cold_ocean,67622,1353,0,8,12746,0,1343,350,874,0,606,0,51,0,54,8,0,7774,2,1211,3186
cold_ocean,66712,401,0,192,14200,3,1338,96,1104,0,568,0,0,0,0,18,0,7729,26,1157,3676
cold_ocean,68432,229,0,9,14275,0,788,148,1341,0,847,0,0,78,29,19,4,5572,22,805,4629
beach,67928,904,0,151,12901,1,1023,227,877,0,670,49,0,148,51,4,58,7469,0,771,3937
cold_ocean,67430,1312,0,157,13356,3,999,53,601,0,584,247,0,26,72,0,13,7960,0,948,3355
beach,66000,1261,0,0,14964,0,459,225,1033,0,707,9,0,0,442,0,0,9122,0,736,1742
beach,65836,685,0,216,14107,0,964,270,746,0,483,0,1,9,609,2,0,8983,6,1452,2180
river,65839,803,0,370,14534,0,526,355,636,0,489,0,1,0,209,19,0,9044,36,1200,3093
beach,65795,1143,0,403,14462,0,684,146,1066,0,263,0,0,0,738,30,0,7862,30,1135,3171
beach,66279,912,0,208,13920,0,832,264,669,18,294,0,0,91,912,0,1,9555,0,1578,1189
old_growth_birch_forest,66139,1023,0,377,13880,0,1197,725,737,119,525,0,0,73,448,0,0,9965,0,968,546
beach,65784,928,0,368,13287,0,927,493,1321,80,366,0,0,10,637,0,1,10652,0,1632,6
dark_forest,64514,1222,0,300,14858,3,999,882,918,179,413,0,0,0,374,0,1,10448,0,1228,0
dark_forest,65825,970,0,550,13668,3,1029,812,1234,179,458,0,0,95,321,0,3,9779,0,1484,19
dark_forest,66409,988,0,531,13847,0,1203,869,1268,227,363,0,0,196,38,0,12,9425,0,785,200
dark_forest,66582,892,0,318,13567,0,1170,831,774,250,550,0,1,13,0,0,5,9498,0,1879,105
dark_forest,64741,1015,0,723,14166,0,1183,607,1678,251,592,0,19,90,0,0,2,9865,0,936,0
dark_forest,65959,1171,0,830,13413,0,902,507,1165,188,256,0,49,406,0,0,41,10860,0,613,258
ocean,66810,1507,0,854,12371,3,962,422,1441,36,501,0,0,376,0,42,88,8215,12,1118,2256
ocean,66841,858,0,918,12295,0,1162,205,919,0,779,0,0,297,0,44,27,6964,44,1345,4414
ocean,67520,59,0,880,12404,0,879,152,906,0,659,0,0,264,0,22,8,8335,20,704,4343
ocean,68432,1426,0,892,10772,0,971,245,1193,0,623,0,96,406,23,28,62,6736,22,800,4382
ocean,68314,833,0,481,11813,0,939,214,665,0,565,0,109,468,53,29,78,6993,24,930,4634
ocean,68422,948,0,1186,11232,0,784,339,795,0,530,158,0,263,0,34,10,7791,36,755,3899
ocean,68567,428,0,955,10851,0,181,267,281,0,629,356,0,404,0,19,42,8910,22,1072,3763
ocean,67458,1029,63,1131,12211,0,43,184,746,0,602,385,0,331,0,23,38,7265,14,1421,4037
ocean,68483,908,0,1609,11326,0,705,439,759,0,458,295,25,258,0,16,0,4680,32,1514,5639
ocean,67931,594,140,1025,12757,0,679,245,702,0,478,184,29,135,0,27,27,4685,18,1116,6223
ocean,66622,293,0,910,13605,0,91,137,627,0,482,0,7,285,0,16,67,6427,20,866,6665
ocean,67119,1026,0,1325,11922,0,631,291,845,0,774,0,0,179,0,29,13,6600,16,1465,5044
ocean,66737,770,0,1253,12749,0,926,111,426,2,602,0,0,236,0,35,53,5078,32,1386,6709
ocean,65933,1166,0,1324,13838,0,336,224,732,0,542,254,0,37,0,24,10,7115,42,1225,4366
ocean,66059,1540,0,987,13688,3,312,378,1090,0,689,375,0,32,0,14,16,6762,16,1192,3923
ocean,66237,611,0,902,13677,4,1236,71,1216,0,460,286,0,78,0,44,13,6951,34,1336,3961
dark_forest,66831,942,0,820,13002,0,1430,234,578,0,411,14,0,178,105,11,21,7943,22,1105,3524
beach,65992,857,0,520,13606,0,859,400,1272,0,890,0,0,0,718,0,0,10252,0,1180,280
dark_forest,65688,724,18,661,14959,0,751,361,750,89,282,0,0,79,389,0,10,9920,0,1151,715
dark_forest,66167,502,143,1004,13788,0,735,626,905,161,329,0,36,119,0,0,15,7535,0,1725,2499
dark_forest,68040,646,0,701,14623,0,766,556,662,170,466,0,138,36,0,0,15,8730,0,744,196
dark_forest,68686,1095,0,733,14039,0,1228,767,694,220,314,0,4,44,0,0,19,7472,0,1161,122
dark_forest,67917,710,0,522,13935,0,920,783,1155,128,336,0,0,26,22,0,13,7694,0,1368,1249
river,66769,1203,0,419,13511,2,1772,612,379,6,266,0,0,0,285,0,0,7437,0,1143,3381
birch_forest,66753,567,0,259,14008,0,901,543,591,71,508,0,0,0,43,0,0,5589,0,624,6657
birch_forest,66059,829,0,181,14090,3,432,784,1076,133,382,0,0,0,127,0,2,7307,0,790,4923
birch_forest,64002,1560,0,38,14669,0,343,1202,843,227,584,0,0,0,62,0,0,9700,0,875,2527
birch_forest,63949,1822,0,0,14609,0,1320,1274,1157,243,531,0,0,0,0,0,8,9894,0,896,1043
birch_forest,60535,553,152,103,13980,0,1558,1279,1119,302,766,0,0,0,0,0,0,15146,0,1135,7
taiga,57922,912,0,0,14170,4,1283,1114,1374,290,518,0,1,0,0,0,0,17841,0,1280,0
taiga,55347,818,0,0,14725,0,1012,728,1249,249,538,0,0,0,0,0,1,20714,0,1251,0
taiga,54173,1181,0,0,14809,0,1264,1026,1209,250,848,0,0,0,0,0,1,20634,0,1053,0
taiga,53892,1318,0,0,14615,0,1031,1035,1382,276,578,0,0,0,0,0,1,21166,0,1261,1
taiga,52720,675,0,0,14836,6,1306,1105,1303,254,289,0,0,0,0,0,0,23015,0,987,0
taiga,53410,1494,0,0,14519,0,1134,1315,746,252,581,0,0,0,0,0,0,21695,0,1622,0
taiga,53512,1294,0,0,14466,0,1202,1284,1736,248,641,0,0,0,0,0,0,20359,0,1718,0
taiga,54456,1286,0,0,13973,0,989,1241,1190,250,564,0,0,0,0,0,1,21472,0,1044,1
taiga,55981,1002,0,0,14077,0,1376,907,1099,201,775,0,0,0,0,0,0,19878,0,1352,75
taiga,62640,1441,0,0,12291,0,669,979,967,250,745,0,0,0,0,0,4,15820,0,956,0
forest,64338,864,99,0,12203,0,858,739,982,253,577,0,0,0,0,0,3,13948,0,1408,390
forest,64102,1355,2,0,14154,2,725,865,995,253,605,0,0,0,0,0,4,11582,0,1071,1082
forest,66908,890,0,0,13651,0,807,777,1321,168,408,0,0,0,0,0,1,10201,0,413,1300
forest,66642,1807,0,0,14042,0,1209,1051,1031,230,206,0,0,0,0,0,6,8458,0,1331,495
forest,65844,949,0,0,14653,0,978,784,1049,186,750,0,0,0,65,0,7,10050,0,1013,377
forest,66215,949,0,23,13971,0,768,894,964,84,400,0,0,0,121,0,0,9771,0,1493,1348
river,66471,907,0,17,13051,0,660,743,829,57,547,0,0,0,98,0,4,10717,0,1400,1604
forest,66042,1575,0,14,13474,0,735,514,680,149,575,0,0,0,190,0,0,10577,0,1866,624
forest,65369,1004,0,0,13548,4,1013,772,1090,248,576,0,0,0,0,0,6,11796,0,1106,42
forest,66072,1148,0,0,11723,0,1153,1022,891,253,565,0,0,0,0,0,3,12682,0,1051,0
forest,67623,729,0,0,12043,0,587,1270,1323,254,286,0,1,0,0,0,2,11490,0,1116,0
forest,65664,1447,32,0,12025,0,310,981,1045,252,301,0,0,0,0,0,3,12937,0,1535,0
forest,64336,1367,167,0,14349,0,1144,1128,1102,248,614,0,0,0,0,0,5,10898,0,1156,0
forest,63646,1372,0,0,14989,0,1609,589,993,243,635,0,0,0,0,0,4,11111,0,1173,6
forest,64977,2188,0,20,14672,0,1072,777,832,184,446,0,0,0,71,0,5,10668,0,816,50
forest,65968,980,0,13,14899,0,717,932,1013,65,451,0,0,0,215,0,5,10598,0,928,166
forest,66488,926,0,6,13561,0,1320,832,951,1,492,0,0,0,284,0,1,10371,0,1727,270
plains,66802,1523,0,17,13754,1,443,857,1339,2,776,0,1,0,227,0,2,9586,0,1519,260
plains,70647,1107,0,18,9906,0,1188,742,1270,12,535,0,45,0,440,0,5,9105,0,1188,974
river,69710,1211,0,0,11684,0,1148,870,1276,0,255,0,91,0,116,37,0,7781,38,570,2396
river,65818,1127,0,8,15258,0,843,1004,1725,0,414,0,0,0,212,19,0,7488,28,956,2234
plains,66100,628,0,11,14429,0,987,973,1452,12,543,0,0,0,242,1,6,8419,4,1248,2041
plains,65843,1078,0,18,15258,0,1375,1148,1115,121,746,0,219,0,177,0,14,9334,0,433,293
plains,67173,767,0,0,13584,0,1335,633,764,1,418,0,5,0,254,0,0,10780,0,870,564
plains,70311,717,0,2,10394,8,1288,583,493,46,550,0,1,0,229,0,17,9915,0,1086,1602
plains,75865,1242,0,0,8222,0,746,653,1326,244,150,0,4,0,36,0,77,5819,0,218,2670
plains,75456,1161,0,0,8486,0,1285,549,831,242,28,0,6,0,18,0,46,5847,0,951,2351
plains,70297,1034,0,0,13224,0,907,816,507,251,287,0,1,0,0,0,59,8100,0,868,958
plains,71218,1091,0,0,10190,0,895,647,695,256,492,0,0,0,0,0,72,8569,0,1176,1998
plains,66812,1344,9,0,12888,0,1394,871,1173,255,466,0,0,0,0,0,39,10227,0,1547,89
plains,67965,904,470,0,14647,0,763,862,797,256,271,0,0,0,0,0,42,8284,0,1399,382
plains,68188,942,493,0,14718,1,1021,971,599,256,898,0,1,0,0,0,56,7023,0,1129,744
plains,65803,1054,247,0,14808,0,1153,1034,783,256,599,0,0,0,0,0,63,9465,0,1042,812
plains,64319,1447,172,0,14617,0,1731,1153,748,256,447,0,0,0,0,0,39,10866,0,1076,203
plains,60517,895,0,0,14288,2,952,1146,1120,256,489,0,0,0,0,0,31,15956,0,1415,0
plains,58491,750,0,0,14024,0,1128,1137,1289,256,639,0,0,0,0,0,42,18026,0,1172,0
plains,56806,1587,0,0,14402,0,1301,1350,585,256,768,0,0,0,0,0,39,18880,0,965,0
plains,56191,928,0,0,15427,0,595,1404,1321,257,428,0,0,0,0,0,18,19904,0,543,0
plains,58022,1760,0,0,12484,0,1157,1713,617,310,386,0,0,0,0,0,26,19370,0,1064,0
plains,67917,1315,0,0,9138,0,1395,1292,1498,266,428,0,0,0,0,0,46,13180,0,718,0
plains,72551,1105,0,0,5693,0,1123,1520,943,298,337,0,1,0,0,0,49,12780,0,142,659
plains,73097,1156,0,0,4854,2,1341,1538,777,256,504,0,43,0,0,0,44,12894,0,206,555
plains,69110,906,38,0,7921,0,1037,1283,1065,256,165,0,0,0,0,0,49,14245,0,670,357
plains,64205,1038,47,0,14363,1,1005,949,1185,256,130,0,0,0,0,0,38,12786,0,969,146
plains,65148,1774,0,0,13693,0,1202,784,1028,256,284,0,0,0,0,0,58,11784,0,1140,1
plains,65416,973,0,0,14232,0,1266,731,1069,256,408,0,0,0,0,0,63,11166,0,1546,0
plains,65476,897,0,0,13802,0,1164,1056,1542,258,291,0,1,0,0,0,69,11043,0,1320,274
plains,66078,1075,0,0,14827,0,1342,943,857,79,334,0,0,0,322,5,23,9030,10,791,1485
river,66798,946,0,13,14088,0,893,935,1197,0,419,0,1,0,167,7,0,7677,12,544,3515
plains,66485,1305,0,3,13995,0,1117,870,1373,190,542,0,449,0,3,6,50,9080,6,841,816
plains,68008,1257,0,0,12851,0,862,757,844,243,219,0,90,0,0,0,49,9706,0,1286,979
plains,66178,918,0,0,14545,0,570,1146,1104,242,760,0,1,0,0,0,60,9563,0,838,1249
plains,67754,1485,142,0,10533,0,1012,675,740,256,592,0,1,0,0,0,50,8250,0,694,4846
plains,65778,889,0,0,14060,2,1194,961,845,256,372,0,71,0,0,0,37,8837,0,1251,2634
plains,65021,1484,8,0,14131,1,861,1077,1119,215,215,0,2,0,160,0,22,9933,0,1717,1141
plains,63862,1512,37,0,14764,0,1629,1111,1152,234,419,0,27,0,58,0,17,10747,0,943,567
plains,62488,1602,0,0,14616,8,1008,1002,759,258,431,0,39,0,63,0,29,13337,0,676,730
plains,55925,1386,0,0,14881,0,945,1049,1335,312,361,0,1,0,0,0,31,19441,0,1019,319
plains,53691,1456,0,0,14433,0,1392,1298,1019,287,777,0,0,0,0,0,30,20806,0,1522,203
plains,53052,1403,0,0,15143,0,784,838,959,233,1020,0,0,0,0,0,15,22431,0,955,133
windswept_gravelly_hills,55529,1059,0,0,14108,0,1523,421,1168,16,1651,0,97,0,0,0,1,19610,0,1300,357
windswept_gravelly_hills,58552,1177,208,0,14364,1,1226,455,847,0,1177,0,55,0,0,0,0,16476,0,727,567
windswept_gravelly_hills,59945,978,100,0,15000,0,1285,407,708,31,1209,0,0,0,0,0,2,14840,0,544,1308
plains,61217,925,0,0,14278,0,1603,847,332,190,922,0,20,0,0,0,11,13868,0,1531,1294
plains,62748,1382,0,0,14745,0,756,970,933,255,348,0,0,0,0,0,28,10547,0,1130,3229
plains,64963,904,0,16,14183,0,805,765,850,126,542,0,0,0,0,0,16,9962,0,920,3157
plains,55260,926,0,0,13199,0,1016,1444,1200,376,719,0,0,0,12,1,21,18057,0,1370,3332
river,64413,1433,0,23,14323,0,1390,1104,680,135,491,0,0,0,178,15,5,10660,10,1126,1125
plains,65241,900,0,3,13790,0,1302,1298,1087,240,93,0,0,0,0,0,35,10701,0,2038,428
plains,65977,1133,0,0,13867,0,864,995,650,252,609,0,0,0,0,0,47,10330,0,912,1492
plains,66431,1273,0,0,14489,0,1034,1074,717,256,337,0,0,0,0,0,51,9644,0,1095,773
plains,65772,886,0,0,15136,0,1416,733,808,256,461,0,195,0,0,0,72,10657,0,777,3
plains,65675,699,0,0,14371,6,1068,843,1550,256,609,0,50,0,0,0,74,10366,0,1467,128
plains,65751,1249,0,0,14928,8,1352,1119,1101,256,308,0,0,0,0,0,60,9743,0,1338,9
plains,65567,1522,0,0,15044,0,1032,1108,932,256,390,0,0,0,0,0,57,10082,0,1179,0
plains,65777,1696,0,0,14139,0,452,1319,1662,244,295,0,0,0,0,0,54,10068,0,1327,71
plains,65612,663,0,0,14947,1,1188,1099,1045,256,547,0,0,0,0,0,51,10380,0,1309,0
plains,66306,1263,0,0,13871,0,1656,1047,887,242,547,0,0,0,0,0,53,9424,0,1725,40
plains,65746,1274,0,10,14878,0,993,1197,554,235,374,0,0,0,12,4,36,10465,0,1038,297
river,65846,1283,0,31,14158,2,585,1084,1350,14,888,0,0,0,363,32,0,8365,22,1345,1829
river,66402,825,0,17,14037,6,1156,874,393,0,611,0,2,0,256,31,0,7934,38,670,3989
river,66045,1169,0,4,14291,0,888,717,701,0,636,0,63,0,330,22,0,7331,22,1305,3686
river,67956,1202,0,34,12130,0,1005,878,812,0,580,0,276,0,287,5,0,8286,18,1024,2781
river,68001,1099,0,27,12534,0,453,746,856,0,677,0,0,0,83,30,0,8547,26,873,3323
river,68272,871,0,0,12095,0,1163,772,565,0,623,0,81,0,201,0,0,8774,0,1326,2432
plains,67106,987,0,0,12857,0,871,1429,1497,236,334,0,0,0,0,0,41,10340,0,1135,287
plains,65243,1066,110,0,13975,0,1102,1207,1154,253,613,0,0,0,0,0,22,10935,0,1131,0
forest,64937,978,0,0,14175,0,718,1263,1194,249,306,0,0,0,0,0,6,11355,0,1379,89
forest,66217,788,0,0,12733,0,1460,1631,1076,252,446,0,0,0,0,0,6,10746,0,1304,7
forest,65823,731,0,0,12836,0,1233,1556,607,250,436,0,0,0,0,0,10,12404,0,525,7
forest,62703,1275,0,0,14946,0,933,961,1080,252,477,0,0,0,0,0,6,13108,0,929,111
forest,63627,1175,0,0,14554,0,766,1019,578,250,624,0,0,0,0,0,13,11053,0,1205,1794
forest,61699,982,0,0,15115,0,1289,865,1073,251,414,0,0,0,0,0,4,13796,0,1005,43
forest,63942,1800,0,0,12051,0,880,1285,740,263,257,0,11,0,0,0,3,12250,0,1114,10
forest,65445,880,0,0,10639,0,1224,984,1025,251,223,0,2,1,0,0,6,11219,0,1131,149
forest,64699,530,0,0,14118,0,1008,607,1184,250,464,0,0,5,0,0,6,11094,0,862,225
forest,65058,1297,0,0,13374,0,806,679,1233,264,760,0,0,0,3,0,8,12213,0,1028,0
forest,65581,1213,0,0,14884,0,896,726,846,251,554,0,56,0,0,0,11,10537,0,964,165
birch_forest,64200,536,0,0,14300,0,1505,961,846,249,242,0,1,0,0,0,5,11366,0,1625,809
birch_forest,63751,802,0,0,14186,0,773,1206,1362,253,491,0,74,0,0,0,6,11635,0,1446,826
birch_forest,64860,1652,0,0,14821,0,1295,549,965,250,684,0,121,0,0,0,8,10434,0,940,29
birch_forest,65511,1313,0,0,14239,0,683,597,1462,246,490,0,13,0,0,0,11,11096,0,709,9
birch_forest,66578,1187,2,0,14015,0,1320,553,1009,249,439,0,0,0,0,0,13,9967,0,962,161
birch_forest,67094,1055,0,65,14362,0,1206,635,342,251,492,0,24,0,0,0,13,10520,0,614,0
birch_forest,65223,1182,0,133,13518,0,1196,917,1187,252,485,0,23,0,0,0,9,10992,0,1649,23
birch_forest,64041,1259,0,268,12848,0,1250,882,1084,248,443,0,0,0,0,0,6,12705,0,1599,64
birch_forest,63184,966,0,183,13832,0,783,1005,1065,252,402,0,0,21,0,0,14,13332,0,1267,505
birch_forest,63322,1133,0,505,13421,0,1118,1113,1085,254,589,0,0,83,0,0,30,13044,0,1040,74
dark_forest,67081,1135,86,460,10630,0,859,798,575,243,392,0,0,97,0,0,15,12239,0,1281,424
dark_forest,67083,767,112,888,12300,0,1234,913,767,244,265,0,0,274,0,0,34,10628,0,761,72
dark_forest,66249,1075,240,515,12732,0,1341,960,1180,237,152,0,244,92,0,0,11,10738,0,567,0
dark_forest,65659,1249,300,823,11935,0,881,743,1567,239,414,0,7,1,0,0,3,10998,0,1330,0
dark_forest,64784,1042,400,182,13685,0,1429,844,1320,243,475,0,287,18,0,0,16,10656,0,871,0
dark_forest,64186,1551,194,855,13456,0,848,1065,1077,247,386,0,14,73,0,0,19,10563,0,1063,2
dark_forest,63386,860,0,1015,13853,0,674,1469,856,245,505,0,0,0,0,0,10,12126,0,1409,0
dark_forest,62818,1342,0,805,14768,0,1347,1601,985,252,468,0,0,0,0,0,10,11022,0,1000,0
dark_forest,61792,1419,0,945,14173,0,793,1264,1255,240,419,0,0,0,0,0,3,12384,0,1462,0
dark_forest,65438,1063,0,748,10670,0,905,916,725,250,327,0,0,84,0,0,32,12048,0,879,160
dark_forest,64736,1147,0,841,12650,0,1096,1191,841,245,291,0,0,205,0,0,40,9932,0,1078,1865
dark_forest,66648,1829,0,943,13201,6,810,1274,694,243,519,0,0,660,0,0,100,7503,0,1036,414
dark_forest,68139,1125,0,1331,10411,0,708,1026,698,240,388,0,26,942,0,0,122,9145,0,896,67
dark_forest,67697,984,0,1218,10232,0,1220,849,1020,245,558,0,61,449,0,0,43,10274,0,1369,33
dark_forest,66059,1282,0,1662,10990,0,979,925,1624,237,481,0,749,243,0,0,42,9599,0,1291,32
dark_forest,66875,1051,0,1092,12223,0,600,718,861,242,557,0,866,353,0,0,64,9745,0,1020,50
dark_forest,65366,1186,0,1880,13600,0,1021,808,468,237,481,0,223,164,2,0,12,10084,0,1057,55
dark_forest,66001,840,0,1432,13684,0,1474,761,686,122,716,0,0,109,271,0,1,9761,0,769,133
dark_forest,68007,879,0,1027,11383,0,1149,990,1123,101,347,0,26,172,138,0,3,9357,0,1227,184
dark_forest,67098,881,0,638,13587,0,561,852,982,0,235,0,0,106,302,8,11,8312,24,1109,952
river,66681,736,0,1076,12858,0,1030,653,1070,0,552,0,0,19,113,23,7,7518,50,1483,2509
river,66163,1264,0,967,13597,0,967,535,1063,0,497,0,0,0,237,39,0,8311,54,1402,2132
river,66311,446,0,631,14273,0,1478,1330,1557,0,263,0,0,15,205,21,5,8300,22,1068,1287
dark_forest,67454,1154,0,638,12535,0,868,731,939,0,285,0,0,138,389,3,32,9895,0,1228,783
dark_forest,66033,1342,156,597,14000,0,760,1016,1228,0,526,0,0,53,141,1,8,9178,0,1270,785
dark_forest,65850,1297,370,417,13684,0,1067,1151,988,86,539,0,76,0,178,0,1,9361,0,1361,190
dark_forest,65651,982,900,705,13504,0,997,888,1133,180,686,0,34,2,40,0,5,9342,0,1160,260
dark_forest,65362,1213,190,603,13440,0,577,749,796,240,431,0,121,124,0,0,7,11015,0,1036,499
dark_forest,67462,1236,304,1002,10571,0,877,880,950,247,350,0,0,366,0,0,7,9318,0,436,1518
dark_forest,68376,1302,141,375,10860,0,964,907,841,218,393,0,1,341,1,0,24,10228,0,758,303
river,66349,1145,0,993,13197,0,826,1259,799,1,310,0,0,238,266,32,0,8467,34,1315,1913
river,66361,1000,0,322,12303,0,1491,984,1420,0,406,0,0,139,149,16,0,8328,30,780,3369
dark_forest,68118,977,0,613,8911,0,928,687,1224,99,158,0,0,360,60,0,4,9434,0,1513,3447
dark_forest,69893,959,0,341,8887,2,1152,904,695,229,196,0,48,502,0,0,22,7811,0,433,4271
dark_forest,71843,989,0,590,8269,1,819,551,555,237,266,0,0,687,0,0,97,6278,0,235,4751
dark_forest,73096,766,0,820,8164,0,1134,819,592,239,324,0,0,398,0,0,32,8632,0,352,1037
dark_forest,67084,782,0,435,12271,0,718,1197,471,240,679,0,78,61,0,0,4,10985,0,1350,0
dark_forest,64745,1791,0,665,14539,3,1122,1260,1006,244,455,0,119,201,0,0,28,9595,0,650,0
dark_forest,65102,589,0,1294,14098,0,1272,1089,1221,244,626,0,0,73,0,0,19,9624,0,1214,1
dark_forest,66212,548,0,708,14068,0,889,1028,742,239,977,0,22,8,0,0,10,9822,0,1162,0
dark_forest,68618,925,0,1021,12916,0,919,705,610,247,199,0,16,380,0,0,93,8538,0,803,47
dark_forest,69842,897,0,895,12413,0,1306,817,723,290,286,0,111,772,0,0,165,6958,0,589,17
dark_forest,68838,1115,0,963,12079,0,822,975,945,233,489,0,87,332,0,0,57,7651,0,1330,451
dark_forest,67687,931,181,680,12234,2,656,1187,1068,178,554,0,0,183,0,0,8,8574,0,681,1227
river,67028,1013,724,806,13107,0,741,530,950,1,556,0,1,296,50,27,15,7701,32,589,2698
dark_forest,66517,952,359,793,12650,0,1425,1053,1276,6,536,0,27,126,212,0,7,8884,6,1095,1111
dark_forest,65827,1088,0,878,13851,0,897,1234,1559,142,428,0,18,0,67,0,8,9475,0,1335,122
dark_forest,64114,1241,0,1065,14063,0,1246,1278,548,246,664,0,0,35,0,0,6,10799,0,975,164
dark_forest,64456,1413,0,1459,13069,0,856,1527,502,246,567,0,36,256,3,0,34,10725,0,1345,35
beach,65998,1091,0,991,13543,0,912,793,1198,90,308,0,172,49,721,0,2,9099,0,1327,90
beach,67449,975,39,1002,11533,0,916,558,1090,76,172,0,253,73,713,0,16,10300,0,1116,207
beach,67548,1145,110,659,11874,0,1414,427,972,34,184,0,296,40,797,0,18,8061,0,1324,1585
beach,67741,1242,0,791,11014,0,948,200,946,0,614,0,301,5,842,0,2,9908,0,1220,779
beach,65682,819,0,1143,13288,7,922,205,1550,0,632,0,0,0,990,0,0,10018,0,904,404
beach,66854,1223,0,714,13001,0,1118,157,928,18,412,0,3,374,759,1,28,9201,0,1132,848
beach,66293,1231,0,872,13549,0,724,291,781,10,322,0,72,24,618,2,0,9595,0,992,1315
beach,66299,1141,0,763,13096,1,881,73,1081,0,600,0,175,231,864,0,26,8410,0,1217,1317
beach,65234,1062,0,463,14922,0,1036,385,1113,0,441,0,0,30,912,0,0,9884,0,765,146
beach,65797,964,42,569,13869,1,1276,131,980,0,447,0,0,0,975,0,0,10433,0,1229,5
beach,66046,1055,11,164,14108,0,804,702,1394,36,310,0,0,89,646,0,13,9960,0,1279,8
taiga,67395,941,0,732,13021,0,604,686,1232,176,514,0,0,202,370,0,31,9349,0,1127,50
taiga,68003,1038,0,468,13028,0,765,889,859,295,565,0,0,383,0,0,34,9119,0,948,63
taiga,67445,420,0,96,12453,0,1172,1161,1346,254,455,0,0,382,0,0,20,10396,0,957,0
taiga,66153,1235,0,0,12572,0,1279,1168,993,251,554,0,0,108,0,0,0,10970,0,1454,0
taiga,64387,1204,237,0,14692,0,936,1195,885,252,606,0,0,0,0,0,0,11504,0,900,2
taiga,64706,1388,407,0,14495,0,810,1154,952,372,697,0,0,0,0,0,0,10181,0,1527,0
taiga,63874,835,350,0,14646,0,1157,968,1068,261,789,0,0,0,0,0,2,11635,0,837,133
taiga,64174,1075,154,0,13006,4,915,874,1264,251,705,0,0,0,0,0,2,12596,0,873,3
taiga,65593,1304,12,0,11720,0,1042,1109,1295,249,133,0,0,0,0,0,3,10527,0,1306,846
taiga,65639,1338,58,0,12370,2,1485,933,1695,192,630,0,0,0,0,9,2,8694,2,1478,864
river,66011,432,0,0,12821,2,1150,686,1399,75,564,0,0,0,149,6,1,8706,4,928,3390
river,66328,746,0,0,12242,0,936,901,487,0,343,0,0,0,251,22,0,4766,36,222,8486
river,66110,618,0,0,12576,0,468,170,659,0,224,0,0,0,411,13,0,5616,16,1046,8420
beach,66241,1099,0,5,12969,0,1125,485,1333,0,579,0,0,0,414,0,0,7583,0,1201,2129
cold_ocean,66343,1150,0,10,12567,1,727,472,827,0,696,0,0,0,111,19,0,7530,12,1196,3973
cold_ocean,66888,1216,0,7,14103,0,612,318,784,0,792,0,0,0,143,17,0,6786,18,1063,4052
cold_ocean,67167,839,0,0,14837,0,1289,400,541,0,422,54,3,0,41,27,0,7859,24,1012,2741
cold_ocean,65920,1241,0,0,14651,1,1431,322,769,0,491,282,1,0,0,27,0,8321,20,1195,2417
cold_ocean,66230,735,42,9,14394,0,620,478,1148,0,520,0,0,0,20,23,0,9144,24,836,2952
cold_ocean,66647,1022,48,10,13444,0,1041,525,1138,0,460,0,0,0,101,19,0,8594,14,1334,2708
cold_ocean,67070,776,0,0,14139,0,1188,242,762,0,563,0,0,0,49,33,0,7764,20,1075,3553
cold_ocean,66115,736,0,0,14314,0,516,523,1148,15,704,0,0,0,24,12,0,8478,22,1735,2860
cold_ocean,67687,975,0,0,13105,0,1206,345,54,0,568,0,0,0,26,23,0,7762,20,1371,3923
cold_ocean,67343,925,0,0,13486,0,1075,157,735,0,560,0,8,0,0,25,0,7864,16,1080,3959
cold_ocean,67085,1328,0,0,12944,0,663,251,941,0,909,33,18,0,0,31,0,7740,28,1683,3645
cold_ocean,66615,979,26,0,13715,0,997,224,1064,0,790,0,0,0,12,10,0,8059,18,960,3646
cold_ocean,67786,252,78,0,12544,0,1400,204,522,0,646,0,0,0,0,24,0,8228,12,1552,3877
cold_ocean,67655,829,84,0,12960,0,782,252,810,0,551,65,72,0,0,20,0,8164,28,981,3953
cold_ocean,67161,232,52,0,13262,0,1599,286,347,0,713,0,32,0,0,10,0,8034,10,1458,4060
cold_ocean,69708,1342,0,0,12019,0,1337,346,1220,0,519,0,0,0,14,28,0,6300,22,405,4036
cold_ocean,68510,1096,0,0,12626,0,381,59,409,0,621,0,0,0,0,15,0,8267,10,1112,4154
cold_ocean,68100,337,0,0,12498,0,115,70,784,0,916,0,0,0,0,3,0,9411,2,1401,3662
beach,69131,1231,0,0,10958,1,1078,105,1095,0,652,0,0,0,0,1,0,7311,6,1021,3973
forest,66669,550,16,0,14022,0,1426,327,892,0,793,0,0,0,1,0,0,6981,0,1078,4004
beach,67260,906,0,0,12115,0,1091,314,1109,0,635,0,0,0,323,1,0,7128,0,1315,3375
river,68918,1138,74,0,11079,0,979,295,651,0,789,0,1,0,39,33,0,8388,50,772,3391
beach,68399,654,4,0,12533,0,380,442,477,0,356,0,0,0,839,15,0,8447,22,1216,2949
beach,69557,1221,0,0,11538,0,1733,262,1368,0,561,0,0,0,1054,0,0,8199,0,671,572
beach,69412,844,0,0,10982,0,1011,235,999,0,327,0,0,0,1083,0,0,10197,0,1358,252
beach,69066,769,0,0,11325,0,824,348,1424,0,603,19,0,0,935,0,0,9285,0,1134,924
cold_ocean,67680,1179,0,0,13174,0,953,630,1161,0,655,64,0,0,309,11,0,8854,8,764,1629
cold_ocean,69343,1505,0,16,11680,0,746,850,768,0,710,46,0,0,235,19,0,8640,26,720,1939
cold_ocean,70424,1292,0,2,10529,0,1169,641,871,0,618,0,0,0,370,20,0,8456,14,964,1697
cold_ocean,68942,1478,0,0,12099,0,771,577,1284,0,491,0,0,0,561,33,0,8680,38,870,1175
beach,69159,1506,0,0,11686,0,926,478,1105,0,502,0,0,0,896,0,0,8431,0,747,1099
beach,70454,1266,0,0,10174,0,843,267,439,32,570,0,0,0,817,0,3,8285,0,1289,1809
taiga,68627,940,0,0,10831,0,655,478,1383,123,621,0,0,0,351,0,0,8313,0,1097,3157
taiga,64588,852,0,0,14297,0,757,413,748,230,566,0,0,0,44,0,0,11898,0,1670,535
taiga,62706,1007,0,0,15091,0,725,887,647,250,212,0,0,0,0,0,0,13710,0,829,535
taiga,61939,912,0,0,14152,0,2042,990,933,249,468,0,0,0,0,0,1,13215,0,1663,154
taiga,63512,1129,0,0,13259,0,1467,861,815,137,663,0,0,0,392,0,1,12727,0,1429,342
beach,63855,1007,0,0,14531,0,1375,328,1262,0,593,0,11,0,895,0,0,10964,0,795,682
beach,66136,1486,0,0,14058,0,1436,228,715,0,388,0,129,0,1194,0,0,8936,0,780,903
river,67224,343,0,0,13482,0,994,195,888,0,300,33,1,0,178,10,0,6521,18,1108,5896
cold_ocean,66045,342,0,0,15102,2,1144,142,1333,0,708,0,81,0,4,0,0,4466,0,1068,6828
cold_ocean,65901,1181,0,157,15013,0,1338,16,1242,0,647,0,0,0,0,14,0,7194,12,1127,3382
beach,66442,815,0,7,14785,0,633,231,203,0,351,0,30,3,222,0,3,6651,0,1040,5165
beach,66710,961,0,124,13968,1,837,114,475,0,360,0,0,8,743,0,4,8603,0,1360,1454
beach,66321,1234,0,157,14136,0,1066,381,554,0,501,0,0,0,825,0,0,9016,0,1382,985
beach,65792,1226,0,19,15200,0,1275,323,893,0,488,0,0,0,840,0,0,8290,0,933,1300
river,65958,916,0,253,14118,0,198,379,1434,0,674,0,0,23,224,33,0,8728,30,1152,2872
river,66170,897,0,356,14059,0,510,956,1820,0,462,0,104,0,192,14,0,8192,24,1229,2260
beach,65792,1016,0,207,14204,0,1213,679,723,3,383,0,0,0,605,21,0,8559,30,1409,2101
old_growth_birch_forest,65652,1128,0,216,14014,0,1085,735,1319,147,654,0,0,37,409,0,8,10161,0,733,457
old_growth_birch_forest,66050,1072,0,260,12620,0,1238,543,1099,249,515,0,0,104,0,0,7,11317,0,1532,29
old_growth_birch_forest,65439,817,0,529,15142,0,1530,526,1038,251,199,0,0,0,0,0,16,10440,0,850,0
old_growth_birch_forest,65045,1810,0,462,14338,8,989,1132,709,242,717,0,0,30,0,0,17,9886,0,955,1
dark_forest,64994,939,0,445,13986,0,1089,958,816,241,596,0,0,1,0,0,3,11383,0,1007,0
dark_forest,67066,877,0,359,13207,8,1302,817,1404,242,449,0,1,175,0,0,55,9493,0,710,230
dark_forest,65237,672,0,746,14153,0,850,859,1017,247,585,0,0,30,0,0,5,10035,0,1474,106
dark_forest,66055,1084,0,1053,12980,2,842,1144,569,234,412,0,0,107,8,0,10,10233,0,1004,217
dark_forest,66205,1157,0,758,13343,0,1318,834,1315,73,249,0,0,110,251,0,11,9000,0,1225,1110
ocean,67095,1284,0,1341,11547,0,1006,457,801,0,508,89,0,323,1,0,35,6774,0,1546,4251
ocean,66391,1421,0,635,12930,0,356,297,957,0,440,185,0,316,0,19,26,7975,16,1236,3936
ocean,66457,1001,0,703,13272,0,755,6,1405,0,814,186,0,102,0,27,20,7487,16,757,3984
ocean,67356,553,0,894,12709,0,976,92,417,0,483,72,0,266,0,19,59,7632,32,844,4776
ocean,68366,740,0,1092,12221,0,976,336,851,0,596,0,0,89,0,31,20,5184,30,1125,4334
ocean,66430,1018,0,1225,13092,0,1223,166,1020,0,904,0,0,78,0,17,31,6567,16,880,4160
ocean,66987,159,0,985,13329,3,323,140,1133,0,691,315,0,50,0,28,13,6873,28,1201,3645
ocean,66759,365,40,922,13638,0,467,5,1005,0,449,369,20,106,0,17,17,7839,22,1180,3859
ocean,67269,943,0,1674,13375,2,919,178,1371,0,623,0,2,71,0,21,9,5500,38,735,4350
ocean,69124,764,0,1099,10364,0,700,37,963,0,556,0,0,413,0,18,77,6272,20,901,5752
ocean,66801,732,0,1261,12383,0,1090,184,892,0,629,0,20,158,37,20,5,5474,20,1024,6479
ocean,66540,921,0,995,13539,0,1069,37,796,0,464,0,0,7,1,26,0,4635,14,807,6856
ocean,66137,1049,0,764,14173,0,1059,56,802,0,740,0,0,0,0,29,0,5529,28,1079,5804
ocean,65792,1004,0,867,14129,0,762,342,930,0,509,124,0,0,0,26,0,7156,22,1216,4281
ocean,66182,776,0,1624,12508,5,975,193,785,0,877,150,0,72,0,24,10,7643,22,1155,4239
beach,66090,1144,0,1507,13262,0,469,355,1160,0,610,72,0,97,176,13,7,7366,16,981,3707
beach,66355,1172,0,529,13050,1,1026,236,559,0,675,0,0,8,865,0,0,9573,0,1128,952
beach,65930,1537,0,973,13877,0,992,221,719,7,709,0,0,52,731,0,16,8190,0,1431,1136
dark_forest,66370,579,0,922,14718,1,453,608,681,120,541,0,0,197,205,0,32,8241,0,895,2093
dark_forest,66727,1093,0,1014,14414,2,896,762,1183,155,635,0,0,284,61,0,67,6877,0,997,1111
dark_forest,66999,978,0,1007,13615,0,664,854,814,227,643,0,10,116,0,0,23,8461,0,1607,157
dark_forest,67393,1124,0,424,13424,0,511,848,864,100,633,0,192,83,92,0,14,9872,0,884,318
dark_forest,67757,479,0,837,14187,0,1161,649,874,3,626,0,108,74,24,0,25,6556,0,1274,2580
river,66477,589,0,337,14752,0,448,545,669,0,659,0,9,0,221,0,0,7540,0,544,4436
birch_forest,66285,601,0,215,14662,0,1003,224,246,29,180,0,0,0,113,0,2,6022,0,916,6666
birch_forest,65157,943,0,382,13837,0,1069,638,1000,220,785,0,0,0,9,0,11,8448,0,1643,2704
birch_forest,65308,1395,0,289,11833,0,822,862,1096,251,770,0,0,5,0,0,0,11219,0,511,515
birch_forest,64141,1043,0,0,14786,0,755,783,1415,250,488,0,0,158,0,0,6,12078,0,722,201
birch_forest,60161,2308,0,19,13944,0,915,1257,444,277,470,0,0,107,0,0,5,15358,0,1506,71
taiga,56825,1051,0,0,14590,0,1398,1321,1359,268,588,0,0,0,0,0,1,18502,0,833,47
taiga,54272,1140,0,0,14808,0,1275,990,1010,251,511,0,0,0,0,0,2,21251,0,966,0
taiga,53553,1579,0,0,14038,0,921,884,1089,248,528,0,0,0,0,0,1,22307,0,1072,0
taiga,52923,1232,0,0,13581,0,1467,1540,1133,255,729,0,0,0,0,0,0,21989,0,1293,0
taiga,54896,761,0,0,15205,0,1125,1239,1005,250,734,0,0,0,0,0,2,20427,0,975,0
taiga,54753,789,0,0,15208,0,629,1452,1254,250,466,0,0,0,0,0,2,20879,0,826,0
taiga,51832,1463,0,0,14417,0,1366,1386,1169,250,721,0,0,0,0,0,1,22223,0,1507,0
taiga,52421,1616,0,0,14154,0,1174,1361,1515,271,652,0,0,0,0,0,1,21610,0,1582,0
taiga,53260,990,0,0,14039,0,998,1620,1470,263,596,0,0,0,0,0,0,22375,0,961,0
taiga,54132,997,0,0,12138,0,567,1247,781,227,534,0,77,0,0,0,1,24188,0,1455,95
taiga,55596,1447,0,0,11792,0,1440,1054,1197,117,451,0,0,0,0,0,0,21586,0,1810,1
taiga,57668,1407,0,0,13966,0,622,1031,888,384,490,0,0,0,0,0,1,19095,0,1123,0
forest,60696,691,0,0,13213,0,1044,709,1533,265,720,0,0,0,0,0,1,16775,0,1063,79
forest,62684,1264,0,0,14520,0,1167,874,1001,250,550,0,0,0,0,0,3,13618,0,564,74
forest,67081,1572,0,0,13285,0,1044,953,799,253,170,0,1,0,0,0,5,9050,0,1173,34
forest,65249,1339,0,0,14994,0,833,953,1154,201,367,0,0,0,0,0,10,8813,0,856,1630
forest,65777,829,0,0,15254,0,1752,866,394,219,448,0,0,0,0,0,0,7300,0,892,2949
forest,63832,1228,0,0,14873,0,1247,836,1054,256,293,0,0,0,0,0,7,8751,0,1108,3293
forest,66805,846,0,0,13521,0,903,583,1309,252,265,0,0,0,0,0,8,8530,0,831,2999
river,67593,405,0,0,13774,0,1064,443,908,184,403,0,0,0,0,0,8,7799,0,1057,3373
forest,64541,988,0,0,14216,0,1184,588,1032,258,529,0,0,0,0,0,12,9865,0,1528,2043
forest,64640,1176,0,0,14897,0,1953,787,996,231,479,0,0,0,80,0,4,10601,0,830,151
forest,63827,1325,0,0,13762,0,1094,1264,1648,256,364,0,0,0,0,0,10,11771,0,1385,15
forest,64211,1356,0,0,13918,0,792,932,1079,249,300,0,0,0,0,0,5,12152,0,1333,16
forest,67464,1118,0,0,13189,0,1443,1274,821,249,166,0,0,0,0,0,3,9725,0,936,128
forest,64725,712,0,2,14510,0,1047,977,933,250,641,0,0,0,0,0,5,11410,0,1204,228
forest,66195,814,0,2,14646,0,993,1170,1097,53,587,0,0,0,300,0,0,10086,0,899,239
forest,66112,1013,0,17,14812,0,902,1106,1045,41,493,0,1,0,278,0,2,9575,0,1316,274
forest,66199,1148,0,0,14272,0,1093,609,968,7,441,0,0,0,308,0,0,10727,0,1112,294
plains,66755,1267,0,0,14062,1,1380,961,1176,55,552,0,0,0,223,0,14,9723,0,829,199
plains,69388,1207,0,9,11606,0,922,1008,1064,3,342,0,1,0,304,0,1,9802,0,704,806
river,69854,676,0,0,11359,0,1155,593,972,0,369,0,0,0,39,14,0,8481,20,593,3069
river,66478,843,0,1,13762,4,622,819,1038,7,564,0,0,0,305,11,0,8706,14,1392,2601
plains,66126,1424,0,15,14609,0,972,1281,1113,153,664,0,169,0,168,0,29,9594,0,615,190
plains,65740,874,0,0,14375,0,1474,1169,979,254,277,0,86,0,0,0,55,10085,0,1683,2
plains,67835,1261,0,1,13546,0,1331,975,742,81,685,0,43,0,102,0,8,8859,0,611,1041
plains,72556,347,0,12,9977,5,1025,520,1064,0,549,0,193,0,310,0,0,7560,0,958,2148
plains,75861,985,0,0,8156,0,810,572,1074,109,223,0,213,0,149,0,27,6637,0,449,1992
plains,78348,430,0,0,6750,0,602,567,454,218,342,0,26,0,24,0,46,6530,0,883,2083
plains,72492,737,0,0,12313,0,918,673,249,250,324,0,0,0,18,0,55,5732,0,602,2811
plains,70415,181,0,0,12709,0,745,782,886,256,203,0,0,0,0,0,58,7184,0,1352,2504
plains,68747,833,0,0,12055,0,985,993,1193,245,245,0,0,0,0,0,55,9792,0,525,1543
plains,68106,811,102,0,12515,0,1105,1252,768,256,246,0,0,0,0,0,54,10756,0,804,338
plains,66014,1217,0,0,13801,0,1082,1498,959,256,305,0,0,0,0,0,61,10515,0,1236,199
plains,64602,810,192,0,14338,0,951,1429,1256,256,332,0,0,0,0,0,37,11315,0,1136,363
plains,65162,983,213,0,14011,0,1498,1244,1781,255,514,0,0,0,0,0,62,9600,0,1404,155
plains,64392,1642,147,0,14174,0,1122,1075,1670,256,251,0,21,0,0,0,41,11006,0,1209,0
plains,60139,1334,34,0,14338,4,1323,746,803,256,628,0,9,0,0,0,46,16534,0,839,0
plains,57941,891,0,0,14493,0,1748,1256,1068,256,517,0,1,0,0,0,39,17810,0,1082,0
plains,59024,1112,0,0,14761,0,1262,1290,1057,257,851,0,0,0,0,0,46,16200,0,1111,0
plains,62880,1012,0,0,12304,0,1392,1970,1788,385,447,0,0,0,0,0,36,14145,0,748,1
plains,66907,945,0,0,7282,0,1053,1887,869,337,418,0,0,0,0,0,36,16427,0,880,0
plains,71948,919,0,0,4917,0,522,1667,1131,302,268,0,34,0,0,0,58,14402,0,612,407
plains,71730,1251,0,0,4617,0,1202,1188,587,256,262,0,475,0,0,0,62,13517,0,198,1833
plains,68638,773,0,0,8818,0,1458,1077,825,256,550,0,227,0,0,0,50,13729,0,674,95
plains,64171,1442,0,0,14154,0,1308,1113,955,256,293,0,0,0,0,0,62,12191,0,1090,53
plains,64847,1493,0,0,13695,4,624,1009,1638,256,596,0,2,0,0,0,59,11436,0,1486,42
plains,66040,909,0,0,13442,0,1659,711,1156,268,552,0,0,0,0,0,68,10752,0,1641,0
plains,65497,881,0,0,14549,8,1246,945,1173,292,234,0,0,0,0,0,63,10775,0,1449,32
plains,67209,1696,0,0,12787,0,1581,934,931,238,359,0,0,0,12,0,66,9899,0,1416,39
river,66225,932,0,0,14334,0,558,831,1079,70,695,0,0,0,175,5,17,9723,8,1216,1324
river,66638,1337,0,0,13774,0,479,827,516,38,619,0,67,0,225,3,6,9067,4,1653,1859
plains,67287,1138,0,0,13003,0,1020,811,565,210,320,0,12,0,39,0,31,10053,0,1274,955
plains,67760,1168,0,0,13239,0,990,617,532,255,459,0,0,0,0,0,62,10545,0,1317,308
plains,68645,1262,0,0,10597,2,1589,1040,826,255,277,0,1,0,0,0,44,9310,0,1390,1883
plains,66254,958,142,0,14051,0,988,1251,782,256,341,0,0,0,0,0,31,10109,0,1353,499
plains,64736,778,5,0,15165,0,1443,1407,715,256,299,0,1,0,0,0,35,10077,0,890,1398
plains,61680,1178,67,0,14947,0,981,1246,695,335,562,0,146,0,2,0,8,12329,0,931,2029
plains,62855,1244,0,0,14465,0,1003,991,1236,207,413,0,1,0,175,0,12,12153,0,1461,913
plains,56532,1278,0,0,15525,0,720,1238,1420,266,464,0,0,0,0,0,30,18588,0,718,87
plains,57938,1366,0,0,14244,0,1064,1154,1744,256,556,0,0,0,0,0,41,17242,0,1435,84
plains,57683,1275,0,0,14440,6,1148,482,1210,156,1115,0,0,0,0,0,22,17426,0,1797,213
windswept_gravelly_hills,56532,1061,0,0,14289,0,1000,369,1362,0,1171,0,0,0,0,0,0,19662,0,1354,0
windswept_gravelly_hills,61015,1236,4,0,13855,0,1052,465,963,0,957,0,101,0,0,0,0,16126,0,1082,143
windswept_gravelly_hills,59811,1348,106,0,12288,0,1076,786,1454,73,1056,0,141,0,0,0,6,17052,0,1433,256
windswept_gravelly_hills,58321,1063,0,0,13392,1,1088,267,1039,3,1417,0,0,0,0,0,0,18321,0,1731,41
windswept_gravelly_hills,60201,1310,73,0,14192,0,817,519,1964,0,1133,0,0,0,0,0,0,14995,0,969,638
plains,58905,967,0,0,13827,3,1172,684,1090,179,1172,0,5,0,0,0,20,16119,0,914,1182
plains,59365,1128,0,0,14708,0,387,1128,760,303,240,0,0,0,0,0,27,14446,0,707,3426
plains,61358,1224,0,0,14582,0,1267,892,975,274,495,0,0,0,0,0,46,12844,0,1147,2009
plains,64086,1237,0,0,14315,0,1116,626,865,238,482,0,0,0,70,0,26,11060,0,1133,1967
plains,58150,973,0,0,14671,0,1245,1164,1424,378,435,0,0,0,0,0,17,16248,0,1010,1275
plains,65288,1688,0,0,14516,0,1146,1072,994,256,437,0,0,0,0,0,30,9896,0,1676,166
plains,66261,889,0,0,14091,0,825,996,1005,225,602,0,0,0,89,0,52,9474,0,1067,1544
plains,65658,1007,0,0,15192,0,511,977,1304,255,414,0,11,0,0,0,43,10817,0,795,110
plains,65291,936,0,0,14380,4,1329,736,1174,256,878,0,32,0,0,0,68,10863,0,1157,16
plains,65493,769,0,0,14489,0,1793,1066,875,258,428,0,0,0,0,0,54,10763,0,1041,23
plains,65984,1450,0,0,14624,0,774,1373,890,256,522,0,0,0,0,0,69,9683,0,1259,201
plains,66213,1106,0,0,14964,0,1195,1185,361,239,490,0,0,0,0,0,68,10255,0,1122,34
plains,65881,913,0,0,14408,2,1533,943,1070,256,337,0,0,0,0,0,62,10323,0,1408,0
plains,65672,1230,0,0,15379,0,840,876,1100,256,433,0,0,0,0,0,56,10217,0,996,0
plains,66505,803,0,0,13608,0,1226,848,782,189,654,0,0,0,20,0,49,10318,0,1727,407
plains,65753,760,0,21,14608,0,892,1162,1415,122,518,0,0,0,99,0,38,9290,0,1474,1004
plains,66012,1158,0,1,14997,0,924,1180,1137,0,380,0,46,0,214,3,0,8377,0,958,1766
river,66341,1351,0,16,13973,0,620,896,1028,0,449,0,7,0,213,25,0,6609,30,1605,4039
river,66054,917,0,9,14481,0,888,561,758,0,520,0,268,0,196,20,0,7483,36,761,4341
river,66586,697,0,0,14096,0,859,62,1305,0,928,0,229,0,49,14,0,8108,28,726,3610
river,67150,852,0,2,13557,0,1112,357,1044,0,340,0,0,0,95,0,0,8410,4,1043,3293
plains,68392,1152,0,1,12239,0,987,641,1083,3,361,0,0,0,264,0,0,8978,0,1030,2071
plains,68458,1356,0,0,12178,0,426,1168,1191,255,259,0,0,0,0,0,21,10465,0,1358,41
plains,64848,1429,0,0,13494,0,1200,1079,674,252,622,0,0,0,0,0,11,11487,0,1501,199
forest,65868,1072,0,0,13872,0,1630,1211,1210,251,91,0,0,0,0,0,4,10958,0,596,43
forest,66327,1128,0,0,12196,0,1156,1813,1157,252,271,0,7,0,0,0,22,11091,0,1289,154
forest,64745,1285,0,0,13631,0,668,1437,1230,251,200,0,0,0,0,0,2,11210,0,1105,1043
forest,62912,1129,0,0,13906,0,1271,1488,885,377,488,0,47,0,0,0,5,11356,0,1205,1677
forest,63172,1359,108,0,12873,0,1270,991,876,386,536,0,156,0,0,0,2,13079,0,1531,166
forest,62130,1538,0,0,14167,0,744,896,1079,254,618,0,142,0,0,0,6,13539,0,1192,73
forest,63937,900,0,0,11213,0,820,708,1136,250,388,0,42,0,0,0,6,13244,0,1232,200
forest,66398,1107,0,0,9787,0,1281,793,1118,251,460,0,664,9,0,0,8,10146,0,1377,111
forest,65383,295,0,0,13298,0,858,1009,666,250,512,0,181,1,0,0,10,10899,0,1225,222
forest,64070,894,0,0,14697,0,1027,934,1441,305,721,0,0,0,0,0,8,11401,0,1125,0
forest,65785,989,0,0,13599,0,1501,544,870,250,376,0,4,0,0,0,8,11406,0,1264,0
birch_forest,66638,829,0,0,13708,0,1132,956,810,247,736,0,1,0,0,0,13,10583,0,903,42
birch_forest,66645,1052,0,0,14302,0,758,900,721,250,429,0,1,0,0,0,17,10185,0,1231,192
birch_forest,66260,1165,0,0,13993,0,1081,847,1333,246,283,0,77,0,0,0,10,10568,0,817,17
birch_forest,65645,714,0,0,14622,0,819,688,911,248,612,0,0,0,0,0,10,11429,0,825,30
birch_forest,65890,1026,115,0,13204,0,1243,746,677,248,556,0,13,0,0,0,16,10875,0,1944,0
birch_forest,64588,1161,0,0,14242,0,839,697,716,249,376,0,138,0,0,0,8,11692,0,1999,0
birch_forest,63905,1405,0,282,14458,0,937,809,1228,249,662,0,0,26,0,0,22,11297,0,1268,0
birch_forest,64581,1178,0,405,14116,0,878,805,1320,250,262,0,0,10,0,0,21,11990,0,916,86
birch_forest,64209,1076,0,473,13926,0,960,937,1180,252,651,0,0,67,0,0,12,10663,0,1337,1152
birch_forest,61806,1416,0,414,13863,0,727,907,1447,246,676,0,0,106,0,0,34,13933,0,760,84
dark_forest,66072,1256,84,674,11685,0,927,728,901,248,536,0,0,312,0,0,27,11611,0,1221,96
dark_forest,67614,651,354,510,12023,0,1027,447,849,214,335,0,0,544,0,0,93,10420,0,866,108
dark_forest,65215,1315,558,528,13497,0,1162,771,1177,240,392,0,8,304,0,0,79,10280,0,607,1
dark_forest,67917,832,405,744,10667,0,1368,708,864,237,271,0,0,31,0,0,13,11517,0,609,0
dark_forest,64101,1425,273,635,13314,0,1062,952,761,244,509,0,121,0,0,0,11,11231,0,1329,0
dark_forest,62895,1219,216,978,14172,0,1296,1064,1392,233,430,0,0,2,0,0,10,11457,0,791,0
dark_forest,62790,1271,0,594,14419,0,1391,1251,1036,241,388,0,0,0,0,0,1,12025,0,989,0
dark_forest,62688,1052,0,663,13663,2,999,1205,1187,243,547,0,27,0,0,0,4,12451,0,1642,0
dark_forest,61787,965,0,900,14996,0,1260,989,1026,250,540,0,0,0,0,0,6,12558,0,1081,0
dark_forest,64925,1282,0,992,13056,0,988,949,968,236,526,0,0,141,0,0,40,10859,0,1168,0
dark_forest,65300,1261,0,1104,12826,0,498,1537,1407,244,534,0,5,387,0,0,38,10195,0,841,3
dark_forest,64214,1247,0,1219,14168,3,1308,1293,1034,243,591,0,20,69,0,0,23,9617,0,1229,29
dark_forest,65361,1391,0,1115,13106,0,1331,1011,1118,249,510,0,23,413,0,0,74,9763,0,791,22
dark_forest,67591,1299,0,1153,10805,0,581,719,843,247,342,0,566,810,0,0,120,10069,0,989,0
dark_forest,69583,734,0,943,10568,0,796,634,578,241,579,0,1048,993,0,0,184,8701,0,493,16
dark_forest,67416,796,0,1631,12030,0,658,614,1184,241,191,0,933,608,0,0,90,7916,0,1783,189
dark_forest,65535,1090,0,543,14226,0,950,691,1424,221,819,0,199,232,0,0,56,9019,0,1234,151
dark_forest,68098,743,0,1565,13253,0,1242,1048,515,70,222,0,0,375,149,0,45,7999,0,824,294
dark_forest,67535,1292,0,693,10820,0,1456,1268,990,71,200,0,15,258,148,0,68,8358,0,1214,179
dark_forest,66539,641,0,976,12103,0,891,711,991,31,641,0,19,61,354,0,14,9910,0,936,295
river,66636,948,0,590,14165,0,811,331,731,0,499,0,0,10,235,13,5,9162,18,946,2101
river,67610,926,0,880,13124,0,997,285,493,0,667,0,0,292,162,21,70,8461,38,971,2052
river,67379,1337,0,1141,12966,6,955,1241,778,0,774,0,1,206,151,17,49,7960,40,1131,1011
dark_forest,66239,1378,0,577,14136,0,463,1155,1125,0,471,0,0,2,230,0,0,9448,0,1487,443
dark_forest,66158,994,276,577,13854,0,851,531,1373,0,920,0,0,1,233,0,0,9656,0,833,672
river,67278,1131,0,397,12848,0,1491,814,1143,0,337,0,0,163,195,6,0,9167,12,1068,1116
river,66276,701,239,238,13829,3,1271,998,363,0,571,0,0,2,253,16,0,10292,8,1427,683
dark_forest,65700,1029,481,628,13985,0,1489,842,1288,128,701,0,0,0,80,0,2,9151,0,879,177
dark_forest,65201,1347,433,558,13555,0,901,823,1143,242,756,0,0,0,0,0,6,10071,0,1064,357
dark_forest,65083,798,124,291,14107,8,900,814,1246,246,459,0,0,5,0,0,5,10765,0,1342,332
dark_forest,65718,1329,146,617,12127,0,1112,984,874,232,742,0,0,121,0,0,7,10166,0,1132,110
dark_forest,66192,1207,226,867,12372,0,964,1070,924,235,360,0,0,272,0,0,23,9167,0,1275,508
dark_forest,65616,838,92,721,14391,0,404,1210,719,64,306,0,0,68,190,2,1,9513,8,1159,1573
river,65967,710,0,540,13447,0,1299,545,1102,0,603,0,7,0,395,24,0,8651,34,1554,2378
dark_forest,66703,1434,0,391,13047,0,1771,558,1218,38,369,0,0,189,234,6,4,9309,20,1071,770
dark_forest,68530,1139,0,634,10824,0,1053,426,1147,195,429,0,15,364,0,0,49,7437,0,1266,2967
dark_forest,73349,687,0,172,6778,0,684,430,878,189,237,0,0,748,0,0,104,7292,0,299,4467
dark_forest,76129,1250,0,520,5839,0,1046,569,576,186,289,0,0,430,0,0,32,7728,0,385,1441
dark_forest,73957,722,0,739,8023,0,936,931,1421,197,439,0,1,375,0,0,26,8160,0,582,1
dark_forest,66068,1029,0,606,13593,0,1821,1204,1113,226,657,0,0,70,0,0,9,9248,0,883,1
dark_forest,65081,773,0,590,14523,0,1231,1320,1519,243,756,0,0,52,0,0,8,9124,0,1114,0
dark_forest,66655,1551,0,964,12705,1,1095,791,1019,243,333,0,0,235,0,0,36,9720,0,1144,0
dark_forest,68096,1421,0,701,12552,0,540,963,738,234,399,0,0,362,0,0,35,9498,0,430,28
dark_forest,72723,637,0,727,10293,0,1101,871,1080,240,219,0,0,288,0,0,61,6910,0,1130,12
dark_forest,70320,273,0,1203,12165,3,916,659,570,236,464,0,1,217,0,0,35,8105,0,724,282
dark_forest,67131,1066,110,651,13723,0,565,643,584,234,497,0,0,349,0,0,44,9183,0,407,1037
dark_forest,66096,1390,311,679,13379,0,788,811,822,85,472,0,0,278,162,14,48,10147,12,734,542
river,66070,1489,149,991,14003,0,837,679,1103,7,798,0,13,33,312,4,19,8556,2,521,1438
dark_forest,65378,889,0,1319,13960,0,784,1063,997,196,576,0,68,0,38,0,7,10069,0,1024,254
dark_forest,65680,1073,0,1134,13518,0,1451,1170,1348,245,198,0,4,196,0,0,46,9216,0,771,128
dark_forest,65509,1822,0,696,13763,0,1351,1454,1247,242,596,0,66,112,0,0,37,8384,0,959,31
dark_forest,65798,825,0,813,13599,0,1282,1208,983,269,465,0,1,46,0,0,19,9736,0,1065,0
dark_forest,64566,1064,0,992,13156,2,1142,1054,977,243,560,0,0,21,0,0,14,10733,0,1358,0
old_growth_pine_taiga,66549,1282,0,958,13335,3,844,1125,801,67,554,0,1,46,70,0,15,10159,0,837,70
beach,64363,984,0,774,14282,1,1205,269,608,0,524,0,2,13,664,0,1,11180,0,619,657
beach,65537,841,0,1425,13997,0,1282,194,727,0,242,0,0,197,907,0,11,9048,0,694,1479
beach,66340,1122,0,786,13112,0,699,71,1514,0,308,0,0,476,1012,0,45,7875,0,1111,1996
beach,65026,703,0,439,14379,0,781,96,863,0,217,0,0,29,1006,0,7,10195,0,997,1620
beach,64530,873,0,694,14076,0,855,190,1238,0,654,0,0,33,1066,0,13,8766,0,1471,1666
beach,64784,1464,0,627,13559,0,1020,302,940,0,435,0,0,70,957,0,0,9796,0,1627,644
beach,64583,1167,78,703,13495,0,992,602,1466,73,819,0,3,75,698,0,3,9851,0,833,251
taiga,64475,1761,22,178,14644,0,1267,1415,983,225,603,0,0,0,7,0,1,9999,0,915,0
taiga,66259,1433,0,124,13611,0,990,905,761,251,517,0,0,181,0,0,50,10659,0,999,0
taiga,67550,833,60,52,12568,0,916,599,1583,237,308,0,0,382,0,0,24,10095,0,1073,1
taiga,67174,1174,80,287,12211,0,1193,834,1262,249,542,0,0,158,0,0,2,10247,0,891,0
taiga,66729,1437,0,156,12151,0,1468,997,1272,250,613,0,0,56,0,0,2,10543,0,1100,0
taiga,64112,892,169,0,14749,0,941,971,1310,247,613,0,0,0,0,0,1,11346,0,1056,0
taiga,64145,822,606,0,14673,0,569,1332,1153,303,483,0,0,0,0,0,1,10810,0,1462,0
taiga,64365,1688,402,0,13830,0,1027,1484,1202,271,471,0,1,0,0,0,2,10123,0,1507,72
taiga,65657,1443,67,0,12600,4,1119,1324,1075,257,688,0,0,0,0,0,0,10355,0,1680,366
taiga,65013,974,63,0,13806,0,1084,1199,1095,245,298,0,0,0,0,0,1,10822,0,1696,372
river,65770,1166,0,11,15569,7,990,897,1007,17,257,0,0,0,189,22,0,8928,26,746,1270
river,66586,1186,0,7,13843,0,729,900,1645,33,401,0,0,0,161,11,3,8419,12,810,2280
taiga,66539,1078,0,0,12341,0,1334,714,1402,205,364,0,0,0,195,1,7,9521,0,1173,1868
beach,65976,1040,0,0,13207,0,1226,550,986,97,382,0,0,0,502,0,2,9362,0,1202,2105
beach,65101,1047,0,0,14142,0,1046,371,1057,0,452,0,0,0,756,0,0,10590,0,1122,556
cold_ocean,66035,1136,0,1,14585,0,1239,307,1088,0,363,0,0,0,344,7,0,7944,16,977,2896
cold_ocean,66159,879,0,7,14011,0,1139,484,966,0,317,0,0,0,201,26,0,6713,24,1621,4654
cold_ocean,66274,855,0,2,15103,2,1260,493,791,0,907,7,9,0,75,12,0,7367,12,462,3550
cold_ocean,66449,1093,0,0,13923,0,815,369,349,0,788,448,43,0,47,15,0,8898,10,1288,2522
cold_ocean,66436,739,0,0,13415,0,973,243,1166,0,835,267,0,0,32,19,0,8594,16,1407,2927
cold_ocean,66563,286,0,0,14350,0,1247,288,970,0,237,0,0,0,116,12,0,8845,10,1170,3136
cold_ocean,66092,600,0,0,14807,0,839,155,763,0,701,0,0,0,0,13,0,7746,6,1314,4162
cold_ocean,65917,882,0,0,15037,0,1278,207,885,0,625,0,0,0,25,13,0,8387,8,854,3011
cold_ocean,68497,1150,0,0,11135,0,1134,336,895,0,694,0,0,0,20,19,0,8140,14,750,3008
cold_ocean,68249,885,0,0,12732,3,845,5,604,2,518,103,2,0,0,16,0,8075,22,1326,3589
cold_ocean,67172,1095,0,0,13557,0,1131,301,692,0,969,259,23,0,0,10,0,7160,10,827,3338
cold_ocean,67434,1437,0,0,12684,0,282,248,758,0,768,0,0,0,0,20,0,8265,24,1080,3464
cold_ocean,67866,965,0,0,13503,0,784,238,653,0,606,0,0,0,0,17,0,7772,8,862,3961
cold_ocean,66955,683,0,0,13407,0,930,299,1036,0,549,262,57,0,6,19,0,7953,16,1286,3761
cold_ocean,66058,941,0,0,14979,5,848,211,1086,0,634,354,0,0,0,27,0,7313,34,877,3727
cold_ocean,68945,774,0,0,12629,0,450,377,1089,0,629,0,37,0,9,22,0,6799,8,856,4609
cold_ocean,67451,1423,0,0,13050,0,650,164,228,0,595,0,0,0,0,18,0,7565,20,1308,4795
cold_ocean,66760,684,0,0,13342,0,785,89,368,0,684,0,52,0,0,18,0,8005,20,1136,5257
forest,67972,571,0,12,11893,0,870,179,1063,0,695,0,0,0,78,0,0,7900,2,1147,3888
forest,66099,438,0,0,14882,0,627,381,819,0,663,0,0,0,28,0,0,7803,0,799,4381
forest,65960,950,127,2,14343,0,513,424,640,0,677,43,0,0,0,17,0,6111,6,1443,6000
forest,65943,995,106,0,15016,0,910,298,719,0,570,0,0,0,0,0,0,6235,0,1233,5200
beach,68719,1017,0,0,12027,0,712,448,832,0,502,0,0,0,270,0,0,8250,0,801,3317
river,69599,733,174,1,10771,0,1062,131,363,0,608,0,0,0,97,18,0,8837,12,1012,3312
beach,67951,786,0,0,12923,0,591,328,676,0,594,0,0,0,612,12,0,7491,6,1445,1537
beach,67906,1380,0,0,13195,0,707,443,785,0,472,0,0,0,728,0,0,10182,0,893,25
beach,66612,1079,0,0,13637,0,1101,348,790,21,332,0,1,0,648,0,0,10479,0,1435,186
beach,66301,1887,0,1,13613,0,956,452,793,19,655,0,0,0,532,0,0,9709,0,1522,342
river,66464,720,0,4,13884,0,843,450,1418,4,369,3,8,0,382,31,0,9259,22,933,1198
beach,68608,1202,0,0,11901,2,825,688,869,5,460,3,32,0,445,0,0,9236,0,1019,1379
beach,69168,1465,0,0,11277,0,1682,352,724,0,576,0,11,0,546,1,0,9172,0,980,807
beach,67151,1017,0,0,13020,0,870,255,1412,0,357,0,0,0,726,3,0,10388,0,992,754
beach,67586,1079,0,0,11986,0,1657,738,685,47,532,0,0,0,713,0,2,10508,0,732,604
forest,69644,1554,0,0,11180,0,1135,1072,756,219,441,0,0,0,95,0,3,9738,0,436,344
forest,69861,1139,0,0,11710,0,734,786,739,251,574,0,0,0,0,0,5,9455,0,508,255
taiga,65678,676,0,0,14471,4,1230,931,1460,249,633,0,0,0,0,0,0,8767,0,1579,652
taiga,64172,964,0,0,14385,0,1353,1043,641,249,608,0,0,0,0,0,2,9770,0,1474,1151
taiga,64181,1130,0,0,14599,0,884,1054,998,253,477,0,0,0,0,0,0,10995,0,987,797
beach,64172,1307,0,0,14071,0,1309,730,1107,105,620,0,0,0,546,0,0,10691,0,1582,611
beach,65249,902,0,0,13370,0,409,198,937,0,717,0,1,0,984,0,0,10983,0,1798,1082
beach,67806,1518,0,0,13306,0,438,148,617,0,246,0,2,0,915,0,0,8951,0,662,2049
beach,67066,857,0,0,13678,1,703,386,1000,0,638,77,0,0,352,0,0,8233,0,854,3091
river,66269,567,0,4,14619,2,415,203,988,0,589,0,59,0,156,23,0,5513,20,1037,6684
river,65909,609,0,0,14598,0,1251,192,600,0,552,0,0,0,40,24,0,6214,34,1192,5933
beach,66418,814,69,0,14346,0,715,408,803,0,320,0,1,0,591,14,0,7445,24,1343,3258
beach,65962,1480,17,16,15616,0,1153,211,802,0,479,0,0,0,766,0,0,8604,0,630,221
beach,65948,1046,0,77,14841,0,1053,281,1269,0,252,0,0,0,857,0,0,9026,0,1127,1004
beach,65967,1273,0,6,14761,0,1322,442,883,0,333,0,0,0,584,25,0,8024,28,1182,2241
river,66421,249,0,82,13000,0,1174,745,772,0,470,0,94,0,322,33,0,9274,40,2167,2356
river,65792,681,0,108,14532,0,1099,1060,950,0,750,0,0,0,206,18,0,8420,34,1304,2238
old_growth_birch_forest,65555,1076,0,147,14687,0,981,996,1151,140,567,0,0,0,119,3,11,9462,0,1023,1014
old_growth_birch_forest,65530,1748,0,493,14145,0,1031,963,998,250,505,0,0,0,2,0,11,9628,0,1362,81
old_growth_birch_forest,66015,1272,0,350,13935,0,791,552,1102,197,573,0,65,0,0,0,5,10763,0,1006,52
old_growth_birch_forest,65455,1386,0,493,14596,0,1267,587,1006,251,461,0,207,0,0,0,8,9888,0,1139,0
old_growth_birch_forest,66028,1036,0,307,13771,0,999,956,775,245,510,0,76,0,0,0,5,10517,0,1289,0
dark_forest,67001,1400,0,520,11840,0,1159,1049,997,248,657,0,10,303,0,0,37,10181,0,1054,17
dark_forest,67023,1064,0,371,11752,0,983,1279,1000,245,473,0,0,469,0,0,75,10526,0,981,58
dark_forest,66647,1072,0,456,12669,0,1322,1237,1129,235,224,0,0,251,0,0,41,9836,0,1084,52
dark_forest,67816,704,0,425,11908,0,1054,1195,744,236,374,0,0,426,2,0,18,10494,0,828,22
dark_forest,68417,1260,185,551,11007,0,1386,806,1203,80,483,0,0,198,123,0,16,8711,0,556,1713
dark_forest,67209,432,0,592,12631,0,1098,785,917,94,327,0,0,156,171,0,38,9482,0,1092,1914
ocean,65765,942,0,747,14248,0,1046,240,732,2,658,187,0,1,85,28,1,8281,18,976,3106
ocean,67006,362,0,880,13107,0,1203,489,696,0,967,216,0,75,0,28,0,7723,30,655,3759
ocean,68063,1058,0,667,11608,3,724,139,584,0,680,0,1,297,0,38,25,8085,24,598,4485
ocean,67078,564,0,742,12939,1,1143,29,237,0,846,0,0,127,0,31,20,7155,14,1132,4508
ocean,66244,1027,0,1089,13516,0,790,192,748,0,560,0,0,119,0,18,15,7241,16,900,4732
ocean,66548,655,101,853,12842,1,447,250,1131,0,810,0,0,191,0,31,29,7939,32,1007,4123
ocean,67736,1129,0,1008,12145,0,272,226,187,0,776,96,0,358,0,23,69,7584,30,816,4566
ocean,70415,775,0,795,8602,0,1167,420,935,0,534,0,0,700,0,28,80,7115,32,1293,4027
ocean,69452,1434,0,858,9380,0,308,106,828,0,400,0,33,537,0,25,39,7714,22,765,5180
ocean,66885,861,100,1092,12394,0,955,76,714,0,515,0,29,118,0,18,25,7063,28,760,5429
ocean,66130,942,0,705,13871,0,815,317,1438,0,367,158,0,35,0,47,0,6272,42,1436,4373
ocean,65792,536,0,1322,13855,1,945,304,843,0,902,142,0,0,0,26,0,7619,24,965,3892
ocean,65792,1156,0,822,14574,0,1523,49,881,0,675,87,0,0,80,14,0,6788,12,1058,3684
river,66086,748,0,1135,13344,0,242,305,576,0,961,0,5,44,71,26,0,8215,32,1439,4016
river,65818,1163,0,1205,13308,0,380,239,1166,0,876,0,6,0,128,39,0,8341,30,1424,3029
river,65858,1381,0,1337,14049,0,998,642,590,6,465,0,0,0,425,27,0,8605,28,1208,1156
dark_forest,65623,1144,0,1540,14064,0,1160,503,803,76,722,0,0,4,207,4,5,9258,10,1380,317
dark_forest,64995,1608,0,1352,14285,0,983,964,527,210,713,0,0,1,22,0,11,9751,0,928,85
dark_forest,65244,1035,0,691,14256,0,1150,833,618,112,868,0,0,0,111,0,1,10483,0,1040,146
dark_forest,65694,803,0,634,15134,0,665,693,940,0,560,0,0,0,26,0,0,8978,0,851,2091
dark_forest,67315,783,0,736,13240,1,1208,377,776,0,488,0,0,113,10,0,0,5884,0,1050,5160
river,67657,727,0,542,13280,0,313,130,1034,0,603,0,68,236,4,0,35,5120,0,1012,6432
dark_forest,66457,779,0,534,13354,0,1347,714,250,0,458,0,312,8,95,0,0,5260,0,1280,6468
dark_forest,66185,380,0,440,15061,0,895,432,380,12,185,0,1,0,161,0,1,4308,0,734,8034
birch_forest,65497,1097,0,451,13806,0,398,329,1296,197,570,0,0,37,0,0,16,8863,0,1863,2524
birch_forest,65665,963,0,224,12533,0,528,907,1276,249,301,0,0,206,0,0,28,10920,0,768,1358
birch_forest,64513,889,0,50,13700,0,1021,1053,1194,241,540,0,0,66,0,0,10,12239,0,898,183
taiga,59755,1241,0,126,13991,0,1015,1369,913,310,502,0,0,148,0,0,4,15567,0,1535,424
taiga,55535,1655,0,90,14684,0,1027,1563,844,254,517,0,0,0,0,0,0,18850,0,1325,184
taiga,54486,785,0,0,13930,0,1374,1451,1171,264,577,0,0,0,0,0,0,21541,0,1041,0
taiga,52858,1289,0,0,14408,0,1580,1303,1256,277,441,0,0,0,0,0,2,21938,0,1046,0
taiga,52158,1467,0,0,14734,0,1329,1362,1479,249,1157,0,0,0,0,0,1,21410,0,1192,0
taiga,52637,770,0,0,15431,0,1199,1451,1251,234,974,0,0,0,0,0,1,21897,0,752,0
taiga,52917,753,0,0,14238,0,1264,1530,1256,276,873,0,0,0,0,0,1,21966,0,1426,0
taiga,56030,777,0,0,14442,0,1372,1367,1363,252,844,0,0,0,0,0,2,19166,0,1091,0
taiga,54089,1582,0,0,13663,0,1232,1353,1030,240,547,0,0,0,0,0,0,21089,0,1455,0
taiga,52546,1255,0,0,13473,1,854,1282,1379,249,623,0,0,0,0,0,2,22484,0,1681,0
taiga,53812,826,0,0,13675,0,492,1439,885,251,444,0,0,0,0,0,0,22337,0,1462,0
taiga,52918,931,0,0,13931,0,1366,1494,543,251,572,0,0,0,0,0,1,23108,0,1301,0
taiga,53777,660,0,0,13762,0,1286,1318,1064,242,255,0,0,0,0,0,0,21460,0,1510,1
taiga,54944,1667,0,0,12263,0,1468,1328,1411,295,761,0,0,0,0,0,5,21254,0,387,0
taiga,56036,1370,0,0,13819,0,1064,1032,714,374,810,0,86,0,0,0,0,20218,0,879,0
taiga,59181,1201,0,0,13573,0,1042,623,429,320,394,0,0,0,0,0,1,18634,0,1093,10
forest,60569,916,0,0,14576,0,1207,976,1539,252,486,0,0,0,0,0,2,15540,0,508,4
forest,63811,1318,0,0,14978,0,1420,1160,645,262,419,0,0,0,0,0,7,11346,0,1085,43
forest,64077,1153,11,0,14707,0,873,904,857,250,151,0,0,0,0,0,6,11957,0,1335,52
forest,65409,971,0,0,14219,0,1346,861,999,239,394,0,0,0,0,0,1,10065,0,1393,784
forest,64298,1160,0,0,14920,0,844,861,543,206,509,0,0,0,0,0,2,10484,0,1395,1713
forest,65893,1041,0,0,14413,6,1119,809,819,238,743,0,0,0,52,0,4,10349,0,986,521
river,66047,990,0,24,14395,0,693,541,1164,87,770,0,0,0,156,18,1,9621,14,1251,1322
forest,64655,1287,0,0,14672,0,786,752,832,222,737,0,0,0,0,0,4,9865,0,1334,1617
forest,66173,836,0,17,14972,0,793,795,1054,84,479,0,0,0,125,0,1,10091,0,985,619
forest,64865,1274,0,1,13787,0,1564,867,668,212,706,0,0,0,27,0,2,10456,0,1679,744
forest,64438,853,0,18,15128,0,1147,911,1162,223,433,0,0,0,24,0,4,11185,0,776,520
forest,65845,852,0,11,14492,0,1187,1309,1009,169,413,0,1,0,61,0,1,10055,0,1110,432
forest,66543,1076,0,22,12736,0,1206,1029,1045,43,584,0,0,0,281,0,0,8959,0,1962,1578
forest,66017,1392,0,0,14276,0,1317,1335,998,44,662,0,0,0,210,1,1,9170,2,1123,515
forest,66389,1078,0,4,13479,0,1178,986,843,13,918,0,0,0,195,9,2,9899,0,1750,447
forest,66482,1170,0,9,13694,7,1481,836,849,7,541,0,0,0,315,0,0,10702,0,771,341
forest,67662,1508,0,0,13322,0,991,718,1322,84,646,0,0,0,176,0,7,9461,0,1056,183
plains,68364,549,81,14,13013,0,1089,837,700,0,409,0,27,0,204,0,0,7863,0,1241,2392
river,68979,655,18,0,11205,0,577,599,618,0,616,0,7,0,38,7,0,5869,14,1454,6522
river,67672,1059,0,15,11799,4,1009,914,1326,6,576,0,1,0,209,24,0,9236,30,1832,1446
river,66804,1082,0,9,13695,0,1258,603,1420,124,361,0,52,0,193,13,8,10287,2,888,295
plains,67171,1652,0,1,13106,10,1054,726,795,96,272,0,0,0,112,2,13,8618,2,1424,2111
plains,66924,546,0,7,13747,2,1413,813,927,11,538,0,30,0,145,0,4,7692,0,1089,3251
plains,67083,1163,0,0,13138,0,1472,705,766,0,558,0,85,0,346,0,0,8624,0,1737,1552
plains,71165,860,0,8,10263,0,1072,667,811,0,574,0,0,0,273,0,0,7668,0,1264,2586
plains,75679,1195,0,26,9040,0,431,435,201,4,380,0,0,0,263,0,4,6105,0,999,2567
plains,77525,227,0,0,9176,0,663,433,304,85,180,0,18,0,194,0,17,5307,0,745,2398
plains,71881,790,0,0,12637,0,750,867,793,256,285,0,2,0,0,0,54,5863,0,662,2388
plains,67455,412,0,0,13579,0,962,661,1114,201,597,0,0,0,92,0,45,9341,0,1097,1581
plains,65692,964,0,0,14383,0,929,1044,1119,256,607,0,0,0,0,0,55,10707,0,1070,336
plains,65276,1868,0,0,14140,0,740,1085,1242,256,261,0,0,0,0,0,54,10792,0,1370,56
plains,66109,1072,20,24,13883,0,668,866,838,217,337,0,0,0,0,0,42,11199,0,978,863
plains,65604,632,0,0,13748,0,1003,1316,837,257,454,0,0,0,0,0,50,11486,0,991,808
plains,64100,853,22,0,15235,0,637,1263,1074,256,244,0,12,0,0,0,48,12330,0,1082,0
plains,62390,1921,25,0,14608,0,589,892,1199,256,546,0,8,0,0,0,33,13477,0,1241,0
plains,59114,1055,0,0,14008,0,964,926,1227,256,837,0,0,0,0,0,55,16965,0,1515,0
plains,60052,1213,0,0,13928,0,1325,1032,694,256,656,0,0,0,0,0,53,16136,0,1694,0
plains,61798,1134,0,0,12969,0,794,1563,995,260,327,0,87,0,0,0,29,15865,0,1169,0
plains,61482,1629,0,0,11332,0,619,1698,1048,373,302,0,0,0,0,0,39,17994,0,350,174
plains,68072,1088,0,0,7377,0,1021,1473,1012,345,549,0,31,0,0,0,31,15624,0,516,6
plains,67474,1029,0,0,8603,0,859,1235,1912,304,422,0,327,0,0,0,45,13654,0,622,698
plains,62671,1292,0,0,14545,0,688,1271,1272,272,531,0,61,0,0,0,61,13119,0,557,762
plains,62595,997,0,0,14579,4,1078,1232,880,256,519,0,0,0,0,0,44,13047,0,1612,302
plains,64048,946,0,0,14025,6,773,1206,1207,256,980,0,0,0,0,0,48,11556,0,1403,614
plains,66061,1245,0,0,13691,0,1522,1279,1023,256,662,0,0,0,0,0,50,10428,0,977,1
plains,67211,1212,0,0,12876,0,848,1080,982,256,539,0,0,0,0,0,63,11440,0,669,1
plains,65883,1392,0,0,14253,0,1310,786,757,233,483,0,0,0,0,0,54,10550,0,1444,32
river,65776,1171,0,6,15242,0,1075,684,1051,35,833,0,12,0,45,10,12,9424,12,872,822
river,66061,1105,0,13,14569,0,1006,628,1701,5,702,0,0,0,276,16,0,7949,40,1344,1705
plains,65122,1258,0,0,14376,0,996,1125,600,242,316,0,0,0,56,0,54,10754,0,1400,157
plains,66705,1081,0,0,14368,2,1093,1070,1357,255,464,0,0,0,0,0,57,9625,0,994,1
plains,65827,1262,0,0,14026,0,1129,1091,1489,261,399,0,0,0,0,0,50,10470,0,1113,2
plains,65398,1070,0,0,13708,0,1248,1315,918,256,563,0,0,0,0,0,52,11135,0,1443,31
plains,65432,1217,0,0,13894,0,1282,1322,1567,256,360,0,0,0,0,0,33,9846,0,1521,342
plains,63397,1331,0,0,13586,0,881,999,819,256,612,0,152,0,0,0,17,12482,0,1204,1296
plains,64828,544,136,0,14282,0,859,796,1313,273,641,0,26,0,0,0,20,11005,0,684,1600
plains,62920,1046,0,0,13955,0,1644,632,825,232,553,0,40,0,140,0,15,13281,0,1430,398
plains,60791,1235,0,0,15160,0,659,844,1121,212,489,0,0,0,78,0,41,15052,0,1031,337
plains,61823,1280,0,0,14256,0,679,695,1170,265,148,0,0,0,0,0,34,13758,0,1357,955
windswept_gravelly_hills,65588,892,0,0,15247,0,1424,464,624,15,923,0,0,0,32,0,4,8970,0,1032,1957
windswept_gravelly_hills,62433,1144,66,0,13169,0,654,455,1652,36,863,0,68,0,41,0,0,14610,0,1801,93
windswept_gravelly_hills,58465,1195,112,0,12850,4,1058,840,910,85,885,0,535,0,0,0,0,18794,0,958,206
windswept_gravelly_hills,61901,1354,47,0,12547,0,701,904,1446,186,627,0,636,0,0,0,2,15178,0,1202,301
windswept_gravelly_hills,59102,1354,527,0,12963,0,771,574,1130,80,796,0,0,0,0,0,2,18032,0,1428,125
windswept_gravelly_hills,58322,1262,96,0,14305,0,1781,708,1129,57,1309,0,0,0,0,0,2,17199,0,438,372
windswept_gravelly_hills,55875,1014,88,0,14126,0,860,654,1024,48,1512,0,1,0,0,0,0,19892,0,1190,459
windswept_gravelly_hills,53410,1062,54,0,14433,0,1582,733,786,107,981,0,0,0,0,0,16,20862,0,782,1606
plains,55425,960,118,0,13573,4,608,920,814,257,719,0,2,0,0,0,49,20896,0,953,793
plains,59318,1078,39,0,14501,0,1462,1181,1487,304,551,0,0,0,0,0,24,14990,0,1276,940
plains,63546,1161,0,0,14463,0,1127,1272,1190,365,407,0,0,0,0,0,31,11214,0,1214,1161
plains,57652,1732,0,0,13419,0,1380,1092,1306,292,582,0,0,0,0,0,20,17002,0,1727,918
river,64240,974,0,0,13273,0,981,605,1019,132,981,0,0,0,256,0,6,11692,0,1627,1373
plains,67580,1278,0,13,12664,0,1562,1023,179,19,554,0,0,0,198,1,5,8590,0,1150,2460
plains,66387,1157,0,0,14058,0,1141,919,983,79,554,0,0,0,172,0,25,9052,0,1004,1664
plains,66231,1027,0,0,13558,0,1146,687,669,255,637,0,0,0,3,0,86,11171,0,1312,441
plains,66400,1130,0,0,14528,0,1405,912,1394,244,727,0,1,0,0,0,58,8716,0,1098,471
plains,65974,1345,0,0,14380,0,580,1147,1282,204,504,0,0,0,26,0,46,9971,0,1361,321
plains,65837,1437,0,29,14903,0,692,701,1132,82,472,0,0,0,48,1,26,10266,0,1341,253
plains,65917,983,0,16,15106,2,1061,665,1388,75,530,0,0,0,158,0,11,9456,2,879,339
plains,66541,1142,0,0,14451,0,1322,886,759,232,312,0,0,0,35,0,72,9968,0,895,142
plains,67582,1064,0,0,12645,0,931,969,1617,199,514,0,1,0,3,0,53,9742,0,1363,447
plains,66075,1360,0,12,14752,0,673,864,1163,137,298,0,105,0,112,0,34,10160,0,1131,279
plains,66269,1254,0,13,14126,0,1571,1227,931,7,700,0,177,0,135,0,0,8957,0,879,930
plains,66722,898,27,13,14228,1,993,865,393,0,639,0,98,0,222,0,0,7930,0,811,3350
river,66184,1368,0,0,14080,0,723,718,1051,0,483,0,150,0,298,0,0,7248,0,1034,3965
river,67406,900,0,8,12591,1,1301,375,731,0,518,0,9,0,132,19,0,7456,24,1392,4315
plains,67601,1543,22,17,12851,5,1117,419,796,3,395,0,0,0,284,0,0,7960,0,1621,2526
plains,67867,1816,0,0,13461,0,624,534,811,227,347,0,0,0,41,0,37,10053,0,800,568
plains,65559,1140,0,0,14113,0,990,756,544,256,215,0,0,0,0,0,33,12015,0,1374,141
forest,62547,684,0,0,14007,0,886,1018,1347,290,493,0,0,0,0,0,13,13943,0,1655,65
forest,62352,1211,0,0,13609,0,1552,1424,1214,250,496,0,0,0,0,0,5,12654,0,1786,56
forest,64060,856,0,0,13678,0,1505,1474,979,251,411,0,46,0,0,0,7,12074,0,1401,30
forest,62670,1233,0,0,14128,0,1099,1353,744,314,272,0,12,0,0,0,8,13294,0,892,0
forest,61399,988,0,0,13593,0,931,1449,648,365,747,0,0,0,0,0,4,14315,0,1240,255
forest,62038,900,0,0,12831,0,836,1260,1278,309,647,0,60,0,0,0,3,14193,0,1290,287
forest,63271,932,0,0,12721,0,1139,980,1121,251,405,0,299,0,0,0,11,12747,0,861,301
forest,63696,1203,0,0,11093,0,1046,855,830,248,610,0,13,0,0,0,1,12863,0,938,262
forest,65159,1058,129,0,10943,0,640,1028,964,249,221,0,67,0,0,0,5,12036,0,1012,87
forest,63545,1983,13,0,13081,0,1645,689,834,253,554,0,536,0,0,0,6,11426,0,1080,0
forest,63442,1391,0,0,14649,2,1266,894,974,253,775,0,10,0,0,0,0,11611,0,1174,0
forest,65177,1595,0,0,14142,0,1592,990,938,246,392,0,1,0,0,0,10,9745,0,1524,44
birch_forest,65479,1339,0,0,14370,5,848,904,1537,250,626,0,0,0,0,0,8,10050,0,1106,3
birch_forest,66390,1211,0,0,13963,0,1224,1401,1381,253,227,0,1,0,0,0,10,9884,0,947,1
birch_forest,65622,1132,0,0,13576,0,969,1008,1201,251,616,0,24,0,0,0,8,10769,0,1552,26
birch_forest,65614,1870,0,0,14634,0,922,923,543,248,383,0,0,0,0,0,13,10425,0,1028,31
birch_forest,65610,1602,0,0,14542,0,1339,1134,998,249,456,0,0,0,0,0,14,9817,0,797,0
birch_forest,65302,1133,0,0,14292,0,1151,1002,1262,251,790,0,89,0,0,0,10,9920,0,1013,0
birch_forest,65066,936,0,0,12261,0,1166,913,1271,251,380,0,22,0,0,0,3,11290,0,770,0
birch_forest,65007,1328,0,3,14382,0,935,676,1290,250,705,0,1,0,0,0,13,11289,0,874,0
birch_forest,64152,1086,0,361,14494,0,1104,730,1847,252,680,0,0,44,0,0,14,10654,0,1076,412
birch_forest,61972,907,40,391,13637,0,818,909,992,244,632,0,0,5,0,0,8,13326,0,1323,728
dark_forest,65414,751,90,942,11310,0,1143,1026,770,244,719,0,0,256,0,0,3,11967,0,1258,230
dark_forest,68063,1264,116,604,12518,0,718,383,1012,109,514,0,2,202,0,0,20,10060,0,1006,115
dark_forest,65302,1166,293,485,13153,0,1162,672,885,213,468,0,102,166,0,0,29,11325,0,1014,49
dark_forest,64856,818,147,499,12260,0,1274,1180,1220,246,695,0,88,36,0,0,17,10796,0,1469,1
dark_forest,65117,1920,0,991,13129,0,1158,1078,1138,238,551,0,69,0,0,0,7,10272,0,510,1
dark_forest,62715,1047,0,822,13937,2,1861,963,1231,240,261,0,3,0,0,0,8,11305,0,1853,0
dark_forest,62679,902,0,463,14290,2,1786,882,1016,247,532,0,0,0,0,0,10,12039,0,1543,0
dark_forest,63554,797,0,662,13409,0,1258,814,1125,237,592,0,0,0,0,0,5,12415,0,1251,0
dark_forest,63463,1546,0,938,13620,0,1367,1125,801,242,566,0,23,0,0,0,11,11431,0,1379,0
dark_forest,65066,1069,0,1213,13524,0,1210,1187,1164,243,652,0,0,74,0,0,40,10215,0,574,31
dark_forest,63979,690,0,660,13543,0,969,1367,1283,237,741,0,0,255,0,0,74,11307,0,895,27
dark_forest,64641,1260,0,817,13660,0,1030,1287,1178,246,501,0,0,67,0,0,9,10201,0,1509,4
dark_forest,65255,1205,0,1171,14073,0,993,1326,1167,244,508,0,74,39,0,0,10,9136,0,1258,7
dark_forest,66648,909,0,801,12942,2,820,1111,1399,236,383,0,335,289,0,0,51,9790,0,779,46
dark_forest,67683,703,0,1676,11120,0,1149,981,589,244,410,0,570,550,0,0,70,10215,0,157,80
dark_forest,73326,244,0,2130,9995,0,169,784,756,241,151,0,246,725,0,0,101,5916,0,671,652
dark_forest,70746,920,0,791,11733,0,781,514,982,158,454,0,148,840,88,0,179,6167,0,1192,244
dark_forest,67921,1119,0,1005,13949,0,831,641,1291,51,306,0,4,400,376,9,59,7328,14,886,495
dark_forest,67295,1092,0,923,14056,0,1316,1063,709,54,531,0,1,315,297,0,66,7506,0,1174,490
river,66445,1179,0,916,13836,2,1354,1069,590,0,504,0,0,21,220,20,1,7486,20,1171,2226
river,66480,1046,0,788,13995,0,558,921,649,0,359,0,0,73,129,29,26,8949,46,1128,2026
river,67826,407,0,764,13489,0,519,718,945,0,367,0,0,402,240,15,104,8615,20,986,1598
dark_forest,68295,844,0,826,12301,0,830,1005,431,0,380,0,0,180,235,7,17,7935,6,1961,1023
dark_forest,66140,1078,0,622,14709,0,1319,906,1144,0,487,0,0,1,383,0,0,9084,0,828,489
dark_forest,66520,1267,0,504,12170,0,1044,726,946,0,461,0,0,0,226,0,0,10276,0,1440,509
river,66474,1475,0,520,13795,0,507,457,800,0,550,0,1,0,193,10,0,10448,14,942,985
river,65908,1308,113,189,14398,1,907,302,1090,0,745,0,0,0,350,24,0,9547,26,1028,1152
river,66248,1229,136,201,14196,0,1106,465,1007,0,625,0,1,0,78,25,0,8281,36,1291,2221
river,66340,792,258,218,13958,0,1063,348,936,0,833,0,0,11,24,30,3,7841,22,1355,3152
river,66215,1228,318,492,14367,5,1435,485,552,35,326,0,53,0,20,21,2,8389,40,1098,2027
dark_forest,65438,1165,149,120,14744,0,974,726,1385,131,350,0,0,0,54,0,5,9804,0,973,781
dark_forest,65604,1246,278,221,14164,0,752,572,804,95,354,0,0,0,199,5,2,10136,8,1715,734
dark_forest,65521,1330,222,153,13964,0,889,907,981,165,452,0,26,0,2,1,3,10392,0,1181,330
dark_forest,65412,1032,246,630,14047,0,924,973,801,208,515,0,107,0,101,0,1,9858,0,1113,293
dark_forest,65973,443,202,399,14232,0,977,904,1080,47,360,0,72,0,322,0,1,9958,0,1126,788
river,65806,1274,16,180,14251,7,774,709,615,0,562,0,29,0,416,21,0,9205,12,1093,2198
river,65997,1313,0,610,14154,0,916,802,1155,55,213,0,170,79,53,16,2,9054,12,955,1416
dark_forest,66356,1097,0,390,13272,0,1290,551,1361,245,561,0,276,352,0,0,26,9400,0,601,556
dark_forest,71634,1145,0,354,7889,0,791,580,1420,241,304,0,13,322,0,0,10,10277,0,589,882
dark_forest,76062,1150,0,347,6165,0,870,760,748,239,70,0,0,527,0,0,32,8318,0,72,185
dark_forest,77176,979,0,803,5801,0,751,1029,755,234,54,0,0,497,0,0,34,7420,0,527,9
dark_forest,71423,1186,0,402,7580,0,802,1088,1057,251,416,0,1,271,0,0,13,10546,0,1118,0
dark_forest,71218,1178,0,272,8538,0,969,1228,754,264,375,0,23,255,0,0,6,11069,0,428,0
dark_forest,71630,1356,0,577,7594,0,770,828,817,247,679,0,0,271,0,0,33,10844,0,810,0
dark_forest,67308,1463,0,668,13074,0,970,734,847,249,512,0,0,48,0,0,13,9979,0,596,0
dark_forest,70146,722,0,526,12364,0,1452,744,621,240,549,0,0,60,0,0,9,8159,0,902,0
dark_forest,66934,771,0,714,14550,1,371,1047,1120,245,376,0,0,185,0,0,30,9140,0,632,259
dark_forest,67127,1074,33,744,13031,0,1365,1192,662,175,582,0,0,261,17,4,4,8944,2,1141,173
river,66184,516,367,1235,12962,0,1360,741,693,0,309,0,0,49,256,30,10,9725,22,1033,1517
dark_forest,65780,989,144,951,13649,0,1467,634,849,88,381,0,120,15,273,0,4,9270,0,1561,535
dark_forest,65437,1388,0,297,14512,0,1287,1241,1235,238,579,0,0,5,0,0,11,8877,0,1027,213
dark_forest,65383,1042,0,494,13526,0,1061,895,660,236,542,0,0,128,0,0,50,10429,0,1706,88
dark_forest,66298,1472,0,619,12517,0,1530,1342,934,241,303,0,30,270,0,0,35,8901,0,1604,27
dark_forest,65064,696,0,759,13337,0,1232,1180,1714,246,416,0,0,52,0,0,19,9744,0,1663,0
dark_forest,64305,910,0,1121,13796,0,891,1325,657,279,296,0,0,98,0,0,48,10460,0,1291,2
old_growth_pine_taiga,66234,1005,0,862,11569,2,1353,886,856,91,636,0,0,341,0,0,46,11096,0,1394,2
old_growth_pine_taiga,63975,715,0,546,14047,0,994,868,1148,68,574,0,0,70,288,0,1,12093,0,1268,19
beach,66369,754,0,945,14132,0,1007,481,566,0,469,0,0,190,552,0,58,9302,0,1262,372
old_growth_pine_taiga,67561,1032,0,825,13831,2,835,590,1118,6,336,0,0,408,523,0,62,8094,0,1005,470
beach,67288,844,0,1212,14278,0,1111,153,545,19,148,0,0,174,683,0,35,7602,0,1447,1075
old_growth_pine_taiga,65234,522,0,529,14026,0,1211,610,1089,62,303,0,0,66,296,0,27,9242,0,1570,1459
old_growth_pine_taiga,64280,655,0,260,13662,0,723,574,1189,72,523,0,0,149,188,0,47,12229,0,1476,297
old_growth_pine_taiga,64903,1428,0,608,13588,0,1069,660,984,23,502,0,0,0,462,0,7,10727,0,1103,102
taiga,64497,1492,0,264,14494,0,811,1035,916,235,633,0,0,0,65,0,7,10877,0,1382,0
taiga,65443,1169,0,452,14321,0,1433,878,1056,250,640,0,0,6,0,0,2,9788,0,1218,0
taiga,65301,1576,0,123,14434,0,605,711,1128,242,501,0,0,40,0,0,2,10892,0,1126,0
taiga,64885,1351,0,61,14591,0,1299,430,725,251,547,0,1,33,0,0,1,11713,0,768,0
taiga,64137,928,0,23,14490,0,969,756,1549,249,274,0,0,10,0,0,0,12001,0,1021,0
taiga,63964,892,92,0,15241,0,937,984,1306,254,387,0,0,0,0,0,2,11585,0,1111,1
taiga,65149,1299,277,0,14623,3,1113,1321,1669,253,320,0,0,0,0,0,0,9821,0,900,0
taiga,68722,927,226,0,9748,0,913,1251,1033,252,532,0,0,0,0,0,1,10714,0,980,72
taiga,68278,1169,71,0,10764,0,1023,1597,1115,250,371,0,0,0,0,0,0,10706,0,431,897
taiga,65197,838,0,0,14046,0,391,1239,1050,237,514,0,0,0,31,0,0,10723,0,962,1532
river,65746,1374,0,16,14763,0,720,641,1164,31,272,0,0,0,404,17,0,7699,6,1404,2867
river,65274,1197,0,0,15261,0,1168,1033,1406,100,209,0,0,0,216,7,3,8531,18,1071,1403
forest,63741,1054,0,0,14662,0,1585,1229,1107,250,587,0,1,0,0,0,3,10773,0,1302,391
forest,64596,1427,0,0,14292,0,798,810,991,171,537,0,0,0,314,0,0,9946,0,1064,1516
beach,65069,1113,0,0,13715,0,765,137,1141,0,797,0,0,0,861,0,0,9702,0,1562,1332
beach,66350,1438,0,0,14252,0,1268,228,983,0,476,50,0,0,429,7,0,7082,0,972,3089
cold_ocean,66600,1070,0,4,13884,0,1010,630,1127,0,324,26,0,0,101,26,0,6019,8,1599,4619
cold_ocean,66219,290,0,0,15076,0,1128,277,1353,0,414,65,0,0,28,17,0,6756,24,954,4603
cold_ocean,66681,799,0,0,14115,0,1037,265,882,0,488,134,0,0,0,25,0,8307,32,1029,3360
cold_ocean,66175,540,0,0,14490,0,1505,310,1271,0,708,106,0,0,6,15,0,7517,22,1123,3425
cold_ocean,66074,850,0,17,14194,0,384,205,770,0,438,0,0,0,235,20,0,9531,12,1572,2870
cold_ocean,65890,1123,0,4,13515,0,807,389,765,0,743,0,0,0,194,18,0,8416,22,1894,3370
cold_ocean,66194,637,0,0,14252,0,1260,161,1324,0,1006,0,14,0,0,26,0,7303,30,1082,3947
cold_ocean,68205,1182,0,0,11989,0,882,294,332,0,708,0,0,0,0,14,0,7470,26,1336,4046
cold_ocean,66694,946,0,0,13929,0,733,385,161,0,643,241,0,0,0,12,0,7899,18,1047,4522
cold_ocean,66067,1221,0,0,14427,0,593,25,775,0,872,302,0,0,0,12,0,7664,22,1179,3428
cold_ocean,67705,636,0,0,11707,0,568,230,1160,0,1031,0,0,0,15,19,0,7842,10,1591,3828
cold_ocean,67050,1282,0,0,13493,0,800,364,858,0,571,0,0,0,0,34,0,7339,26,1518,3906
cold_ocean,67674,543,0,0,13442,0,1228,180,1165,0,775,83,0,0,0,18,0,7204,14,755,4042
cold_ocean,66350,968,0,0,14041,0,632,141,468,0,507,365,0,0,3,11,0,8504,8,1099,4115
cold_ocean,67034,1122,0,0,14265,0,682,314,236,0,716,260,0,0,0,17,0,7370,16,971,4236
cold_ocean,66340,689,0,0,14002,0,889,92,456,0,415,0,0,0,0,14,0,7198,8,1151,6018
forest,66442,1112,0,0,13921,0,462,194,1399,2,504,0,0,0,31,10,0,6063,6,993,6018
forest,65558,1279,0,10,13788,0,999,691,1174,186,457,0,0,0,39,0,2,9019,0,1525,1857
forest,66623,999,0,0,14030,0,1057,481,829,98,475,0,0,0,19,0,5,9365,0,537,2501
forest,66596,1050,96,19,13325,0,1811,1163,1400,67,470,0,39,0,134,1,0,8374,2,1421,1089
cold_ocean,66567,1170,0,23,12929,0,478,731,1531,0,593,106,625,0,358,19,0,8712,26,1587,1695
cold_ocean,66090,823,181,1,14879,0,848,355,825,0,591,262,107,0,159,23,0,7550,18,1166,3231
forest,66357,775,232,0,14452,0,687,526,1209,0,533,16,0,0,100,7,0,5367,2,743,5527
beach,69120,1400,448,0,10983,0,937,396,1018,0,164,0,0,0,748,0,0,8595,0,662,1158
beach,67828,998,248,0,13116,0,996,136,443,0,418,0,0,0,515,2,0,8240,0,1131,2399
river,67532,1181,0,2,13457,0,955,215,474,0,583,0,0,0,234,0,0,6710,0,1212,2224
river,66425,1532,0,17,14351,0,1262,450,965,0,345,0,42,0,398,0,0,8850,2,993,817
river,66106,780,0,0,14529,0,1137,626,1071,156,321,0,0,0,31,6,4,11283,4,958,157
river,65933,1220,0,12,14478,0,1279,675,1221,56,218,0,0,0,50,0,0,9418,0,1311,1242
beach,66689,995,0,0,13055,1,1478,399,768,14,886,0,53,0,415,0,0,9801,0,582,787
beach,69257,1543,0,0,10546,0,750,291,884,0,313,0,195,0,698,0,0,11032,0,441,767
beach,67065,1295,0,0,12392,0,1090,278,708,25,350,0,1,0,746,0,2,10319,0,1312,1349
forest,66893,725,0,0,12840,0,944,698,1122,53,308,0,0,0,393,0,1,9600,0,1579,1984
forest,67277,1147,0,0,12353,0,568,984,955,241,428,0,0,0,28,0,6,11038,0,631,1321
forest,67481,1165,0,0,10817,0,1450,1063,381,249,820,0,0,0,0,0,4,10937,0,1133,1004
forest,66610,1635,0,0,12829,0,1032,878,1366,252,422,0,0,0,0,0,7,9838,0,752,879
forest,65175,1093,0,0,14742,0,676,897,912,250,895,0,0,0,0,0,2,10315,0,1058,568
taiga,67793,993,0,0,13478,6,689,1080,1017,251,441,0,0,0,0,0,1,8074,0,776,1939
taiga,66587,1021,0,0,14189,0,915,1375,575,248,590,0,0,0,0,0,0,7975,0,876,2194
taiga,66026,874,0,0,13837,0,908,668,1167,122,881,0,0,0,579,0,0,8836,0,800,1312
beach,67347,451,0,0,12983,0,1316,295,978,0,531,0,0,0,980,0,0,9178,0,986,666
beach,67572,981,0,0,13399,0,1240,124,164,0,250,0,6,0,532,0,0,9305,0,1044,2333
beach,66842,1430,0,0,12900,0,713,274,1109,0,634,0,6,0,786,0,0,9783,0,1103,676
beach,66717,1155,94,9,13530,0,1130,513,1585,2,386,0,0,0,650,11,0,8893,10,1278,633
river,66345,1009,78,21,14190,0,1108,742,404,0,741,0,0,0,329,24,0,7511,26,998,3569
river,65966,905,15,15,14028,0,773,489,727,0,440,0,0,0,180,54,0,6135,46,1552,5891
river,65870,974,4,12,13751,5,1227,426,1744,2,150,0,0,0,569,18,0,9400,10,1325,1470
river,65880,979,0,13,14135,5,1469,605,1256,0,570,0,0,0,471,10,0,9567,18,1184,905
river,65792,1203,0,20,14776,1,1132,887,1682,0,517,0,0,0,235,30,0,7912,26,1278,1695
river,65792,787,0,147,14969,4,1250,1026,1454,0,386,0,0,0,286,11,0,8713,12,1160,1133
old_growth_birch_forest,65695,942,0,39,15443,0,977,1342,1412,46,323,0,0,0,209,0,6,8250,2,1029,1426
old_growth_birch_forest,65201,1038,0,111,14819,0,802,958,880,234,357,0,0,0,51,0,19,10111,0,889,1387
old_growth_birch_forest,65225,1206,137,181,14520,0,1589,1114,731,251,464,0,27,0,0,0,7,10215,0,978,0
old_growth_birch_forest,65567,794,0,162,14342,0,1431,567,1108,215,529,0,2,0,3,0,6,10691,0,1419,3
old_growth_birch_forest,65892,1585,0,104,14838,0,959,606,983,221,266,0,79,0,4,0,16,10103,0,1085,30
old_growth_birch_forest,66434,1030,0,356,14145,0,760,694,824,249,304,0,5,0,0,0,6,10837,0,944,0
old_growth_birch_forest,67373,534,0,409,12270,0,1010,592,1009,244,547,0,11,291,0,0,21,10853,0,1182,0
dark_forest,66966,949,0,118,12321,4,1162,1123,534,238,678,0,0,480,0,0,93,10396,0,1183,0
dark_forest,70088,963,0,344,9575,0,846,1298,890,242,354,0,0,490,0,0,43,9987,0,961,21
dark_forest,69570,1039,122,493,10025,0,727,1348,1119,239,408,0,65,353,0,0,11,9793,0,898,0
dark_forest,68715,1287,0,542,11140,0,935,977,630,231,245,0,0,379,0,0,14,10762,0,436,0
dark_forest,66035,1264,0,541,13643,0,1010,782,1206,167,695,0,28,162,242,0,4,10279,0,456,0
beach,65591,956,0,614,14374,0,1570,289,626,0,570,0,90,0,639,0,0,8758,0,1253,1362
ocean,67317,1121,0,614,12722,0,792,288,973,0,662,0,2,114,28,0,1,7229,0,1166,4176
ocean,67334,989,0,553,12442,0,694,375,678,0,591,0,1,182,0,25,38,7215,22,1488,4565
ocean,66805,399,0,992,12681,0,1203,200,426,0,633,0,0,172,0,20,1,7360,8,1073,5256
ocean,67960,944,0,854,10813,0,646,108,503,0,683,0,0,415,0,34,51,6035,30,1334,6645
ocean,70568,914,0,1450,9799,0,955,188,204,0,682,0,0,432,0,21,41,6731,22,594,4466
ocean,70520,1458,0,967,9363,0,636,352,615,0,772,0,0,395,0,44,62,6923,44,742,4323
ocean,70096,477,0,1013,8498,0,952,220,530,0,602,0,0,390,0,19,32,7676,22,992,5557
ocean,66666,718,0,1184,12314,0,685,275,745,0,410,0,0,100,0,25,2,7762,28,1564,4738
ocean,65837,1402,141,1453,12438,0,938,163,1007,0,655,416,0,0,0,26,0,7460,18,1409,3754
ocean,65792,815,45,1232,13547,0,1253,7,808,0,751,363,0,0,0,33,0,7942,28,1199,3357
ocean,65792,886,0,1345,14323,0,1054,239,502,0,879,291,0,0,0,33,0,7008,26,1212,3490
beach,65792,745,0,863,13705,0,907,72,654,0,613,46,0,0,588,6,0,9163,6,1516,1965
beach,65792,1173,0,760,14221,0,987,398,1194,0,742,0,0,0,506,0,0,7983,0,1060,1954
river,65792,1308,0,761,14543,0,1408,522,1098,0,519,0,53,0,80,0,0,7551,0,1139,2419
river,65792,1051,0,1220,14483,0,1421,186,1084,0,590,0,0,0,0,8,0,8201,8,744,2405
river,66471,1109,0,978,13781,0,1290,256,489,0,661,0,0,0,49,17,0,7664,14,1225,1627
river,65652,957,0,933,14395,0,1379,816,479,18,824,0,0,0,41,21,2,9444,38,1063,1007
dark_forest,65504,989,0,1426,13651,0,943,1231,1454,99,618,0,0,9,17,0,7,9265,0,1171,449
dark_forest,65757,715,0,526,15245,0,1577,847,1247,0,167,0,0,0,305,14,0,8449,8,924,1342
river,65967,359,0,579,14016,0,794,346,1289,0,1026,0,0,35,4,4,10,7131,0,1163,4502
dark_forest,66778,763,0,556,13740,2,511,181,1035,0,546,0,1,230,205,0,33,6303,0,1311,5032
dark_forest,67071,685,0,333,13935,0,1064,651,886,3,407,0,169,241,303,0,19,6438,0,1626,3317
dark_forest,67399,1020,0,300,13938,0,895,984,827,106,466,0,3,130,175,0,21,7995,0,871,1762
birch_forest,67435,998,0,197,12125,0,641,945,1022,244,674,0,0,238,0,0,15,9455,0,1076,1578
birch_forest,65209,1077,0,335,14045,0,992,738,1107,249,730,0,0,55,0,0,11,11252,0,924,11
birch_forest,63731,1497,0,20,13906,0,957,794,1262,250,485,0,0,83,0,0,29,12945,0,754,39
taiga,57918,1362,0,20,14817,0,1202,1023,746,254,461,0,0,0,0,0,2,17457,0,1254,329
taiga,55764,1003,0,0,13629,1,1074,1456,1414,249,808,0,0,0,0,0,0,19454,0,1381,205
taiga,54603,1124,0,200,12651,0,1330,1430,1371,248,530,0,0,0,0,0,0,20880,0,1352,0
taiga,52193,1040,0,0,14133,5,729,1128,980,249,1073,0,0,0,0,0,1,23364,0,1453,0
taiga,52087,1533,0,0,15052,0,823,1416,1407,250,521,0,0,0,0,0,1,22146,0,1084,0
taiga,55384,1755,0,0,14504,0,1240,1180,1527,250,511,0,1,0,0,0,1,19266,0,1137,0
taiga,56898,1261,0,0,13219,0,1006,804,970,248,583,0,0,0,0,0,0,20276,0,1220,0
taiga,54540,677,0,0,14567,0,1080,793,1052,242,586,0,0,0,0,0,2,21935,0,1165,1
taiga,55867,1298,202,0,14612,0,1307,1307,440,249,250,0,0,0,0,0,1,19738,0,1113,1
taiga,57464,762,0,0,14230,0,1001,983,455,251,751,0,0,0,0,0,0,19800,0,1051,0
taiga,54162,1297,0,0,14179,0,946,1252,1165,250,377,0,0,0,0,0,2,21628,0,1061,0
taiga,53437,1125,0,0,13613,0,1151,995,845,248,848,0,3,0,0,0,2,22304,0,1651,0
taiga,53911,1117,0,0,14521,0,532,1329,1257,232,794,0,0,0,0,0,0,20613,0,1574,0
taiga,56495,938,0,0,14605,0,1445,1298,1264,278,469,0,1,0,0,0,3,18223,0,1365,3
taiga,58576,1156,0,0,14803,0,1061,1286,957,322,419,0,0,0,0,0,0,16939,0,1051,1
taiga,54542,799,39,0,13848,0,1822,1178,1072,306,532,0,0,0,0,0,0,20829,0,1430,0
taiga,52388,1509,0,0,14512,0,541,1027,825,266,876,0,0,0,0,0,3,23473,0,1092,0
taiga,56690,1599,0,0,13534,0,1264,917,715,270,629,0,0,0,0,0,1,19178,0,1719,32
taiga,59193,1318,0,0,14559,2,890,807,1240,268,462,0,0,0,0,0,4,16937,0,816,22
forest,63223,1089,0,0,14039,0,1282,1117,1449,255,546,0,1,0,0,0,5,11470,0,1721,626
forest,63637,1173,139,0,14722,0,1412,886,1002,250,423,0,70,0,0,0,4,11477,0,1170,2
forest,63723,1136,8,0,14797,0,1020,1125,1004,276,686,0,4,0,0,0,4,11154,0,1165,252
forest,63765,1374,0,0,14552,1,915,1111,578,242,427,0,0,0,0,0,3,11052,0,1538,970
forest,63418,1259,0,0,15153,2,1000,919,1057,252,532,0,0,0,0,0,5,10883,0,900,911
river,64328,1636,0,2,14031,0,1126,900,871,168,739,0,0,0,10,17,4,10429,16,1223,1406
river,65367,640,0,0,14750,0,1461,794,606,151,601,0,0,0,32,20,8,9972,10,1276,1290
forest,65217,1243,0,0,14476,0,973,705,982,134,698,0,0,0,132,7,1,8987,4,1613,1811
forest,64538,619,0,0,14516,0,928,1109,883,166,681,0,0,0,120,0,3,11570,0,970,517
forest,65871,952,0,36,13831,0,942,1177,1142,0,383,0,0,0,96,0,0,10926,0,1201,395
forest,65844,1675,0,1,13883,4,1350,1506,1281,0,699,0,0,0,193,0,0,8478,0,1218,1056
river,66499,582,0,40,13181,0,1005,1209,1037,0,724,0,0,0,181,3,0,8271,6,1068,3383
river,66035,1108,0,6,14154,0,1430,789,472,0,722,0,0,0,381,27,0,7455,38,1220,3325
river,65828,1296,0,15,15095,0,1477,426,913,0,425,0,0,0,371,8,0,8951,10,778,1612
forest,66454,1753,0,10,13822,0,587,377,980,49,585,0,0,0,384,0,0,9587,0,1513,1023
forest,73343,868,0,0,10644,0,605,739,712,67,101,0,0,0,158,0,0,7793,0,840,1183
forest,71816,1342,0,0,11076,0,609,894,943,104,296,0,24,0,126,0,8,9011,0,515,314
plains,68197,1568,0,12,12155,0,721,1203,844,92,318,0,6,0,217,10,15,9750,8,1296,612
river,66534,1159,0,0,13310,0,869,767,1684,44,614,0,8,0,430,24,2,8713,36,1099,1799
river,68150,1265,0,0,12087,0,961,453,773,97,678,0,170,0,137,6,5,8647,14,833,2985
river,68693,1071,0,0,11802,2,1257,741,586,50,518,0,106,0,87,13,0,7366,20,945,3902
river,66489,605,0,4,12865,0,1320,625,425,6,632,0,281,0,278,9,0,8843,24,1094,2970
river,65792,1243,0,0,14770,0,1000,217,403,11,497,0,0,0,105,30,0,8586,20,1655,2837
plains,65863,706,0,0,14607,0,878,722,1262,0,480,0,0,0,205,19,0,9641,14,1152,1669
plains,71863,439,0,26,11042,2,1044,787,1072,0,342,0,0,0,184,0,0,7785,0,509,2196
plains,73486,1051,0,13,9164,0,1277,496,675,108,371,0,35,0,53,0,26,6801,0,711,3019
plains,70815,1082,0,0,10534,0,889,530,882,185,513,0,0,0,131,0,50,7210,0,1157,3253
plains,66358,815,0,0,13818,0,1265,418,950,157,433,0,0,0,223,0,40,8551,0,1660,2502
plains,65814,1052,0,0,14074,1,958,743,1038,253,754,0,1,0,9,0,64,9990,0,1074,1363
plains,65190,1431,0,0,14777,4,1130,1036,933,256,837,0,0,0,0,0,58,8821,0,1133,1551
plains,65700,1399,0,0,14435,0,895,901,1568,257,379,0,0,0,0,0,58,9466,0,1692,344
plains,64919,1624,0,0,14962,0,1165,803,1056,256,421,0,0,0,0,0,59,10516,0,1206,89
plains,66047,846,0,0,12434,0,940,1020,1326,255,355,0,0,0,0,0,56,12336,0,1418,0
plains,64643,1081,0,0,14675,4,1062,1033,1375,256,307,0,0,0,0,0,35,11407,0,1159,0
plains,60736,1459,0,0,13303,0,1281,738,617,277,678,0,0,0,0,0,43,15977,0,1505,0
plains,60053,1114,0,0,13820,0,845,921,477,338,534,0,0,0,0,0,39,17399,0,1215,0
plains,58208,1644,0,0,13353,0,1190,1145,1304,260,472,0,90,0,0,0,44,18370,0,902,12
plains,58746,1203,0,0,11942,0,1434,1266,1037,322,717,0,16,0,0,0,36,18740,0,1395,121
plains,62153,1475,0,0,11057,0,1257,1082,1030,264,412,0,0,0,0,0,21,16945,0,1057,4
plains,59431,1442,0,0,12692,5,1336,1381,761,383,275,0,0,0,0,0,42,17928,0,806,390
plains,56144,1455,0,0,14098,0,1316,1245,517,319,640,0,0,0,0,0,44,19183,0,1315,581
plains,57889,595,0,0,13138,0,1580,1169,1166,266,695,0,1,0,0,0,37,17398,0,1314,1741
plains,65069,1565,0,0,13165,0,1436,1243,721,302,522,0,0,0,0,0,33,12031,0,731,397
plains,66466,1427,0,0,13856,0,922,1221,991,288,261,0,26,0,0,0,42,10588,0,960,139
plains,65526,899,148,0,14340,0,1639,1007,706,294,318,0,0,0,0,0,65,11014,0,993,21
plains,65554,988,0,0,15388,0,1297,696,347,256,443,0,0,0,0,0,50,11263,0,780,89
plains,65928,1560,0,23,14437,0,1540,944,773,67,575,0,25,0,178,9,19,9131,12,1383,568
river,66141,1020,0,8,14796,3,1251,501,1004,2,660,0,0,0,269,31,0,8411,42,1168,1596
plains,66073,883,0,12,14289,0,1004,864,1222,244,601,0,0,0,0,0,61,9450,0,1173,14
plains,66688,1686,0,0,14183,0,805,1058,1258,256,607,0,0,0,0,0,59,9618,0,926,72
plains,66604,1209,0,0,13677,0,1440,1028,971,262,621,0,1,0,0,0,50,9970,0,659,1
plains,65243,1005,0,0,13219,2,1556,1256,1214,256,403,0,0,0,0,0,58,10326,0,1131,0
plains,65046,1550,0,0,15055,0,889,1232,1358,256,226,0,0,0,0,0,57,10268,0,1150,23
plains,63828,1133,0,0,14499,0,1027,1242,765,256,462,0,0,0,0,0,24,11919,0,1539,306
plains,63950,1658,58,0,13195,0,1494,1393,942,256,517,0,0,0,0,0,33,10372,0,1607,1503
plains,64011,1240,0,0,14276,0,1292,1002,585,240,472,0,0,0,41,0,35,12352,0,1016,463
plains,64677,907,0,0,14001,4,748,700,1476,154,295,0,0,0,4,0,15,12427,0,1434,209
plains,65982,918,0,0,12580,0,1119,730,904,185,289,0,0,0,0,0,31,10969,0,1408,511
windswept_gravelly_hills,66190,1287,0,10,13420,0,1003,661,1141,46,432,0,21,0,349,0,8,8368,0,1180,3032
windswept_gravelly_hills,66339,1111,0,0,14435,2,752,355,1215,1,522,0,1,0,141,0,0,9753,0,990,1450
windswept_gravelly_hills,65395,1456,0,0,13802,0,1109,301,922,0,1883,0,284,0,0,0,0,10370,0,1015,574
windswept_gravelly_hills,64796,1167,0,0,13897,0,1590,860,778,122,461,0,109,0,0,0,1,11356,0,1456,496
windswept_gravelly_hills,63634,1304,0,0,14250,0,1115,536,1299,37,1058,0,0,0,0,0,0,11938,0,1763,152
windswept_gravelly_hills,63004,1006,133,0,13558,0,1230,541,902,54,1158,0,38,0,0,0,1,14084,0,1323,0
windswept_gravelly_hills,62636,927,556,0,13054,0,1429,844,1554,257,301,0,41,0,0,0,2,14373,0,794,129
windswept_gravelly_hills,60063,1895,447,0,14006,0,1023,668,1184,38,1263,0,0,0,0,0,0,15030,0,1144,73
windswept_gravelly_hills,55362,928,280,0,14962,0,702,1108,1319,247,928,0,0,0,0,0,20,19880,0,1055,108
plains,55510,1138,368,0,14499,0,1250,1057,1250,245,800,0,1,0,0,0,32,18861,0,1112,760
plains,55751,1478,377,0,13446,0,862,1486,1517,256,859,0,22,0,0,0,61,17663,0,1420,1756
plains,57835,1175,0,0,13944,0,879,1669,950,284,501,0,0,0,0,0,27,17681,0,785,637
plains,61048,1635,0,0,14397,0,675,1279,673,282,672,0,0,0,0,0,28,13877,0,1470,975
plains,62976,914,0,0,14578,2,1558,877,1202,240,397,0,0,0,0,0,13,12684,0,1095,675
windswept_savanna,65519,1377,0,9,13679,0,1343,763,1259,63,399,0,1,0,198,17,15,9296,12,1072,2003
river,65976,976,0,17,12779,0,1179,1145,822,0,652,0,0,0,176,24,0,6961,44,1119,5418
plains,68251,1041,0,1,12375,0,1795,904,727,2,801,0,17,0,240,5,3,7795,14,1219,2010
plains,68011,1320,0,0,12396,0,898,758,1445,133,862,0,80,0,128,0,35,9105,0,1191,907
plains,66132,665,0,9,14276,0,1749,464,464,48,231,0,0,0,381,0,10,9956,0,1427,1389
plains,65896,912,0,0,15053,0,811,1008,913,4,500,0,0,0,218,0,0,10117,0,1034,717
plains,65853,459,0,29,15373,0,918,569,1204,0,329,0,18,0,286,4,0,9761,2,1152,1250
river,66238,1017,0,27,15450,0,832,422,1019,0,639,0,0,0,171,23,0,7664,40,617,2080
plains,66629,1025,0,15,14227,0,1056,496,1127,10,392,0,0,0,295,18,6,9310,30,1209,940
plains,67730,1429,0,0,13326,0,1228,598,942,41,356,0,0,0,221,15,7,9142,6,804,1365
plains,66406,1117,0,1,14510,0,990,1079,1414,163,317,0,0,0,47,0,38,9120,0,1437,612
plains,65905,1761,0,12,14682,0,920,1187,688,26,427,0,0,0,285,0,11,8988,0,814,1489
plains,66045,324,52,9,14211,0,753,1197,725,0,472,0,31,0,235,0,0,7514,0,1818,3773
plains,67068,1260,0,8,12706,0,553,1021,990,0,429,0,375,0,211,1,0,5032,0,1143,6495
plains,68977,963,0,3,10575,0,633,881,1281,0,506,0,696,0,404,6,0,6524,12,1147,4656
plains,67587,973,75,30,12418,0,790,695,1116,12,377,0,17,0,175,0,2,10303,0,1601,995
plains,67518,1251,214,29,13329,0,668,569,771,227,359,0,0,0,2,0,27,10426,0,1112,452
plains,66499,769,19,0,12565,4,1068,1043,1095,253,305,0,0,0,0,0,36,10295,0,1339,203
forest,61696,569,0,0,12875,0,1107,1388,1441,274,627,0,0,0,0,0,1,14554,0,1237,14
forest,61982,1208,12,0,13582,0,798,1755,612,278,864,0,1,0,0,0,4,14361,0,1235,34
forest,65236,1232,46,0,11713,0,1086,1010,949,251,859,0,0,0,0,0,5,11742,0,1525,93
forest,65216,1275,0,0,9493,0,1143,1183,1061,328,434,0,3,0,0,0,4,13058,0,1359,33
forest,62478,1689,0,0,9808,3,1376,998,1203,244,485,0,0,0,0,0,4,15270,0,676,44
forest,63236,1052,117,0,9813,2,706,902,1051,249,650,0,0,0,0,0,4,14756,0,1032,584
forest,65708,1257,0,0,10071,0,883,821,1333,259,486,0,22,0,0,0,8,11658,0,663,356
forest,64752,1012,0,0,10031,2,1286,1137,932,249,702,0,31,0,0,0,11,11974,0,676,7
forest,64790,855,51,0,10342,0,904,1026,1474,250,536,0,32,0,0,0,5,11120,0,1307,183
forest,65996,1163,2,0,10554,0,909,714,1086,263,230,0,415,0,0,0,12,12195,0,1098,24
forest,64754,1181,0,0,13078,0,968,1268,913,265,608,0,326,0,0,0,6,11080,0,766,270
forest,65680,1042,0,0,14642,0,1310,909,1166,259,689,0,42,0,0,0,4,9801,0,932,98
birch_forest,65053,1505,0,0,14492,0,1430,1110,861,248,352,0,0,0,0,0,12,10396,0,1192,0
birch_forest,65391,828,0,0,13792,0,1580,1312,1315,250,1016,0,0,0,0,0,17,9798,0,1461,0
birch_forest,64903,1039,0,0,13672,0,897,917,725,252,298,0,0,0,0,0,8,11489,0,2150,338
birch_forest,65416,1047,0,0,15105,0,904,916,1511,251,625,0,0,0,0,0,14,10152,0,819,28
birch_forest,66009,1138,0,0,13331,0,773,1073,957,248,574,0,0,0,0,0,10,10118,0,1064,76
birch_forest,66294,767,0,0,14209,0,982,1126,535,250,591,0,4,0,0,0,8,10251,0,1135,35
birch_forest,64771,1018,0,0,14729,0,1461,1007,1101,246,663,0,165,0,0,0,19,10472,0,766,81
birch_forest,65251,1251,0,0,14844,3,1452,729,1240,249,299,0,16,0,0,0,16,10596,0,754,9
birch_forest,65176,1477,0,112,13671,0,1400,691,1028,250,191,0,1,0,0,0,11,11079,0,1681,31
birch_forest,63585,663,20,424,13037,0,845,1279,1070,245,482,0,0,30,0,0,12,12500,0,1702,588
dark_forest,63071,645,44,830,13544,0,830,1172,1545,245,466,0,0,171,0,0,10,12496,0,946,128
dark_forest,64659,1245,52,592,14074,0,1188,925,1297,227,344,0,0,146,0,0,18,11098,0,569,36
dark_forest,64358,1091,258,288,13140,2,922,724,1379,221,579,0,105,215,0,0,40,11870,0,1278,0
dark_forest,62963,1270,315,549,13521,0,602,1250,908,246,616,0,7,15,0,0,10,11626,0,1523,3
dark_forest,63063,1201,142,386,13844,0,1129,1376,593,240,378,0,0,15,0,0,1,12637,0,1076,2
dark_forest,62432,976,0,890,14390,0,792,1138,982,243,191,0,42,5,0,0,5,12779,0,1065,0
dark_forest,63659,941,0,694,14347,0,968,760,1081,238,492,0,1,3,0,0,10,11822,0,1351,0
dark_forest,64562,1545,0,553,13562,0,922,532,1093,238,440,0,0,0,0,0,8,11719,0,1161,0
dark_forest,64103,1741,0,874,14049,0,1247,855,770,246,361,0,10,0,0,0,3,10785,0,1440,0
dark_forest,66195,760,0,1027,11538,0,1143,819,1056,238,324,0,1,420,0,0,81,11580,0,817,25
dark_forest,65035,1028,0,916,12640,0,824,1031,1053,247,303,0,0,187,0,0,32,11754,0,1405,2
dark_forest,64021,911,0,1248,14408,0,1205,1200,968,239,329,0,36,0,0,0,4,10906,0,969,0
dark_forest,64915,1582,0,827,15376,0,1112,1368,909,197,158,0,0,0,6,0,10,9091,0,609,43
dark_forest,65701,1132,0,483,14266,0,1346,864,1218,25,346,0,0,0,153,0,1,9926,0,1206,389
dark_forest,66366,1110,0,992,13041,5,803,962,944,129,510,0,0,296,196,12,58,9825,14,967,400
dark_forest,69468,736,0,1311,9839,0,1156,883,971,123,333,0,1,537,136,17,95,6941,10,536,3376
dark_forest,72221,562,0,1000,9205,0,1400,750,820,26,356,0,1,688,167,2,135,6062,2,341,3120
river,73424,930,0,859,7295,0,876,689,205,0,519,0,249,488,230,15,58,6537,36,1095,3571
river,66861,935,0,884,13665,0,1411,372,1047,0,463,0,0,167,272,20,27,6781,12,1169,3095
river,66466,1328,0,1041,13763,0,854,691,1172,0,658,0,0,135,39,29,0,7002,38,1290,2627
river,65818,1400,0,624,14381,0,1176,889,810,0,359,0,0,7,203,25,0,8603,30,1185,1640
dark_forest,66794,1151,0,350,14855,0,617,935,580,0,139,0,0,127,264,0,43,9035,0,821,1464
dark_forest,67557,890,0,422,14294,0,1210,1074,1145,0,360,0,1,197,181,0,73,6836,0,957,1884
dark_forest,66888,1103,0,667,13952,0,849,1185,662,0,521,0,0,23,341,2,11,7368,4,852,2780
old_growth_birch_forest,66694,1408,0,385,13800,0,819,916,1177,0,444,0,0,0,283,6,0,8634,2,1246,1373
river,66458,1508,0,89,14139,0,1158,850,1313,0,582,0,0,0,198,19,0,8354,22,962,1564
river,67132,984,0,0,12992,0,978,497,1128,0,466,0,0,0,83,16,0,7390,22,1813,3772
river,65957,605,220,368,14056,0,1202,284,1057,0,649,0,0,24,52,15,8,8592,14,1203,2725
river,65989,1212,205,309,14087,1,718,599,1015,0,231,0,1,0,210,18,0,9492,52,1263,1783
river,65863,427,268,519,14191,0,959,667,939,0,603,0,0,0,223,27,0,8538,28,905,2963
river,65943,1148,262,11,15363,0,936,490,494,0,184,0,0,0,299,25,0,8769,28,700,2428
river,66112,810,210,74,14178,0,1177,591,53,0,687,0,0,0,222,26,0,9511,48,1397,2138
river,66049,1011,30,406,14114,0,853,557,989,0,291,0,82,0,182,3,0,9442,8,939,2218
river,65990,153,6,295,15087,4,1249,516,1003,0,637,0,0,0,92,15,0,8558,30,629,2943
river,65899,938,116,327,14606,0,1530,771,859,0,688,0,0,0,304,24,0,8368,26,829,1902
river,67135,950,110,426,13492,0,956,1330,748,1,599,0,135,0,270,22,0,8729,32,695,1481
river,66343,1265,8,518,13519,0,863,1152,1186,2,493,0,0,0,163,7,0,8828,10,1212,1674
birch_forest,65757,932,0,206,13919,0,1464,1138,1199,12,800,0,0,0,193,0,0,9007,0,1289,1253
dark_forest,65923,676,0,337,14369,0,1898,918,686,90,458,0,90,0,2,0,7,9236,0,1345,908
dark_forest,64446,1364,0,288,15002,0,787,907,1153,236,317,0,7,5,0,0,5,10648,0,988,164
dark_forest,68224,1286,0,626,10881,0,690,920,561,243,315,0,103,3,0,0,8,11371,0,1277,18
dark_forest,73112,1032,0,450,6033,0,1134,1119,1312,240,520,0,0,228,0,0,9,9776,0,618,0
dark_forest,76496,1062,0,1020,5741,0,781,1325,896,241,388,0,0,361,0,0,32,7519,0,433,54
dark_forest,74257,1343,0,85,6011,0,1294,1261,721,243,603,0,0,392,0,0,11,9727,0,390,6
dark_forest,69492,820,0,266,9970,0,1516,1307,651,248,430,0,55,158,0,0,6,8640,0,913,2
dark_forest,65791,1476,0,202,13829,0,1164,1391,971,307,599,0,0,57,0,0,14,9559,0,920,2
dark_forest,65001,1469,0,932,14435,0,1015,894,479,240,530,0,0,23,0,0,6,10299,0,1031,0
dark_forest,69201,556,0,764,12739,0,896,886,972,242,474,0,0,26,0,0,8,8362,0,1135,198
dark_forest,66018,997,0,818,13714,0,844,960,1297,232,481,0,1,6,0,0,8,8798,0,1662,281
dark_forest,66311,879,0,753,13854,0,757,848,820,96,448,0,0,188,106,1,2,10305,0,976,258
river,66085,1807,70,520,14022,0,542,526,912,0,557,0,1,0,403,28,0,8686,22,1466,1550
dark_forest,65627,1440,0,1099,14427,0,1280,836,1132,20,494,0,0,0,70,17,0,9051,16,877,661
dark_forest,65969,1129,0,676,13970,0,892,855,995,156,479,0,0,163,66,0,33,9839,0,1262,150
dark_forest,65092,1187,0,929,13312,0,770,719,862,246,361,0,0,81,0,0,15,10869,0,1906,4
dark_forest,66549,431,0,1043,12854,0,1064,1029,1271,242,578,0,66,135,0,0,23,10045,0,1017,0
dark_forest,68275,1227,0,766,11962,0,660,906,730,226,263,0,0,294,0,0,44,9831,0,1346,16
dark_forest,65942,1179,3,1121,13310,0,704,1020,1099,193,257,0,2,205,0,0,64,9767,0,1207,41
old_growth_pine_taiga,66224,1234,196,653,11996,0,1260,524,789,106,334,0,161,442,0,0,82,10951,0,1605,29
old_growth_pine_taiga,64298,1829,0,1242,14159,0,720,580,929,147,278,0,0,96,0,0,34,11125,0,814,6
old_growth_pine_taiga,64683,1497,0,912,14275,0,1030,1045,838,16,348,0,0,4,0,0,7,10493,0,1332,2
old_growth_pine_taiga,67294,1270,0,415,14562,0,718,832,958,22,495,0,0,64,41,0,1,8575,0,1185,265
old_growth_pine_taiga,67581,467,0,811,14673,0,970,418,422,11,421,0,0,224,340,0,24,8568,0,993,1126
old_growth_pine_taiga,67162,1264,0,769,13292,0,906,389,1174,122,810,0,0,222,55,0,31,9190,0,1148,445
old_growth_pine_taiga,65029,678,0,482,14630,0,1180,725,1014,153,425,0,0,33,49,0,5,11036,0,1012,275
taiga,65162,1412,0,325,13780,0,1532,872,1100,228,427,0,0,0,0,0,7,10091,0,1422,303
taiga,64747,1212,0,474,13771,0,1133,968,1988,285,234,0,0,0,0,0,3,10530,0,1342,0
taiga,65288,1153,0,288,14538,0,914,842,1769,257,356,0,0,27,0,0,17,10356,0,903,0
taiga,64882,1144,0,280,13913,0,972,876,863,221,810,0,0,0,0,0,2,11486,0,1277,0
taiga,65821,1328,0,12,14537,0,1240,667,1275,250,650,0,0,49,0,0,22,9835,0,1173,0
taiga,65206,985,0,0,14023,0,1407,781,1045,248,649,0,0,0,0,0,2,10917,0,1380,0
taiga,64959,1340,0,0,14275,0,987,873,1685,250,332,0,0,0,0,0,0,10530,0,1450,0
taiga,65456,935,18,0,13405,2,1028,1046,1117,264,493,0,0,0,0,0,0,11482,0,1330,10
taiga,69171,1180,34,0,9671,0,1210,800,1518,178,641,0,0,0,231,0,2,9608,0,1034,549
taiga,67835,976,0,0,10108,0,1150,1284,1610,250,522,0,0,0,5,0,1,10336,0,195,2384
river,67460,954,0,0,11737,2,1274,1363,810,253,526,0,0,0,0,0,0,9839,0,922,1892
river,66281,1166,0,0,13466,1,1510,827,1051,83,484,0,0,0,225,11,0,9519,2,1626,932
river,65803,1059,0,10,14940,0,826,1119,1019,8,542,0,0,0,197,9,0,9280,10,819,1535
forest,65172,912,0,10,14137,0,1480,1241,1221,177,531,0,0,0,180,0,7,10497,0,872,503
forest,65638,1066,0,0,13314,0,1194,892,1296,187,284,0,0,0,322,0,2,10480,0,895,963
beach,67869,508,0,0,12246,0,985,476,921,43,773,0,0,0,680,1,0,7347,0,1193,3456
beach,67627,920,0,0,13576,0,503,303,813,0,491,0,0,0,514,0,0,8170,0,668,2175
cold_ocean,67013,834,0,0,13578,0,992,493,1075,0,177,66,0,0,326,23,0,7876,20,1802,1745
cold_ocean,66330,1238,0,0,14409,0,1071,250,691,0,572,197,0,0,1,14,0,8063,14,1297,2980
cold_ocean,65929,978,0,4,14463,2,1382,326,819,0,659,0,0,0,143,11,0,8437,16,1155,2903
cold_ocean,65970,1069,0,9,14466,0,859,710,1078,0,269,0,0,0,256,24,0,8097,10,1565,2873
cold_ocean,65977,1146,0,14,14861,2,1034,776,1300,0,366,0,0,0,259,22,0,8673,10,1040,1754
cold_ocean,65859,965,0,13,14999,1,1155,1019,1317,0,786,22,0,0,246,29,0,8059,14,613,2164
cold_ocean,66679,183,0,0,13284,0,427,340,406,0,895,78,0,0,83,21,0,8288,8,1774,4785
cold_ocean,66506,1022,0,0,14004,0,632,114,942,0,457,65,0,0,0,11,0,7396,10,1369,4733
cold_ocean,66055,596,0,0,14548,0,910,146,758,0,712,122,0,0,0,21,0,8722,14,610,4030
cold_ocean,66516,682,0,0,14093,0,643,180,1011,0,265,139,0,0,0,27,0,7990,16,1742,3948
cold_ocean,69311,509,0,0,12936,0,64,352,1057,11,584,0,0,0,0,20,0,6915,6,1481,4035
cold_ocean,67320,1589,0,0,13577,0,826,172,1058,0,644,0,76,0,20,20,0,6834,18,1012,4060
cold_ocean,66343,652,0,0,14091,0,850,99,1318,0,531,0,197,0,0,24,0,7763,46,1454,3902
cold_ocean,67455,1110,0,0,13029,0,766,494,852,0,454,0,30,0,98,21,0,7548,10,991,4355
cold_ocean,67134,1523,0,0,14615,0,633,275,620,0,613,0,30,0,0,14,0,7183,18,512,4046
forest,66305,655,0,0,14843,0,558,296,780,0,617,0,0,0,0,0,0,8120,0,1285,3755
forest,66920,595,0,2,14374,0,743,477,1023,103,688,0,237,0,94,0,0,8321,0,777,2656
forest,65493,897,0,0,14410,0,620,481,645,244,600,0,113,0,0,0,3,9505,0,1008,2781
forest,65288,837,0,0,13197,0,655,661,1358,230,605,0,233,0,0,0,6,9285,0,1283,3194
forest,65923,1144,0,5,13725,0,841,770,1521,86,541,0,161,0,218,0,1,9448,0,1622,961
forest,65781,1270,0,3,14676,0,1007,700,1240,4,400,0,39,0,211,18,0,9085,16,867,1633
forest,67186,1468,53,0,12934,0,889,782,926,0,560,0,260,0,339,18,0,8810,16,595,2295
cold_ocean,66570,1287,58,9,13777,0,785,312,1150,0,670,198,492,0,152,32,0,8607,18,643,2280
cold_ocean,66089,680,588,2,14459,0,603,478,1229,0,542,367,297,0,22,16,0,8628,2,703,2279
beach,68439,379,548,0,13103,0,176,151,788,0,408,46,1,0,319,0,0,5072,2,1154,6274
beach,69533,739,169,0,11746,0,480,324,688,0,494,0,1,0,987,0,0,8886,0,679,1827
beach,67245,636,34,0,13722,0,707,106,1407,0,637,0,0,0,732,0,0,10004,0,747,419
river,66559,1232,0,0,13499,0,1353,478,878,12,598,0,0,0,445,0,0,9223,0,1094,1391
forest,65581,1411,0,4,14060,0,934,849,1442,154,460,0,239,0,114,2,5,10435,0,748,407
forest,64572,895,142,0,14433,0,1109,904,1360,196,412,0,201,0,17,6,3,11229,6,1066,67
forest,64598,1480,0,0,14619,0,1112,434,1291,235,753,0,0,0,0,0,3,11451,0,759,0
forest,67554,1156,0,0,11659,0,720,581,713,230,154,0,0,0,45,0,6,13084,0,812,3
forest,71220,875,0,0,8112,0,838,651,1446,152,73,0,132,0,358,0,6,11381,0,829,498
forest,69806,733,0,0,11779,2,1319,910,584,184,388,0,17,0,192,0,4,9318,0,842,634
forest,66402,832,0,0,13049,1,998,1278,877,142,436,0,0,0,41,0,4,8810,0,1227,2825
forest,64732,1377,0,0,12433,0,802,1268,1373,247,746,0,0,0,0,0,7,11785,0,1152,456
forest,63192,763,0,0,13855,0,1737,1359,761,247,473,0,0,0,0,0,4,12646,0,1473,39
forest,63445,1338,0,0,14197,1,1160,1125,1119,249,637,0,0,0,0,0,4,11893,0,1369,54
forest,65440,1316,0,0,13656,4,1398,709,1323,250,773,0,0,0,0,0,3,10613,0,919,150
forest,69135,452,0,0,12238,0,662,736,577,257,528,0,0,0,0,0,12,8750,0,723,2626
forest,65631,777,0,0,14509,0,934,1109,1500,251,440,0,0,0,0,0,15,9421,0,1257,565
forest,65416,1222,0,0,14427,0,1070,1100,853,174,278,0,0,0,246,0,2,10151,0,1431,191
beach,66590,1353,0,0,14381,0,1305,364,142,0,283,0,0,0,760,0,0,9427,0,1357,914
beach,66704,860,0,12,13385,0,1101,447,1280,0,343,0,217,0,642,0,0,9994,0,1147,482
beach,66165,1363,30,0,13342,0,1089,212,1219,5,272,0,0,0,729,0,0,10304,0,1215,486
beach,66429,1698,15,0,13652,0,1274,105,1578,0,680,0,13,0,814,0,0,9359,0,931,157
beach,66418,1115,237,0,13632,0,903,157,657,0,544,0,0,0,1023,1,0,10271,0,1291,429
beach,65954,1639,105,16,14050,0,1136,487,638,47,769,0,0,0,554,11,0,8629,8,1236,1483
river,66900,770,52,37,13975,4,774,364,780,0,432,0,0,0,260,24,0,8692,18,1071,3040
river,65969,864,0,28,14910,0,1498,834,1198,0,372,0,0,0,110,38,0,8521,40,1256,1557
river,66041,1113,0,8,14062,0,1030,821,968,0,289,0,77,0,201,15,0,8111,12,1412,3014
river,65792,872,0,30,14643,2,1077,1007,903,0,701,0,0,0,252,20,0,8858,20,1022,1965
old_growth_birch_forest,65636,1053,0,7,14977,0,751,720,973,105,626,0,0,0,51,0,0,7951,0,856,3280
old_growth_birch_forest,65260,382,0,63,13441,0,921,898,936,193,399,0,0,0,34,0,10,9043,0,1409,3900
old_growth_birch_forest,64746,896,62,251,14274,4,1216,952,1366,249,571,0,0,0,0,0,10,9936,0,1152,1034
old_growth_birch_forest,65799,1618,0,699,13768,0,1122,860,701,122,495,0,0,0,96,0,11,9442,0,1688,497
old_growth_birch_forest,65627,918,0,417,14219,0,466,746,1836,104,360,0,67,0,262,0,11,10413,0,1338,135
old_growth_birch_forest,66125,610,0,559,14343,0,1189,926,1542,249,559,0,0,0,0,0,9,9880,0,828,0
old_growth_birch_forest,66523,1638,0,734,13109,0,972,1157,829,246,500,0,0,72,0,0,8,9353,0,1198,100
dark_forest,67849,1065,0,212,11947,2,1154,1155,835,238,321,0,0,290,0,0,13,9372,0,1009,0
dark_forest,67836,1046,0,704,11185,0,857,1410,758,235,169,0,0,281,0,0,3,9840,0,782,0
dark_forest,66433,1432,36,439,13168,0,1588,1169,1125,236,185,0,12,95,0,0,7,9194,0,1063,0
dark_forest,66754,988,0,1019,11411,5,1159,1018,1257,232,568,0,0,225,0,0,6,10325,0,996,0
dark_forest,66700,1195,0,818,12804,4,1183,1286,854,232,305,0,0,196,33,0,5,10021,0,650,0
beach,65609,753,0,709,14896,0,1407,489,1285,66,650,0,16,0,675,0,7,8762,0,411,702
beach,66196,1364,0,1293,13633,0,694,226,1396,36,473,0,165,0,747,0,3,8547,0,1097,777
beach,66108,849,0,1205,13433,0,1039,112,1118,0,840,0,3,0,803,0,0,6934,0,1511,2554
beach,66179,1320,0,659,14257,0,523,254,496,0,749,0,0,9,392,0,0,8347,0,534,2977
ocean,66395,316,0,1365,12794,0,853,424,422,0,782,0,0,151,4,1,27,7308,2,1047,5266
ocean,66334,1269,0,1005,13307,0,689,399,469,0,514,0,0,166,0,31,22,7243,42,1211,4461
ocean,67622,437,0,1029,12201,0,447,94,680,0,749,0,0,373,0,27,29,8365,28,839,4198
ocean,69281,532,0,959,10695,0,550,226,797,0,496,0,0,432,0,20,43,8525,24,332,4141
ocean,66837,1269,135,1710,11481,0,1026,187,624,0,675,222,0,151,23,48,12,7316,28,1544,3838
ocean,66095,949,173,1463,13894,0,300,259,1154,0,420,378,0,4,0,22,3,7117,18,761,4083
ocean,65792,663,24,1174,14522,0,790,193,587,0,682,257,0,0,80,0,0,7853,0,547,3964
beach,65792,516,84,1337,13673,0,954,352,851,0,714,48,0,0,366,18,0,8291,22,1530,2295
beach,65732,1423,103,1316,13386,0,1157,124,847,16,547,0,0,0,645,2,0,8199,4,1333,1564
dark_forest,65448,850,0,1223,13702,2,946,701,1213,81,704,0,0,6,183,0,2,8669,0,1496,1391
dark_forest,65893,863,0,1191,13755,0,1085,764,1185,21,598,0,390,19,137,0,2,9783,0,855,578
dark_forest,65638,1188,0,1430,14717,0,1231,662,1649,10,453,0,0,0,128,0,0,8005,0,885,1019
river,65939,951,0,1183,13842,0,724,534,1222,0,583,0,0,0,151,1,0,9064,0,1017,1262
river,66020,1178,0,1054,13461,0,722,614,1442,0,577,0,0,3,306,20,1,8477,34,1081,2103
river,66609,864,0,898,11690,0,1487,911,517,0,495,0,0,14,340,28,2,8635,20,921,1576
river,65783,867,0,664,14152,0,1216,924,1375,45,382,0,0,8,216,28,2,9245,28,1043,868
dark_forest,65832,1112,0,468,14767,0,816,841,831,28,539,0,18,0,180,0,0,9932,2,1084,734
dark_forest,66600,1223,0,606,12993,0,1225,568,1028,0,634,0,79,44,271,0,0,9615,0,1689,589
dark_forest,67886,700,0,510,13653,0,543,839,1494,36,350,0,27,135,228,0,30,8183,0,785,1431
dark_forest,67565,861,0,377,12450,0,1345,1392,936,238,532,0,1,150,18,0,42,8503,0,1203,789
dark_forest,68469,687,0,813,11970,0,1034,1039,1048,240,346,0,0,305,0,0,30,9252,0,676,129
birch_forest,64952,275,0,338,13996,0,1104,929,1215,244,573,0,1,415,0,0,83,10921,0,1388,56
birch_forest,62829,939,0,245,13531,0,971,734,939,252,374,0,162,47,0,0,8,14414,0,808,639
taiga,57227,480,0,233,14883,0,1631,990,319,253,434,0,0,32,0,0,1,19354,0,793,59
taiga,54760,664,0,179,13467,1,1155,1266,1334,248,639,0,0,0,0,0,1,21473,0,1221,0
taiga,53035,1003,0,201,14074,0,894,1305,1331,251,635,0,76,0,0,0,0,22296,0,1409,0
taiga,53820,1853,0,29,14311,0,1144,1262,852,249,641,0,0,0,0,0,1,21016,0,1332,0
taiga,54175,1084,0,0,14663,0,1069,1499,588,297,768,0,0,0,0,0,1,21346,0,916,0
taiga,53937,1193,0,0,13601,0,1031,1445,1627,264,654,0,1,0,0,0,2,21043,0,1669,0
taiga,53727,841,0,0,12846,0,1572,1124,1294,251,862,0,1,0,0,0,1,22741,0,983,0
taiga,55072,1121,0,0,13114,0,576,1362,1290,254,634,0,0,0,0,0,2,22012,0,1051,0
taiga,57775,1498,0,0,14182,0,1845,611,687,231,486,0,0,0,0,0,0,18534,0,941,1
taiga,54628,1592,0,0,14157,0,1080,1111,1551,250,664,0,0,0,0,0,0,20371,0,1041,0
taiga,56549,1090,0,0,13018,0,1445,965,824,251,547,0,0,0,0,0,2,20565,0,1355,0
taiga,55929,1267,0,0,13327,3,1698,840,986,248,458,0,0,0,0,0,0,20290,0,1308,1
taiga,55033,1077,0,0,13271,0,1429,1239,897,249,797,0,0,0,0,0,1,21226,0,1252,0
taiga,54200,587,0,0,13754,0,1281,1120,1519,250,828,0,17,0,0,0,4,21214,0,1473,0
taiga,54997,821,0,0,14193,0,1201,1218,1595,249,631,0,60,0,0,0,3,19722,0,1748,0
taiga,57726,1287,0,0,13996,1,599,1038,651,264,520,0,0,0,0,0,0,18712,0,1632,0
taiga,66708,492,3,0,12488,0,824,1081,348,259,325,0,1,0,0,0,2,13191,0,745,1
taiga,56467,1249,206,0,14287,0,650,1509,886,305,304,0,1,0,0,0,2,19542,0,1064,0
taiga,50627,996,0,0,14580,0,944,1031,1133,313,627,0,0,0,0,0,2,24307,0,1867,0
taiga,53213,1368,0,0,14058,9,1553,1295,1279,313,436,0,54,0,0,0,3,21161,0,1644,100
taiga,58364,656,0,0,14248,2,710,971,914,245,750,0,4,0,0,0,0,18687,0,1300,0
taiga,63080,1111,0,0,14356,0,1432,1003,1343,253,647,0,0,0,0,0,0,12316,0,877,147
taiga,65994,591,0,0,13646,0,1113,1119,419,265,733,0,0,0,0,0,5,10659,0,1476,341
forest,64233,868,0,0,14132,0,446,1038,1042,255,654,0,0,0,0,0,7,10518,0,1423,1329
forest,63890,1684,0,0,14994,0,1564,1019,1097,257,694,0,0,0,0,0,7,10152,0,1017,413
forest,63682,1521,0,0,15286,0,960,1123,1390,249,225,0,0,0,0,0,4,10747,0,1171,165
forest,64867,1334,0,0,14065,0,967,731,1146,123,994,0,0,0,91,2,1,8906,2,1683,2006
river,65783,870,0,0,14201,0,1022,393,947,10,972,0,0,0,33,14,0,8388,34,1738,2824
river,65792,962,0,15,15046,0,472,576,608,0,678,0,0,0,150,33,0,9327,40,1347,2233
river,65792,872,0,39,14031,0,1361,612,1037,2,658,0,0,0,319,18,0,9050,24,1367,1970
forest,66061,1041,0,0,13177,2,1491,815,1231,35,406,0,0,0,299,2,0,9126,0,1263,1305
river,65789,430,0,28,14704,0,541,767,754,5,459,0,0,0,266,6,0,9800,16,1505,2084
river,66697,1133,0,0,14295,0,521,892,939,0,285,0,20,0,365,18,0,8224,24,900,2905
river,66121,1067,0,9,13908,0,801,932,382,0,515,0,0,0,156,42,0,8325,42,1093,3831
river,66140,1069,0,15,14022,0,745,344,993,0,491,0,0,0,100,22,0,7107,26,1599,4537
forest,66295,992,0,4,13565,0,1400,329,742,110,315,0,0,0,61,5,2,7771,2,1102,4287
forest,67394,910,0,0,13398,1,1596,584,482,240,449,0,1,0,0,0,5,8456,0,1356,1846
forest,70818,349,0,10,12644,0,458,742,273,17,163,0,0,0,164,0,0,6190,0,926,4393
river,67916,489,0,32,12814,0,1261,694,1568,0,615,0,0,0,178,17,0,6894,42,1276,3450
river,67908,713,0,0,12744,0,575,805,959,52,483,0,60,0,71,19,0,8520,42,974,3261
river,67946,974,0,0,12695,0,1073,1050,1139,226,541,0,117,0,0,2,5,9250,0,1002,1150
river,67123,876,0,4,12967,0,825,784,970,182,406,0,28,0,67,2,7,10527,18,1010,1353
river,66306,1014,0,16,14243,2,1609,1148,1021,11,387,0,270,0,265,14,1,8449,24,1064,1353
river,66597,950,0,19,15062,0,834,614,861,0,232,0,7,0,397,33,0,8951,42,1048,1561
river,66584,801,0,41,13947,0,1151,1013,1043,36,327,0,0,0,230,24,1,9143,28,1468,1355
river,71653,469,0,28,11215,0,465,1095,1033,0,199,0,66,0,220,18,0,6727,36,1035,2964
river,74589,350,0,12,8600,0,1060,726,825,6,217,0,24,0,272,0,3,5660,0,1006,3972
river,70186,622,0,1,11846,0,664,795,600,0,360,0,1,0,176,27,0,7844,14,559,3577
river,66286,1494,0,29,14288,0,934,860,593,0,454,0,0,0,281,26,2,7769,24,1071,2959
plains,66017,1502,0,0,14755,1,1149,671,653,136,268,0,0,0,35,3,26,10169,4,626,1116
plains,64140,1040,0,0,15057,0,1352,931,1093,252,646,0,0,0,0,0,60,11037,0,1100,425
plains,63824,1262,0,0,15124,0,968,940,1303,255,419,0,0,0,0,0,66,11866,0,1043,30
plains,64489,859,0,0,14747,0,1549,669,999,256,688,0,0,0,0,0,55,11503,0,1148,113
plains,64804,933,0,0,14094,0,731,925,1119,256,471,0,0,0,0,0,67,12715,0,911,0
plains,64183,1171,14,0,13514,0,764,799,986,255,426,0,0,0,0,0,46,13931,0,959,0
plains,60648,1180,0,0,15069,0,1660,678,1101,256,829,0,0,0,0,0,41,14500,0,992,1
plains,60555,670,0,0,13944,0,1131,955,890,303,298,0,0,0,0,0,41,16793,0,1463,0
plains,54367,1630,0,0,13828,0,1999,937,1156,273,640,0,4,0,0,0,36,21004,0,927,0
plains,56584,1997,60,0,12472,0,1469,1150,778,308,764,0,17,0,0,0,30,20008,0,1236,54
plains,59069,1508,49,0,11205,0,839,1134,1365,349,584,0,27,0,0,0,37,19621,0,1146,73
plains,57325,1426,0,0,12644,0,989,932,955,257,901,0,0,0,0,0,53,20126,0,1003,385
plains,57211,896,0,0,12792,0,1877,696,814,250,674,0,0,0,0,0,56,19861,0,893,850
plains,58303,1203,0,0,13833,0,1139,1025,1185,335,314,0,0,0,0,0,39,18457,0,1045,46
plains,63581,1217,0,0,14513,0,799,976,1076,262,383,0,0,0,0,0,22,13034,0,1075,90
plains,66517,1603,0,0,13953,0,848,870,1155,256,426,0,0,0,0,0,58,10517,0,809,179
plains,67370,1293,0,0,13854,3,799,659,1048,256,511,0,25,0,0,0,61,10651,0,590,2
plains,66668,1789,0,0,14186,4,1012,908,971,256,556,0,0,0,0,0,69,10048,0,690,0
plains,66727,732,0,11,13529,2,1235,438,979,95,614,0,43,0,286,0,27,11262,0,1058,159
river,66359,1037,0,9,14671,0,846,548,649,0,564,0,195,0,182,10,0,9210,24,1245,1525
plains,66237,1009,0,2,14934,1,1497,567,947,89,429,0,9,0,299,1,25,9338,0,1055,793
plains,67157,1239,0,0,15188,0,1222,860,637,256,432,0,1,0,0,0,61,9167,0,891,154
plains,66279,755,0,0,13682,0,1354,794,1290,256,686,0,0,0,0,0,63,10447,0,1393,0
plains,65807,1348,0,0,13702,0,1446,1116,948,256,285,0,0,0,0,0,68,9943,0,877,101
plains,64578,1017,0,0,13921,0,1263,1525,866,256,139,0,0,0,0,0,73,11222,0,1820,351
plains,64868,959,0,0,13682,0,1329,1368,1104,256,222,0,3,0,0,0,60,10604,0,1819,600
plains,65286,993,0,0,12948,8,892,1112,1038,256,810,0,97,0,0,0,51,11184,0,1556,814
plains,63442,1651,0,0,13459,1,1159,930,1275,256,311,0,0,0,0,0,49,12110,0,1989,309
plains,62445,1259,0,0,14712,0,902,989,1043,255,666,0,0,0,0,0,26,13783,0,805,135
plains,63843,917,0,0,14532,0,1047,985,1241,242,899,0,0,0,0,0,46,11750,0,1147,423
plains,64209,1085,0,0,13897,0,1315,1028,795,219,958,0,0,0,0,0,22,10000,0,1240,2328
windswept_gravelly_hills,65371,614,0,10,14165,0,731,813,508,120,555,0,0,0,44,0,4,10571,0,680,2879
windswept_gravelly_hills,65903,1320,0,11,14426,0,1063,304,1004,2,1549,0,2,0,0,0,0,8793,0,910,1852
windswept_gravelly_hills,65868,918,0,0,14227,0,1022,646,1112,23,1307,0,0,0,0,0,1,9977,0,1204,718
windswept_gravelly_hills,64765,1004,0,0,14002,0,932,488,1546,100,873,0,0,0,0,0,3,11111,0,1629,623
windswept_gravelly_hills,62733,735,0,0,14208,0,1297,541,1369,40,840,0,16,0,0,0,1,13359,0,942,917
windswept_gravelly_hills,62557,1452,0,0,13768,0,801,356,593,15,1520,0,0,0,0,0,0,13914,0,1481,540
windswept_gravelly_hills,62245,867,181,0,14381,0,1430,761,1308,197,793,0,0,0,0,0,1,13674,0,1053,61
windswept_gravelly_hills,60694,969,392,0,13685,0,1213,446,970,65,884,0,0,0,0,0,1,13914,0,1104,2540
plains,62258,975,87,1,14356,0,1125,441,1372,150,987,0,0,0,0,0,8,13965,0,639,645
plains,60281,425,182,0,14907,0,1281,774,1084,248,721,0,0,0,0,0,20,13917,0,350,2830
plains,55400,1191,485,0,13207,0,1441,894,1296,255,514,0,0,0,0,0,25,15367,0,1384,5476
plains,54413,1458,419,0,14156,0,929,1204,922,257,710,0,0,0,0,0,30,20607,0,1341,375
plains,57932,1072,196,0,13743,0,1078,1676,1477,273,793,0,1,0,0,0,30,16724,0,1340,687
plains,63418,902,8,6,14651,0,1477,1138,913,152,657,0,3,0,2,0,16,12429,0,828,444
windswept_savanna,65361,1280,150,9,14272,4,1217,702,1328,22,339,0,77,0,133,0,13,10309,0,1260,531
windswept_savanna,65880,689,0,1,13911,0,1005,782,859,7,582,0,0,0,306,0,4,10149,0,1434,1512
river,66517,1398,0,0,12354,0,770,1082,1109,0,249,0,36,0,329,22,0,8476,26,661,4124
river,67487,1441,0,13,13311,0,725,1279,864,0,366,0,0,0,206,16,0,7784,20,1125,2604
plains,68217,694,0,0,12593,3,571,1039,1122,0,661,0,0,0,288,0,0,8910,0,1099,2002
plains,67010,897,0,0,13679,0,1168,596,1000,0,533,0,3,0,375,0,0,9690,0,1204,1050
plains,66107,1660,0,1,14323,0,1359,547,971,0,568,0,0,0,244,0,0,9020,4,1087,1289
river,66002,1471,0,0,14683,4,928,511,1333,0,639,0,144,0,157,29,0,7919,26,957,2391
river,65933,824,0,0,15197,0,1007,331,750,0,986,0,0,0,53,26,0,8603,32,894,2584
river,66681,758,0,9,13252,0,1082,407,874,0,612,0,0,0,125,18,0,9762,22,1525,2096
river,66128,422,0,0,14561,4,756,385,1234,0,562,0,33,0,329,43,0,9503,38,718,2404
river,65978,1152,0,20,14813,0,1229,730,569,0,469,0,13,0,161,16,0,8000,38,1258,2649
plains,65792,1271,0,19,14766,0,517,869,817,0,497,0,13,0,540,21,0,7757,36,1308,3026
plains,65952,1037,0,8,14262,0,1167,1420,690,0,209,0,28,0,209,4,0,5477,2,1297,5451
plains,66563,299,0,19,12985,0,701,984,991,0,482,0,126,0,265,11,0,6392,26,1277,6086
river,67463,519,180,13,12731,0,883,1139,934,0,725,0,284,0,200,14,0,6450,16,838,4819
forest,67552,1280,18,0,12679,0,664,646,370,0,495,0,8,0,233,18,0,7884,14,1123,4247
forest,67142,951,62,3,13515,0,812,521,1439,72,378,0,1,0,307,0,4,8672,0,979,2205
forest,66964,870,158,0,13509,0,1611,948,588,232,242,0,0,0,55,0,7,8954,0,1202,410
forest,64770,1504,0,0,12174,0,1289,1052,1525,292,528,0,0,0,0,0,6,12105,0,1169,0
forest,62987,708,16,0,13580,0,1535,1195,379,252,275,0,113,0,0,0,12,14743,0,990,0
forest,63376,1144,44,0,12639,0,1341,1160,1103,251,400,0,4,0,0,0,2,14117,0,1003,12
forest,65107,1203,0,0,11813,0,1865,1153,905,284,617,0,0,0,0,0,4,11459,0,1124,22
forest,63574,1034,0,0,12295,0,1422,960,1028,247,445,0,0,0,0,0,4,12814,0,1373,387
forest,62322,729,23,0,10877,0,972,874,867,258,741,0,0,0,0,0,5,15218,0,1098,380
forest,65161,398,0,0,10596,0,964,885,1012,262,377,0,0,4,0,0,6,12689,0,754,300
forest,63893,1015,0,0,12544,0,725,1026,1003,254,348,0,18,0,0,0,19,12740,0,1171,0
forest,63820,1519,0,0,13406,0,1124,1243,1684,249,577,0,50,0,0,0,6,10787,0,913,0
forest,65790,840,0,0,12777,1,1347,697,1443,250,367,0,304,0,0,0,5,10774,0,571,0
forest,65073,518,0,0,13800,0,1268,887,720,249,804,0,0,0,0,0,4,11273,0,988,0
forest,65456,909,0,0,15093,0,1230,1072,704,306,504,0,0,0,0,0,7,10456,0,799,8
birch_forest,64665,1211,0,0,14532,7,1259,1040,840,255,667,0,0,0,0,0,12,10346,0,1793,103
birch_forest,64874,946,0,0,15362,0,1033,1219,1245,250,681,0,0,0,0,0,18,10260,0,792,19
birch_forest,65242,1490,0,0,15315,0,1124,881,740,250,511,0,0,0,0,0,15,10803,0,382,0
birch_forest,65259,1512,0,0,14256,0,1331,721,1223,237,709,0,0,0,0,0,15,9911,0,1373,2
birch_forest,65488,1127,99,11,13836,0,984,950,1460,182,405,0,0,0,74,0,13,10028,0,1794,51
birch_forest,66042,1245,0,0,13834,0,909,1343,800,249,820,0,7,0,0,0,22,9962,0,1246,147
birch_forest,66044,943,0,0,12726,7,1284,1185,714,249,686,0,231,0,0,0,14,10944,0,1236,386
birch_forest,65206,1784,0,60,13284,0,849,891,731,250,439,0,94,0,0,0,21,11446,0,1083,626
birch_forest,65491,1072,0,367,13763,0,580,933,591,249,402,0,29,0,0,0,11,11668,0,1523,15
birch_forest,66318,559,202,220,14261,0,763,1126,946,251,414,0,0,59,0,0,15,10307,0,1155,56
dark_forest,62783,929,78,137,13738,0,1115,1096,637,248,748,0,0,66,0,0,5,13154,0,1727,147
dark_forest,62083,1294,183,463,14450,0,871,795,873,248,336,0,0,163,0,0,34,12410,0,1341,0
dark_forest,62116,1104,156,219,15111,0,1211,1031,1465,243,563,0,0,15,0,0,15,12064,0,967,0
dark_forest,61918,761,121,438,14418,0,922,1356,1332,244,738,0,0,0,0,0,0,12974,0,1106,0
dark_forest,62310,1219,109,668,14441,0,751,1338,664,272,302,0,0,0,0,0,6,12052,0,1159,0
dark_forest,65157,1525,16,820,12599,0,916,791,552,239,491,0,0,19,0,0,6,11352,0,992,90
dark_forest,64610,856,0,500,12470,0,933,579,1094,243,681,0,0,11,0,0,13,12829,0,1534,8
dark_forest,63601,1137,142,715,13843,0,1089,713,824,254,488,0,125,6,0,0,2,11479,0,1623,114
dark_forest,64721,1641,34,879,13371,0,875,708,1499,251,386,0,0,360,0,0,68,10833,0,765,6
dark_forest,66238,1014,0,1059,11997,0,1129,919,1254,243,338,0,9,514,0,0,93,10401,0,828,0
dark_forest,65050,937,0,794,14374,1,1337,852,736,252,389,0,1,89,0,0,23,10644,0,1112,32
dark_forest,64875,1033,0,1030,13845,0,881,1060,975,248,459,0,5,0,0,0,9,10433,0,1599,178
dark_forest,65597,1545,0,899,14113,1,1448,939,1087,52,521,0,0,0,369,0,2,8837,2,1028,468
dark_forest,66245,1348,0,960,13923,2,978,906,813,0,389,0,1,53,118,0,2,8982,0,943,1548
river,66343,984,0,1025,13817,0,1133,655,604,0,743,0,70,44,202,15,5,8299,20,889,2350
river,68428,978,0,946,11902,0,935,532,992,0,296,0,76,307,147,18,43,8665,28,575,2203
river,71605,1091,0,1099,8564,2,966,566,952,1,286,0,0,500,132,11,85,7923,18,439,2799
river,73722,419,0,904,6594,0,1220,668,607,15,226,0,92,382,290,9,34,8021,8,820,3056
river,67756,998,0,392,11971,0,975,730,911,64,930,0,0,109,132,24,1,8901,24,1268,1822
river,65930,1317,0,465,13714,0,581,787,456,0,607,0,0,0,220,24,0,9707,26,1555,1776
river,65792,1057,0,334,13781,0,1396,619,525,0,644,0,0,0,347,26,0,10221,20,1259,1115
dark_forest,66977,1141,0,824,12644,0,956,613,402,0,378,0,0,155,278,7,14,8512,4,1219,3031
dark_forest,67573,585,0,693,13482,0,950,504,440,0,178,0,0,395,267,24,27,5425,32,696,5869
river,66301,307,0,762,13838,0,1411,717,681,0,649,0,0,5,228,30,0,4978,20,998,6320
river,66580,645,0,633,13398,0,470,951,444,0,316,0,0,0,303,12,0,6218,10,1506,5779
river,66846,949,0,326,13838,0,619,707,521,0,367,0,1,0,335,36,0,7287,40,917,4442
birch_forest,69274,1121,0,228,11996,0,1219,1213,1161,0,476,0,0,15,240,14,4,7267,30,777,2229
birch_forest,72155,1136,0,6,9430,0,1310,701,631,101,458,0,1,2,281,1,4,8627,2,984,1065
beach,71356,901,0,0,10213,0,983,200,953,0,622,0,0,0,854,8,0,6695,0,543,3540
beach,67820,909,0,5,13011,0,1076,378,1067,0,421,0,0,0,822,3,0,7847,2,1262,2185
beach,65968,995,53,14,14301,0,1279,594,1592,0,319,0,0,0,547,6,0,8168,16,1125,1626
birch_forest,65846,1205,104,17,14868,0,1127,1056,601,2,259,0,0,0,228,19,1,9246,18,1306,1167
river,66450,926,79,533,13651,0,1566,1019,760,17,516,0,0,0,152,28,2,9140,24,1433,895
river,66567,1060,36,52,14410,0,994,497,653,15,701,0,0,0,260,16,3,9574,4,861,1457
river,65958,1157,0,434,14664,0,474,425,1028,0,733,0,0,0,38,25,0,7742,36,1149,3355
birch_forest,65942,856,0,229,15036,0,804,483,879,16,332,0,0,0,168,0,0,9252,0,1322,1894
birch_forest,66022,889,0,143,14726,0,859,929,710,21,552,0,0,0,207,18,3,10075,2,1288,693
birch_forest,67624,880,0,13,12324,10,946,1157,1016,2,674,0,173,0,410,37,0,9398,34,1463,994
birch_forest,66077,1039,0,57,14066,0,1673,1233,933,76,587,0,9,0,130,22,2,9297,10,1171,757
birch_forest,65237,788,0,125,14458,0,1020,875,1183,233,562,0,0,0,55,0,17,10409,0,1436,294
birch_forest,65336,1461,0,193,14753,3,1003,813,1074,249,323,0,0,0,0,0,16,10520,0,738,261
birch_forest,64248,1172,0,414,14284,6,886,392,1254,250,688,0,0,0,0,0,10,12315,0,832,0
birch_forest,69241,1291,0,72,9339,2,1339,751,748,248,276,0,0,0,0,0,10,12198,0,1134,0
birch_forest,72664,1089,0,382,6126,0,1170,812,1323,239,435,0,0,38,0,0,12,11187,0,935,0
dark_forest,77252,1268,0,605,4586,0,865,1074,562,243,277,0,0,387,0,0,37,8780,0,406,37
dark_forest,74934,948,0,431,5081,0,1477,1302,1194,244,427,0,35,277,0,0,12,9817,0,309,1
dark_forest,68504,936,0,191,10237,0,1436,1176,1174,242,520,0,101,238,0,0,3,10044,0,1065,0
dark_forest,65176,913,0,335,14420,0,956,1313,1126,248,394,0,0,78,0,0,5,10247,0,1196,0
dark_forest,65376,1856,0,641,13563,0,1051,874,717,239,215,0,36,5,0,0,8,10144,0,1619,0
dark_forest,68816,995,0,721,12684,0,911,514,965,246,251,0,144,0,0,0,5,9636,0,768,1
dark_forest,68464,1200,0,802,13766,2,954,829,783,228,504,0,50,44,36,0,22,7924,0,642,89
river,66882,902,0,478,13854,0,885,780,1376,20,393,0,2,0,283,22,1,8949,24,998,1168
river,66930,812,0,360,13332,0,1259,654,1096,0,273,0,30,0,238,31,0,8378,22,1614,2109
river,65945,292,0,826,13996,0,910,831,1127,0,376,0,0,0,341,29,0,9479,32,1411,1465
dark_forest,66211,1384,0,880,13672,0,512,769,733,123,345,0,17,8,189,0,4,9376,0,1295,261
dark_forest,64753,1550,0,1018,13569,0,426,584,899,247,427,0,111,23,0,0,8,11363,0,1187,42
dark_forest,65202,1221,0,580,13703,0,1570,1118,805,243,408,0,25,141,0,0,14,10396,0,972,0
dark_forest,66454,1040,0,994,11914,0,978,973,971,239,276,0,226,409,0,0,131,10105,0,1374,18
old_growth_pine_taiga,66738,975,0,812,14164,0,1319,379,1103,88,387,0,22,194,0,0,46,8821,0,980,11
old_growth_pine_taiga,67445,1236,0,1210,12317,0,1040,479,924,116,543,0,0,303,0,0,50,9297,0,696,80
old_growth_pine_taiga,65884,1009,0,467,13535,5,678,1048,906,25,152,0,0,221,0,0,48,10910,0,1249,17
old_growth_pine_taiga,65102,854,139,950,14668,0,955,1346,816,5,666,0,63,0,0,0,2,9806,0,849,0
old_growth_pine_taiga,65716,847,3,400,14262,0,1402,1001,1126,23,538,0,0,0,24,0,12,9607,0,1436,95
old_growth_pine_taiga,67334,1446,0,593,13532,0,1043,108,1509,12,484,0,0,81,191,0,22,9183,0,933,596
old_growth_pine_taiga,66533,1183,0,667,14287,0,1139,659,965,59,555,0,0,12,117,0,11,9128,0,856,1039
old_growth_pine_taiga,66199,1058,50,635,13239,0,1306,590,614,30,419,0,0,59,65,0,11,9263,0,1602,1922
taiga,64885,1108,96,267,14671,0,1165,693,1045,192,866,0,0,0,87,0,0,9835,0,767,966
taiga,64657,1465,0,199,14852,0,964,801,1496,250,751,0,0,0,0,0,3,10262,0,904,0
taiga,64606,975,0,228,14229,0,1125,976,1673,251,608,0,0,0,0,0,1,10649,0,1132,0
taiga,65337,986,0,294,14384,0,1100,865,1515,319,248,0,0,0,0,0,0,10307,0,1297,0
taiga,67492,1214,0,5,14713,0,545,1031,1375,248,288,0,0,123,0,0,15,8379,0,1281,0
taiga,66536,1032,6,0,14807,0,1381,1034,1297,251,481,0,0,0,0,0,2,8950,0,1064,0
taiga,64979,1107,83,0,15015,0,1064,1118,796,251,763,0,1,0,0,0,1,10653,0,817,26
taiga,66529,1475,0,0,14202,0,980,914,572,248,357,0,0,0,0,0,1,9946,0,1510,0
taiga,66394,1180,165,0,12945,0,1075,1306,1266,248,268,0,62,0,10,0,1,10313,0,1364,96
taiga,67123,1137,0,0,11659,0,1441,1296,1430,250,396,0,0,0,0,0,4,10373,0,594,586
forest,66903,906,0,0,12097,3,731,1151,1391,251,296,0,0,0,0,0,1,10991,0,1398,339
river,66237,451,190,8,13717,1,1061,873,994,196,404,0,84,0,53,3,0,11130,2,1278,223
river,66253,894,0,29,13963,0,1014,1125,831,50,607,0,5,0,250,27,0,9415,30,1266,1261
river,67953,1365,0,20,13133,0,1024,1586,980,20,358,0,21,0,196,35,1,8266,28,850,1252
river,70838,966,0,0,9935,0,909,1529,1307,184,266,0,0,0,0,1,8,8017,2,523,2639
river,69864,246,0,0,10664,0,948,687,819,72,355,0,0,0,261,5,0,5827,0,706,6791
river,67020,894,0,0,12990,0,993,400,810,0,723,0,0,0,455,30,0,5817,40,971,5814
cold_ocean,65899,1463,0,11,15465,0,1182,625,966,0,294,59,0,0,141,2,0,8878,0,567,1599
cold_ocean,65969,1044,0,4,14108,0,1098,374,1061,0,377,164,0,0,105,29,0,9226,18,1955,1590
cold_ocean,66148,724,0,0,14283,0,1608,242,1423,0,465,0,0,0,338,18,0,8395,14,1309,2240
cold_ocean,66308,1052,0,4,14747,0,1132,560,878,0,569,0,0,0,305,8,0,8500,10,1130,1989
cold_ocean,65895,1528,0,7,14352,0,1196,603,1255,0,354,0,0,0,404,13,0,7831,10,1496,2133
cold_ocean,66395,738,0,13,13939,0,931,899,999,0,467,104,5,0,396,16,0,7943,18,1092,2548
cold_ocean,66100,1216,0,0,14046,5,849,586,579,0,719,236,17,0,59,22,0,8844,12,1257,2615
cold_ocean,65944,967,0,0,14117,0,949,122,794,0,598,151,0,0,0,24,0,8424,26,1081,3984
cold_ocean,66046,1042,0,0,14596,0,1132,152,735,0,835,0,0,0,0,22,0,7686,10,974,3966
cold_ocean,67136,930,0,0,13538,0,1293,427,1048,0,507,0,0,0,0,30,0,7533,18,1089,3666
cold_ocean,70404,1074,0,0,13053,0,470,328,698,55,576,0,0,0,0,16,0,6050,22,857,3638
cold_ocean,72681,304,0,0,12711,0,508,242,319,0,495,0,51,0,0,15,0,5334,18,393,4213
cold_ocean,68630,374,0,0,13956,0,841,171,500,0,650,0,227,0,0,5,0,6056,4,1103,4750
cold_ocean,66616,1344,0,0,14523,0,579,320,1538,0,824,0,121,0,0,30,0,6234,16,610,4421
forest,66781,1228,0,4,14094,0,1078,243,665,1,616,0,0,0,36,1,1,7107,0,1564,3697
forest,65913,1524,147,7,14825,0,723,721,912,67,261,0,0,0,47,0,2,8738,0,1385,1589
forest,65304,1671,0,0,15569,0,1564,642,1375,182,474,0,116,0,0,0,6,8830,0,797,41
forest,65760,840,0,0,14437,4,1332,757,853,248,226,0,322,0,0,0,4,9791,0,1160,923
forest,64600,1171,0,0,13926,0,1339,774,468,251,543,0,350,0,0,0,6,9621,0,1177,2418
forest,65715,581,0,0,14668,0,736,783,1216,149,250,0,183,0,12,0,3,9514,0,1167,1971
forest,65407,1350,56,0,13519,0,1091,904,1335,242,279,0,108,0,105,0,6,10532,0,761,1008
forest,66191,1070,235,16,13399,0,1026,974,1413,39,671,0,179,0,156,0,2,8447,0,1543,1741
cold_ocean,66654,937,86,1,14069,0,1065,822,1174,0,629,11,57,0,345,0,0,8126,0,874,2258
cold_ocean,66946,610,75,10,12893,0,1095,846,1004,0,549,0,245,0,259,20,0,8895,14,1266,2319
cold_ocean,66425,1518,95,3,13552,0,650,114,1340,0,679,131,1,0,0,21,0,7971,14,1372,3038
cold_ocean,68550,746,751,0,11761,0,701,2,946,5,610,220,0,0,0,18,0,7817,10,1289,3407
cold_ocean,68987,1045,850,0,11627,0,1281,251,547,0,636,146,0,0,111,7,0,8095,12,140,3441
beach,68795,484,409,0,11611,0,735,392,296,0,778,0,0,0,803,0,0,8386,0,1291,2582
beach,68887,690,185,0,12123,3,867,274,1393,0,438,0,0,0,760,0,0,9375,0,946,519
forest,68462,939,97,0,11483,1,850,762,1219,197,495,0,51,0,77,0,4,10505,0,935,514
forest,67657,1205,0,0,11477,0,1069,941,1209,248,531,0,0,0,0,0,2,10936,0,882,334
forest,67366,1591,0,0,11105,0,1305,1119,1174,250,267,0,292,0,0,0,7,11038,0,1074,8
forest,67559,523,0,0,10420,0,1328,1104,1066,199,715,0,32,0,0,0,3,12103,0,1543,0
forest,67453,1235,0,0,10977,0,1342,956,1329,252,570,0,0,0,0,0,3,11208,0,1284,0
forest,69578,884,0,0,10024,0,1453,766,662,250,650,0,0,0,0,0,5,11494,0,940,0
forest,75962,594,0,0,10049,0,284,959,702,344,34,0,98,0,0,0,10,7028,0,895,42
forest,67378,873,0,0,13388,0,516,1594,916,326,281,0,0,0,0,0,5,8903,0,1435,913
forest,62135,1141,0,0,14619,0,929,1499,1486,379,203,0,0,0,0,0,12,12134,0,856,680
forest,62099,1188,0,0,15094,0,883,1154,915,270,797,0,0,0,0,0,14,12841,0,966,379
forest,63047,980,0,0,14609,0,1146,986,614,225,510,0,0,0,0,0,3,13221,0,1048,0
forest,69240,1484,0,0,12660,0,830,692,919,250,375,0,0,0,0,0,9,9591,0,645,13
forest,66680,799,0,0,14276,0,942,738,835,270,365,0,0,0,0,0,4,10086,0,1004,648
forest,65718,813,0,0,14077,0,1185,485,1121,282,560,0,0,0,0,0,5,11030,0,1054,264
forest,66649,1161,0,0,13520,0,1117,765,878,142,627,0,0,0,203,0,8,10490,0,1131,174
forest,66864,1478,3,6,14053,6,1428,1241,1302,8,391,0,0,0,102,0,1,9145,0,876,259
forest,68073,1173,42,23,11829,3,1189,891,746,61,480,0,280,0,24,0,0,10706,0,934,508
forest,66393,1484,153,0,13493,0,1457,827,616,214,508,0,63,0,55,0,0,10218,0,1175,40
beach,65773,980,221,0,13268,0,1116,578,1236,86,472,0,13,0,559,0,3,11273,0,1219,187
taiga,64235,903,644,0,13639,0,1142,1083,763,137,581,0,0,0,464,0,0,11108,0,1739,179
old_growth_birch_forest,65818,1092,285,0,14760,0,1314,1223,554,249,248,0,0,0,8,0,8,9885,0,1078,238
old_growth_birch_forest,66600,1098,42,0,14707,0,1286,913,760,200,347,0,0,0,110,0,11,7855,0,1413,1475
old_growth_birch_forest,65446,1408,8,0,15066,0,1478,1033,865,166,762,0,1,0,52,2,13,8063,12,560,1831
old_growth_birch_forest,66620,1140,0,0,13237,1,1009,1237,1086,98,691,0,1,0,198,6,5,9537,12,1325,777
old_growth_birch_forest,66486,1020,0,22,13899,0,1193,991,996,5,737,0,17,0,349,6,0,9095,8,1029,1218
old_growth_birch_forest,68125,861,0,14,11528,0,719,976,874,0,542,0,111,0,218,0,0,7419,0,962,4894
old_growth_birch_forest,66437,465,0,1,13371,0,1216,916,1110,116,761,0,0,0,10,0,3,7563,0,575,4532
old_growth_birch_forest,65078,763,0,98,14426,0,822,995,1311,252,456,0,0,0,0,0,9,10584,0,946,1153
old_growth_birch_forest,64695,1133,0,192,14742,0,719,1198,914,250,628,0,0,0,0,0,10,10721,0,1244,334
old_growth_birch_forest,64960,2291,0,311,14444,2,1646,782,713,225,915,0,0,0,3,0,6,9467,0,717,204
old_growth_birch_forest,65302,584,0,192,14132,0,1056,846,1134,224,391,0,0,0,72,0,6,10563,0,2152,49
old_growth_birch_forest,67712,1236,0,351,13054,0,796,739,520,219,555,0,0,57,0,0,8,10213,0,1098,164
dark_forest,68041,1321,0,233,10958,0,1001,836,1005,231,159,0,0,333,0,0,11,9652,0,1073,178
dark_forest,65640,748,0,294,13975,0,1304,1251,1381,240,336,0,0,282,0,0,37,9829,0,873,0
dark_forest,65186,664,0,606,14234,0,1412,1197,682,239,661,0,0,141,0,0,29,10409,0,1069,0
dark_forest,65674,1290,0,652,12961,0,999,1185,677,242,604,0,0,14,0,0,3,10302,0,1786,0
dark_forest,66916,1105,0,1230,13166,0,1044,710,1413,221,592,0,0,24,0,0,2,9340,0,742,0
dark_forest,65565,981,0,932,13952,0,993,709,1164,225,783,0,0,0,7,0,11,10004,0,1221,11
dark_forest,65076,1268,0,627,14937,0,1222,647,762,181,611,0,22,0,44,0,13,9831,0,1093,47
beach,66055,902,0,1718,14042,0,932,264,914,0,183,0,111,0,625,0,0,9123,0,1026,751
beach,65825,960,0,881,13873,0,1373,385,1099,0,761,0,0,0,451,0,0,8209,0,1138,1795
beach,66129,825,0,1053,13530,0,768,257,801,0,885,0,0,29,0,16,3,6759,32,1019,5073
river,66956,692,0,979,12242,2,1143,260,878,0,621,0,0,282,0,29,4,6018,36,1536,4893
river,66138,702,0,636,14716,0,1491,331,1127,0,839,0,0,82,134,27,3,7300,34,328,3229
beach,67934,461,0,1325,11514,0,1160,125,1034,0,554,0,0,140,170,1,0,8420,0,777,3469
beach,68576,1091,36,1302,11649,0,776,108,712,0,563,56,0,117,212,7,7,7656,6,626,3503
beach,68469,881,146,948,11188,0,1366,174,1584,0,357,17,0,281,893,12,45,8342,10,910,1042
beach,66597,1682,105,1208,12736,5,585,466,1239,60,458,12,1,266,533,0,35,8515,0,717,1302
beach,65572,1311,251,1072,12108,0,1108,711,553,46,250,0,0,0,560,0,2,8333,0,1512,3238
dark_forest,64997,970,45,715,13078,0,822,861,940,130,627,0,0,0,295,0,4,8756,0,1538,2441
dark_forest,64862,1426,0,999,14333,0,590,849,442,240,321,0,0,6,0,0,14,9037,0,852,2436
dark_forest,65217,859,0,1201,12547,0,989,364,816,242,489,0,29,29,0,0,5,9611,0,1517,2583
dark_forest,65672,1243,0,1640,14279,4,846,532,857,87,395,0,6,0,213,0,0,9619,0,1016,617
dark_forest,66116,1680,0,1323,12294,0,1109,592,722,3,589,0,245,0,233,0,0,9190,0,1618,644
dark_forest,65934,931,0,1228,12783,4,959,675,775,0,387,0,106,0,252,8,0,8832,8,1464,2315
dark_forest,66030,988,0,1170,13170,3,1494,829,1131,0,814,0,0,0,335,0,0,9110,6,1080,1064
dark_forest,65600,1228,0,1073,13754,0,1081,1180,1312,150,698,0,0,0,80,0,3,8815,0,1535,396
dark_forest,65545,793,0,860,13830,0,1100,1277,818,110,438,0,210,23,30,0,7,9955,0,1411,285
dark_forest,66024,783,0,369,13584,0,1335,1063,646,0,600,0,25,8,265,0,1,10382,0,1693,393
dark_forest,65908,868,0,693,15068,0,954,1182,1015,79,428,0,0,122,110,0,5,8973,0,882,271
dark_forest,65492,1241,0,357,14471,0,831,1203,1381,231,476,0,4,144,6,0,43,9009,0,1091,373
dark_forest,65925,999,0,1075,12895,0,1100,1080,755,235,518,0,22,388,0,0,30,9712,0,1030,330
birch_forest,65084,792,0,1005,13117,0,597,964,855,250,411,0,201,388,0,0,30,10380,0,1307,1081
birch_forest,63972,1220,0,437,14044,0,216,522,716,257,482,0,0,139,0,0,20,10587,0,627,3620
taiga,63387,655,0,245,10515,0,470,583,265,259,553,0,0,100,0,0,6,16789,0,1410,1477
taiga,60668,813,0,186,9565,0,991,1119,678,249,516,0,0,28,0,0,8,20810,0,734,1
taiga,54381,1249,0,0,14306,0,876,1302,1159,248,424,0,0,0,0,0,5,21611,0,861,0
taiga,54305,1807,0,242,13111,0,1062,1079,1534,250,742,0,0,0,0,0,0,21125,0,1423,0
taiga,52699,919,0,105,14111,0,953,1171,1381,255,691,0,0,0,0,0,1,22589,0,1693,0
taiga,51530,1079,0,42,14583,0,1330,1403,1299,249,912,0,0,0,0,0,2,22639,0,1218,0
taiga,52056,1205,0,12,14163,0,1287,1409,1129,248,362,0,0,0,0,0,1,23351,0,1026,0
taiga,55619,1251,0,116,12332,0,1407,1705,1356,248,377,0,0,0,0,0,2,21116,0,811,0
taiga,54576,1381,0,5,13916,0,1171,1311,959,250,406,0,0,0,0,0,2,21487,0,793,0
taiga,54338,1477,0,0,13901,4,1348,1277,524,264,689,0,0,0,0,0,2,21623,0,932,0
taiga,57734,1066,0,0,13771,0,1029,915,960,214,468,0,0,0,0,0,0,18880,0,1745,0
taiga,53984,1526,0,0,13982,0,1055,916,1421,248,992,0,0,0,0,0,0,20304,0,1843,0
taiga,56739,1066,0,0,13206,0,998,1198,1356,250,1012,0,5,0,0,0,1,20010,0,780,0
taiga,59308,1360,0,0,10896,0,1270,897,1012,239,507,0,29,0,0,0,0,20203,0,582,0
taiga,58514,1709,0,0,11449,0,581,771,872,224,501,0,0,0,0,0,1,20633,0,1164,0
taiga,54936,1668,0,0,14849,0,1315,1324,831,249,509,0,1,0,0,0,1,19266,0,1325,0
taiga,55396,1122,0,0,14835,0,1099,1192,817,249,1057,0,0,0,0,0,2,19694,0,879,0
taiga,56130,1175,0,0,14080,4,1206,1233,937,253,675,0,0,0,0,0,0,19497,0,1483,0
taiga,58007,1207,0,0,14698,5,1207,1406,530,279,567,0,0,0,0,0,2,17696,0,900,0
taiga,61856,954,0,0,14764,4,1405,624,1238,115,670,0,0,0,0,0,1,13903,0,1289,0
taiga,54162,733,0,0,14929,0,1505,849,1373,264,529,0,0,0,0,0,0,21161,0,1065,0
taiga,54038,741,0,0,15123,0,1353,910,887,270,413,0,108,0,0,0,0,21786,0,864,39
taiga,56647,1160,0,0,14492,0,1041,1068,1159,277,667,0,39,0,0,0,0,18815,0,1510,0
taiga,60949,552,172,0,15003,1,940,1103,1236,254,763,0,88,0,0,0,0,15186,0,548,187
taiga,63952,1133,0,0,13937,0,1073,574,995,252,818,0,0,0,0,0,9,12343,0,1364,272
forest,64334,1118,0,0,13888,5,1415,1075,1484,250,298,0,2,0,0,0,7,11426,0,1094,163
forest,63988,1001,0,0,15263,0,878,818,1151,250,427,0,1,0,0,0,4,12102,0,609,92
forest,64839,959,0,0,14699,0,985,982,1123,250,722,0,0,0,0,0,6,10836,0,1192,5
river,65714,1507,0,2,15050,0,747,845,734,102,600,0,0,0,215,11,8,8753,26,999,1648
river,65792,780,0,0,15122,0,908,555,434,0,816,0,0,0,107,27,0,7969,14,1120,3565
river,66604,1332,0,0,12680,0,764,1205,898,0,391,0,0,0,186,24,0,8002,28,1137,2549
river,65792,1157,0,31,15403,0,995,1042,749,0,371,0,0,0,287,14,0,8952,16,608,1681
river,65713,1020,0,56,14949,0,1598,1143,1160,54,388,0,0,0,176,8,0,8433,12,1405,1112
river,65775,788,0,0,14647,0,728,1151,1099,35,671,0,0,0,378,36,2,8910,28,1310,1573
river,66006,525,0,12,14135,0,528,412,907,0,675,0,0,0,224,33,0,6140,50,1018,6601
river,66039,446,0,22,14075,0,733,346,164,0,302,0,0,0,199,16,0,5352,26,1198,8378
river,66436,684,0,0,14174,0,346,162,1110,0,519,0,0,0,0,23,0,6934,46,839,6027
river,66287,666,0,17,13931,0,1060,259,682,15,612,0,0,0,23,16,1,7868,28,1201,4489
river,66404,899,0,2,14298,0,840,649,858,152,541,0,0,0,35,4,6,8608,4,898,3057
river,67039,1145,0,13,14049,0,1021,1143,492,0,469,0,169,0,118,13,0,6932,32,956,3535
river,69524,1709,0,6,12088,0,809,741,743,0,346,0,63,0,389,4,0,6996,12,656,3111
river,66832,857,0,15,14123,0,821,742,666,57,197,0,136,0,175,12,0,9945,26,1233,1267
river,64812,1265,0,0,13682,0,1092,988,875,256,468,0,0,0,0,0,6,11350,0,2272,0
river,65133,1334,0,0,14579,0,1105,867,1021,256,159,0,0,0,0,0,12,10649,0,956,1018
river,66483,1026,0,0,13960,7,1065,1074,1297,214,406,0,4,0,60,1,3,10047,0,1072,466
river,68833,1047,0,14,12818,0,619,1378,884,18,432,0,80,0,216,44,1,7898,44,1337,1551
river,70085,772,202,15,12209,0,983,1306,883,0,460,0,210,0,240,34,0,6630,40,469,2441
river,71840,388,0,22,11867,0,412,1035,748,0,487,0,144,0,244,24,0,6575,38,611,2828
river,72591,1028,0,11,10903,0,371,1240,871,0,341,0,46,0,226,28,0,5712,32,681,3220
river,67043,832,0,4,13719,0,1250,1353,1090,0,574,0,1,0,102,18,0,7270,42,1005,2946
river,67130,1125,0,3,13760,0,585,776,962,0,277,0,0,0,217,23,0,8380,32,1328,2427
river,66226,961,0,0,13869,0,1145,569,845,169,550,0,0,0,71,2,22,10052,2,776,1850
plains,63531,1450,0,0,15095,0,1313,689,1271,256,447,0,0,0,0,0,63,11437,0,1250,264
plains,64328,1474,0,0,13897,2,957,756,1422,256,710,0,0,0,0,0,51,11765,0,1503,36
plains,64081,1145,102,0,15088,0,1098,846,1620,256,408,0,0,0,0,0,52,11271,0,979,125
plains,63857,1241,157,0,13483,2,970,1045,955,256,540,0,0,0,0,0,59,12368,0,2106,0
plains,65744,1315,267,0,12777,0,1468,716,788,256,619,0,1,0,0,0,33,12007,0,1066,0
plains,60449,1713,80,0,13886,0,1493,794,1195,256,447,0,0,0,0,0,51,14978,0,1454,0
plains,58859,901,0,0,13082,0,881,831,1333,256,452,0,1,0,0,0,23,18619,0,1577,0
plains,55354,1263,0,0,12766,0,905,1020,341,334,567,0,0,0,0,0,54,23024,0,1234,0
plains,54911,1401,27,0,13045,1,572,1472,942,496,503,0,16,0,0,0,53,22506,0,848,76
plains,54089,1277,22,0,14057,0,1160,1373,894,498,498,0,26,0,0,0,43,21664,0,1404,2
plains,54876,879,0,0,14333,0,1043,1055,1010,287,713,0,0,0,0,0,41,21308,0,928,386
plains,56742,828,0,0,13798,0,903,933,1279,261,596,0,0,0,0,0,48,19820,0,1083,394
plains,60029,1679,0,0,14950,0,1707,518,1776,259,601,0,0,0,0,0,34,14827,0,561,79
plains,62889,1364,0,0,14576,5,953,536,1062,258,670,0,0,0,0,0,40,12569,0,1138,1049
plains,64259,1374,0,0,14182,0,1156,1077,1227,256,685,0,5,0,0,0,52,10955,0,1295,532
plains,66845,685,0,0,13666,0,1817,1289,809,256,436,0,0,0,0,0,54,10342,0,982,1
plains,66668,1329,0,0,14129,0,1050,1361,1407,256,316,0,0,0,0,0,55,10048,0,534,0
plains,66683,830,0,38,13977,0,1214,857,582,76,817,0,23,0,140,0,11,10499,0,1077,333
river,67088,1243,0,11,14292,0,1038,619,427,0,547,0,17,0,425,27,0,8433,36,1414,1609
river,66805,1338,0,14,14652,0,960,834,1216,0,817,0,65,0,248,24,0,7843,16,896,1563
plains,67378,898,0,0,14422,0,806,825,1416,105,170,0,1,0,289,17,26,8880,8,885,1098
plains,65916,1166,0,0,14425,0,1212,1261,1267,256,751,0,0,0,0,0,56,9197,0,1324,254
plains,66484,1233,0,0,14838,0,771,1005,1221,248,382,0,27,0,0,0,50,9175,0,1200,10
plains,66738,1697,0,0,13239,0,1317,1164,482,256,355,0,18,0,0,0,63,10378,0,1042,68
plains,68409,1281,0,0,11456,0,1155,1289,952,256,176,0,0,0,0,0,43,10430,0,1428,76
plains,67934,879,0,0,12597,0,1029,1038,986,256,356,0,1,0,0,0,54,11031,0,885,0
plains,68323,1119,0,0,11083,0,1483,754,1199,256,342,0,1,0,0,0,49,11099,0,1194,197
plains,64111,1742,0,0,13417,0,1040,1120,876,256,506,0,1,0,0,0,56,11964,0,1661,188
plains,63276,1541,0,0,14049,0,1216,872,939,255,340,0,125,0,0,0,55,12406,0,849,1091
plains,62949,1013,0,0,12954,0,1578,1183,768,245,836,0,9,0,0,0,34,12577,0,1900,1083
windswept_gravelly_hills,64770,616,0,3,13012,0,631,663,353,156,642,0,0,0,158,0,3,11641,0,1556,2985
windswept_gravelly_hills,65399,1219,0,3,14314,0,1029,427,837,40,701,0,0,0,190,0,4,10700,0,980,1252
windswept_gravelly_hills,65106,1823,0,0,14164,0,854,417,738,103,768,0,18,0,0,0,2,10979,0,1069,1092
windswept_gravelly_hills,64431,1302,0,0,15327,0,1175,886,641,205,640,0,0,0,0,0,19,11726,0,560,145
plains,62334,1526,0,0,14406,0,1064,871,790,244,391,0,0,0,0,0,17,14077,0,1073,266
plains,56956,1016,0,0,14061,0,1153,1294,1121,289,842,0,0,0,0,0,22,18317,0,1060,941
windswept_gravelly_hills,59191,918,0,0,13059,0,1047,489,899,16,1702,0,41,0,0,0,1,16855,0,1666,1015
windswept_gravelly_hills,59781,790,0,0,14291,2,1378,579,1324,11,1297,0,93,0,0,0,0,15476,0,1108,746
windswept_gravelly_hills,59628,1147,143,0,14403,3,1339,494,1357,100,1158,0,1,0,0,0,1,16123,0,762,309
plains,63284,767,86,0,14055,0,1230,373,986,74,688,0,20,0,43,0,4,12098,0,1329,2128
plains,65692,836,103,10,14122,0,737,359,628,35,438,0,31,0,20,16,2,5491,10,835,7855
plains,65817,775,94,14,13517,0,968,503,638,35,267,0,0,0,42,0,4,7140,0,1398,5899
plains,60578,1224,358,0,14835,0,1192,1168,1301,243,375,0,18,0,35,0,16,14176,0,833,629
plains,60695,1120,378,0,13877,0,1067,1521,555,295,852,0,1,0,4,0,24,13594,0,1309,1719
plains,64734,1412,190,0,14473,0,801,1399,525,228,737,0,0,0,89,0,33,10909,0,1406,182
plains,65349,1098,0,0,14250,1,1656,681,1239,98,512,0,0,0,117,0,16,10196,0,1772,155
windswept_savanna,65801,1016,19,16,14574,0,1389,740,789,0,452,0,3,0,209,0,0,10321,0,1138,767
windswept_savanna,66293,977,0,23,13607,0,1698,631,1060,0,694,0,34,0,189,0,0,9222,0,1188,1636
river,66399,1432,0,20,12178,0,1257,912,924,0,433,0,32,0,157,7,0,9262,30,1224,2951
river,66911,888,0,0,14146,0,939,859,464,0,293,0,1,0,340,30,0,9273,36,805,2202
river,66580,976,0,0,13759,0,530,1087,1106,0,491,0,0,0,281,16,0,8987,18,1319,2108
river,67455,1239,0,0,13501,0,714,613,690,0,752,0,8,0,147,15,0,8849,24,1096,2078
river,67473,902,0,0,13280,4,472,196,1382,0,562,0,75,0,95,27,0,8970,36,1058,2697
river,67096,989,0,6,13758,0,1043,381,723,0,788,0,127,0,23,7,0,8237,22,1369,2649
river,67508,750,0,1,13760,0,405,765,813,0,455,0,40,0,164,30,0,9618,20,1256,1676
plains,66280,1223,0,0,14324,0,1134,857,1034,18,567,0,0,0,306,1,3,9565,0,1243,630
plains,66289,1284,0,14,14478,0,816,820,1020,3,614,0,40,0,125,17,0,9924,28,825,896
river,66139,749,203,9,13904,3,456,909,1367,0,829,0,49,0,60,23,0,9392,32,753,2173
river,66446,1525,0,30,14191,0,842,1150,999,0,424,0,187,0,154,21,0,8783,30,576,1916
river,66239,1245,63,8,13815,2,1023,949,520,0,211,0,106,0,254,24,0,7886,22,1322,3549
river,66149,653,109,8,13893,0,1354,642,876,0,494,0,48,0,180,16,0,6239,18,1340,5230
river,66381,1478,525,0,13356,6,684,250,1296,0,500,0,244,0,76,16,0,6797,24,1058,4354
river,66185,1045,195,0,14835,0,796,292,684,0,580,0,0,0,205,7,0,8242,6,705,3463
forest,66153,1440,665,4,14244,0,1237,784,1329,0,316,0,0,0,211,0,0,7888,0,933,1807
forest,66124,1170,327,15,13784,0,922,690,915,110,75,0,0,0,201,0,4,9769,0,1497,1280
forest,65490,1497,0,0,13693,2,1301,1258,1065,251,317,0,0,0,2,0,5,10300,0,1419,12
forest,63749,927,0,0,13808,0,758,1025,1091,256,514,0,62,0,0,0,2,13675,0,954,0
forest,61304,1348,0,0,13468,0,1910,894,1148,275,521,0,83,0,0,0,15,14646,0,1046,101
forest,64345,1085,0,0,13347,0,1209,849,1041,266,720,0,0,0,0,0,5,12612,0,1375,15
forest,65943,1138,0,0,11979,0,1437,1041,1545,251,415,0,0,0,0,0,7,10313,0,1973,524
forest,64669,872,0,0,10947,0,1024,1224,1137,249,408,0,0,0,0,0,6,11977,0,1449,1072
forest,65377,977,0,0,9705,0,1866,1471,997,256,337,0,0,0,0,0,5,11524,0,929,152
forest,64059,957,0,0,12652,4,961,1268,1099,259,443,0,0,0,0,0,11,12013,0,1355,13
forest,64856,1417,0,0,14105,1,884,1186,1434,305,559,0,2,0,0,0,11,11070,0,885,0
forest,66495,878,0,0,13446,4,1141,493,1229,251,288,0,1,0,0,0,5,11238,0,399,1
forest,65686,1318,0,0,14098,0,931,411,1233,251,693,0,0,0,0,0,3,10099,0,1150,0
forest,65564,962,0,0,14448,1,418,741,1190,250,466,0,0,0,0,0,13,8950,0,1244,5
birch_forest,65359,996,0,0,14740,0,938,973,848,250,573,0,0,0,0,0,15,11194,0,757,186
birch_forest,65186,747,0,0,13637,1,1222,1056,1259,250,363,0,0,0,0,0,14,11192,0,1860,10
birch_forest,65372,1178,0,0,14432,0,1174,726,767,248,685,0,0,0,0,0,14,10738,0,1385,2
birch_forest,65724,966,0,0,14827,0,1499,982,607,47,654,0,0,0,53,0,2,10018,0,1321,329
birch_forest,66171,1405,135,10,14401,2,1401,610,1149,0,237,0,25,0,363,1,0,9312,4,1307,457
birch_forest,66805,811,0,0,12646,0,1101,1083,834,167,524,0,13,0,191,5,6,10905,2,1392,64
birch_forest,65544,1158,0,0,13809,10,1159,1087,962,249,599,0,539,0,0,0,14,10595,0,975,0
birch_forest,64592,1254,0,51,14629,0,1070,1270,802,250,585,0,0,0,0,0,12,10801,0,1384,22
birch_forest,64249,1023,101,118,14575,0,845,1344,1602,249,491,0,0,0,0,0,17,10796,0,1209,0
birch_forest,63661,1331,194,246,14132,0,538,1294,1457,249,612,0,0,10,0,0,12,11634,0,1267,0
dark_forest,62624,886,331,156,14280,0,1003,1330,1070,261,497,0,0,25,0,0,2,11894,0,1246,941
dark_forest,62342,875,247,526,14855,0,1230,895,923,224,354,0,1,12,10,0,5,12351,0,1053,393
dark_forest,62125,1330,216,376,14271,3,1020,846,1107,237,472,0,0,77,0,0,14,12745,0,1272,0
dark_forest,63026,1068,0,547,13440,0,1250,1341,970,242,460,0,44,0,0,0,0,12842,0,1071,104
dark_forest,63136,1613,0,542,14109,0,1553,1470,639,298,513,0,29,0,0,0,11,11608,0,893,201
dark_forest,63544,1220,0,453,13717,0,919,982,881,246,684,0,43,0,0,0,10,12512,0,1149,73
dark_forest,64421,892,0,844,13316,0,1148,1029,1310,241,305,0,45,0,0,0,12,11963,0,772,30
dark_forest,64550,1284,29,573,13229,0,1399,837,963,244,445,0,133,164,0,0,26,11285,0,826,252
dark_forest,65909,1247,4,735,11946,0,1083,651,1011,236,484,0,0,377,0,0,68,11099,0,800,282
dark_forest,66028,1034,0,704,12652,0,1136,747,1598,244,215,0,251,432,0,0,69,9664,0,1153,238
dark_forest,64822,1227,0,910,14160,0,1553,610,1388,244,559,0,191,0,0,0,8,9368,0,1311,47
dark_forest,65833,835,0,1100,14030,0,1248,814,725,237,776,0,0,0,0,0,6,10049,0,592,217
river,66240,978,0,1126,12956,10,1448,895,896,40,515,0,0,136,217,20,0,8802,16,1451,1273
river,66185,812,0,1095,13413,0,753,277,1256,0,723,0,144,67,24,18,30,8287,24,1180,2859
river,66180,860,0,700,14732,0,1247,653,1089,0,520,0,51,0,22,14,0,8082,34,582,2462
dark_forest,66238,990,0,999,12820,0,1246,1057,1199,17,506,0,0,6,193,0,5,9060,0,2156,703
dark_forest,70111,1498,0,622,10405,0,730,1018,765,72,241,0,0,323,43,0,52,9086,0,588,1410
dark_forest,67086,1543,0,682,12071,0,765,936,1089,177,713,0,0,200,211,1,11,9547,0,659,706
dark_forest,66165,950,0,514,13702,0,966,818,1038,208,354,0,0,149,32,1,18,9858,2,787,844
dark_forest,68727,1337,0,436,11448,0,1245,783,860,81,308,0,0,199,151,1,22,9541,4,696,898
river,71542,947,0,848,8116,0,1015,1077,1346,52,626,0,0,265,20,0,42,8661,2,827,1747
river,68014,503,0,632,11529,6,1071,551,804,0,389,0,0,310,22,31,36,6753,32,986,5414
river,65832,679,0,404,13500,0,807,191,628,0,968,0,0,32,20,12,0,8359,22,1320,4439
river,65873,411,0,217,14897,0,596,820,620,0,341,0,0,12,77,16,0,9004,22,1284,3000
river,68971,851,0,143,12603,0,130,1086,748,0,247,0,0,65,151,31,14,5845,22,1022,5388
birch_forest,74298,880,94,123,7020,0,693,1170,881,40,226,0,0,179,202,19,17,7375,24,373,3459
birch_forest,73191,800,0,526,10295,0,808,1041,540,146,250,0,1,94,24,2,52,8347,4,402,474
birch_forest,67333,535,0,66,13625,0,1014,1172,1085,249,731,0,0,41,0,0,35,10042,0,858,17
birch_forest,66363,1047,70,0,13747,0,1057,1263,818,250,423,0,0,1,0,0,16,8641,0,1491,0
birch_forest,65864,1220,25,0,14000,0,895,810,1253,210,560,0,0,0,190,0,12,10142,0,1534,31
beach,68039,933,0,118,12846,0,739,477,714,0,686,0,0,0,1134,0,0,9018,0,922,922
beach,66220,1020,0,0,14096,0,947,327,1216,0,620,0,0,0,1082,0,0,8348,0,1246,1395
beach,66033,1234,0,0,14044,0,826,535,749,0,419,0,0,0,935,0,0,9389,0,1440,1076
birch_forest,67646,769,17,5,13594,0,439,1084,1139,83,385,0,1,0,121,0,0,9546,0,1196,1054
birch_forest,67730,1359,0,29,12751,0,1060,727,933,209,679,0,8,0,2,0,14,9909,0,1186,281
birch_forest,65761,698,0,0,15028,0,1005,983,847,249,273,0,24,0,12,0,8,10587,0,753,664
birch_forest,66011,1186,0,0,15217,0,1101,511,611,104,671,0,0,0,55,0,1,8192,0,877,2434
birch_forest,66086,1397,0,100,14059,0,989,922,1433,161,428,0,149,0,30,0,7,9598,0,1276,330
birch_forest,65393,1606,0,134,13995,0,1093,1230,1008,228,370,0,394,0,40,0,13,9366,0,1856,113
birch_forest,65087,1178,0,0,14598,0,1321,1100,991,211,369,0,156,0,117,0,13,10508,0,1084,2
birch_forest,64848,1530,0,124,14066,0,1041,917,705,249,541,0,0,0,0,0,11,11249,0,1479,0
birch_forest,64818,1447,0,251,14954,0,1024,898,1425,237,294,0,0,0,0,0,7,10045,0,1045,315
birch_forest,68025,1095,0,104,14284,0,1391,802,703,145,427,0,0,0,0,0,2,8673,0,1353,59
birch_forest,65212,898,0,57,14962,0,916,379,1377,230,414,0,0,0,0,0,10,11335,0,1075,0
birch_forest,71294,852,0,229,7962,0,1411,560,873,249,283,0,0,0,0,0,13,12654,0,326,0
birch_forest,74517,1348,0,123,5303,3,1151,696,1270,249,228,0,59,41,0,0,15,11407,0,397,0
birch_forest,77523,1095,0,773,4119,0,645,1015,956,249,70,0,168,184,0,0,4,9585,0,309,38
birch_forest,73918,1045,0,120,5850,0,660,1181,904,248,445,0,301,151,0,0,17,11031,0,840,0
birch_forest,70693,1403,0,525,8395,0,1377,1180,807,272,423,0,0,159,0,0,18,10443,0,748,0
dark_forest,67281,1395,0,205,12585,0,1007,1151,934,246,413,0,0,86,0,0,7,10358,0,969,9
dark_forest,65885,876,0,561,14265,0,903,842,1104,231,624,0,0,113,0,0,10,9757,0,968,8
dark_forest,67459,1042,0,481,12717,0,1541,563,824,224,603,0,106,47,0,0,7,10171,0,648,127
dark_forest,66158,1318,0,278,14944,0,985,679,500,93,545,0,0,0,149,15,4,9138,12,1261,857
river,66484,888,0,1034,14106,0,714,265,1041,0,757,0,0,0,290,30,0,7790,44,1026,2709
river,67860,650,0,891,14333,0,736,775,764,3,457,0,23,0,149,4,0,7525,8,1250,1807
dark_forest,66458,1051,0,727,14691,0,870,966,1320,6,457,0,97,0,93,0,0,8882,0,845,576
dark_forest,65602,915,0,817,13544,0,723,789,1362,222,917,0,33,45,0,0,4,10107,0,1027,125
dark_forest,65153,809,0,791,13530,1,1351,890,609,232,425,0,0,142,0,0,47,10686,0,1433,0
dark_forest,65102,1271,19,685,12628,0,1032,781,557,250,730,0,135,129,0,0,19,11705,0,1100,2
dark_forest,66221,1200,123,675,13165,0,1628,884,1073,133,468,0,63,502,0,0,78,8962,0,796,4
old_growth_pine_taiga,66686,852,0,899,13057,0,1074,755,780,30,729,0,0,289,0,0,16,9934,0,1208,17
old_growth_pine_taiga,67316,720,0,994,10861,0,578,842,1019,8,346,0,0,486,0,0,35,11588,0,1175,78
old_growth_pine_taiga,65545,1402,0,1071,12917,0,1047,1208,668,0,74,0,0,380,0,0,101,10422,0,1470,28
old_growth_pine_taiga,66334,1309,45,1198,13038,2,1121,1700,856,0,395,0,16,158,0,0,37,8220,0,1989,12
old_growth_pine_taiga,67458,900,6,798,13417,0,1125,1172,1304,12,563,0,4,200,0,0,14,7573,0,1240,0
old_growth_pine_taiga,66868,613,0,913,13450,2,613,460,1169,17,647,0,0,163,130,0,13,10651,0,731,247
old_growth_pine_taiga,66046,1122,0,948,14142,5,1240,538,1067,0,609,0,0,9,168,0,3,8869,0,928,1498
old_growth_pine_taiga,65945,1567,0,389,13139,2,745,113,1164,0,813,0,0,0,7,0,0,8380,0,1417,3529
taiga,65440,1117,0,479,13188,0,1325,607,1520,112,955,0,0,0,19,0,2,8759,0,1275,1988
taiga,66000,995,0,508,14778,0,1001,916,917,251,306,0,0,0,0,0,2,9369,0,1289,340
taiga,66477,1226,0,366,14263,0,1193,946,1051,274,567,0,0,0,0,0,0,9186,0,1169,0
taiga,66686,1212,0,132,14293,0,666,1196,505,320,534,0,0,2,0,0,0,9542,0,1688,0
taiga,67211,1462,0,0,14767,0,792,788,1177,251,477,0,0,58,0,0,0,8956,0,904,0
taiga,67569,740,2,0,13997,0,588,1142,879,248,324,0,0,0,0,0,0,9344,0,1865,0
taiga,65842,1464,21,0,14221,1,1223,871,1692,250,603,0,0,0,0,0,1,8793,0,1710,0
taiga,65511,702,0,0,14677,0,1080,1164,964,251,599,0,0,0,0,0,0,10763,0,983,1
taiga,66299,750,16,0,13766,0,660,1395,674,250,516,0,22,0,0,0,0,11396,0,814,1
forest,66038,922,5,0,12473,0,967,1470,628,250,553,0,7,0,0,0,17,10713,0,991,354
forest,64243,1134,0,0,15291,0,1301,969,1455,252,186,0,0,0,0,0,10,10841,0,939,137
forest,64843,1197,0,0,14278,0,947,744,1254,250,595,0,0,0,0,0,5,11431,0,800,116
forest,64103,1019,0,0,13339,0,1342,1053,1090,246,728,0,319,0,0,1,7,12137,0,794,44
forest,66230,1207,0,0,13348,0,1505,1057,194,175,887,0,167,0,142,1,3,8376,0,818,2705
forest,69722,865,0,0,10409,0,545,1214,626,214,224,0,184,0,3,0,8,5622,0,1119,6148
river,70329,500,0,19,10321,4,506,1297,594,129,399,0,129,0,0,21,1,6571,28,930,5242
beach,66343,525,0,0,13682,0,1329,313,566,22,521,0,0,0,698,14,0,9151,22,882,2925
cold_ocean,65996,694,0,5,14148,0,1154,772,1041,2,610,0,0,0,320,12,0,9729,18,1750,805
cold_ocean,66296,950,0,9,14565,1,991,782,1195,0,433,57,0,0,181,18,0,9154,10,1227,1210
cold_ocean,66804,986,0,7,14048,0,1036,570,791,14,744,0,0,0,112,14,0,8014,12,1311,2649
cold_ocean,66565,905,0,11,14446,0,960,568,637,111,389,0,13,0,144,8,2,9684,2,1396,1372
cold_ocean,65866,1027,0,2,14483,1,427,655,916,0,618,40,0,0,293,14,0,8140,18,1231,3402
cold_ocean,65810,1513,0,0,14627,2,758,625,640,0,602,233,0,0,323,24,0,9056,16,1240,1675
cold_ocean,66079,1557,0,0,14361,8,1273,420,915,0,445,264,0,0,3,9,0,6635,4,1490,3748
cold_ocean,66926,743,0,0,13659,0,417,325,1076,0,893,0,31,0,2,26,0,7642,26,1264,4188
cold_ocean,66367,1342,0,0,14749,0,1025,321,773,0,795,0,0,0,11,15,0,7331,10,982,3501
cold_ocean,66913,1386,0,3,14014,0,1099,216,1296,0,580,0,0,0,35,13,0,7321,4,1340,3015
cold_ocean,67174,676,0,0,14173,0,1098,271,762,0,816,0,28,0,0,36,0,7645,32,1053,3402
cold_ocean,70623,427,0,0,12310,0,270,71,903,0,579,41,0,0,0,14,0,6505,18,1480,4054
cold_ocean,72543,152,0,0,13320,0,177,27,105,1,434,177,6,0,0,13,0,1926,16,1075,7421
forest,66740,651,0,0,14329,1,1076,490,1273,0,609,1,0,0,61,8,0,6849,2,1163,4011
forest,66099,846,0,6,14497,0,961,685,798,103,712,0,54,0,176,0,3,10195,0,1514,421
forest,65035,796,0,0,14543,0,1281,975,1301,249,563,0,0,0,0,0,2,10318,0,1537,0
forest,64699,1197,0,0,15365,3,1037,834,1363,250,623,0,1,0,0,0,2,10541,0,574,17
forest,64528,1892,0,0,14078,0,1068,940,561,249,1160,0,2,0,0,0,1,11088,0,897,96
forest,64694,624,0,0,13447,0,1484,1164,1205,249,613,0,373,0,0,0,7,11551,0,1108,167
forest,68547,751,0,0,13183,0,1091,786,1176,218,804,0,4,0,84,0,3,7269,0,1063,1835
forest,66570,1008,0,0,12144,0,932,875,1667,251,312,0,23,0,0,0,5,10838,0,1168,768
forest,65544,1095,59,0,14127,0,1545,855,1381,196,281,0,0,0,102,0,3,8182,0,947,1618
forest,67040,999,3,16,13046,0,797,643,1680,162,582,0,30,0,203,0,8,8716,0,1530,1289
forest,68563,514,235,6,12535,0,1308,431,1296,64,362,0,9,0,494,0,0,8632,0,1253,940
forest,66797,697,582,7,13135,0,810,857,1499,0,364,88,119,0,408,1,0,7398,0,1488,2286
cold_ocean,66373,893,285,19,14625,0,1342,602,1292,0,331,183,47,0,290,18,0,7778,8,686,1879
cold_ocean,67008,1497,438,0,13754,0,861,124,1153,0,494,118,0,0,61,16,0,8324,30,440,2601
cold_ocean,68499,1158,759,0,11631,2,1498,94,938,9,609,0,0,0,0,26,0,7017,16,925,3786
cold_ocean,68242,1285,644,0,12223,0,899,332,817,23,565,8,76,0,119,13,0,7504,16,399,3800
beach,68805,1094,518,0,10745,0,1172,391,1054,0,691,0,0,0,1156,0,0,8585,0,1180,999
beach,67743,1365,448,0,12546,0,1082,459,1015,0,586,0,0,0,1029,0,0,9188,0,835,81
forest,67233,1551,420,0,12652,0,1076,948,538,193,360,0,51,0,182,0,8,10376,0,1033,39
forest,67545,1256,185,0,11330,0,1553,1113,965,249,437,0,1,0,0,0,7,10541,0,1258,0
forest,67774,1649,8,0,11669,0,862,1192,1244,256,359,0,4,0,0,0,5,10604,0,783,0
forest,67657,1456,0,0,11010,0,955,750,1151,235,506,0,173,0,0,0,9,11680,0,1118,0
forest,66430,1094,0,0,12314,0,1042,852,1198,251,540,0,1,0,0,0,5,11824,0,1141,0
forest,73542,623,0,0,9224,0,509,647,513,264,511,0,0,0,0,0,4,10116,0,757,0
forest,78026,226,0,0,8248,0,658,899,806,279,567,0,254,0,0,0,1,6457,0,353,0
forest,72079,733,0,0,10202,0,1339,1063,449,261,189,0,0,0,0,0,7,10072,0,536,0
forest,64577,731,0,0,14103,0,1375,967,856,250,281,0,0,0,0,0,4,12025,0,1325,0
forest,63965,878,0,0,14266,0,788,946,844,291,520,0,0,0,0,0,3,13074,0,1028,98
forest,65796,639,0,0,13295,0,787,803,1238,220,507,0,0,0,0,0,6,11666,0,1541,0
forest,64698,1185,0,0,14177,0,825,855,657,249,639,0,0,0,0,0,4,12348,0,956,28
forest,63393,1422,0,0,14026,1,1110,522,1409,266,529,0,0,0,0,0,3,12743,0,1112,14
forest,64106,1014,0,0,14867,0,862,603,1125,250,563,0,0,0,9,0,7,11612,0,1401,169
forest,65389,1525,0,0,14091,0,1095,789,722,225,423,0,0,0,26,0,6,9585,0,1103,1451
forest,67633,958,34,0,13219,0,1542,1252,567,215,577,0,0,0,0,0,9,9086,0,1047,492
forest,68228,955,129,0,11765,0,1189,874,1355,213,303,0,138,0,0,0,2,9747,0,1338,378
forest,64841,1079,136,0,14491,0,1017,821,921,257,265,0,37,0,0,0,3,11976,0,871,12
forest,62845,1306,436,0,14570,0,1186,1063,1209,252,516,0,0,0,0,0,8,12341,0,825,21
taiga,63526,1791,778,0,13910,5,1225,1390,932,250,844,0,0,0,0,0,3,11123,0,751,0
old_growth_birch_forest,64760,710,168,0,14636,0,811,1250,1038,249,1165,0,0,0,0,0,7,10475,0,1213,386
old_growth_birch_forest,66337,1280,90,0,14578,0,911,1122,214,251,252,0,0,0,0,0,13,10217,0,1310,142
old_growth_birch_forest,68210,818,22,0,13817,0,1225,1158,775,244,455,0,139,0,0,0,5,7580,0,1480,1007
old_growth_birch_forest,66115,493,175,0,14085,0,1341,1253,1086,253,332,0,95,0,0,0,10,8954,0,1113,515
old_growth_birch_forest,67279,1419,0,0,11668,0,708,1002,891,134,638,0,0,0,275,0,2,9136,0,1469,1098
old_growth_birch_forest,67225,1220,0,14,13281,0,1236,835,1301,23,368,0,0,0,289,0,0,8359,0,482,2498
old_growth_birch_forest,64963,975,0,100,14124,2,1160,1224,1479,194,852,0,0,0,26,0,10,9099,0,686,1794
old_growth_birch_forest,64402,1448,0,0,13926,0,1008,1192,1371,253,323,0,0,0,0,0,8,11014,0,995,960
old_growth_birch_forest,64061,1327,106,0,14010,0,1382,1296,1221,249,403,0,0,0,0,0,6,10782,0,982,815
old_growth_birch_forest,65312,1349,52,259,14135,0,954,1435,950,243,595,0,0,0,30,0,11,10716,0,657,15
old_growth_birch_forest,66377,1773,0,320,12951,8,1068,1120,1310,168,264,0,0,1,178,0,1,9563,0,1613,222
old_growth_birch_forest,70278,920,0,169,9875,0,1330,936,782,238,495,0,0,295,0,0,8,10297,0,901,131
dark_forest,68080,759,0,340,11525,0,1155,1141,1094,240,456,0,0,123,0,0,10,10092,0,740,379
dark_forest,64992,1526,0,684,13430,0,924,1047,1098,243,567,0,0,19,0,0,20,10089,0,1667,105
dark_forest,66063,1023,0,865,13556,0,860,778,1027,239,547,0,0,267,0,0,42,10122,0,813,0
dark_forest,67039,1308,0,580,12430,0,748,721,1437,231,760,0,0,39,0,0,20,10150,0,819,0
dark_forest,66832,1431,0,584,13112,0,831,843,1026,211,584,0,0,0,0,0,2,9784,0,1132,1
dark_forest,67308,1053,0,843,12123,0,831,569,1082,166,762,0,0,116,0,0,4,10349,0,1139,198
dark_forest,65288,1334,0,821,13945,0,869,397,1118,123,552,0,0,10,128,0,3,10568,0,1019,253
dark_forest,65792,901,0,909,14457,0,839,657,1483,0,434,0,0,0,252,0,0,10053,0,879,528
river,66051,852,0,792,14188,0,1179,494,1333,0,208,0,0,0,74,0,0,7642,0,862,3560
river,66446,1353,0,969,14109,0,639,268,563,0,300,0,0,59,9,17,5,4794,36,1384,6370
river,66140,1381,0,889,14488,0,1345,211,570,0,674,0,0,98,23,7,9,6758,12,1171,3459
dark_forest,67265,915,0,821,13129,3,1313,724,793,0,429,0,0,212,390,5,53,8201,0,1390,1242
dark_forest,65946,906,0,1268,14131,0,1345,1072,947,59,296,0,0,29,438,0,14,8817,0,1223,337
beach,65479,1051,322,1345,13441,0,895,646,784,112,444,0,0,66,532,0,4,9964,0,1198,128
beach,65248,1231,621,1603,13581,0,721,373,957,62,286,0,0,0,686,0,1,10005,0,918,6
dark_forest,64720,774,331,1199,14273,0,1604,1193,1032,233,385,0,0,0,33,0,7,9656,0,782,121
dark_forest,64733,1510,455,1622,14062,2,669,1213,930,199,339,0,1,0,0,0,5,9509,0,852,183
dark_forest,65222,1556,292,844,14560,0,871,1024,1391,177,324,0,64,0,15,0,6,9097,0,828,473
dark_forest,65016,1217,6,1219,14744,0,1162,1257,987,248,603,0,68,0,0,0,12,9502,0,384,184
dark_forest,64689,735,35,1604,13565,0,845,805,573,242,501,0,0,0,0,0,8,10413,0,838,1192
dark_forest,65687,930,0,673,13147,0,924,633,949,88,510,0,145,0,139,0,1,8666,0,1512,2454
dark_forest,66369,800,0,411,13463,0,1471,797,994,0,404,0,415,21,206,1,6,9429,0,717,1266
river,66386,732,0,546,13520,3,1357,780,1327,0,358,0,463,3,430,26,0,8502,32,1000,1726
dark_forest,66170,1194,0,1472,14362,0,520,1172,1562,0,599,0,0,26,212,2,0,7847,2,962,1059
dark_forest,65792,973,0,1189,14056,0,943,1087,843,0,612,0,0,0,318,0,0,9140,0,1445,790
dark_forest,66232,1138,0,927,12781,0,1449,1038,810,0,327,0,357,14,307,0,0,9116,0,1141,1537
dark_forest,66044,1306,0,1080,13921,2,915,979,915,21,563,0,204,12,414,0,2,9295,0,824,594
dark_forest,65865,783,0,1006,14287,0,944,1408,543,189,479,0,0,144,0,0,4,9391,0,1301,65
dark_forest,65507,1367,0,228,14726,0,782,1414,826,215,489,0,0,131,39,0,12,9508,0,1022,54
dark_forest,65027,1543,0,429,12628,0,798,966,1232,245,443,0,0,348,0,0,53,10727,0,1527,347
dark_forest,62734,814,0,399,13761,0,988,1040,933,245,563,0,1,272,0,0,30,11186,0,823,2585
taiga,61898,808,0,783,14598,0,916,1032,824,249,421,0,1,11,0,0,6,10898,0,768,3368
taiga,59349,1879,0,378,12204,0,1083,1079,874,252,462,0,0,194,0,0,28,17514,0,878,441
taiga,55900,1536,48,264,11883,0,1058,1302,901,249,615,0,40,26,0,0,13,21198,0,1322,0
taiga,54185,682,61,141,12282,0,1660,1187,815,249,825,0,72,0,0,0,1,22926,0,1294,1
taiga,52392,1088,113,211,14615,0,1704,916,1192,248,764,0,107,0,0,0,1,21914,0,1067,0
taiga,51853,1334,0,112,14415,0,1397,1161,1000,248,782,0,0,0,0,0,2,22726,0,1506,0
taiga,51342,852,0,188,14504,0,1616,1218,844,250,948,0,0,0,0,0,2,23883,0,728,0
taiga,51863,698,0,386,14741,0,678,1293,1125,249,523,0,0,0,0,0,2,23812,0,1053,0
taiga,54441,1267,0,259,13648,0,1581,1444,750,247,1204,0,0,0,0,0,1,20390,0,824,1
taiga,57941,1201,0,259,10223,2,1226,1322,1534,249,655,0,0,0,0,0,2,20997,0,908,0
taiga,58624,1317,0,276,11623,4,696,1136,1521,249,657,0,0,55,0,0,8,19721,0,588,0
taiga,55462,1114,0,0,12364,0,1548,1154,1151,247,893,0,0,0,0,0,0,21220,0,1112,0
taiga,54967,2157,0,0,13487,0,1441,1100,720,250,763,0,0,0,0,0,3,20556,0,1006,0
taiga,54813,1829,0,0,14679,0,361,906,953,248,652,0,0,0,0,0,1,20775,0,934,0
taiga,55647,1230,0,0,13881,0,1346,825,943,250,949,0,196,0,0,0,2,19774,0,1309,2
taiga,58191,920,0,0,11448,2,818,1228,978,249,734,0,176,0,0,0,1,20679,0,699,1
taiga,58353,1068,0,0,11260,0,1472,1290,917,249,796,0,69,0,0,0,1,19449,0,1033,0
taiga,60479,1020,0,0,10882,2,1160,914,1202,248,668,0,39,0,0,0,2,18960,0,740,0
taiga,59348,854,0,0,12100,0,733,1199,840,251,882,0,1,0,0,0,0,19091,0,1283,0
taiga,58209,1156,0,0,13876,1,1073,1312,1238,251,695,0,0,0,0,0,0,17293,0,1276,0
taiga,58616,1188,0,0,14154,1,1285,1336,1261,249,432,0,0,0,0,0,0,17052,0,994,0
taiga,60550,843,114,0,14162,0,1603,1080,848,249,531,0,0,0,0,0,3,15009,0,1221,3
taiga,62878,901,0,0,14175,0,775,548,853,213,209,0,0,0,0,0,1,14650,0,1469,0
taiga,56876,1341,0,0,14760,0,1078,923,1448,254,523,0,0,0,0,0,0,18057,0,1198,0
taiga,56699,1332,0,0,15009,0,1354,1036,732,249,410,0,61,0,0,0,0,18085,0,1313,59
taiga,60086,1197,0,0,13611,0,1111,1169,1216,252,220,0,408,0,0,0,1,16251,0,1065,141
taiga,63430,1277,18,0,12787,0,1084,1088,1184,265,466,0,4,0,0,0,0,12253,0,1578,1044
taiga,62955,1593,0,0,15042,0,838,800,1116,252,684,0,0,0,0,0,1,12461,0,383,417
taiga,63207,1256,0,0,13381,0,596,857,750,248,703,0,0,0,0,0,3,13546,0,1469,638
taiga,64285,655,0,0,13877,0,916,657,1339,236,322,0,0,0,30,0,1,12610,0,843,955
forest,66413,1440,0,0,13227,0,1434,570,943,238,515,0,0,0,24,0,0,11041,0,708,134
forest,65635,1191,0,0,14228,0,1180,1000,1195,188,304,0,0,0,76,8,0,9746,8,1448,410
river,65792,1615,0,0,14982,0,1282,1082,151,3,415,0,0,0,209,25,0,8915,30,1282,1340
river,65470,1578,0,0,14698,0,716,1373,1352,148,336,0,0,0,14,7,3,8762,2,1075,1009
forest,65074,859,0,0,14470,0,952,1024,970,142,447,0,0,0,335,0,3,9954,0,1755,546
forest,65604,1554,0,12,15339,4,833,995,893,118,574,0,0,0,226,13,1,8961,8,896,928
river,65791,693,0,25,15213,0,897,912,1190,4,714,0,0,0,395,26,0,8220,48,358,2607
river,65825,243,0,0,13942,0,911,577,987,0,526,0,0,0,88,24,0,5597,30,1503,7011
river,66746,783,0,0,12985,1,509,258,538,0,469,0,0,0,0,33,0,4707,40,1305,8801
river,66161,701,0,6,14314,3,875,214,740,0,628,0,0,0,0,12,0,7359,24,957,5101
river,66673,838,0,0,11461,0,1095,282,758,0,697,0,0,0,14,29,0,7312,32,1652,4221
river,66436,1034,0,12,13707,0,1144,489,1308,3,487,0,0,0,359,29,0,7808,36,1433,2710
river,67534,1391,0,8,14223,0,594,842,1121,2,731,0,22,0,327,24,0,7155,24,576,2529
river,68671,1044,0,0,11676,0,1163,1074,601,18,595,0,226,0,255,16,0,8009,28,1278,2646
river,65321,897,0,0,14738,0,959,736,1079,239,471,0,25,0,5,0,6,10268,0,1318,1075
river,65083,1272,0,0,14347,0,1102,830,1219,256,391,0,0,0,0,0,4,10996,0,1476,193
river,66296,1017,0,0,14166,4,899,981,924,256,333,0,0,0,0,0,21,10445,0,1178,733
plains,69670,1320,0,0,13050,0,710,731,763,256,141,0,1,0,0,0,54,8237,0,543,1728
river,70176,1267,0,0,12583,1,895,1378,268,149,482,0,2,0,0,15,17,6682,14,977,2345
river,67497,1141,0,11,13679,0,1568,1434,651,0,331,0,191,0,137,31,0,6042,50,866,3581
river,67959,423,0,0,13955,0,590,1199,834,0,173,0,52,0,293,24,0,7527,36,1298,2842
river,67415,761,0,2,13352,2,1007,1544,701,3,484,0,0,0,83,12,0,7894,14,1373,2312
plains,66118,1541,0,10,13846,0,1170,985,533,116,752,0,0,0,109,7,32,8960,8,1313,1701
plains,65834,1215,0,0,14715,0,1203,737,1277,212,458,0,1,0,22,0,54,8900,0,813,1617
plains,65029,513,0,0,13424,0,1490,755,1300,250,464,0,0,0,9,0,38,9464,0,1279,2459
plains,63745,680,0,0,14648,0,880,924,839,256,411,0,0,0,0,0,43,10211,0,1531,2908
plains,67123,1105,30,0,14713,0,668,1229,881,256,113,0,0,0,0,0,63,9218,0,1618,116
plains,64793,1093,335,0,14835,0,1129,1045,1224,247,419,0,0,0,0,0,52,10606,0,1301,1
plains,65311,786,361,0,14641,0,1431,666,745,253,777,0,0,0,0,0,57,10661,0,1428,0
plains,66893,1572,84,0,12501,0,1224,770,551,256,471,0,0,0,0,0,50,11847,0,857,0
plains,62548,1193,239,0,13852,0,955,1031,825,256,522,0,0,0,0,0,40,14411,0,1058,0
plains,61930,1174,33,0,11064,0,1365,870,1165,255,479,0,0,0,0,0,40,17468,0,991,0
plains,56365,1212,14,0,12677,2,906,1370,1012,257,364,0,0,0,0,0,26,21958,0,792,0
plains,56971,850,21,0,12004,0,1082,1432,1151,391,540,0,0,0,0,0,32,21751,0,709,56
plains,55053,1227,0,0,13181,0,1348,1059,603,310,472,0,0,0,0,0,37,22363,0,1316,45
plains,58681,1460,0,0,14338,0,852,1076,1200,293,309,0,0,0,0,0,14,17672,0,760,350
plains,60959,1145,0,0,14678,0,929,769,1612,269,533,0,0,0,0,0,40,14262,0,1399,255
plains,63451,1592,0,0,14793,1,1224,551,960,256,394,0,0,0,0,0,64,11823,0,1083,152
plains,63282,732,0,0,14465,2,1160,954,660,260,612,0,0,0,0,0,65,13427,0,1207,316
plains,64609,906,0,0,13802,0,1010,1376,1171,256,296,0,0,0,0,0,57,11834,0,1296,522
plains,66966,1659,0,0,12177,0,1217,1392,682,256,906,0,1,0,0,0,64,10688,0,1128,0
plains,67252,848,0,0,13392,0,1188,1499,780,255,516,0,91,0,0,0,63,10359,0,682,0
plains,67869,1094,0,0,13109,0,1170,1020,732,173,600,0,118,0,138,0,50,9688,0,1360,72
river,68068,1147,0,12,13544,2,1299,1145,971,2,290,0,26,0,119,0,1,8235,0,937,1399
river,67069,1472,0,17,14938,0,572,1037,768,0,428,0,15,0,190,16,0,7884,26,749,2083
river,66724,984,0,20,13932,0,514,911,516,1,422,0,99,0,202,19,1,8607,20,1599,2638
plains,65914,1538,0,18,14671,0,1163,865,1266,93,635,0,0,0,197,0,29,8428,0,1036,1331
plains,68431,832,0,6,12280,1,767,740,1335,184,588,0,0,0,168,0,50,9878,0,1351,541
plains,72548,634,0,0,10068,1,549,945,1446,247,513,0,29,0,0,0,61,9176,0,589,279
plains,71441,885,0,0,9736,4,495,588,984,256,393,0,0,0,0,0,76,11773,0,440,11
plains,65576,1053,0,0,14992,0,1606,640,873,255,800,0,0,0,0,0,61,10553,0,580,0
plains,66669,1075,0,0,13044,0,1395,856,1172,256,727,0,21,0,0,0,63,10503,0,1311,0
plains,65372,1632,0,0,12946,1,1276,1164,1240,256,466,0,7,0,0,0,40,11635,0,882,78
plains,65497,818,0,0,10799,1,1447,976,772,256,462,0,1278,0,0,0,62,12816,0,1172,756
plains,64852,1808,0,0,13858,0,1235,647,450,111,397,0,0,0,9,0,14,9079,0,911,3895
plains,65788,977,0,0,14506,0,665,265,296,0,460,0,0,0,8,0,0,6530,0,673,7006
windswept_gravelly_hills,65473,207,0,0,13689,0,246,130,171,19,975,0,0,0,0,0,3,5963,0,1131,9200
windswept_gravelly_hills,64714,826,0,0,14332,2,828,1011,1023,238,461,0,23,0,0,0,30,11190,0,1222,1222
plains,62805,1177,0,0,14522,0,1686,1337,939,330,566,0,0,0,0,0,46,12306,0,1365,58
plains,61131,1317,5,0,14642,0,1252,1815,1326,453,564,0,42,0,0,0,24,13569,0,904,32
plains,56666,1135,244,0,13984,0,1564,1856,1409,455,594,0,115,0,0,0,25,17094,0,919,450
windswept_gravelly_hills,51695,937,0,0,13565,0,1424,1292,878,209,587,0,0,0,0,0,12,22322,0,1885,1582
windswept_gravelly_hills,53863,1316,0,0,13530,0,1323,692,1071,105,1118,0,0,0,0,0,16,21479,0,1280,1041
windswept_gravelly_hills,56378,1188,0,0,14000,0,1144,461,1146,0,868,0,110,0,0,0,0,19672,0,1047,944
windswept_gravelly_hills,58763,1741,0,0,13747,0,949,672,1234,49,1148,0,592,0,0,0,1,16296,0,751,992
plains,64039,1668,0,0,12039,0,1014,744,810,57,949,0,1,0,106,0,4,10385,0,1122,4213
plains,65927,1133,0,0,14164,0,1202,257,461,0,769,0,105,0,9,1,0,7682,2,1075,4430
plains,65792,1489,0,0,13712,0,973,276,741,0,576,0,0,0,17,4,0,7494,6,1867,4294
plains,65792,917,0,0,14834,0,727,313,469,0,445,0,0,0,27,0,0,8733,0,1555,3325
plains,65709,1098,249,8,15181,0,825,662,605,27,553,0,46,0,329,0,0,10252,0,825,749
plains,65837,727,224,32,14250,0,1011,1294,694,30,636,0,0,0,74,0,7,10151,0,1210,1034
plains,65424,867,20,0,15164,0,949,853,615,74,511,0,0,0,9,0,9,9473,0,1258,1992
windswept_savanna,65850,1139,0,0,15027,0,755,509,560,2,766,0,0,0,80,0,2,10378,0,902,1238
windswept_savanna,66033,1341,0,18,14697,0,1072,746,878,86,446,0,23,0,191,0,10,9815,0,931,842
windswept_savanna,66331,1399,0,8,12362,0,1178,590,839,48,456,0,65,0,226,0,1,9517,0,1161,2971
river,65843,960,0,1,13154,0,1117,804,1117,0,622,0,0,0,222,34,0,9051,40,1740,2485
river,66800,1062,0,25,14430,2,1324,308,226,0,814,0,0,0,318,21,0,9351,26,665,1787
river,66082,885,0,9,14315,1,1231,775,1236,0,750,0,0,0,268,27,0,8591,40,1319,1683
river,66167,1006,0,0,14184,0,1014,562,1234,0,724,0,1,0,116,24,0,8560,54,1442,2142
river,66545,1086,0,0,13563,0,1214,173,890,0,662,0,20,0,0,37,0,9125,32,1336,2604
river,67137,1660,0,10,14093,3,1069,468,845,0,682,0,26,0,93,39,0,8070,42,939,1995
plains,69190,862,0,28,13411,0,760,600,778,0,454,0,18,0,232,12,0,9312,14,622,864
plains,67553,523,0,2,13815,0,721,1048,798,0,351,0,1,0,315,0,0,8746,0,1106,2156
plains,67140,787,0,0,14328,0,832,612,1013,0,330,0,1,0,244,0,0,7524,0,1533,2923
plains,66314,1529,0,0,14436,0,994,509,607,0,510,0,54,0,68,0,0,7429,0,1851,2964
forest,66002,1097,0,4,14901,0,1169,940,875,0,458,0,0,0,219,0,0,9637,0,1199,763
river,66083,1095,29,13,14332,0,711,771,820,0,364,0,3,0,290,4,0,8443,8,1511,2673
river,65876,450,52,8,15187,0,273,827,1080,0,279,0,0,0,215,29,0,6214,54,755,5922
river,65891,957,285,1,13678,0,909,584,926,0,359,0,0,0,59,28,0,8062,28,1797,3524
river,65997,806,292,0,15026,0,791,327,1253,0,554,0,1,0,89,24,0,7446,28,1137,3403
river,66310,1479,405,2,14347,0,711,674,1134,0,341,0,0,0,191,0,0,7748,0,1329,2371
forest,66546,654,227,4,13569,0,1582,554,920,1,674,0,0,0,13,0,0,8626,0,1526,2190
forest,68301,298,0,10,13825,0,849,899,893,30,437,0,0,0,213,0,3,9178,0,1223,1012
forest,66361,1458,80,0,13252,0,1152,825,1029,243,784,0,0,0,0,0,3,9812,0,1229,26
forest,62971,1340,0,0,13322,0,932,665,1010,283,161,0,144,0,0,0,2,13970,0,1656,37
forest,62793,1379,36,0,13778,0,895,818,465,250,534,0,61,0,0,0,2,14444,0,994,0
forest,64551,1311,58,0,13543,0,845,917,916,251,885,0,0,0,0,0,4,11558,0,1575,92
forest,65827,624,0,0,13151,0,942,1158,1144,259,341,0,0,0,0,0,6,11781,0,903,123
forest,63856,1466,0,0,13446,0,1306,946,730,249,674,0,0,0,0,0,7,11862,0,1025,164
forest,64710,1329,0,0,14370,0,1051,705,525,261,745,0,1,0,0,0,7,11698,0,886,0
forest,66975,1089,0,0,13140,0,710,874,1152,292,386,0,0,0,0,0,6,10663,0,1462,1
forest,65671,1545,0,0,14129,0,1320,744,501,250,598,0,0,0,0,0,6,10190,0,1400,0
forest,65384,1163,0,0,14824,0,1427,485,1494,249,785,0,0,0,0,0,3,9769,0,1094,0
forest,65211,1076,0,0,15052,0,1559,694,774,252,392,0,0,0,0,0,12,10369,0,1321,0
birch_forest,65115,1075,0,0,14566,0,1839,871,654,247,605,0,0,0,0,0,13,10420,0,1321,0
birch_forest,65374,1299,0,0,14046,0,1034,821,1057,251,519,0,0,0,0,0,17,10304,0,1567,408
birch_forest,65437,1707,0,0,14216,0,920,683,1929,250,490,0,0,0,0,0,5,9078,0,1421,601
birch_forest,65635,1040,0,0,14829,0,1800,1005,1019,69,485,0,0,0,26,0,2,9273,0,1107,571
river,66776,864,106,3,12991,0,1186,508,410,7,371,0,34,0,170,7,3,10590,2,1587,760
birch_forest,65480,848,0,0,14848,0,969,969,793,175,585,0,0,0,70,9,13,10705,10,1285,66
birch_forest,65127,1006,0,0,14138,0,917,1051,1156,250,560,0,105,0,0,0,12,10913,0,1384,1
birch_forest,64365,936,0,297,14554,0,1288,1135,1187,252,591,0,0,0,0,0,11,11273,0,1024,4
birch_forest,64242,1229,134,350,13997,0,856,1141,640,250,474,0,0,0,0,0,16,11995,0,1439,0
birch_forest,63861,985,357,186,14347,0,1196,1113,1101,251,683,0,0,0,0,0,13,11330,0,1295,29
birch_forest,62790,703,373,469,14932,0,1230,866,823,258,305,0,0,0,0,0,8,12243,0,1024,481
dark_forest,63977,1006,309,317,15018,0,702,611,778,199,319,0,0,0,26,0,6,11554,0,981,877
dark_forest,62730,686,782,565,14245,0,1055,832,1027,242,323,0,0,0,0,0,1,12180,0,1516,88
dark_forest,63661,1171,69,569,13980,0,1446,988,1045,237,462,0,0,19,0,0,7,11474,0,884,133
dark_forest,63638,863,262,208,13708,5,630,1234,1218,244,397,0,29,51,0,0,10,12558,0,1212,1
dark_forest,63806,1040,140,727,13650,2,1491,1024,1204,248,548,0,35,0,0,0,21,11644,0,1005,0
dark_forest,63596,1041,187,783,13763,2,985,1025,1127,242,424,0,0,16,0,0,4,11648,0,1005,181
dark_forest,66099,1432,0,381,11885,0,1265,741,879,239,386,0,246,232,0,0,9,10743,0,830,938
dark_forest,67459,765,0,321,10348,0,788,592,1243,242,140,0,0,468,0,0,70,11013,0,755,1534
dark_forest,65456,1178,0,1046,13009,0,937,860,620,237,252,0,579,114,0,0,12,10511,0,774,340
dark_forest,65152,1153,0,791,12920,1,772,671,1538,243,203,0,1103,0,0,0,5,10299,0,1398,103
dark_forest,65486,1465,0,667,14312,0,585,871,1016,184,436,0,85,34,0,0,12,10219,0,766,186
dark_forest,66195,1213,0,554,13497,0,1145,1029,1505,0,641,0,0,58,181,6,0,8588,16,1110,1409
river,66312,540,0,369,13707,0,803,410,1245,0,728,0,156,0,61,17,0,8940,28,1595,2272
dark_forest,65792,1226,0,1058,13906,0,534,689,999,0,473,0,0,0,287,5,0,10052,2,1267,933
dark_forest,65427,1101,0,973,14321,0,873,966,855,56,541,0,0,0,225,0,0,10237,0,944,208
dark_forest,66234,1289,0,875,13797,0,1198,916,848,42,504,0,0,39,154,0,5,9464,0,1455,231
dark_forest,66661,957,0,611,14118,0,1041,884,1001,39,465,0,0,191,181,0,29,9465,0,1077,292
dark_forest,66981,1127,0,687,12914,0,873,1039,857,180,556,0,0,91,0,0,28,9818,0,884,558
dark_forest,69245,783,0,680,10719,0,1606,507,1361,69,276,0,0,55,375,14,3,8678,24,288,2088
river,70672,281,0,687,9182,0,75,260,695,0,482,0,0,125,8,29,8,4389,14,1184,9221
river,68381,569,8,566,12309,0,1185,234,677,0,328,0,4,100,2,19,12,6258,18,617,5903
dark_forest,65615,468,0,444,14042,0,575,1116,1338,40,511,0,0,0,230,0,0,10350,0,1178,1109
birch_forest,65630,1024,0,350,13906,0,1775,1012,1092,153,523,0,0,0,61,0,4,9267,0,1766,255
birch_forest,69542,522,0,413,11019,0,843,938,688,130,322,0,0,214,60,0,45,9420,0,1328,1411
birch_forest,72368,1266,316,296,10877,0,391,990,394,206,281,0,0,104,1,0,50,8467,0,764,177
birch_forest,66667,1426,0,261,13863,0,1312,851,1105,251,699,0,0,37,0,0,25,9086,0,1227,2
birch_forest,66078,925,180,102,14020,0,1072,1041,989,249,420,0,0,81,0,0,53,10398,0,973,0
birch_forest,65925,1697,222,0,13839,0,1196,1377,862,250,248,0,0,1,0,0,4,9367,0,1647,0
birch_forest,64395,942,461,0,14771,1,846,1037,869,207,741,0,0,0,231,0,18,10891,0,1210,0
beach,65067,960,476,0,15038,0,1234,883,913,106,342,0,59,0,563,0,2,9130,0,1037,0
beach,65437,868,315,0,13802,0,1415,358,1103,20,612,0,97,0,1040,0,0,10351,0,1128,5
beach,65506,890,0,0,13998,0,857,297,1037,0,553,0,0,0,1280,0,0,10659,0,1464,54
beach,65775,769,0,0,14548,0,1164,529,1584,0,415,0,0,0,1264,0,0,8523,0,1132,750
beach,65851,1363,0,0,14889,0,834,124,1196,0,498,0,0,0,1045,0,0,6284,0,885,3557
beach,72635,285,0,0,11712,7,741,407,1251,101,397,0,39,0,622,0,2,6744,0,934,975
birch_forest,68239,1288,0,0,12071,0,892,818,716,252,506,0,68,0,0,0,8,10653,0,1155,197
birch_forest,67264,1022,0,0,11983,0,1480,791,1154,249,494,0,10,0,0,0,5,11553,0,790,12
birch_forest,66642,1820,0,0,12803,0,1413,1028,777,249,288,0,46,0,0,0,18,10526,0,995,181
birch_forest,66237,913,0,0,13605,0,1159,1126,1494,251,218,0,72,0,0,0,14,11019,0,674,1
birch_forest,65394,1127,0,0,14251,0,1138,1055,1282,251,497,0,258,0,0,0,16,10495,0,1128,1
birch_forest,64721,902,0,0,14172,3,1088,1070,566,250,580,0,105,0,0,0,14,12308,0,1087,0
birch_forest,64230,693,0,0,14350,0,1591,780,1274,247,488,0,0,0,0,0,9,11522,0,1453,0
birch_forest,65790,1469,0,78,14348,0,1103,927,1234,241,503,0,0,0,0,0,20,9504,0,1525,26
birch_forest,70596,688,0,0,14840,0,1349,208,598,63,281,0,18,0,0,0,1,7445,0,1148,0
birch_forest,67133,965,0,0,15073,0,1696,565,817,207,371,0,1,0,0,0,7,9135,0,505,471
birch_forest,67094,871,0,14,12452,0,1172,781,898,249,545,0,0,71,0,0,9,12006,0,481,0
birch_forest,74256,953,0,77,6022,0,809,553,1003,249,298,0,202,101,0,0,50,11144,0,964,0
birch_forest,71489,948,0,157,8959,0,1402,1123,812,251,222,0,519,59,0,0,50,10217,0,569,1
birch_forest,67618,632,0,108,11567,0,707,1188,1198,250,735,0,50,34,0,0,26,11810,0,919,0
birch_forest,69703,1459,0,208,10203,0,1166,887,1030,251,415,0,0,116,0,0,20,10633,0,694,0
birch_forest,72114,1251,0,251,8786,2,1155,1116,1065,252,235,0,36,281,0,0,9,9509,0,830,5
dark_forest,67518,1344,0,255,12118,0,1670,737,1050,237,351,0,0,222,0,0,14,9465,0,1338,0
dark_forest,66537,819,0,392,13104,0,1461,440,1144,225,278,0,1,35,0,0,12,10841,0,909,178
dark_forest,66262,823,0,130,14080,0,1088,836,483,24,314,0,0,0,95,0,3,10767,2,1263,964
river,65924,910,0,708,13706,0,997,469,1104,0,651,0,0,0,158,15,0,9263,24,1182,2138
dark_forest,65949,790,0,394,14760,0,858,817,813,0,456,0,0,0,350,0,0,9575,0,1157,1274
dark_forest,66990,1133,0,808,13668,0,791,1014,1061,138,475,0,0,0,9,0,7,9246,0,1223,141
dark_forest,66847,780,0,753,14197,0,1118,814,1039,222,527,0,0,127,0,0,10,8472,0,1318,73
dark_forest,66187,861,0,542,14426,0,884,618,988,248,254,0,0,197,0,0,59,10185,0,979,10
dark_forest,66285,1088,0,664,13100,0,864,833,568,205,563,0,3,217,0,0,43,9593,0,1765,29
old_growth_pine_taiga,66850,265,0,514,12200,4,828,813,1566,26,344,0,0,201,0,0,22,9859,0,2347,18
old_growth_pine_taiga,67647,885,0,756,11491,2,919,814,1243,0,255,0,0,612,0,0,73,9907,0,1581,34
old_growth_pine_taiga,67854,685,0,653,12137,0,526,1193,1477,0,522,0,3,485,0,0,60,7653,0,1386,10
old_growth_pine_taiga,67468,1230,7,254,12850,2,1185,1670,838,0,274,0,2,425,0,0,85,8068,0,1377,1
old_growth_pine_taiga,65689,891,0,411,12992,0,901,1438,511,0,554,0,0,343,0,0,35,10701,0,1782,1
old_growth_pine_taiga,67057,622,0,541,14172,0,606,1469,691,0,584,0,0,413,0,0,68,8557,0,1313,16
old_growth_pine_taiga,66459,645,0,911,13649,0,1081,881,809,47,243,0,0,362,3,0,59,9628,0,1339,333
old_growth_pine_taiga,66418,913,0,916,13333,0,994,725,457,5,429,0,0,22,103,0,3,10001,0,1158,1304
old_growth_pine_taiga,66195,853,0,518,12844,2,797,579,622,0,497,0,1,0,14,0,0,9136,0,1962,3148
taiga,66132,579,0,757,13844,0,1417,1311,372,142,179,0,2,20,81,0,8,8171,0,1170,2762
taiga,67239,1216,129,112,13924,0,381,1150,751,299,230,0,0,0,0,0,2,8860,0,1341,979
taiga,66951,653,20,92,14949,0,1414,1051,637,281,140,0,1,0,0,0,3,9728,0,737,61
taiga,65803,1143,0,26,15184,2,830,950,683,248,254,0,0,0,0,0,1,10954,0,687,0
taiga,67349,1026,0,0,14245,0,833,883,893,251,742,0,0,0,0,0,2,8795,0,1735,0
taiga,66019,794,0,0,14760,2,954,725,1194,252,555,0,0,0,0,0,1,10050,0,1252,36
taiga,64734,1580,0,0,15146,0,1338,591,874,256,232,0,1,0,0,0,3,10813,0,1181,46
taiga,63184,1301,0,0,15343,0,1086,924,1376,248,615,0,0,0,0,0,0,11951,0,661,0
taiga,64289,1311,78,0,14517,0,1005,1215,1619,252,691,0,46,0,0,0,3,10990,0,797,0
forest,67284,980,20,0,12646,0,1011,1397,1159,248,606,0,10,0,0,0,4,10282,0,586,50
forest,64053,1709,0,0,13935,0,887,1360,686,250,457,0,0,0,0,0,5,11546,0,1348,155
forest,63308,1133,6,0,14312,0,1043,1110,1091,238,637,0,2,0,0,0,9,11733,0,1853,79
forest,63396,1252,0,0,15195,0,1220,731,1146,251,630,0,17,0,0,0,10,11884,0,425,76
forest,65079,774,0,0,13472,0,920,956,699,250,265,0,1208,0,0,0,13,10097,0,1019,1971
forest,65418,1222,0,0,12644,0,1334,1366,1064,249,152,0,949,0,0,0,7,9526,0,1073,1549
forest,67027,773,0,0,13074,0,1762,1564,1227,243,276,0,21,0,16,0,10,9558,0,574,450
beach,67418,1510,0,0,12641,0,1204,264,992,40,400,0,2,0,1015,0,0,10077,0,668,642
cold_ocean,66809,484,0,15,12872,0,817,616,178,1,587,0,0,0,300,6,0,9545,6,1709,3119
cold_ocean,66786,368,0,13,13853,0,812,434,725,0,634,0,0,0,30,24,0,8348,20,1530,3657
cold_ocean,66404,387,0,10,14528,0,1240,456,726,0,557,0,0,0,263,31,0,8325,22,1356,2803
cold_ocean,66563,1478,0,28,14930,0,812,961,1078,15,783,0,0,0,230,16,1,8499,4,1068,717
cold_ocean,67501,803,0,21,14455,0,646,957,1281,0,540,80,0,0,196,16,0,7031,24,1389,2158
cold_ocean,65961,1290,0,0,13459,0,987,520,1233,0,630,219,0,0,298,30,0,8589,10,1575,2376
cold_ocean,66147,761,0,0,14824,0,1004,267,1221,0,635,170,0,0,0,34,0,7137,34,976,4041
cold_ocean,66240,790,0,0,14602,0,681,303,655,0,783,61,0,0,0,19,0,7366,18,1008,4661
cold_ocean,66161,938,0,0,14140,0,992,324,835,11,556,109,18,0,0,13,0,6986,24,1101,5046
cold_ocean,67323,661,0,0,15334,0,1424,103,494,10,857,107,0,0,8,22,0,7139,20,742,2930
cold_ocean,66083,520,0,0,15105,0,807,259,333,0,477,61,0,0,10,29,0,8581,30,1212,3732
cold_ocean,66833,962,0,0,14234,0,795,282,190,0,678,60,0,0,10,12,0,8098,10,1173,3855
forest,68931,772,0,5,14027,0,357,449,985,5,688,14,0,0,27,0,0,6223,0,1224,3491
forest,65967,1405,0,6,14968,0,891,672,870,22,329,0,0,0,296,0,1,8068,0,1008,2653
forest,64953,1334,0,0,14331,4,1289,885,729,253,448,0,130,0,18,0,1,11066,0,1123,158
forest,63632,1267,0,0,15182,0,960,1634,681,290,599,0,0,0,0,0,4,11674,0,799,0
forest,62903,638,0,0,14394,4,1324,1349,711,249,488,0,1,0,0,0,5,12972,0,1513,23
forest,63408,1018,0,0,14000,0,1043,1146,917,250,628,0,1,0,0,0,3,12691,0,1334,136
forest,63388,1136,0,0,14323,0,1301,1091,1379,276,624,0,18,0,0,0,10,11999,0,953,177
forest,68077,1065,0,0,14975,0,625,773,521,214,510,0,10,0,0,0,2,8272,0,862,680
forest,68481,733,95,0,12819,0,1379,1001,907,249,659,0,5,0,0,0,8,9150,0,1119,231
forest,64058,1433,0,0,14930,0,1095,1053,957,264,266,0,173,0,0,0,11,11232,0,1143,75
forest,65587,1179,0,0,14641,0,715,840,1095,241,842,0,119,0,61,0,7,10037,0,1016,164
beach,66296,931,0,0,13684,4,1429,258,1257,74,344,0,25,0,363,0,3,10301,0,1299,232
beach,66468,1320,101,0,14154,5,1094,250,1060,0,469,0,0,0,690,0,0,8353,0,1174,1118
beach,67791,1235,280,0,12621,1,607,112,609,0,349,0,71,0,1015,0,0,9121,0,1407,1147
beach,67410,939,450,0,12952,1,869,181,1026,0,568,62,0,0,999,13,0,7559,16,1498,1556
cold_ocean,67183,1120,115,18,14244,0,213,890,1261,0,427,302,6,0,254,20,0,6586,24,939,1833
cold_ocean,69051,785,212,0,11885,0,112,268,1116,0,742,248,0,0,6,26,0,9447,20,757,2415
cold_ocean,69290,1032,533,0,9924,0,811,168,865,0,688,0,1,0,0,23,0,7775,16,236,3865
beach,69048,1388,233,0,11446,0,827,231,1337,0,425,0,103,0,442,6,0,7313,2,1101,2868
beach,67626,1334,294,0,11948,0,1207,318,965,0,425,0,129,0,1390,0,0,8942,0,1793,241
beach,66462,1264,288,0,13105,0,762,372,1180,0,792,0,1,0,1258,0,0,10039,0,947,18
forest,65817,1238,639,0,12906,0,1042,858,1569,188,422,0,0,0,260,0,14,10287,0,1286,0
forest,66692,971,286,0,12725,0,1199,1054,1471,250,217,0,0,0,0,0,3,11028,0,540,0
forest,64847,983,0,0,14199,0,997,988,667,272,271,0,0,0,0,0,5,12642,0,756,0
forest,64248,1197,0,0,14975,0,1404,1427,1352,326,301,0,0,0,0,0,6,10554,0,674,0
forest,65091,1128,0,0,13308,0,1010,879,1275,301,385,0,0,0,0,0,11,11950,0,1339,0
forest,69889,925,0,0,10374,2,924,722,523,251,201,0,0,0,0,0,13,12844,0,103,0
forest,75088,11,0,0,8474,0,959,837,760,250,290,0,38,0,0,0,1,9497,0,472,0
forest,73528,328,0,0,9143,0,707,820,497,255,315,0,0,0,0,0,9,10765,0,452,0
forest,73384,327,0,0,10574,0,735,437,826,251,323,0,0,0,0,0,4,9269,0,656,1
forest,69703,141,0,0,12787,0,1048,798,286,249,602,0,0,0,0,0,4,10301,0,620,10
forest,68152,1277,0,0,10413,0,483,875,899,248,424,0,0,0,0,0,6,12108,0,1568,0
forest,63611,1132,88,0,14310,0,1149,1165,691,252,490,0,43,0,0,0,5,12222,0,1312,0
forest,63293,1369,77,0,13977,0,918,1021,1122,251,294,0,32,0,0,0,3,12716,0,1570,0
forest,63360,1321,0,0,13637,10,1780,711,1067,252,628,0,0,0,0,0,8,12785,0,1201,0
forest,66869,1182,0,0,15100,0,894,631,1127,153,371,0,1,0,0,0,2,8748,0,852,263
forest,67603,873,0,0,13929,0,784,1462,1438,251,418,0,0,0,0,0,4,8782,0,1079,40
forest,67683,1164,0,0,13684,0,1019,1047,833,252,195,0,54,0,0,0,8,9846,0,962,0
forest,65521,1294,0,0,14292,2,860,1084,1082,252,683,0,1,0,0,0,6,10363,0,1217,1
forest,63406,1373,443,0,14372,0,1397,1269,811,250,554,0,0,0,0,0,7,11784,0,941,1
taiga,64547,806,486,0,13649,0,832,1420,943,273,822,0,0,0,0,0,2,11433,0,1334,0
old_growth_birch_forest,64664,1066,215,0,13925,0,946,1438,1262,254,637,0,0,0,0,0,8,10783,0,1522,0
old_growth_birch_forest,67385,846,0,0,14644,0,522,1385,1273,250,219,0,0,0,0,0,6,9004,0,1252,0
old_growth_birch_forest,70535,601,0,0,12144,0,1208,1089,1206,252,369,0,4,0,0,0,22,7894,0,1535,26
old_growth_birch_forest,65920,912,170,0,12282,4,966,1233,775,253,329,0,0,0,0,0,6,12197,0,1366,246
old_growth_birch_forest,64374,1207,0,0,14632,3,996,1253,1349,250,643,0,0,0,0,0,6,11097,0,734,231
old_growth_birch_forest,65038,1241,0,0,14148,0,981,1391,1467,248,469,0,0,0,0,0,11,10280,0,1136,415
old_growth_birch_forest,65794,1103,0,0,12714,3,1037,1032,1334,193,442,0,34,0,99,0,15,9488,0,1930,1554
old_growth_birch_forest,65996,574,0,4,13339,5,1725,1207,573,161,777,0,13,0,129,0,11,9193,0,662,2512
old_growth_birch_forest,64518,688,0,0,13520,0,777,1239,1036,251,497,0,1,0,0,0,9,11080,0,1504,1772
old_growth_birch_forest,64438,768,0,292,13907,2,1107,1575,1341,250,570,0,0,0,0,0,11,10961,0,1500,15
old_growth_birch_forest,67119,1112,0,317,12983,0,834,1233,1122,235,630,0,0,4,0,0,2,10148,0,1114,57
old_growth_birch_forest,69099,961,0,164,11089,0,1558,886,1165,250,298,0,0,82,0,0,7,10282,0,792,253
old_growth_birch_forest,66174,1189,0,263,13506,0,678,872,1074,219,420,0,0,9,0,0,6,10507,0,1225,349
dark_forest,65385,1130,0,805,14027,0,1124,853,972,223,549,0,0,0,0,0,7,10020,0,1315,1
dark_forest,65679,1539,0,460,14878,1,830,606,537,232,151,0,0,61,39,0,6,10476,0,927,0
dark_forest,68245,933,0,918,12129,0,1181,915,1001,118,455,0,0,4,255,0,8,9437,0,1049,107
dark_forest,65937,1516,0,483,13304,0,955,1129,918,112,340,0,0,0,133,0,1,10397,0,1389,124
dark_forest,66161,1214,0,1365,12968,2,1199,1079,1160,207,248,0,1,163,85,0,8,9404,0,1025,37
dark_forest,65676,1474,0,1186,13262,0,906,503,1115,140,500,0,0,24,135,0,11,9690,0,1532,345
dark_forest,65872,1332,0,775,13425,0,881,390,817,0,603,0,0,0,303,11,0,10690,14,1087,630
river,66779,738,0,1051,13041,0,138,56,592,0,477,0,0,36,2,18,15,6700,22,1134,6071
river,68496,441,0,821,13782,0,549,152,732,0,400,0,0,201,18,6,49,4749,6,1075,5718
dark_forest,69703,1151,0,555,11266,0,1465,436,667,0,385,0,0,322,266,0,26,8323,0,964,1511
dark_forest,67821,931,42,963,11293,0,1093,1098,893,35,363,0,0,397,156,0,60,9341,0,1016,442
dark_forest,66466,644,110,1365,14105,0,1116,1175,788,239,289,0,1,208,2,0,29,8921,0,824,19
dark_forest,65259,1094,411,1466,13778,0,955,1289,1338,242,355,0,0,60,0,0,10,9123,0,996,0
dark_forest,64664,1537,1073,992,12524,0,1797,1284,829,244,292,0,0,0,0,0,10,9791,0,1030,19
dark_forest,64632,569,575,1383,13468,0,1301,1253,692,237,284,0,0,0,0,0,4,10233,0,1302,220
dark_forest,64311,1018,407,965,13744,0,1266,1425,955,241,241,0,0,0,0,0,6,9993,0,1422,292
dark_forest,64891,907,18,1382,12558,0,1316,1410,1179,244,681,0,57,0,0,0,9,9240,0,808,1138
dark_forest,65896,1281,103,1249,11596,0,765,1025,1223,240,497,0,94,63,0,0,22,9445,0,1190,751
dark_forest,65620,1340,7,1202,12597,0,791,1186,829,231,372,0,279,0,0,0,8,9744,0,1215,1069
dark_forest,65706,1616,0,1614,12498,0,961,995,695,90,336,0,313,0,175,0,4,8183,0,883,2597
river,66086,920,0,1069,13046,2,824,783,760,0,711,0,643,1,217,25,0,7389,34,1340,3347
river,66337,690,0,589,12229,3,1068,741,1056,0,568,0,1490,66,72,22,9,8535,36,941,2636
river,66983,1070,0,802,13034,0,794,572,888,0,498,0,1,299,105,26,33,9077,44,755,2117
river,66117,1460,0,658,14157,0,845,774,511,0,199,0,161,41,127,16,14,9078,22,843,2125
dark_forest,67107,1023,0,986,12104,0,1304,1148,875,0,512,0,868,10,187,0,2,8107,0,1191,1823
dark_forest,66991,1235,0,942,12905,3,1317,1259,1206,4,497,0,49,227,264,0,28,8424,0,1307,424
dark_forest,67490,1367,0,1114,14159,3,797,1158,390,142,256,0,9,355,83,0,38,8530,0,582,199
dark_forest,67228,607,0,317,13792,0,300,566,808,120,614,0,21,270,174,0,51,7157,0,1328,3300
dark_forest,66123,871,0,862,12158,0,565,935,715,252,503,0,0,187,0,0,16,11379,0,1501,561
dark_forest,62983,1004,0,503,11895,0,661,1145,832,266,522,0,28,116,0,0,4,13757,0,759,401
old_growth_spruce_taiga,58702,1639,0,831,14062,4,1231,1264,798,111,674,0,0,73,0,0,5,14304,0,1389,1247
taiga,55635,1451,0,151,14033,0,941,1498,1082,82,495,0,1,15,0,0,4,18974,0,1157,614
taiga,52451,779,12,151,13965,0,1176,1411,1315,241,530,0,8,7,0,0,0,22999,0,1410,0
taiga,51533,1116,24,209,14704,0,1085,1249,1014,251,602,0,24,0,0,0,2,23658,0,957,2
taiga,52325,1593,91,401,14528,0,1332,1135,1121,249,909,0,75,0,0,0,5,21560,0,1153,4
taiga,51562,829,0,97,15108,0,878,1336,982,249,785,0,0,0,0,0,1,23967,0,733,0
taiga,51366,1347,0,111,14636,0,1248,1420,1077,249,744,0,0,0,0,0,0,22775,0,1382,0
taiga,52196,1401,0,356,15302,2,842,1097,1200,251,626,0,0,0,0,0,0,22266,0,1068,0
taiga,53758,1577,0,334,14106,0,1271,847,534,225,779,0,0,0,0,0,0,21702,0,1550,1
taiga,57839,1457,0,166,11786,0,811,794,667,250,511,0,0,0,0,0,2,20893,0,664,6
taiga,61581,1587,0,431,10370,0,522,1238,1061,252,888,0,0,120,0,0,13,17407,0,743,21
taiga,60514,1349,0,282,12273,0,1305,1025,915,229,501,0,0,139,0,0,44,17041,0,735,1
taiga,55846,780,0,375,14692,0,1347,1266,1533,248,699,0,0,19,0,0,7,18528,0,1128,0
taiga,56980,1046,0,61,13514,5,1674,1060,1098,250,456,0,0,0,0,0,0,19553,0,836,0
taiga,57263,817,0,0,11882,0,1276,1095,1062,250,580,0,1,0,0,0,0,20852,0,1209,0
taiga,55658,1502,0,0,14340,0,620,1054,1666,251,538,0,6,0,0,0,1,19751,0,1110,0
taiga,55245,745,0,0,14269,0,1377,1103,749,248,765,0,105,0,0,0,2,20362,0,1452,0
taiga,58839,1798,0,0,12256,0,768,1233,779,248,722,0,5,0,0,0,3,18884,0,798,0
taiga,60944,1175,0,0,10745,0,970,1055,1603,251,690,0,0,0,0,0,0,17429,0,1326,15
taiga,61797,659,0,0,10222,0,1485,816,1056,249,604,0,19,0,0,0,0,17561,0,1403,1
taiga,60279,976,0,0,10806,0,1390,1071,1276,250,670,0,1,0,0,0,1,18604,0,900,0
taiga,61635,2239,0,0,11871,0,846,1269,958,251,558,0,91,0,0,0,0,15612,0,788,0
taiga,59229,1386,0,0,13980,0,1445,1429,2119,263,517,0,99,0,0,0,0,14876,0,1052,0
taiga,61390,1044,0,0,14300,0,1029,1086,816,261,380,0,75,0,0,0,2,15144,0,780,0
taiga,63425,1379,0,0,14799,0,788,872,1095,251,396,0,0,0,0,0,2,12205,0,757,1
taiga,58707,1194,0,0,14652,2,901,962,979,243,466,0,0,0,0,0,2,16961,0,1422,0
taiga,60762,961,0,0,14096,0,1173,1248,1294,253,305,0,4,0,0,0,3,15392,0,1362,0
taiga,60103,1036,0,0,14482,0,882,1340,613,302,626,0,2,0,0,0,0,16009,0,1137,4
taiga,61499,853,0,0,13340,0,1388,943,1183,262,900,0,0,0,0,0,0,14619,0,1496,190
taiga,64257,774,0,0,13174,0,1006,928,1052,250,286,0,0,0,0,0,1,13071,0,428,861
taiga,62521,1063,0,0,14545,0,1010,850,1555,231,558,0,0,0,0,0,2,12770,0,1285,351
taiga,67505,1221,0,0,11911,1,802,581,1512,224,443,0,1,0,62,0,0,11188,0,974,305
taiga,65584,1150,0,0,14934,0,905,635,920,194,353,0,6,0,70,0,4,10349,0,1009,456
river,66049,883,0,4,13967,0,1091,732,1299,36,584,0,0,0,254,26,0,9100,20,1291,1492
river,65725,1110,0,0,15387,0,698,1133,1234,36,373,0,0,0,447,33,0,8451,48,858,1457
forest,65129,1795,0,0,14528,0,847,1167,932,251,642,0,0,0,0,0,2,9268,0,1227,882
forest,65379,718,0,0,13833,0,1431,847,1156,251,659,0,0,0,0,0,7,9459,0,1815,951
forest,67360,465,0,0,14120,0,1469,822,879,244,604,0,0,0,0,0,8,8773,0,1260,296
forest,66081,331,0,13,14492,0,1138,1134,1158,141,559,0,0,0,180,11,3,8770,4,1079,1799
forest,66467,1348,0,13,13811,0,1212,679,685,1,706,0,2,0,31,9,0,7399,4,1111,3608
river,69319,1313,0,0,11766,0,718,859,868,0,159,0,0,0,162,17,0,6884,28,889,3919
river,65964,1489,0,40,14508,8,1228,596,366,0,442,0,0,0,179,26,0,8418,34,1190,2721
river,66063,810,0,12,14665,0,1101,368,1254,0,457,0,0,0,181,14,0,8402,22,961,2954
river,68671,829,0,12,12859,0,1229,673,999,52,717,0,0,0,177,14,2,8240,36,1097,1561
river,68499,1086,0,1,13414,0,890,443,970,46,722,0,0,0,271,9,1,8866,12,1310,451
river,68058,687,0,32,13485,0,1176,720,872,164,643,0,0,0,34,9,0,9164,0,997,714
river,66234,1275,0,0,14000,0,948,612,1209,199,322,0,0,0,0,8,3,9773,8,1379,1148
river,66744,1000,0,0,14984,0,1244,822,1218,253,475,0,0,0,2,0,4,8833,2,1229,362
river,67999,775,0,0,14959,0,1090,845,384,256,352,0,1,0,0,0,2,9391,0,429,757
river,68525,1263,0,0,12712,0,1272,934,1519,253,403,0,0,0,0,0,12,7856,0,954,1448
river,67255,1157,0,3,14319,0,724,938,1186,205,338,0,33,0,185,0,9,8052,0,1272,1542
river,68127,820,0,4,13610,0,942,1119,687,17,491,0,0,0,219,15,1,6975,6,1637,2607
river,67490,1175,0,2,14083,0,392,942,1174,119,447,0,3,0,141,19,5,7767,20,1332,1877
plains,66421,991,0,0,14237,0,1160,987,935,223,486,0,68,0,102,0,39,8653,0,919,1567
plains,65664,1167,0,7,13846,1,971,1143,505,250,583,0,1,0,0,0,55,11312,0,936,381
plains,64616,1307,7,0,14089,0,1491,971,1261,250,674,0,5,0,0,0,49,10596,0,1391,450
plains,63777,974,41,0,13986,0,1229,1096,1056,254,488,0,20,0,0,0,58,11593,0,1650,431
plains,64147,930,0,0,11361,0,1085,1200,1114,264,784,0,0,0,0,0,63,12675,0,1044,367
plains,64293,1758,211,0,15539,0,784,1180,1268,256,319,0,0,0,0,0,32,10806,0,606,2
plains,65255,1255,501,0,15249,2,945,968,737,254,440,0,0,0,0,0,79,10166,0,1108,0
plains,67175,597,773,0,15392,0,553,996,432,293,416,0,0,0,0,0,50,9527,0,880,0
plains,68446,812,462,0,12562,0,1226,792,1055,263,597,0,0,0,0,0,54,9990,0,745,0
plains,64058,896,325,0,12697,4,823,869,1393,256,384,0,0,0,0,0,41,13932,0,1258,0
plains,61759,1234,107,0,13159,0,1314,965,618,255,864,0,0,0,0,0,44,15666,0,920,1
plains,59661,1497,28,0,13489,0,1124,811,1875,256,923,0,0,0,0,0,30,15953,0,1213,0
plains,58362,1737,188,0,13636,0,1568,915,1302,257,936,0,0,0,0,0,25,16950,0,1039,7
plains,59081,1372,89,0,14211,0,939,1118,1231,256,404,0,0,0,0,0,33,16978,0,1160,99
plains,62715,1755,0,0,14621,0,957,1145,904,303,629,0,1,0,0,0,57,13286,0,739,0
plains,63087,788,0,0,14701,0,1339,1036,1218,264,576,0,0,0,0,0,64,12350,0,1621,18
plains,63814,976,60,0,14726,0,1096,1117,1513,264,549,0,0,0,0,0,67,11144,0,1171,249
plains,64274,1634,149,0,13824,0,907,940,749,256,427,0,0,0,0,0,55,11921,0,1549,439
plains,67639,1041,92,0,11875,0,1064,1036,890,256,353,0,0,0,0,0,57,11752,0,708,305
plains,68942,591,34,0,11960,0,1018,1114,780,256,837,0,0,0,0,0,57,10316,0,1284,0
plains,68985,1168,159,0,11675,0,989,1108,1094,256,575,0,321,0,0,0,73,9680,0,870,0
plains,67095,1225,0,0,13932,0,981,1075,1179,256,323,0,46,0,0,0,63,9777,0,1181,72
plains,67978,1405,0,3,13583,0,879,975,929,108,372,0,0,0,162,0,24,9656,2,631,434
river,67776,732,0,5,13365,0,723,895,991,0,450,0,0,0,162,19,0,8789,26,1284,1987
river,67842,755,0,4,12817,0,640,415,1513,0,643,0,142,0,126,32,0,6054,44,1221,5063
river,69501,626,0,0,12945,0,769,251,859,0,515,0,66,0,52,26,0,5649,38,823,5092
plains,73905,572,0,13,10601,0,594,847,538,62,561,0,3,0,119,1,15,7242,0,325,1875
plains,76027,427,0,0,7726,0,301,634,860,238,404,0,41,0,0,0,54,6457,0,1427,2709
plains,73402,1274,0,0,8723,0,598,492,773,256,166,0,0,0,0,0,66,10643,0,824,1
plains,65942,874,0,0,13396,0,1584,944,1241,256,218,0,0,0,0,0,73,11190,0,1419,0
plains,66445,1140,0,0,11859,2,1063,1259,408,256,525,0,109,0,0,0,51,12322,0,1696,0
plains,64641,1245,0,0,14135,0,826,1108,877,256,390,0,0,0,0,0,37,12457,0,1131,19
plains,63388,1142,0,0,14088,0,971,935,1366,256,637,0,80,0,0,0,51,12835,0,1228,141
plains,62846,1267,0,0,13845,0,1445,842,1422,250,593,0,0,0,0,0,50,12550,0,1238,759
windswept_gravelly_hills,63819,1037,0,0,14770,0,1281,734,1038,130,647,0,0,0,0,0,22,9957,0,930,2718
windswept_gravelly_hills,63255,162,0,0,13388,0,267,433,558,148,534,0,0,0,0,0,3,6638,0,1286,10599
windswept_gravelly_hills,63962,856,0,0,14691,0,1302,323,949,104,732,0,0,0,0,0,10,9717,0,1447,3053
plains,57998,926,0,0,14431,0,1068,1022,1873,325,646,0,0,0,0,0,19,17582,0,1103,1
plains,54857,1100,14,0,14104,0,923,1727,1049,473,558,0,54,0,0,0,27,20732,0,1256,0
plains,57854,1192,93,0,14776,0,1177,1851,998,452,746,0,70,0,0,0,25,16441,0,1141,92
windswept_gravelly_hills,52548,1554,0,0,14436,0,1754,933,1055,285,822,0,0,0,0,0,14,21423,0,1298,767
plains,55327,629,0,0,12629,0,396,931,1146,306,400,0,109,0,0,0,32,20165,0,1150,3740
plains,53112,1034,0,0,14611,4,1110,1472,430,308,664,0,0,0,0,0,35,19723,0,617,3905
plains,58224,1196,0,0,12787,0,969,861,1788,163,669,0,0,0,0,0,9,15939,0,840,3579
plains,57725,2121,0,0,14312,0,1049,780,689,199,637,0,69,0,0,0,28,17325,0,807,1293
plains,59956,930,0,0,13247,0,1010,861,1216,185,732,0,7,0,58,0,16,15683,0,979,2150
plains,66098,538,0,4,13300,0,588,590,1148,1,442,0,25,0,150,0,0,8172,0,1305,4983
plains,65934,864,0,0,14837,0,823,168,447,0,563,0,79,0,150,0,0,8864,0,1112,3277
plains,65807,1518,0,0,14377,0,801,236,706,0,710,0,6,0,0,0,0,7312,0,1202,4565
plains,65923,1062,0,0,14634,0,710,384,555,0,679,0,20,0,367,0,0,8489,0,1059,3035
beach,65994,927,226,0,14707,0,1049,452,641,0,231,0,2,0,1019,6,0,8970,12,875,1362
plains,65339,685,116,0,13983,2,823,1115,1224,112,530,0,0,0,389,13,17,10635,36,1719,389
windswept_savanna,63277,1482,0,0,14399,0,691,541,1571,41,441,0,0,0,0,0,1,13084,0,1427,143
windswept_savanna,65333,1625,0,0,14718,0,838,527,717,26,516,0,0,0,75,0,8,9648,0,1223,1847
windswept_savanna,65534,751,0,9,14591,0,1193,607,1351,190,1030,0,56,0,0,0,21,10004,0,1232,528
windswept_savanna,65821,630,0,1,12318,0,1017,532,422,47,203,0,0,0,125,0,3,7501,0,1350,7235
river,65868,1204,0,19,13185,0,1076,648,469,0,415,0,0,0,145,13,0,8598,14,1047,4469
river,66379,662,0,0,15002,1,1243,661,745,0,212,0,0,0,337,33,0,9102,40,755,1942
river,66271,1025,0,8,15286,0,1064,947,907,0,194,0,0,0,264,22,0,8471,34,805,1821
river,65937,864,0,31,15029,0,956,677,829,0,496,0,47,0,157,28,0,8982,38,970,2067
river,66088,1622,0,0,15080,0,716,149,463,0,777,0,30,0,6,24,0,8897,46,721,2641
forest,66303,1540,0,7,13986,0,468,570,797,0,199,0,0,0,217,13,0,9931,16,1713,1356
forest,67123,663,0,5,13775,0,1245,1056,1166,42,446,0,0,0,218,0,4,9579,0,1504,248
forest,71456,515,0,0,13372,0,715,1079,197,32,444,0,0,0,304,0,3,7823,0,842,376
forest,72760,341,0,3,13180,0,183,714,475,0,540,0,0,0,147,0,0,4679,0,1286,2735
forest,70577,780,0,0,13822,0,878,184,467,4,496,0,0,0,18,0,0,4978,0,1433,3584
forest,67933,572,0,0,13760,0,844,303,210,12,204,0,0,0,32,0,0,6495,0,1171,4682
forest,68092,944,0,12,14839,0,334,922,822,179,307,0,0,0,12,0,6,6090,0,1057,2982
forest,67253,1028,0,3,14378,0,644,974,911,35,389,0,0,0,242,0,4,5660,0,1402,4282
forest,66031,802,235,0,14565,0,429,977,1321,96,259,0,0,0,10,0,2,6630,0,1515,4037
forest,65966,895,751,33,14827,0,1244,979,1190,19,561,0,0,0,178,0,0,7844,0,738,1806
river,66892,1073,531,7,14106,0,1029,624,901,0,412,0,1,0,125,7,0,8501,6,848,2021
river,67226,717,232,2,13723,0,953,468,826,0,549,0,29,0,50,8,0,8420,10,1175,2856
forest,67711,577,108,17,13958,0,746,627,869,5,672,0,0,0,216,0,0,8672,0,987,2014
forest,65997,838,58,0,14072,0,994,690,1764,247,455,0,0,0,0,0,7,10182,0,1214,64
forest,64125,765,0,0,14395,0,829,596,867,250,620,0,26,0,0,0,6,12648,0,1289,228
forest,63226,1157,8,0,14515,0,656,808,1402,286,519,0,0,0,0,0,4,12700,0,1389,1
forest,63686,888,12,0,14687,0,904,929,1408,234,532,0,0,0,0,0,11,11435,0,1414,0
forest,64400,1379,0,0,15233,0,984,1220,981,260,412,0,0,0,0,0,4,10729,0,959,1
forest,64694,1404,0,0,15067,0,1180,1085,1152,273,472,0,0,0,0,0,3,10528,0,977,0
forest,64454,1040,0,0,14715,0,804,854,1326,250,637,0,0,0,0,0,13,11269,0,1235,0
forest,64769,984,0,0,15715,0,1397,957,734,251,292,0,0,0,0,0,1,10963,0,592,0
forest,66225,1294,0,0,14734,0,1325,827,974,265,452,0,0,0,0,0,8,9199,0,1445,0
forest,66365,1395,0,0,14225,0,1031,941,1068,225,602,0,0,0,0,0,13,9150,0,1645,0
birch_forest,65462,1049,0,0,15322,0,944,1052,629,286,647,0,0,0,0,0,10,10242,0,801,0
birch_forest,65636,810,0,0,14684,2,976,879,707,234,502,0,0,0,0,0,8,11217,0,1094,0
birch_forest,65459,1386,0,0,14998,0,944,938,933,249,297,0,0,0,0,0,10,10418,0,916,82
birch_forest,65326,1553,0,0,13885,0,893,531,929,250,465,0,1,0,0,0,10,10221,0,1965,467
birch_forest,65354,809,0,0,13888,0,822,622,1075,200,509,0,0,0,20,0,12,10865,0,1598,950
birch_forest,65623,1101,57,0,14152,0,1107,917,757,138,479,0,42,0,51,0,16,10902,0,1228,244
birch_forest,65267,1469,9,0,14353,0,1120,1062,1003,248,484,0,8,0,0,0,12,10293,0,1306,114
birch_forest,64908,1227,0,0,13807,0,1318,878,1283,249,389,0,4,0,0,0,16,11256,0,1170,99
birch_forest,64019,1201,0,175,14333,0,933,754,1277,249,715,0,0,0,0,0,11,11572,0,1174,343
birch_forest,64121,1546,0,352,14535,0,1028,950,843,250,717,0,0,0,0,0,11,11112,0,1319,0
birch_forest,64325,826,219,550,13985,0,822,784,1582,224,349,0,0,0,0,0,9,11261,0,1625,193
birch_forest,63197,1310,49,460,14874,0,1312,811,1134,249,300,0,0,0,0,0,9,11754,0,952,223
birch_forest,63622,1589,181,562,14514,0,1180,916,725,257,531,0,0,0,0,0,11,11375,0,1190,192
dark_forest,63261,1569,45,746,14948,0,804,920,1512,254,766,0,0,0,0,0,7,10604,0,766,129
dark_forest,63531,1274,247,858,13971,0,733,1025,718,247,424,0,0,38,0,0,5,11926,0,1350,2
dark_forest,63773,978,262,488,13591,0,924,780,1033,245,494,0,0,40,0,0,10,11942,0,1539,1
dark_forest,63572,884,258,513,14514,4,1122,970,1072,245,244,0,0,0,0,0,4,11912,0,1031,0
dark_forest,63971,673,353,340,14478,0,1225,590,685,241,479,0,0,5,0,0,6,11632,0,1439,185
dark_forest,65019,1368,92,784,13468,0,1261,642,1601,235,712,0,25,66,0,0,10,9418,0,1087,458
dark_forest,65952,1082,5,988,11948,0,910,480,1008,242,420,0,0,318,0,0,36,10342,0,1135,1314
dark_forest,66182,956,0,724,12122,0,663,626,1217,234,278,0,1702,255,0,0,37,10404,0,359,374
dark_forest,65609,1022,0,982,13003,2,1022,621,837,164,269,0,931,0,14,0,1,10328,0,1204,710
dark_forest,67593,1222,0,814,11093,0,734,1135,792,14,443,0,41,78,333,8,2,8704,4,1049,1745
river,67305,1508,0,981,11417,0,902,1174,866,0,287,0,0,36,193,31,9,7545,34,796,2294
dark_forest,65799,992,0,736,14211,0,1357,543,1030,28,247,0,5,0,313,20,0,9513,24,1312,963
dark_forest,65336,856,0,666,13694,8,1352,689,1277,168,420,0,0,0,135,0,2,10655,0,1399,73
dark_forest,65218,1284,0,1493,14574,3,1416,876,623,243,543,0,0,0,3,0,5,9359,0,879,0
dark_forest,65418,1352,0,817,14592,0,1068,1013,892,202,641,0,0,0,118,0,9,9490,0,1019,11
dark_forest,65833,857,0,1007,13944,0,932,996,588,224,437,0,0,139,33,0,28,10080,0,1242,114
dark_forest,65494,881,0,869,13958,0,1126,1168,1068,226,474,0,0,86,19,0,20,9759,0,1245,41
river,66918,837,0,725,13420,0,1140,726,1120,13,710,0,0,0,126,32,2,8973,36,642,1730
river,67832,343,0,825,12690,0,462,194,404,5,568,0,0,0,4,18,0,6460,38,943,6484
dark_forest,66554,1157,112,302,13552,6,839,701,808,0,455,0,70,0,96,9,0,7273,8,1457,3815
dark_forest,65587,1313,0,427,14314,0,1728,1045,789,123,498,0,0,0,235,0,2,9681,0,1109,189
birch_forest,65078,1202,0,364,14755,2,893,853,1550,250,668,0,0,0,0,0,14,9875,0,1301,0
birch_forest,66406,1179,0,218,13146,0,1689,727,1471,250,425,0,0,1,0,0,16,10279,0,997,0
birch_forest,67528,599,221,249,13557,1,1163,655,1332,250,635,0,1,33,0,0,25,9002,0,1436,0
birch_forest,67576,368,369,153,14351,2,742,807,633,247,560,0,0,0,0,0,7,9552,0,1274,0
birch_forest,65582,805,583,0,13449,0,1186,1247,827,248,798,0,0,3,0,0,10,10524,0,1420,0
birch_forest,64935,1277,839,0,15035,0,583,1256,903,249,420,0,0,0,0,0,10,10172,0,994,0
birch_forest,64125,1227,202,0,15540,0,1014,1323,1245,249,319,0,0,0,0,0,7,11130,0,380,2
birch_forest,64258,717,305,0,14269,0,569,991,726,253,491,0,0,0,0,0,20,13006,0,1092,110
beach,64649,1066,362,0,14209,0,1397,437,994,74,443,0,0,0,609,0,5,11342,0,828,0
beach,64697,1441,43,0,14988,4,1154,201,1064,0,609,0,0,0,821,0,0,10223,0,1033,224
beach,64939,1276,95,0,14288,0,1220,245,1361,0,622,0,0,0,1099,0,0,9290,0,1238,975
beach,64973,1216,0,0,14988,0,1317,150,772,0,225,0,0,0,1269,0,0,8597,0,1138,1957
beach,65813,1101,0,0,14285,6,1079,263,1391,0,480,0,0,0,1127,0,0,6954,0,1479,2640
beach,66487,1285,0,0,14701,1,928,162,1185,0,197,0,0,0,845,0,0,8111,0,1146,1422
birch_forest,68935,663,0,0,14275,0,1071,680,761,163,345,0,0,0,213,0,7,7477,0,640,1613
birch_forest,66008,1183,0,0,13610,0,1185,813,940,247,563,0,29,0,0,0,9,10855,0,1116,52
birch_forest,68480,1182,0,0,11829,0,1185,992,1167,248,381,0,5,0,0,0,8,10584,0,714,0
birch_forest,69294,948,0,0,11741,0,1113,1116,1024,248,355,0,28,0,0,0,7,10257,0,615,0
birch_forest,68794,1191,0,0,11310,0,1469,1121,847,247,569,0,0,0,0,0,4,10038,0,1177,0
birch_forest,68706,1747,0,0,11164,0,1153,1184,1409,249,428,0,35,0,0,0,8,9066,0,1609,0
birch_forest,67499,1303,0,0,12952,2,800,1006,874,250,452,0,0,0,0,0,11,10663,0,992,0
birch_forest,66674,1157,0,0,13237,0,1114,971,1204,250,646,0,0,0,0,0,9,10367,0,1243,0
birch_forest,65442,1085,0,0,12704,0,1379,1232,935,249,446,0,0,0,0,0,12,11997,0,1209,0
birch_forest,65629,1342,0,0,12968,0,1025,1115,1288,251,339,0,14,0,0,0,15,11347,0,1294,181
birch_forest,65856,1357,0,0,13634,0,1222,790,1206,249,589,0,0,0,0,0,9,10480,0,1111,260
birch_forest,67027,1034,0,0,12267,0,1247,696,883,249,503,0,2,0,0,0,11,11694,0,1159,0
birch_forest,69486,775,0,2,11117,0,1112,795,1122,252,443,0,0,14,0,0,17,10926,0,787,0
birch_forest,65529,1344,0,237,12803,0,1904,1114,822,248,341,0,0,3,0,0,12,10813,0,1464,0
birch_forest,64870,738,0,106,13483,0,938,1489,1334,251,359,0,0,128,0,0,63,11197,0,1761,0
birch_forest,69354,1732,0,255,11506,0,659,806,851,229,182,0,2,22,0,0,7,11056,0,183,0
birch_forest,71436,1029,0,212,9590,1,872,908,1185,263,200,0,0,46,0,0,9,10381,0,705,0
birch_forest,66276,1481,0,372,12756,0,1200,881,1435,247,673,0,1,26,0,0,11,9988,0,1205,0
birch_forest,66248,1275,0,281,14945,0,1114,939,812,150,332,0,0,12,221,0,4,9655,0,807,72
birch_forest,65928,1292,0,137,14786,1,1071,969,1144,0,821,0,0,0,133,1,0,9093,4,854,1046
river,65979,1111,0,264,13970,0,748,623,1031,0,618,0,0,0,388,19,0,8974,30,1351,2111
dark_forest,67032,1001,0,215,13140,0,1116,1120,550,8,344,0,1,65,294,0,0,9517,0,1613,1112
dark_forest,70213,1050,0,490,10710,0,1300,911,687,91,122,0,0,297,282,0,3,9566,0,930,152
dark_forest,66150,706,0,400,14052,0,1308,554,1253,236,235,0,1,63,0,0,12,10108,0,1222,30
dark_forest,66045,1491,0,698,13618,0,674,520,652,248,419,0,0,193,0,0,39,10050,0,1736,79
old_growth_pine_taiga,66175,979,0,327,12858,0,891,729,1377,51,290,0,0,209,0,0,32,10520,0,1525,22
old_growth_pine_taiga,68289,633,0,910,11408,0,631,806,997,7,426,0,0,248,0,0,16,10491,0,1362,92
old_growth_pine_taiga,64939,833,0,768,13159,0,1298,1018,759,0,154,0,0,350,0,0,38,11211,0,1551,66
old_growth_pine_taiga,63245,1217,0,480,14710,0,642,1283,681,0,600,0,12,23,0,0,14,12552,0,1007,0
old_growth_pine_taiga,64349,802,210,802,13865,0,1601,1100,444,0,475,0,125,85,0,0,27,11566,0,912,0
old_growth_pine_taiga,65106,1086,1,651,13707,0,571,1247,1575,0,484,0,2,24,0,0,6,10970,0,1321,0
old_growth_pine_taiga,67967,519,0,667,13777,0,999,1270,1124,0,664,0,0,263,0,0,36,7757,0,1061,72
old_growth_pine_taiga,66977,1012,0,541,13892,0,1155,976,296,0,462,0,46,525,0,0,87,8700,0,1164,12
old_growth_pine_taiga,66701,1259,0,1068,13319,0,1098,858,895,0,332,0,144,34,0,0,8,8892,0,1517,204
old_growth_pine_taiga,65139,1134,0,702,13926,0,737,1047,942,1,477,0,187,160,45,0,24,10890,0,821,346
taiga,66003,1138,13,673,13878,0,970,1471,399,208,129,0,85,18,0,0,11,9138,0,1055,1704
taiga,67304,1155,0,491,13426,0,460,1296,1207,271,345,0,0,0,0,0,1,10018,0,877,48
taiga,65233,1046,0,189,14087,0,1136,1144,1050,254,213,0,1,0,0,0,0,11033,0,1357,0
taiga,64497,1075,0,2,15372,0,946,1027,946,248,315,0,3,0,0,0,3,11159,0,1009,0
taiga,64072,1548,0,0,14135,0,1032,1375,1467,252,726,0,0,0,0,0,1,10783,0,1189,0
taiga,63465,1354,0,0,14234,0,1208,499,1132,270,506,0,0,0,0,0,1,12733,0,1053,0
taiga,62837,1223,0,0,14300,0,1090,580,1210,248,295,0,0,0,0,0,1,13174,0,1576,3
taiga,63152,817,0,0,14835,0,1344,1135,791,249,332,0,0,0,0,0,2,12766,0,1153,49
forest,65341,877,0,0,13656,0,1225,1346,1183,249,295,0,0,0,0,0,5,11790,0,633,0
forest,71224,942,0,0,10413,0,1093,1042,1163,249,329,0,0,0,0,0,5,9354,0,943,0
forest,68453,575,0,0,11564,0,1157,877,1247,249,418,0,0,0,0,0,5,10834,0,979,134
forest,63381,839,208,0,14634,0,488,684,1141,126,1128,0,138,0,0,0,1,13136,0,932,2
forest,63516,1585,6,0,13710,0,1323,647,969,239,531,0,16,0,0,0,8,12375,0,1635,0
forest,63761,1511,0,0,13526,3,909,1058,1339,250,564,0,438,0,0,0,3,11064,0,1778,334
forest,63866,1455,0,0,14453,6,822,1392,953,250,636,0,32,0,0,0,11,11426,0,1186,62
forest,64404,1686,0,0,14211,0,805,1247,1042,250,413,0,0,0,5,0,5,10759,0,1640,80
forest,69293,778,0,0,12585,0,583,747,1111,213,338,0,0,0,203,0,3,8781,0,1234,746
cold_ocean,67811,551,0,0,12805,0,1633,350,618,21,618,0,0,0,36,11,0,7156,12,1213,4270
cold_ocean,67260,997,82,0,13325,0,909,131,733,0,493,0,0,0,0,21,0,7684,20,985,4497
cold_ocean,66730,1522,65,0,13950,0,652,554,536,0,687,0,0,0,171,10,0,8299,22,752,3256
cold_ocean,66800,1078,0,32,14144,0,911,923,1093,0,323,0,0,0,261,21,0,8234,30,1058,2341
cold_ocean,68186,793,0,26,13997,0,752,821,957,4,414,0,48,0,102,32,0,6632,28,951,3520
cold_ocean,67158,731,0,0,13603,0,1200,286,874,0,521,0,51,0,47,16,0,7587,18,1165,4010
cold_ocean,66003,448,0,0,14789,0,889,70,663,0,694,0,6,0,0,17,0,8001,6,1130,4503
cold_ocean,65914,1294,0,0,14820,0,217,283,502,0,819,105,0,0,0,25,0,5878,14,1031,6341
cold_ocean,66264,662,0,0,14460,0,1024,186,1130,0,659,298,2,0,3,19,0,5068,32,1325,6080
cold_ocean,66342,304,0,0,15093,0,820,224,175,2,565,324,0,0,11,14,0,8346,8,1057,3870
cold_ocean,66101,898,0,0,14804,0,461,262,1177,0,819,91,0,0,3,23,0,7575,6,1084,3879
forest,65992,1278,0,2,15259,0,891,722,311,1,702,0,0,0,49,18,0,7926,8,583,3536
forest,65801,818,0,0,14204,0,973,778,1123,3,1080,0,0,0,76,0,1,9137,0,1302,1873
forest,66950,1179,0,0,14349,0,1128,1114,1392,144,378,0,3,0,0,0,5,8323,0,1168,520
forest,66352,460,4,0,14780,4,886,1145,1251,319,336,0,35,0,0,0,8,9983,0,1075,43
forest,63022,1226,0,0,14933,0,860,1191,1729,266,526,0,0,0,0,0,5,11701,0,1191,0
forest,62677,1370,0,0,14829,0,1546,957,1254,250,291,0,0,0,0,0,3,12479,0,1046,0
forest,62457,1751,0,0,13870,0,892,1071,917,250,715,0,0,0,0,0,7,13652,0,1020,0
forest,65283,1337,0,0,13784,0,1300,1279,1190,251,345,0,0,0,0,0,11,10495,0,1489,20
forest,66590,1468,0,0,13599,0,1112,940,671,279,577,0,0,0,0,0,3,9557,0,1878,7
forest,67993,476,110,0,13967,0,1235,1020,928,267,488,0,114,0,0,0,4,7886,0,1711,79
forest,65461,1315,0,0,15138,0,368,912,1386,251,299,0,125,0,0,0,6,10559,0,872,0
beach,66446,1294,0,0,13850,0,923,541,1167,117,455,0,189,0,326,0,3,9332,0,1022,833
beach,66708,968,213,0,13999,0,824,376,1574,0,363,0,83,0,345,0,0,6492,0,1526,3220
beach,66856,934,205,10,14618,0,945,476,1205,1,265,0,0,0,286,17,0,7854,20,791,2391
river,66883,1085,472,41,14613,0,946,810,807,53,507,0,188,0,186,2,0,9098,2,181,802
river,66401,1095,275,14,13973,2,562,830,947,67,542,0,134,0,491,2,2,9515,0,1637,303
beach,65868,1023,856,0,13661,0,973,641,1027,104,775,0,148,0,710,2,1,8568,0,1348,867
beach,65778,738,180,0,14679,0,1308,163,1269,0,238,0,0,0,1279,0,0,8925,0,1072,758
beach,66421,845,237,0,13103,0,1240,399,1407,0,664,11,259,0,989,0,0,8325,0,1355,1144
cold_ocean,68547,1090,75,0,11767,0,842,329,353,0,683,203,37,0,161,0,0,8537,0,1351,3097
cold_ocean,66544,976,402,0,13962,0,1335,451,705,0,472,0,0,0,0,0,0,7271,0,1105,3829
beach,66916,1221,162,0,13392,0,718,411,982,0,406,0,79,0,523,0,0,8929,0,1693,1316
beach,67072,1090,205,0,13295,2,1511,351,1563,0,418,0,59,0,1058,0,0,9269,0,642,113
beach,66866,529,79,0,13022,0,1157,239,1137,5,781,0,0,0,989,0,0,9925,0,1567,172
forest,66048,1875,73,0,12749,0,1067,1180,644,208,805,0,2,0,120,0,9,9807,0,1886,20
forest,66817,727,86,0,12411,0,1014,1076,927,298,608,0,100,0,0,0,11,11589,0,1001,0
forest,64547,993,9,0,14202,0,1096,1014,1006,281,189,0,66,0,0,0,7,12034,0,1265,1
forest,61638,878,0,0,14983,0,1147,897,1474,249,473,0,0,0,0,0,5,13670,0,1179,0
forest,62971,1079,0,0,14141,0,1652,1050,1073,251,500,0,0,0,0,0,9,13063,0,849,0
forest,65472,1427,0,0,12569,2,977,932,735,249,391,0,0,0,0,0,9,13289,0,396,0
forest,68282,1306,43,0,10748,0,660,829,1271,251,394,0,3,0,0,0,9,11696,0,1180,0
forest,71576,861,51,0,10298,0,897,995,160,263,322,0,14,0,0,0,2,10753,0,684,0
forest,73873,467,0,0,9897,0,726,583,591,263,210,0,0,0,0,0,2,9292,0,1000,0
forest,74209,773,0,0,8834,0,284,759,1219,292,182,0,23,0,0,0,9,8658,0,999,663
forest,73582,456,0,0,7116,0,713,821,1032,250,353,0,12,0,0,0,3,9096,0,446,2687
forest,67740,244,0,0,9365,0,1257,1138,1442,250,153,0,0,0,0,0,7,12503,0,949,1351
forest,63716,1085,0,0,12349,1,1384,1082,838,271,552,0,0,0,0,0,1,13405,0,1507,0
forest,62527,980,0,0,14804,0,997,1086,997,251,372,0,0,0,0,0,7,13558,0,760,0
forest,69498,1370,0,0,12980,0,768,776,862,265,423,0,1,0,0,0,2,8055,0,1594,51
forest,69816,801,0,0,12385,0,1072,1255,512,251,532,0,0,0,0,0,8,8992,0,930,13
forest,65861,746,99,0,13699,0,928,1315,1032,249,419,0,0,0,0,0,11,10055,0,1621,387
forest,63578,1456,218,0,14732,0,1159,1342,596,265,525,0,0,0,0,0,8,11394,0,1154,154
forest,63079,1205,523,0,13618,3,1278,1646,829,332,617,0,6,0,0,0,4,12054,0,1349,0
forest,62391,1395,750,0,14329,0,1547,1686,895,249,500,0,0,0,0,0,4,11786,0,1033,0
forest,64422,915,230,0,14162,0,613,1475,1004,250,447,0,0,0,0,0,4,11735,0,1283,118
forest,70590,775,0,0,12819,0,596,1030,828,249,389,0,0,0,0,0,4,7882,0,1462,54
old_growth_birch_forest,66656,1113,0,0,14676,0,595,1013,726,249,790,0,0,0,0,0,11,9886,0,1005,0
old_growth_birch_forest,65720,1318,36,0,14415,0,1667,1026,732,245,324,0,23,0,0,0,17,9548,0,1393,131
old_growth_birch_forest,64695,1172,0,0,13580,0,1311,1234,930,244,562,0,42,0,0,0,9,11094,0,1319,548
old_growth_birch_forest,63389,694,0,0,13901,0,776,1436,990,250,556,0,0,0,0,0,8,12699,0,1331,695
old_growth_birch_forest,65394,956,0,0,13272,0,1190,1128,908,249,414,0,2,0,0,0,12,9046,0,1326,2835
old_growth_birch_forest,65963,1533,0,12,14302,0,1335,981,865,151,375,0,0,0,0,0,4,9238,0,1317,1020
old_growth_birch_forest,63785,1211,0,0,14049,0,666,1085,1141,253,625,0,0,0,0,0,4,10089,0,1291,2797
old_growth_birch_forest,64022,1383,0,63,14702,1,1396,1047,948,251,373,0,0,0,0,0,15,11066,0,803,724
old_growth_birch_forest,66637,1039,0,180,13185,0,1386,629,1509,215,585,0,0,0,0,0,10,10392,0,1053,17
old_growth_birch_forest,69172,1015,0,294,12017,0,1141,559,507,187,426,0,0,20,0,0,17,10810,0,567,163
old_growth_birch_forest,66796,1189,0,301,14047,0,1152,332,740,208,219,0,0,132,0,0,16,9704,0,1532,244
dark_forest,66364,1109,0,642,14656,1,1189,679,920,212,418,0,0,257,0,0,41,9107,0,776,2
dark_forest,66550,1292,0,548,12675,0,1678,1058,728,239,541,0,0,33,0,0,18,9746,0,1049,162
dark_forest,68471,1077,0,504,11731,0,1163,1262,1329,77,309,0,0,0,49,0,1,9723,0,830,185
dark_forest,65792,1329,0,815,14199,0,896,1063,1380,0,577,0,0,0,420,2,0,9157,2,1190,359
dark_forest,65844,933,0,1134,13754,0,1703,1259,907,36,526,0,0,6,210,2,5,9634,0,922,212
dark_forest,66306,633,0,1041,12807,0,1001,660,787,62,436,0,0,129,281,0,1,10651,0,1713,518
river,66029,1205,0,1073,14045,0,1169,377,640,62,911,0,0,0,120,24,0,7684,26,745,3127
river,67629,565,0,932,13894,0,1014,98,954,55,406,0,0,60,0,2,0,4833,0,1289,5482
dark_forest,67339,926,39,1023,13435,0,1166,651,1032,0,554,0,13,38,126,0,2,7443,0,1092,2347
dark_forest,66835,1217,133,1379,13110,0,980,1096,775,0,371,0,1,122,202,0,13,9319,0,956,649
dark_forest,65705,1094,212,1181,13736,0,824,1136,718,164,171,0,1,210,132,0,19,10056,0,996,77
dark_forest,64987,1116,202,1470,14246,0,1173,1240,1057,242,474,0,0,17,0,0,8,9261,0,746,0
dark_forest,64813,899,416,1161,13800,0,958,897,1139,242,336,0,1,0,0,0,5,10363,0,1084,0
dark_forest,64322,1122,473,1209,12949,0,1222,1207,1100,235,281,0,0,0,0,0,10,10519,0,1385,0
dark_forest,64725,792,393,1009,15098,0,1009,1204,1285,246,356,0,0,0,0,0,9,9670,0,584,0
dark_forest,64756,1194,179,989,14133,0,1250,1345,818,243,440,0,44,0,0,0,8,9808,0,970,306
dark_forest,64780,997,20,1154,13218,0,1489,1247,1216,245,454,0,182,0,0,0,10,9363,0,1341,715
dark_forest,64940,1084,0,1123,12319,0,1046,1179,1000,244,328,0,213,0,0,0,8,9607,0,1119,1462
dark_forest,65850,617,0,1295,12504,0,973,1257,1179,204,498,0,747,3,12,0,8,8852,0,752,1658
dark_forest,67170,803,0,1530,11501,0,1129,1080,672,40,276,0,318,242,415,0,38,9317,0,1261,1304
river,68041,553,0,1370,10170,0,867,826,607,0,333,0,470,507,316,24,74,8321,22,1315,3174
river,68393,1753,0,1741,10521,0,768,392,639,0,970,0,40,428,45,32,61,6862,34,989,3408
river,70637,915,0,1277,8844,0,1507,363,957,0,418,0,37,421,3,11,21,8142,24,912,2537
river,69488,1266,0,817,11101,0,727,129,502,0,700,0,269,320,3,28,5,8789,20,434,2546
river,66724,1176,0,607,13059,0,888,301,778,0,622,0,122,33,83,5,0,6608,8,1063,5198
dark_forest,66783,423,0,1111,13784,0,1286,287,466,0,413,0,71,142,30,0,0,5760,0,1255,5205
dark_forest,66555,311,0,1005,14836,0,885,608,1152,0,374,0,6,34,1,0,0,7030,0,578,3477
dark_forest,66865,915,0,657,13035,0,891,614,963,119,869,0,62,71,22,0,12,7738,0,1119,2703
dark_forest,66439,796,0,801,13105,0,1289,870,1415,242,330,0,1,34,0,0,13,10359,0,735,36
dark_forest,64283,714,0,600,12192,0,722,1223,1598,246,667,0,350,44,0,0,2,12079,0,785,164
old_growth_spruce_taiga,59068,783,0,334,14056,0,836,1245,1252,26,516,0,51,0,0,0,4,16491,0,1020,954
old_growth_spruce_taiga,59122,1196,0,418,13118,0,720,1286,1332,56,543,0,0,140,0,0,2,14863,0,1203,1771
taiga,57991,854,0,239,13660,0,1281,1350,832,235,503,0,64,144,0,0,4,17206,0,2045,1
taiga,51900,1160,0,421,15074,0,936,1250,1577,248,806,0,0,0,0,0,2,22093,0,882,0
taiga,51742,1496,20,565,14652,0,1607,1139,1012,247,770,0,22,0,0,0,4,22040,0,954,0
taiga,52039,1547,233,231,14091,0,1304,1173,968,278,949,0,117,0,0,0,0,22223,0,1362,0
taiga,52237,1591,0,258,14654,0,1164,1168,1383,249,738,0,0,0,0,0,2,22130,0,840,0
taiga,53344,1612,0,287,15827,0,874,1102,1127,250,766,0,0,0,0,0,0,20722,0,683,0
taiga,54622,901,0,552,14807,0,1281,897,876,249,973,0,0,0,0,0,2,20584,0,847,24
taiga,57154,1252,0,375,12604,0,805,1230,958,249,987,0,0,0,0,0,1,18518,0,888,371
taiga,58542,740,0,287,11523,0,1021,1398,589,248,837,0,0,14,0,0,1,18948,0,1231,847
taiga,61597,934,0,552,11897,0,1007,1015,1625,195,467,0,0,41,0,0,5,16266,0,894,66
old_growth_spruce_taiga,60377,1172,0,599,11864,0,852,617,1404,1,740,0,0,50,0,0,16,17376,0,1094,0
old_growth_spruce_taiga,60858,1244,0,387,13056,0,1131,925,1216,74,490,0,0,129,0,0,13,15685,0,633,0
taiga,56562,1023,0,260,14099,0,1054,1385,1028,240,498,0,0,0,0,0,0,18752,0,1440,0
taiga,56979,1302,0,230,13902,0,799,1151,1355,255,457,0,0,0,0,0,1,19198,0,890,0
taiga,57705,1185,0,194,12503,0,1658,1083,1105,248,530,0,0,0,0,0,1,18892,0,1159,0
taiga,56268,1406,0,12,13729,0,941,1581,2277,249,739,0,0,0,0,0,0,18373,0,868,0
taiga,58036,1112,0,0,12309,0,1333,1511,579,242,625,0,0,0,0,0,1,19763,0,714,0
taiga,61347,1091,0,0,10303,0,1058,1038,1202,183,628,0,1,0,0,0,0,18478,0,693,0
taiga,60915,1654,0,0,10584,0,1726,862,1284,242,752,0,0,0,0,0,0,17295,0,738,1
taiga,59074,1105,0,0,10751,0,1619,736,724,239,342,0,20,0,0,0,2,20317,0,1428,1
taiga,60336,1111,0,0,11190,0,993,768,965,285,537,0,7,0,0,0,0,19378,0,764,39
taiga,62001,933,0,0,10713,0,1877,1240,1447,267,358,0,80,0,0,0,1,17012,0,525,0
taiga,61068,1863,0,0,12848,0,1445,1231,1401,314,591,0,446,0,0,0,1,14468,0,625,1
taiga,59685,1038,0,0,14905,0,1055,1230,1842,250,245,0,0,0,0,0,2,15248,0,632,0
taiga,61797,1624,0,0,14923,1,1165,1271,1145,248,300,0,0,0,0,0,2,11574,0,1438,1
taiga,59602,1116,0,0,15137,0,1206,1272,896,245,316,0,0,0,0,0,1,15975,0,735,0
taiga,59437,1453,0,0,14728,0,730,1441,1143,276,281,0,0,0,0,0,2,16245,0,696,0
taiga,59702,1372,0,0,14988,0,1543,1246,1513,249,517,0,0,0,0,0,0,14292,0,876,0
taiga,60662,1059,0,0,14507,0,1047,1377,778,251,524,0,0,0,0,0,1,15131,0,1011,203
taiga,63020,1139,0,0,13243,0,837,637,1087,219,711,0,0,0,0,0,3,13837,0,1266,456
taiga,63731,847,0,0,13935,0,1336,818,1146,250,469,0,0,0,0,0,1,12806,0,813,598
taiga,66054,1186,0,0,12471,0,1121,795,1016,229,332,0,60,0,0,0,0,10287,0,1425,1793
taiga,66944,1333,0,0,13330,0,1440,825,1131,162,447,0,36,0,157,0,1,9043,0,1330,865
river,66084,798,0,9,14810,0,1138,733,1104,14,353,0,1,0,338,15,0,8328,26,641,2797
taiga,65510,1103,0,0,14100,0,1356,1002,1052,217,234,0,0,0,40,8,2,8981,16,1237,2120
forest,65054,634,96,0,15266,0,1572,881,1301,249,186,0,0,0,0,0,5,10341,0,570,410
forest,65154,926,59,0,14869,0,711,586,1627,248,371,0,0,0,0,0,4,10842,0,901,1
forest,65806,1005,0,0,13958,0,1011,529,988,246,665,0,0,0,0,0,3,10813,0,1521,6
forest,65438,942,0,0,14697,0,808,720,622,250,412,0,0,0,0,0,11,11048,0,1470,11
forest,68975,975,0,0,11619,0,810,1330,856,42,450,0,1,0,221,0,0,9494,0,1206,896
river,68388,902,0,11,12063,0,1086,880,618,0,472,0,0,0,215,14,0,9697,30,990,1291
river,65914,736,0,4,14291,0,1017,759,709,10,420,0,0,0,179,45,0,10588,44,1622,887
forest,65853,1384,0,13,14771,3,1368,719,844,43,495,0,0,0,247,5,0,9207,10,979,827
forest,71119,875,0,0,10999,2,982,615,974,132,539,0,0,0,132,0,5,9291,0,763,559
forest,67685,759,0,0,13344,0,672,413,765,239,876,0,0,0,11,0,3,10602,0,1333,106
forest,66284,677,0,0,14093,0,1122,678,900,252,275,0,0,0,0,0,2,11506,0,1176,0
river,66455,821,0,0,14104,0,947,876,1113,228,655,0,0,0,0,2,2,10216,2,1277,429
river,66275,1105,0,0,14501,0,420,1162,1092,242,501,0,0,0,0,0,4,10133,0,1379,332
forest,64505,1124,0,0,15434,0,1066,940,1529,253,291,0,0,0,0,0,15,10936,0,647,129
river,62936,1121,0,0,14700,0,898,849,1152,256,560,0,0,0,0,0,21,13403,0,982,217
river,63685,924,0,0,14433,0,1039,784,1123,247,693,0,0,0,16,1,14,12788,0,1090,137
river,66622,969,0,0,11163,3,947,839,1318,177,452,0,1,0,129,2,16,10113,2,1271,1351
plains,65321,869,0,0,14594,0,1125,1067,1178,298,433,0,7,0,72,0,39,9063,0,939,2053
plains,66528,778,0,0,13171,0,1094,887,794,312,821,0,42,0,0,0,45,9025,0,1534,1562
plains,64527,791,0,0,13394,0,673,869,1029,251,396,0,1,0,0,0,42,12665,0,1540,377
plains,64152,994,29,0,14639,0,1241,665,785,256,768,0,16,0,0,0,63,11891,0,1425,77
plains,63994,1247,94,0,14771,0,1380,1045,1128,241,628,0,50,0,0,0,52,11467,0,1002,160
plains,64529,1198,0,0,14633,0,822,957,1048,244,461,0,0,0,0,0,60,11779,0,1240,103
plains,64723,623,131,0,14181,1,963,779,1129,256,665,0,0,0,0,0,66,11888,0,1669,0
plains,64779,1320,334,0,14823,0,989,928,1252,256,651,0,0,0,0,0,58,10397,0,1352,0
plains,67788,798,239,0,14122,0,884,571,1310,262,417,0,0,0,0,0,63,9437,0,1261,0
plains,64490,1285,798,0,14412,0,1211,586,844,256,644,0,0,0,0,0,51,11271,0,1285,0
plains,64036,1852,457,0,12921,0,1621,680,793,256,612,0,0,0,0,0,49,12379,0,1109,0
plains,61629,1057,301,0,13711,0,1206,718,911,256,646,0,0,0,0,0,57,14941,0,1526,0
plains,60813,1415,160,0,14951,0,838,992,1136,256,492,0,0,0,0,0,74,15057,0,768,0
plains,60162,1239,192,0,13998,0,1619,1114,994,264,317,0,0,0,0,0,53,15453,0,1423,0
plains,61330,817,142,0,13825,0,1677,1145,1348,273,910,0,0,0,0,0,44,13828,0,1631,90
plains,64848,884,133,0,12775,8,1571,1084,955,258,492,0,0,0,0,0,58,12318,0,1631,8
plains,64416,1466,635,0,13696,0,1307,1252,903,256,379,0,0,0,0,0,45,11748,0,621,148
plains,65531,497,0,0,14060,0,1386,1008,554,255,265,0,14,0,0,0,33,11523,0,788,487
plains,65410,1280,45,0,14433,0,830,940,573,267,502,0,4,0,0,0,33,11374,0,586,891
plains,66187,1212,185,0,13755,5,1055,809,1424,338,219,0,0,0,0,0,46,10990,0,873,85
plains,66574,843,47,0,14037,0,1414,987,864,256,327,0,0,0,0,0,33,10462,0,1294,0
plains,69712,1157,41,0,12668,0,764,682,875,256,464,0,190,0,0,0,66,8797,0,1361,225
plains,68775,910,0,0,12904,0,834,957,1196,256,846,0,71,0,0,0,47,8679,0,868,853
plains,67690,1072,0,22,13129,0,1495,654,1461,208,591,0,23,0,104,2,37,9102,2,1065,513
river,68490,1371,0,39,12017,0,1070,889,613,55,381,0,28,0,72,26,15,10154,36,870,867
river,68727,932,0,4,11835,0,823,258,1323,0,846,0,1,0,30,17,0,8237,18,1272,2821
river,69945,1045,0,0,11146,0,965,275,943,0,553,0,159,0,0,23,0,7646,42,986,3628
river,74129,774,0,12,9809,0,576,428,589,4,302,0,0,0,103,15,2,6085,24,1299,3223
plains,75689,930,0,5,8019,0,151,654,976,126,446,0,2,0,53,0,31,5253,0,937,4033
plains,77250,887,0,0,8308,0,382,596,488,256,299,0,0,0,0,0,45,7289,0,1301,151
plains,70199,919,0,0,10343,0,399,1251,840,256,517,0,0,0,0,0,58,10824,0,1543,0
plains,65029,882,0,0,14926,0,957,1170,1227,256,610,0,0,0,0,0,53,11179,0,854,0
plains,64098,1499,0,0,14344,0,1033,1602,849,256,610,0,0,0,0,0,56,11500,0,1163,0
plains,63823,1668,0,0,14161,0,1078,1175,1237,256,166,0,56,0,0,0,72,11751,0,1755,0
plains,63786,906,0,0,14977,0,1071,1114,800,256,473,0,0,0,0,0,51,12564,0,963,135
plains,62869,1646,0,0,14316,0,1293,1493,645,250,507,0,0,0,0,0,35,12973,0,1013,130
windswept_gravelly_hills,64155,785,0,0,7580,0,909,913,1255,182,646,0,0,0,0,0,30,13368,0,1632,5662
windswept_gravelly_hills,62908,858,0,0,14125,0,1074,577,1534,0,960,0,0,0,0,0,0,12487,0,1400,1141
windswept_gravelly_hills,59298,1471,0,0,13893,4,1218,411,1226,103,1079,0,0,0,0,0,2,16551,0,1563,101
plains,59886,1371,0,0,14542,0,1145,1104,372,438,721,0,6,0,0,0,28,15902,0,1402,123
windswept_gravelly_hills,60618,1785,0,0,13167,0,973,422,1078,173,803,0,44,0,0,0,3,14567,0,1033,949
windswept_gravelly_hills,56832,1138,0,0,14134,0,1521,576,868,80,1103,0,1,0,0,0,0,14671,0,1125,4895
windswept_gravelly_hills,53847,425,0,0,13859,0,852,624,982,152,1058,0,109,0,0,0,8,18256,0,1419,5348
plains,64323,1292,0,0,14048,1,1023,920,1128,257,458,0,356,0,0,0,36,10235,0,1169,1896
plains,63827,936,0,0,10697,0,998,976,802,254,298,0,229,0,0,0,14,10976,0,560,6585
plains,56441,638,0,0,11963,0,736,1177,406,334,486,0,0,0,0,0,22,15595,0,1355,7931
plains,62718,1689,0,0,13796,0,827,1239,1206,350,495,0,0,0,0,0,26,12149,0,402,2160
plains,65184,1369,0,38,14036,2,1562,897,1017,157,296,0,7,0,46,1,32,9724,0,1150,1492
plains,66217,1040,0,6,11989,0,736,1296,862,12,407,0,1,0,224,0,2,9422,0,1356,3613
plains,65810,839,0,7,13200,9,751,848,1049,0,711,0,109,0,354,0,0,9639,0,886,2846
beach,66258,1245,0,4,13424,0,883,504,1003,0,498,0,239,0,965,0,0,8430,0,1498,1543
beach,66071,1107,0,0,14261,4,108,378,641,0,526,0,58,0,774,0,0,9077,0,1260,2240
beach,66011,1109,0,0,14680,0,1106,140,960,0,306,0,0,0,1019,0,0,7825,0,1251,1712
beach,66487,1125,197,3,14784,0,1011,487,890,0,313,0,1,0,961,4,0,7979,10,614,1516
swamp,66454,687,95,9,12980,4,1470,1359,998,0,745,0,1,0,0,14,0,8888,76,1255,1380
windswept_savanna,65734,1123,0,7,14601,0,1223,688,1318,0,529,0,0,0,76,14,3,9626,42,1136,1083
windswept_savanna,65394,1344,0,8,14912,0,1219,638,643,44,299,0,0,0,260,0,7,10246,0,1468,606
windswept_savanna,66450,1101,0,2,14209,0,1590,593,1022,5,317,0,147,0,212,0,1,9424,0,992,1161
river,69072,389,0,9,10049,0,1116,673,1186,0,215,0,24,0,125,22,0,8611,16,660,5092
river,71142,526,0,11,8353,0,335,311,1023,0,510,0,1,0,101,28,0,5146,26,691,9123
river,73310,1135,0,9,8659,0,554,1271,666,0,234,0,557,0,248,25,0,5395,36,842,2749
river,67649,1463,0,1,13815,0,1065,914,811,0,529,0,0,0,185,17,0,8127,20,629,1683
river,65997,1150,0,13,14252,0,931,579,926,0,431,0,169,0,192,20,0,9409,28,1082,1975
river,66314,1008,0,0,14351,0,697,1202,371,0,318,0,17,0,247,20,0,8805,28,1612,2274
forest,66441,1034,0,0,14636,0,831,1199,920,0,679,0,1,0,245,5,0,8575,4,1483,1174
forest,65961,1171,0,0,14986,0,819,756,1182,56,100,0,0,0,389,0,5,10114,0,971,397
forest,69785,1060,0,1,13078,0,297,773,1103,112,464,0,8,0,17,0,5,8179,0,1081,879
forest,72195,951,0,12,12826,0,643,1038,578,105,384,0,0,0,147,0,2,5953,0,613,1096
forest,76461,377,0,0,13471,0,647,632,362,112,393,0,25,0,57,0,2,2497,0,1610,480
forest,75164,137,0,0,13759,0,236,537,398,144,368,0,0,0,0,0,6,3063,0,953,1341
forest,73244,350,0,0,13833,0,203,679,373,250,431,0,1,0,0,0,10,4755,0,1969,542
forest,73144,209,0,8,14312,0,729,840,828,234,782,0,40,0,27,0,4,4219,0,965,509
forest,69561,854,115,0,13781,0,670,704,1554,249,146,0,0,0,0,0,6,6912,0,1015,1147
forest,65466,1332,379,10,14195,0,1073,774,875,198,607,0,11,0,0,0,5,9906,0,1374,346
forest,66644,1354,379,15,12155,0,1488,537,963,0,472,0,26,0,381,6,0,8518,12,1164,1621
river,66442,1360,0,0,13730,0,1010,297,1231,0,510,0,0,0,146,29,0,8717,32,963,2237
forest,66131,1049,0,0,14523,0,849,776,971,0,824,0,0,0,45,3,0,8580,8,1128,2305
forest,65587,628,0,3,13721,0,1213,1062,747,127,388,0,0,0,25,0,1,11013,0,1464,481
forest,66034,1088,0,0,14167,0,615,620,807,234,238,0,0,0,8,0,8,11247,0,1326,162
forest,66517,843,0,0,12715,0,913,767,1072,253,446,0,0,0,0,0,5,11442,0,1410,85
forest,65072,963,0,0,11625,0,1263,849,1116,183,556,0,0,0,0,0,2,11774,0,602,1
forest,63731,1109,0,0,14894,0,1228,909,1056,228,222,0,0,0,0,0,8,12324,0,897,0
forest,63572,1219,0,0,14314,0,1524,1248,815,250,509,0,0,0,0,0,7,11722,0,1455,0
forest,63936,1402,0,0,14583,0,1195,1224,777,261,501,0,0,0,0,0,5,11234,0,1484,0
forest,65768,1484,0,0,14504,0,730,1235,1305,252,883,0,0,0,0,0,6,9021,0,1066,1
forest,66199,977,0,0,14530,0,368,1229,720,281,696,0,0,0,0,0,8,10015,0,1515,1
forest,66468,1315,0,0,14303,0,1224,1355,776,250,274,0,0,0,0,0,12,9076,0,1181,0
birch_forest,66818,1091,0,0,14092,8,1178,1098,1390,256,213,0,0,0,0,0,7,9126,0,1123,2
birch_forest,67375,1405,0,0,13538,0,459,1398,1166,307,82,0,0,0,0,0,9,9536,0,1344,2
birch_forest,65345,819,0,0,14927,0,725,1458,1236,251,318,0,0,0,0,0,18,10227,0,1187,0
birch_forest,66582,953,0,0,14090,0,1110,990,848,247,243,0,1,0,0,0,8,9425,0,1694,6
birch_forest,65847,1358,0,0,14683,0,925,1165,477,252,664,0,0,0,0,0,10,10166,0,1087,66
birch_forest,65292,1423,139,0,14374,0,1231,1177,1453,250,304,0,93,0,0,0,15,9300,0,1520,122
birch_forest,64674,980,27,0,14330,0,1527,864,1058,249,482,0,27,0,0,0,15,10877,0,1422,168
birch_forest,64854,963,0,0,14339,0,1319,1001,813,323,272,0,0,0,0,0,15,10924,0,1194,347
birch_forest,64696,1541,0,34,13945,0,1010,795,1414,270,525,0,0,0,0,0,15,10500,0,981,466
birch_forest,64455,1033,0,367,14175,0,1042,973,1035,270,290,0,0,0,0,0,16,11440,0,1444,81
birch_forest,63988,1314,65,291,14692,4,1348,711,978,250,438,0,1,50,0,0,20,11563,0,1046,0
birch_forest,63697,1244,0,319,14365,1,1183,636,1360,251,342,0,0,16,0,0,24,11860,0,1390,0
birch_forest,63709,858,174,33,14516,1,744,676,670,251,610,0,41,0,0,0,10,13124,0,1143,0
birch_forest,63998,1460,239,379,14803,0,1449,746,1195,247,305,0,0,0,0,0,7,10863,0,771,0
dark_forest,63968,1036,402,589,14571,0,901,1098,1292,255,242,0,0,64,0,0,5,11140,0,589,0
dark_forest,63878,851,390,535,14254,0,1361,599,968,162,566,0,69,0,0,0,8,11728,0,904,0
dark_forest,64323,837,230,322,14543,2,1334,923,1247,196,249,0,31,0,0,0,5,10827,0,1087,0
dark_forest,65260,1372,164,1037,14309,0,1374,722,792,246,557,0,0,150,0,0,22,9418,0,949,13
dark_forest,65579,997,218,492,13851,0,1178,679,751,237,516,0,0,262,0,0,53,9837,0,993,520
dark_forest,66479,722,3,465,12229,0,1136,439,907,245,430,0,0,482,0,0,103,9372,0,1149,2255
dark_forest,66661,1630,0,651,11295,0,1050,614,1064,231,453,0,510,550,24,0,65,8315,0,1045,2186
dark_forest,67874,632,0,679,10709,2,1088,1005,1368,28,190,0,161,8,173,1,5,8556,0,1022,1791
river,68323,1100,0,486,9618,0,963,1473,1107,0,393,0,51,66,212,31,21,7354,42,1000,2718
river,67298,1418,0,601,10370,4,1502,960,1290,96,298,0,0,0,429,0,0,8621,4,721,1185
dark_forest,64822,1112,0,539,15050,0,1691,981,1057,219,196,0,0,0,112,0,8,9882,0,579,234
dark_forest,64821,766,0,485,14168,0,1216,770,1196,245,641,0,0,0,0,0,4,10630,0,1538,0
dark_forest,64891,1133,0,631,14190,1,715,1016,1450,244,420,0,0,0,0,0,4,10401,0,1453,0
dark_forest,65118,768,0,395,15255,0,1536,616,809,239,736,0,0,0,0,0,9,10125,0,807,0
dark_forest,64771,1324,0,595,14531,0,1415,744,531,238,389,0,0,0,36,0,6,9354,0,1549,945
dark_forest,65507,1310,0,960,14194,0,1244,901,1322,72,255,0,0,0,267,6,0,9366,0,1117,443
river,65792,1364,0,587,14141,3,632,706,721,0,534,0,0,0,202,21,0,9350,40,1115,1887
dark_forest,65861,1596,0,455,14296,0,1299,694,397,4,458,0,0,0,93,6,0,9068,0,1375,1586
dark_forest,65916,782,0,486,14613,0,563,902,942,1,681,0,0,0,111,0,0,10386,0,945,871
birch_forest,65390,1113,0,285,14544,0,1580,979,921,149,252,0,0,0,108,0,5,10226,0,1164,109
birch_forest,65306,1210,0,428,14554,0,1285,694,1086,251,393,0,0,0,0,0,10,10436,0,1114,0
birch_forest,65625,814,0,161,15237,3,1229,593,993,250,460,0,0,25,0,0,19,10824,0,550,0
birch_forest,67192,1130,52,354,13856,1,1034,860,1340,248,569,0,0,65,0,0,36,8639,0,1392,0
birch_forest,65935,1185,442,235,14090,0,1298,1004,595,250,476,0,0,0,0,0,15,9517,0,1621,0
birch_forest,65264,1021,624,186,14702,0,822,1030,1181,250,484,0,0,0,0,0,12,10345,0,780,0
birch_forest,64506,1401,468,8,14732,0,1173,920,908,251,400,0,0,0,0,0,12,10900,0,1101,0
birch_forest,64155,877,314,0,14724,0,1490,1068,1354,252,434,0,0,0,0,0,20,10673,0,1480,0
birch_forest,63954,1489,469,0,14697,0,1134,1162,658,249,515,0,0,0,0,0,7,11447,0,780,0
birch_forest,64572,1435,81,0,12789,0,1227,1014,980,248,525,0,1,0,0,0,10,12310,0,1420,0
birch_forest,64053,743,19,0,14300,0,1621,1122,825,251,338,0,0,0,0,0,2,12251,0,1251,0
beach,64768,1333,137,0,14634,0,1492,285,797,61,335,0,0,0,435,0,2,10423,0,1328,645
beach,65586,799,0,0,15363,0,833,222,937,0,603,0,0,0,400,0,0,7860,0,659,3690
beach,66838,489,25,0,15028,0,1056,147,1080,0,318,0,0,0,755,0,0,7723,0,1237,1932
beach,65239,1218,0,0,14597,0,578,111,950,0,500,0,0,0,1034,0,0,9214,0,1369,1562
beach,65636,903,0,0,14683,0,525,223,1429,0,629,0,0,0,1015,0,0,8826,0,697,1988
beach,65260,1267,0,0,14385,0,1180,367,905,5,288,0,0,0,884,0,0,9082,0,1657,1272
birch_forest,64938,1031,0,0,14484,0,1114,957,1176,216,565,0,13,0,125,0,8,10218,0,929,952
birch_forest,65218,1451,0,0,13350,0,995,985,1345,251,742,0,130,0,0,0,17,10638,0,1354,358
birch_forest,69253,962,0,0,11448,0,1132,886,834,248,523,0,0,0,0,0,5,10277,0,1172,0
birch_forest,70753,1434,0,0,11115,0,738,1049,653,252,308,0,5,0,0,0,18,9896,0,686,0
birch_forest,69555,1220,0,0,12324,4,1200,1212,970,251,517,0,0,0,0,0,12,9072,0,522,1
birch_forest,68356,644,0,0,11846,0,1466,1055,1022,244,639,0,0,0,0,0,8,9789,0,1479,0
birch_forest,67047,1249,0,0,13139,0,646,1026,1041,246,429,0,17,0,0,0,13,10458,0,1280,0
birch_forest,66026,1121,0,0,13923,0,1205,1068,1256,251,596,0,0,0,0,0,6,10343,0,1107,0
birch_forest,65101,945,0,0,14369,0,1124,1342,774,248,358,0,0,0,0,0,9,11106,0,1256,26
birch_forest,66198,727,0,0,13745,0,812,1451,1095,249,304,0,0,0,0,0,14,10052,0,1253,892
birch_forest,64921,1465,0,0,13733,0,842,1112,1375,251,423,0,0,0,0,0,6,11719,0,813,180
birch_forest,64705,1650,0,0,13921,0,1443,1420,1106,250,429,0,0,0,0,0,12,10513,0,1300,0
birch_forest,65820,1770,0,0,12658,0,1092,1293,1327,251,403,0,1,0,0,0,8,10773,0,1383,0
birch_forest,67283,1053,0,0,12420,0,896,1157,956,248,497,0,0,21,0,0,19,10952,0,1090,0
birch_forest,64880,1198,0,22,14298,0,1208,1323,901,250,321,0,0,236,0,0,68,10362,0,1299,296
birch_forest,69399,1027,0,239,9997,0,1183,1342,993,249,306,0,2,0,0,0,14,11286,0,695,0
birch_forest,70755,777,0,405,8607,3,1104,1122,944,250,494,0,0,0,0,0,16,11160,0,1137,0
birch_forest,67825,1497,0,317,11847,0,906,1270,661,252,422,0,0,80,0,0,12,11094,0,723,0
birch_forest,67102,899,0,144,14520,0,932,769,977,246,584,0,1,45,12,0,13,9356,0,1246,0
birch_forest,68103,841,0,413,14273,0,499,349,958,11,339,0,0,0,93,0,0,6205,0,1045,4082
river,66511,1115,0,579,13745,0,396,533,1090,0,353,0,0,0,116,23,0,7349,20,1034,4294
dark_forest,67618,1190,0,432,12663,0,1402,1031,725,22,442,0,0,207,298,7,29,9281,8,825,869
dark_forest,70336,1321,0,212,9462,0,909,853,1370,196,467,0,339,323,28,0,13,8594,0,349,1509
dark_forest,71221,802,0,547,10867,0,719,584,467,238,599,0,51,297,0,0,56,8542,0,654,496
dark_forest,69261,1347,0,788,12071,0,973,469,672,268,547,0,1,281,0,0,20,8343,0,1126,34
old_growth_pine_taiga,67008,495,0,803,12605,0,674,1001,990,61,728,0,4,145,0,0,22,10887,0,1070,7
old_growth_pine_taiga,65525,1089,0,457,13448,0,743,802,783,0,595,0,297,64,0,0,35,11063,0,1377,23
old_growth_pine_taiga,63259,937,0,688,14066,0,895,1091,1113,0,578,0,124,26,0,0,17,12336,0,1173,6
old_growth_pine_taiga,63093,996,56,450,13416,0,1023,1223,1125,0,608,0,21,15,0,0,11,13046,0,1323,0
old_growth_pine_taiga,63200,1282,139,1053,13542,8,1416,1231,810,3,524,0,0,8,0,0,4,11319,0,1292,0
old_growth_pine_taiga,63864,858,0,526,14485,0,1300,1083,1056,6,572,0,0,5,0,0,7,11144,0,1300,0
old_growth_pine_taiga,65271,1161,0,693,13748,0,835,1115,907,0,673,0,0,257,0,0,15,10044,0,1516,36
old_growth_pine_taiga,67444,309,0,929,13289,0,815,933,841,0,868,0,24,337,0,0,12,9663,0,1032,63
old_growth_pine_taiga,67867,636,0,610,12214,0,1313,1304,1123,7,560,0,65,304,0,0,47,9813,0,697,27
taiga,70708,1232,0,782,9594,0,1093,1189,930,131,357,0,0,478,0,0,28,9000,0,977,21
taiga,67646,958,171,331,11378,0,1175,942,1006,248,830,0,78,208,0,0,26,10143,0,1540,22
taiga,66675,1530,54,49,12581,4,1072,901,1177,209,452,0,18,122,245,0,1,10563,0,980,51
taiga,65211,1551,0,305,13638,0,960,1034,843,266,532,0,155,0,6,0,0,11322,0,944,40
taiga,66745,609,0,76,12724,0,711,1131,1561,253,330,0,323,0,0,0,2,10950,0,1449,0
taiga,66293,1307,0,0,13776,0,1083,1407,754,306,334,0,0,0,0,0,1,10958,0,699,0
taiga,63631,1196,0,0,13995,5,1512,821,776,253,806,0,1,0,0,0,1,12513,0,1035,1
taiga,63267,1441,0,0,14573,0,1746,484,1114,271,406,0,0,0,0,0,0,12674,0,838,0
taiga,63095,1262,151,0,13473,0,753,1174,882,254,571,0,0,0,0,0,6,14101,0,1059,22
forest,67658,700,0,0,11715,5,1009,1167,738,248,300,0,0,0,0,0,2,11270,0,649,1023
forest,74693,770,0,0,9063,0,493,1067,725,251,321,0,0,0,0,0,6,7863,0,404,1123
forest,70800,705,0,0,11350,0,865,1089,1154,251,274,0,0,0,0,0,9,9941,0,306,85
forest,63739,1422,0,0,13876,0,1136,969,815,252,534,0,1,0,0,0,7,12883,0,1096,1
forest,63326,1055,0,0,13942,0,1389,863,1242,251,472,0,0,0,0,0,10,12262,0,1639,2
forest,63707,1218,0,0,13935,0,1241,821,1660,250,200,0,0,0,0,0,5,10988,0,2126,305
forest,63267,1203,0,0,14066,0,1019,1033,970,248,563,0,0,0,0,0,4,10934,0,1660,1369
forest,63739,1229,0,0,14029,4,937,1184,1226,250,346,0,0,0,0,0,6,11646,0,1360,540
forest,65832,1125,0,0,12124,1,1303,957,1009,252,458,0,0,0,0,0,6,10712,0,2350,405
forest,66818,623,0,0,14164,0,671,750,1239,115,308,131,0,0,0,7,1,8738,12,737,2730
cold_ocean,66442,1216,0,0,14807,1,981,234,1486,0,614,0,0,0,0,16,0,7112,10,228,4067
cold_ocean,66442,747,0,29,14049,0,1091,761,780,1,431,0,39,0,38,29,0,8156,22,1460,2814
cold_ocean,67293,610,0,12,14669,0,280,1104,1016,0,474,0,32,0,167,14,0,7473,8,951,3042
cold_ocean,68384,703,0,0,14987,0,828,864,757,0,411,0,0,0,43,15,0,5065,8,944,4222
cold_ocean,67120,572,0,0,14522,0,942,251,803,2,775,0,0,0,0,29,0,6461,10,1003,4763
cold_ocean,66056,983,0,0,14461,0,826,268,588,0,639,0,0,0,0,14,0,7759,6,1317,4331
cold_ocean,66739,951,0,8,14130,0,1276,222,459,0,688,61,0,0,14,29,0,7181,18,1262,4138
cold_ocean,66470,773,0,0,13715,0,1461,218,907,0,762,39,1,0,0,21,0,7290,14,1293,4239
cold_ocean,66122,1143,0,0,13830,0,1330,115,977,0,846,0,98,0,0,21,0,6922,28,1559,4214
cold_ocean,65846,934,0,0,14683,0,690,155,716,0,506,0,0,0,0,16,0,7958,22,1606,4058
forest,65927,1208,0,8,15176,0,866,428,1000,38,376,0,0,0,64,1,1,8375,2,1118,2528
forest,66552,1332,0,0,13501,0,578,669,622,238,436,0,0,0,0,0,11,10143,0,1280,1260
forest,68438,657,0,0,11636,1,1037,747,972,250,188,0,22,0,0,0,4,9402,0,1400,146
forest,67920,585,58,0,15157,0,658,744,621,297,556,0,46,0,0,0,3,9093,0,1088,0
forest,65909,750,59,0,14287,6,764,862,1231,250,549,0,24,0,0,0,5,10936,0,1140,0
forest,64020,952,0,0,14306,0,1210,931,956,251,253,0,0,0,0,0,3,12352,0,1486,0
forest,64021,1105,0,0,15039,0,1189,1252,1259,251,552,0,0,0,0,0,2,11116,0,1023,0
forest,66010,377,0,0,14722,0,1661,940,899,282,540,0,0,0,0,0,5,10448,0,944,0
forest,67732,1099,0,0,12789,0,1213,1347,968,253,525,0,3,0,0,0,10,8821,0,1406,0
forest,68353,848,0,0,13706,0,655,1073,565,250,626,0,13,0,0,0,6,9023,0,1023,1
forest,71245,380,0,0,14372,0,169,1039,659,250,269,0,0,0,0,0,9,6753,0,1146,0
forest,69316,1211,0,0,14557,0,669,379,876,144,227,0,0,0,288,0,5,6543,0,1191,1139
beach,68716,685,78,0,13992,0,974,446,952,0,198,0,20,0,499,0,0,8036,0,1294,606
river,68839,776,295,7,13897,0,1081,400,758,5,389,0,0,0,185,12,0,8127,14,955,727
forest,67960,1094,339,0,13930,0,1161,559,350,162,335,0,189,0,119,0,6,8411,0,1275,507
forest,65901,1329,455,0,14314,0,486,805,784,256,792,0,93,0,0,0,9,9893,0,1118,296
forest,65436,845,494,0,13851,0,956,949,1591,251,718,0,199,0,15,0,5,9748,0,1221,1
forest,64862,866,131,0,15246,0,1149,1285,824,199,275,0,125,0,132,4,4,10604,12,885,147
river,66174,1355,356,0,14391,0,1025,1050,1214,43,527,0,0,0,215,17,0,8309,12,1151,1276
river,66096,1050,262,0,13982,0,783,919,847,114,565,0,0,0,429,1,0,10730,0,1044,105
beach,65781,1197,152,0,14677,0,1309,392,1045,44,252,0,77,0,788,0,0,10045,0,718,5
beach,68541,868,0,0,11583,0,1434,268,862,6,447,0,0,0,674,0,0,9775,0,1353,1164
beach,66381,1181,90,0,14540,0,1046,473,1167,0,112,0,2,0,579,0,0,9501,0,1062,806
beach,66864,1479,0,0,14140,0,1291,239,464,0,296,0,17,0,522,0,0,9480,0,1426,612
beach,66225,1027,0,0,14510,0,1166,396,1074,0,254,0,0,0,676,0,0,8980,0,1402,1193
beach,67342,1097,72,0,13436,0,723,281,1033,65,620,0,112,0,547,0,3,9991,0,1126,422
forest,66111,1393,6,0,14414,0,685,1113,611,318,428,0,171,0,0,0,6,10555,0,832,15
forest,67666,1450,0,0,12591,4,1008,837,1028,266,658,0,191,0,0,0,3,9499,0,1343,0
forest,67159,1970,0,0,12808,2,752,794,971,251,199,0,39,0,0,0,4,11023,0,768,0
forest,63451,1142,0,0,14216,2,1859,996,895,249,442,0,0,0,0,0,5,12617,0,682,0
forest,63624,786,0,0,14400,0,1043,1031,1054,249,396,0,0,0,0,0,3,12479,0,1196,1
forest,65812,1040,0,0,12964,0,1623,875,715,250,420,0,44,0,0,0,5,10906,0,1823,0
forest,66378,1090,8,0,12978,3,848,1231,1079,249,315,0,45,0,0,0,7,11379,0,1065,0
forest,69734,889,41,0,12904,0,697,872,197,253,166,0,20,0,0,0,2,10301,0,838,0
forest,72600,334,0,0,11031,0,576,547,330,261,97,0,3,0,0,0,9,9519,0,1068,233
forest,72350,868,0,0,8359,0,728,474,790,270,291,0,61,0,0,0,4,8969,0,811,2608
forest,70232,424,0,0,6806,0,671,657,977,251,223,0,53,0,0,0,10,9754,0,582,6108
forest,71935,810,0,0,6072,0,451,694,1060,253,167,0,0,0,0,0,8,12057,0,223,2707
forest,68579,1162,0,0,8830,0,1276,1231,1558,257,288,0,0,0,0,0,12,11707,0,1055,608
forest,65270,1369,0,0,12040,0,1662,1436,867,249,625,0,0,0,0,0,6,11516,0,1192,0
forest,67674,1077,0,0,10435,0,1515,1264,848,251,299,0,0,0,0,0,13,11784,0,832,490
forest,69783,1004,0,0,9867,0,592,1317,1311,249,341,0,0,0,0,0,6,8085,0,1352,2863
forest,62331,718,0,0,13584,0,761,1177,891,252,267,0,0,0,0,0,4,11380,0,1780,3416
forest,62418,1024,225,0,13339,0,976,1194,873,355,354,0,1,0,0,0,6,12112,0,2249,1399
forest,63013,1251,384,0,13307,0,560,1716,1467,430,410,0,37,0,0,0,6,11758,0,2061,65
forest,62427,797,271,0,14785,0,806,1037,1365,252,638,0,0,0,0,0,5,12921,0,1166,41
forest,68447,859,352,0,14530,0,401,923,1082,251,477,0,1,0,0,0,15,8336,0,931,179
forest,70119,1206,43,0,14242,0,610,916,550,248,152,0,0,0,0,0,7,7315,0,1154,114
forest,65176,835,32,0,14964,0,954,1066,1005,249,364,0,0,0,0,0,3,10702,0,1317,0
old_growth_birch_forest,65676,1106,0,0,15067,0,774,1178,1249,252,704,0,0,0,0,0,10,9509,0,1204,91
old_growth_birch_forest,64751,1208,0,0,14618,0,1001,1185,1170,250,794,0,17,0,0,0,8,10484,0,1100,206
old_growth_birch_forest,64069,1482,0,0,14025,1,1254,1245,1143,249,508,0,9,0,0,0,11,11361,0,661,723
old_growth_birch_forest,65208,1275,0,0,12686,0,942,967,888,253,744,0,0,0,0,0,18,10374,0,803,2742
old_growth_birch_forest,65142,1244,24,0,13229,0,1417,725,1348,253,730,0,0,0,0,0,14,9871,0,1426,1485
old_growth_birch_forest,64872,968,98,0,13766,0,1224,665,1278,229,240,0,0,0,0,0,6,10757,0,1730,738
old_growth_birch_forest,65522,830,0,8,15557,0,1137,844,866,249,320,0,0,0,0,0,10,10006,0,608,764
old_growth_birch_forest,66279,1387,0,482,13384,0,750,956,1130,241,755,0,0,0,0,0,1,9629,0,1130,606
old_growth_birch_forest,68425,1202,0,360,11612,6,1191,597,1032,250,485,0,0,111,0,0,31,10408,0,784,380
old_growth_birch_forest,67817,1511,0,628,12618,0,992,758,1063,248,496,0,0,291,0,0,24,8895,0,1046,22
dark_forest,69457,968,0,788,12610,0,1122,747,1505,233,379,0,0,253,3,0,9,7027,0,1069,44
dark_forest,69481,935,0,544,11808,0,716,1074,674,220,504,0,0,227,21,0,29,8671,0,1332,10
dark_forest,66151,1039,0,593,13867,0,848,1235,1225,49,443,0,1,0,253,0,0,9497,0,1349,363
dark_forest,65792,530,0,879,13554,0,632,1008,1130,0,460,0,0,0,252,3,0,10082,0,1621,1184
river,65797,434,0,1002,14607,0,555,1086,763,0,380,0,0,0,127,15,0,9814,30,1179,1502
river,65828,713,0,783,15168,0,857,957,682,0,319,0,0,6,227,22,0,9244,28,606,1767
river,65815,616,0,1085,14272,0,1558,202,597,5,753,0,0,0,34,23,0,7454,36,581,4160
dark_forest,65820,453,0,1357,14357,0,1181,290,890,9,431,0,0,0,9,0,0,7809,0,823,3468
dark_forest,65908,1279,0,1124,14372,0,1170,901,1151,0,397,0,81,0,183,0,0,8817,0,764,936
dark_forest,65980,547,41,996,14745,0,658,950,1305,0,672,0,71,7,410,0,1,9703,0,520,512
dark_forest,65342,1028,200,985,13830,0,1051,1139,780,199,540,0,0,16,23,0,7,9969,0,1388,35
dark_forest,65041,854,279,1235,14023,0,919,1232,1091,247,473,0,0,0,0,0,6,10032,0,991,22
dark_forest,64517,1514,36,988,13972,0,901,1058,1036,241,417,0,0,0,0,0,10,10027,0,1473,0
dark_forest,64546,1118,319,1104,13624,0,738,839,1402,242,350,0,0,0,0,0,5,10488,0,1335,1
dark_forest,64351,1864,204,1335,14138,0,873,1287,698,241,532,0,0,54,0,0,22,9535,0,1017,16
dark_forest,64391,1549,91,847,15090,0,936,1149,1194,241,238,0,223,10,0,0,4,9473,0,460,431
dark_forest,64810,1078,0,1148,13881,0,1436,948,823,243,278,0,298,5,0,0,11,9501,0,1373,640
dark_forest,65767,1282,0,1439,11954,0,1051,1111,784,225,368,0,948,64,0,0,7,9352,0,1097,765
dark_forest,66959,1190,0,1368,12320,0,1060,1062,1235,29,671,0,474,86,215,4,15,8214,0,1055,1063
river,67455,1045,58,1133,11453,0,995,851,687,0,344,0,625,461,291,22,85,8080,20,899,2544
river,69115,1110,8,1146,10304,0,509,1017,807,0,662,0,161,616,277,15,95,8544,28,577,2059
river,66874,1041,13,1003,12688,0,674,812,913,0,285,0,91,344,253,27,47,8478,30,1355,2156
dark_forest,68269,821,0,1092,10569,0,687,592,1141,0,609,0,24,422,213,5,55,9644,6,1591,1109
dark_forest,72208,1069,0,673,9082,0,455,391,1841,0,415,0,248,513,206,0,13,8368,0,392,1167
dark_forest,67879,956,0,789,11257,0,629,455,844,0,672,0,18,269,60,22,34,8741,34,1384,2987
river,66783,1263,0,713,12559,0,589,288,475,0,577,0,0,89,18,11,3,8213,22,1693,3853
dark_forest,67186,770,0,742,13216,0,631,773,1290,0,330,0,0,150,399,1,11,8510,2,1576,1464
dark_forest,67035,1281,0,726,13114,0,1263,1083,1187,64,706,0,143,31,201,0,13,8578,0,1146,396
dark_forest,66407,750,0,960,12438,1,1278,1241,881,241,296,0,94,232,0,0,12,10415,0,855,22
dark_forest,64538,1344,0,610,14078,0,1376,910,930,233,558,0,16,60,0,0,12,11059,0,905,0
old_growth_spruce_taiga,63303,921,0,492,13717,0,1038,1137,1626,17,526,0,0,0,0,0,8,12517,0,1298,27
old_growth_spruce_taiga,58430,933,0,686,12950,0,622,1291,883,0,477,0,2,83,0,0,1,17825,0,1251,131
old_growth_spruce_taiga,54285,956,8,593,14340,1,1022,1614,556,4,653,0,3,83,0,0,4,20651,0,1173,1
taiga,52732,1006,0,435,14183,0,990,1644,1628,114,581,0,18,89,0,0,43,21607,0,1304,1
taiga,51898,1242,0,459,14447,0,1139,1406,1481,128,554,0,0,0,0,0,6,22229,0,1050,0
taiga,51939,969,0,79,14222,0,1219,1246,959,275,778,0,0,0,0,0,3,23153,0,1628,1
taiga,51747,1349,0,63,14987,0,1620,1144,1196,249,571,0,0,0,0,0,0,22309,0,1236,0
taiga,53570,2053,0,385,15197,0,835,1443,1025,250,935,0,0,0,0,0,0,19655,0,1181,0
taiga,55434,1459,0,167,15360,0,1184,1117,2017,223,522,0,0,0,0,0,1,17868,0,787,178
taiga,55869,1565,0,241,14388,0,1257,1314,947,152,745,0,0,0,0,0,3,17739,0,1480,598
taiga,55939,765,0,284,14930,0,941,1492,724,199,538,0,1,13,0,0,1,19047,0,1120,485
old_growth_spruce_taiga,59192,1695,0,365,13947,2,936,1039,1288,100,339,0,0,124,0,0,4,15817,0,977,381
old_growth_spruce_taiga,57275,1045,0,269,14439,0,1813,803,854,4,699,0,1,0,0,0,5,17472,0,1034,0
old_growth_spruce_taiga,57952,1044,0,441,13999,2,812,1053,1302,0,657,0,0,10,0,0,9,17539,0,1007,0
old_growth_spruce_taiga,58976,1276,0,495,13453,0,1235,1069,893,0,806,0,0,49,0,0,13,16611,0,1414,0
old_growth_spruce_taiga,58727,932,0,489,14230,0,956,1381,1309,0,367,0,5,59,0,0,13,16098,0,1746,0
old_growth_spruce_taiga,57280,1329,0,139,14033,0,1088,1659,1178,83,952,0,0,0,0,0,6,16732,0,1532,1
taiga,58171,852,0,292,13523,0,1485,1547,1093,263,378,0,0,0,0,0,0,18063,0,801,0
taiga,58904,1460,0,159,11198,0,1088,1555,1060,247,641,0,0,0,0,0,0,18535,0,797,0
taiga,56577,1367,0,157,12969,3,1287,1527,1240,250,629,0,25,0,0,0,4,18530,0,1314,1
taiga,60482,1240,0,0,11226,0,789,1390,1227,238,381,0,7,0,0,0,1,18972,0,600,0
taiga,64532,1493,0,0,10090,0,1583,1033,903,186,633,0,0,0,0,0,0,14785,0,1118,34
taiga,64395,1448,0,0,8652,0,1088,985,771,236,562,0,84,0,0,0,1,14918,0,547,570
taiga,64713,647,0,0,8667,3,1027,655,815,247,493,0,0,0,0,0,0,16431,0,634,273
taiga,68624,676,0,0,9504,0,881,981,1139,206,765,0,0,0,0,0,1,12581,0,1110,359
taiga,64660,984,0,0,10307,0,1501,1129,873,251,481,0,282,0,0,0,0,15047,0,1150,12
taiga,62299,988,0,0,11998,0,995,1374,1024,253,452,0,402,0,0,0,1,15587,0,1016,0
taiga,59478,1018,61,0,14468,0,802,1492,780,266,735,0,27,0,0,0,2,15913,0,1305,0
taiga,61118,1176,85,0,14648,1,1004,1078,1172,248,568,0,0,0,0,0,0,13388,0,1330,2
taiga,60079,1096,0,0,14400,0,1602,1269,1242,251,696,0,1,0,0,0,2,13468,0,1758,0
taiga,58805,1006,0,0,14959,0,865,1369,1237,253,508,0,0,0,0,0,1,16193,0,1242,1
taiga,60455,1295,0,0,15003,0,912,1543,1800,252,558,0,0,0,0,0,0,13435,0,1104,45
taiga,61351,655,0,0,14777,0,753,1268,771,251,786,0,0,0,0,0,0,13675,0,1044,22
taiga,63409,960,0,0,14660,0,769,815,1029,263,618,0,0,0,0,0,0,13153,0,564,9
taiga,64646,1363,0,29,14041,0,1245,816,1309,195,558,0,0,0,67,0,1,10985,0,1204,565
river,66155,1467,0,3,14435,0,661,856,766,16,228,0,0,0,218,0,0,8821,0,772,2236
river,66110,1664,0,0,14488,0,695,973,1225,40,351,0,122,0,67,12,0,9229,8,756,1268
taiga,64081,1338,27,0,13852,5,1317,1003,505,212,383,0,78,0,0,0,0,12435,0,1317,259
taiga,63347,931,0,0,13622,0,968,1311,795,250,532,0,26,0,0,0,2,13706,0,801,394
taiga,62410,1214,140,0,14302,0,1171,830,676,239,322,0,0,0,0,0,0,13819,0,1066,67
taiga,62423,839,0,0,12848,8,1122,829,1545,248,703,0,0,0,0,0,0,13618,0,2232,0
forest,63457,1442,0,0,15001,0,1042,661,884,250,496,0,0,0,0,0,7,12418,0,839,0
forest,64231,1440,0,0,14414,0,1383,467,714,247,543,0,0,0,0,0,10,11133,0,1660,3
forest,66782,793,0,0,13409,0,1354,791,1996,160,583,0,0,0,9,0,2,9984,0,826,122
river,66555,814,0,14,13916,0,685,498,1529,0,533,0,0,0,239,12,0,9370,10,1154,1877
river,65808,1438,0,0,14796,0,701,742,1467,225,438,0,1,0,12,0,19,9502,0,1084,754
forest,65429,1168,0,0,14615,0,924,626,957,245,352,0,0,0,0,0,8,10883,0,1155,294
forest,66498,683,0,0,14607,0,994,800,593,250,459,0,0,0,0,0,4,10850,0,767,33
forest,65684,849,0,0,13954,0,1029,715,562,251,462,0,0,0,0,0,7,11696,0,921,136
forest,65873,1425,0,0,14698,2,1140,570,805,251,367,0,0,0,0,0,8,10141,0,879,287
forest,65922,595,0,0,14756,0,1086,1020,1049,250,609,0,0,0,0,0,8,9961,0,1031,319
forest,66447,875,0,0,13260,0,982,1095,1518,249,575,0,1,0,0,0,4,9958,0,1055,647
forest,62334,1728,0,0,14572,0,2028,1116,1171,252,543,0,0,0,0,0,25,10953,0,1128,880
plains,63675,762,0,0,14727,0,984,1034,1065,256,545,0,0,0,0,0,42,12369,0,1228,395
plains,65113,1311,0,0,13927,1,1199,751,768,252,632,0,0,0,11,0,25,11651,0,1105,300
plains,65836,1266,0,0,14415,0,892,1007,895,269,421,0,0,0,46,0,25,10088,0,869,555
plains,65198,1026,0,0,14272,0,663,834,1361,291,328,0,0,0,0,0,42,10576,0,1304,1271
plains,64939,1444,0,0,14331,0,484,853,1240,255,823,0,0,0,0,0,50,11013,0,1096,581
plains,65312,806,0,0,14958,0,1943,732,473,252,647,0,0,0,0,0,55,11038,0,728,14
plains,63963,1577,0,0,15222,0,805,1154,772,248,403,0,0,0,0,0,50,11938,0,952,0
plains,64528,1595,0,0,14200,0,813,723,1294,256,396,0,0,0,0,0,58,12070,0,1109,36
plains,67924,1028,0,0,12341,3,995,1045,873,256,306,0,0,0,0,0,60,11590,0,616,53
plains,68473,1255,43,0,11885,0,1198,1046,626,256,330,0,0,0,0,0,49,11302,0,530,0
plains,69464,817,91,0,12985,0,519,668,625,255,482,0,0,0,0,0,67,10028,0,842,1
plains,65350,941,324,0,14874,0,1114,639,773,256,458,0,8,0,0,0,56,11314,0,966,0
plains,65087,620,588,0,14075,2,609,640,872,256,271,0,82,0,0,0,60,12375,0,944,0
plains,63771,1404,403,0,13471,0,931,826,1215,256,646,0,0,0,0,0,54,11956,0,2107,1
plains,64309,778,453,0,12761,0,760,787,1021,256,527,0,0,0,0,0,33,13957,0,1337,0
plains,63338,995,533,0,13400,0,1369,1100,835,320,281,0,0,0,0,0,50,13549,0,1063,0
plains,62242,1317,42,0,14749,0,950,920,1308,296,484,0,0,0,0,0,50,13481,0,1230,1
plains,63343,1007,0,0,15083,0,1137,990,801,267,823,0,0,0,0,0,52,12515,0,1094,0
plains,65754,558,0,0,14034,0,1274,1184,1272,243,614,0,0,0,0,0,38,11407,0,716,29
plains,69486,818,106,0,11163,0,1078,1236,833,183,494,0,0,0,42,0,29,9203,0,1246,818
plains,68039,520,0,0,12218,0,733,1517,916,309,520,0,0,0,0,0,29,9494,0,298,1719
plains,66878,1697,138,0,13425,0,618,870,758,274,437,0,0,0,0,0,29,10129,0,1322,509
plains,64969,1300,237,0,14365,0,1527,909,611,292,165,0,26,0,0,0,43,11481,0,1127,2
plains,65896,1550,104,0,13600,0,1345,782,875,292,605,0,116,0,0,0,76,10670,0,1324,0
plains,67776,626,27,0,12899,0,1784,896,600,256,514,0,170,0,0,0,63,9962,0,1684,1
plains,69549,946,0,11,11980,0,888,855,692,225,669,0,27,0,72,0,64,9977,0,1156,105
plains,69298,1355,0,8,10617,0,911,1044,944,190,393,0,698,0,8,0,49,9536,0,1101,964
plains,71301,1279,0,0,9464,0,1009,907,921,256,559,0,371,0,0,0,62,9623,0,624,540
river,69731,1244,0,0,11430,0,1073,499,1206,65,301,0,0,0,103,19,7,8914,32,1136,1347
river,66239,1101,0,0,14660,0,1200,175,1231,0,741,0,0,0,0,19,0,7950,22,1183,2661
river,68908,1558,0,0,12381,0,1102,438,827,0,533,0,1,0,10,32,0,6759,50,1440,3227
plains,74785,749,0,0,10151,0,190,458,1216,214,344,0,0,0,1,0,31,7646,0,656,795
plains,71540,854,0,0,11840,0,390,640,692,256,475,0,0,0,0,0,60,9245,0,1181,37
plains,65746,1647,0,0,14474,0,882,933,694,256,325,0,12,0,0,0,55,10633,0,1527,0
plains,65017,975,0,0,15207,0,1607,1328,926,255,467,0,6,0,0,0,68,10177,0,1087,0
plains,64518,958,0,0,14939,0,1142,1687,1415,256,705,0,0,0,0,0,56,10450,0,1009,19
plains,64449,1182,0,0,14496,8,1095,1141,931,256,684,0,5,0,0,0,53,11584,0,1160,175
plains,65877,671,0,0,13445,0,1058,1243,768,240,548,0,1,0,0,0,41,11640,0,1454,164
plains,66072,1572,0,2,13920,0,977,1090,1159,235,392,0,9,0,0,0,22,11297,0,358,41
windswept_gravelly_hills,64730,1952,0,0,12682,0,729,1158,991,193,708,0,0,0,0,0,20,12620,0,693,523
windswept_gravelly_hills,62645,963,0,0,14243,0,1211,482,969,31,1089,0,0,0,0,0,1,13236,0,1409,729
windswept_gravelly_hills,61817,907,0,0,14934,0,1503,524,942,1,1221,0,0,0,0,0,0,13938,0,754,458
windswept_gravelly_hills,62684,486,0,0,15179,0,1362,798,899,225,560,0,0,0,0,0,3,11649,0,1033,2118
windswept_gravelly_hills,63013,691,44,0,13820,0,1203,337,414,105,1208,0,28,0,0,0,2,10643,0,1483,3524
windswept_gravelly_hills,61227,1107,0,0,14483,0,1976,455,787,7,1130,0,0,0,0,0,0,12843,0,817,2158
plains,59973,1177,0,0,14503,0,601,524,916,184,796,0,65,0,0,0,12,15442,0,1234,1577
plains,64425,1193,0,0,14017,1,1289,922,705,263,400,0,514,0,0,0,40,10132,0,554,2788
swamp,67606,932,0,32,11804,0,1337,1105,823,39,136,0,1283,0,0,16,10,9492,20,549,1322
swamp,67010,1102,0,27,12701,0,981,1207,945,25,296,0,281,0,0,5,6,9567,24,631,845
swamp,67161,442,0,26,9403,0,772,670,965,49,550,0,1063,0,183,4,9,6995,10,909,7878
swamp,63993,1198,0,0,13398,5,1110,827,908,166,438,0,9,0,0,3,10,9688,2,656,4652
swamp,61044,1305,0,0,15145,2,989,1176,1084,290,865,0,118,0,0,0,17,13830,0,869,129
swamp,64911,1053,0,0,14396,0,1093,1225,586,124,306,0,179,0,59,14,5,10873,20,1307,839
beach,63942,1220,0,0,13993,0,1316,466,1230,20,458,0,6,0,883,0,0,10482,0,1603,1110
beach,66812,1935,0,0,12545,1,658,180,1527,0,469,0,0,0,1052,0,0,9292,0,618,1397
beach,67289,1529,0,0,13216,0,852,441,746,0,375,0,34,0,1071,0,0,8527,0,916,863
beach,66100,1200,0,0,14768,1,1058,481,1153,9,521,0,11,0,950,0,1,8102,0,1159,831
beach,66055,1661,0,0,14061,0,1098,360,1088,68,269,0,0,0,700,0,1,9225,0,1363,474
swamp,66343,795,50,17,14028,0,1011,1197,1243,77,530,0,1,0,157,10,6,9834,14,1114,321
swamp,65742,1322,16,33,15129,0,796,1352,944,1,253,0,1,0,0,15,0,9651,44,861,882
swamp,66189,1147,0,9,14578,0,812,1426,1218,0,588,0,0,0,4,18,0,9268,60,829,824
river,67894,1072,0,9,13612,0,1218,897,1383,0,291,0,29,0,161,5,0,8976,6,521,1104
river,72203,1804,0,8,8131,2,1109,816,1309,0,753,0,0,0,192,3,0,8460,8,266,2206
river,77430,1225,0,23,4768,0,834,437,1139,0,630,0,69,0,245,31,0,7596,56,98,2774
river,78168,870,0,0,4588,0,583,467,632,1,481,0,0,0,103,19,0,6902,34,116,4362
forest,77800,779,0,0,5474,0,293,738,903,0,435,0,491,0,156,17,0,7472,32,377,2278
forest,76509,793,0,2,8417,0,973,736,748,0,497,0,195,0,280,4,0,6736,6,254,1184
river,72010,717,0,1,9755,0,568,592,678,0,381,0,48,0,453,30,0,6980,40,611,4378
river,69006,945,63,0,11783,0,728,361,730,0,468,0,385,0,15,16,0,7470,24,399,4846
forest,68599,736,0,17,11898,4,831,1097,1217,18,507,0,6,0,170,0,0,9267,0,980,812
forest,68109,1655,138,0,11186,0,1168,858,1667,138,352,0,74,0,190,0,4,9214,0,1170,196
forest,66804,673,12,0,12434,0,932,894,1029,227,457,0,3,0,0,0,2,8587,0,1440,3235
forest,68124,1010,0,0,13362,0,952,978,561,252,425,0,50,0,0,0,7,9173,0,774,1114
forest,73209,425,0,0,12746,0,1003,644,1022,250,514,0,0,0,0,0,11,5963,0,853,80
forest,74725,228,0,0,13903,0,660,572,653,258,414,0,1,0,0,0,11,4661,0,830,0
forest,75495,300,16,0,13641,1,529,378,531,252,234,0,0,0,0,0,4,4238,0,1315,0
forest,73826,390,87,0,13710,0,425,467,496,232,412,0,6,0,0,0,7,4800,0,1692,331
forest,65910,1154,164,0,14190,8,830,1058,1224,243,640,0,27,0,0,0,5,10045,0,1122,62
forest,65536,966,784,0,13275,0,1106,941,862,246,320,0,0,0,0,0,5,10583,0,1583,256
forest,66876,1237,435,14,11710,0,827,854,1230,86,587,0,0,0,88,0,3,9969,0,989,643
forest,66115,1134,137,23,14772,0,1307,958,929,66,504,0,0,0,78,0,3,9437,0,705,427
river,66112,1153,129,7,14905,0,1376,589,427,19,455,0,0,0,137,22,1,9237,30,1023,1497
river,65843,918,30,0,14597,0,562,337,1489,0,740,0,0,0,120,8,0,8805,22,1407,2298
forest,65885,1046,0,0,14233,0,1294,544,769,23,412,0,0,0,157,0,2,10343,0,1165,1126
forest,67078,1647,0,0,14572,0,1271,364,859,138,535,0,0,0,253,0,4,9046,0,779,322
forest,66990,966,0,0,12954,0,518,675,1022,270,429,0,0,0,0,0,4,9375,0,1263,96
forest,63497,1250,0,0,14419,0,1036,969,883,273,475,0,0,0,0,0,10,12062,0,1524,0
forest,63434,1563,0,0,14787,0,1137,1032,1105,251,683,0,0,0,0,0,6,11617,0,1049,0
forest,64714,1266,0,0,14700,0,1672,1052,994,270,495,0,0,0,0,0,0,10074,0,1332,0
forest,65966,871,0,0,14524,0,1260,1074,1208,250,634,0,0,0,0,0,5,9378,0,944,0
forest,67803,1174,0,0,13777,0,988,1526,659,248,365,0,1,0,0,0,8,8025,0,1470,1
forest,67918,882,0,0,14224,0,848,1272,703,249,584,0,0,0,0,0,9,8918,0,860,5
birch_forest,68757,987,0,0,12973,0,1188,1306,793,255,144,0,0,0,0,0,21,9108,0,1191,0
birch_forest,67249,1146,0,0,14138,0,1213,1524,1296,300,291,0,0,0,0,0,8,8492,0,1176,1
birch_forest,65830,1213,0,0,14240,0,1008,998,718,250,888,0,0,0,0,0,9,10889,0,578,1
birch_forest,65367,956,0,0,14210,0,1251,1010,1037,251,693,0,1,0,0,0,14,10947,0,982,1
birch_forest,65592,1176,0,0,14321,0,1150,1126,562,250,475,0,0,0,0,0,13,10653,0,1404,153
birch_forest,65151,1396,0,0,14223,2,1057,1313,1221,240,432,0,0,0,0,0,13,9527,0,1830,216
birch_forest,64366,1169,0,0,14335,0,1397,1382,962,249,630,0,6,0,0,0,12,10399,0,1647,63
birch_forest,64923,1729,0,0,14265,0,1116,1193,1031,251,836,0,52,0,0,0,8,9431,0,1620,163
birch_forest,64061,765,0,132,14415,0,1405,1002,1026,249,849,0,0,0,0,0,10,11037,0,1456,69
birch_forest,63920,957,0,238,13845,0,920,907,1094,250,786,0,0,0,0,0,7,12066,0,1589,6
birch_forest,64082,796,0,430,14365,0,1111,832,1171,248,458,0,0,51,0,0,9,11920,0,1133,0
birch_forest,63452,889,0,811,13478,0,1225,1098,853,272,491,0,0,0,0,0,10,11935,0,2278,0
birch_forest,64120,1671,0,536,14790,0,1199,953,1097,293,418,0,0,0,0,0,7,10997,0,651,0
birch_forest,64570,911,0,222,14632,0,868,989,1313,258,746,0,42,9,0,0,15,11266,0,930,0
birch_forest,64554,1246,4,262,14406,0,996,1100,1144,251,748,0,0,9,0,0,7,10924,0,824,0
dark_forest,66202,1256,0,263,14546,3,955,1068,624,239,278,0,0,0,0,0,3,9587,0,1148,0
dark_forest,65896,730,0,338,14071,0,1165,1054,1014,244,478,0,0,23,0,0,11,10359,0,1058,0
dark_forest,65991,1474,0,365,13782,0,1157,1071,1068,241,547,0,28,131,0,0,23,9293,0,1197,5
dark_forest,67532,1173,0,667,13354,0,911,843,1430,236,374,0,27,208,0,0,17,8308,0,1047,37
dark_forest,68132,493,0,649,12724,0,971,661,1149,241,280,0,1,423,0,0,75,9671,0,695,22
dark_forest,69061,829,0,1140,10395,0,874,759,808,233,309,0,24,345,0,0,42,9025,0,1489,328
dark_forest,68413,701,0,959,8730,0,722,1074,607,233,653,0,3,248,0,0,19,9814,0,606,715
dark_forest,67069,437,0,363,10772,0,1218,1278,747,183,337,0,0,76,176,8,18,10748,16,428,278
river,66125,1017,0,407,11104,0,899,1379,1348,204,292,0,0,0,0,4,3,11098,6,307,109
dark_forest,65377,1023,0,535,10867,0,839,1465,1184,238,598,0,0,0,0,0,5,10868,0,1118,8
dark_forest,65708,1363,0,623,12082,0,905,887,787,229,452,0,0,0,0,0,10,10117,0,873,2
dark_forest,65028,1972,0,657,14761,0,1157,919,1212,242,364,0,0,0,0,0,9,9036,0,767,0
dark_forest,64955,951,0,512,15016,0,1092,478,822,240,660,0,0,0,0,0,5,10352,0,1152,208
dark_forest,65090,1221,0,791,14720,0,729,889,713,178,202,0,0,0,21,0,8,8710,0,1196,1938
river,65792,1150,0,754,13974,0,1409,346,1497,0,841,0,0,0,219,14,0,8738,18,1120,1359
river,65792,1172,0,645,13866,2,889,630,1022,0,712,0,0,0,157,28,0,8811,28,1478,1980
dark_forest,65695,931,0,411,14056,0,935,1136,1181,17,225,0,0,12,140,0,0,10017,0,1647,559
dark_forest,65426,1434,0,307,14064,0,930,774,964,190,327,0,2,78,41,0,7,10110,0,645,61
birch_forest,65148,1278,0,214,14263,0,1178,559,1079,246,249,0,0,0,0,0,2,10852,0,1560,0
birch_forest,65014,1031,0,268,15199,0,863,339,1481,249,611,0,0,0,0,0,9,11047,0,662,0
birch_forest,64754,1127,0,117,14329,0,918,671,833,250,455,0,0,0,0,0,17,11455,0,1749,1
birch_forest,64573,1026,27,109,15182,0,967,863,804,250,661,0,0,0,0,0,3,11378,0,874,0
birch_forest,64681,916,207,124,14607,0,1119,1000,1204,249,464,0,0,0,0,0,15,10661,0,1450,0
birch_forest,64343,1202,381,33,14309,0,1813,683,807,247,641,0,0,0,0,0,14,10843,0,1345,0
birch_forest,64143,1563,147,0,14754,0,1297,646,1239,229,419,0,0,0,0,0,9,11036,0,1280,0
birch_forest,63328,938,86,0,14082,0,751,1025,1027,250,583,0,64,0,0,0,4,12972,0,1576,0
birch_forest,65157,1047,112,0,13556,0,1013,1281,669,250,669,0,28,0,0,0,15,11946,0,905,0
birch_forest,66046,823,0,0,11722,0,1189,835,1367,248,390,0,0,0,0,0,7,12925,0,1116,0
birch_forest,65173,1449,0,0,13085,4,1380,1473,567,248,336,0,0,0,0,0,19,11718,0,1204,0
birch_forest,64415,920,104,0,14908,0,896,1208,837,248,463,0,52,0,0,0,11,11809,0,809,0
birch_forest,66485,1438,129,0,14322,0,1111,688,1093,202,477,0,0,0,36,0,7,9584,0,943,284
birch_forest,66803,834,0,0,15031,0,1147,338,982,14,470,0,0,0,104,0,0,6434,0,813,4151
beach,65990,795,0,0,15084,0,510,134,846,0,570,0,0,0,224,0,0,7810,0,915,3981
beach,65838,675,0,0,14095,0,1083,154,993,0,385,8,81,0,422,18,0,7181,18,1653,4256
beach,65769,546,0,0,15107,0,572,232,879,0,362,0,2,0,880,0,0,6990,0,1090,3985
beach,65712,496,0,0,14291,0,611,160,870,0,279,0,0,0,1024,0,0,7601,0,1039,4207
beach,65316,1344,0,0,13383,0,874,303,1386,37,446,0,0,0,851,0,3,9656,0,1380,1623
beach,65545,1433,0,0,13274,0,904,736,1500,139,468,0,1284,0,474,0,4,9143,0,649,1315
birch_forest,66223,699,0,0,13496,0,616,577,1253,250,505,0,769,0,0,0,7,10982,0,1178,187
birch_forest,72057,1321,0,0,10151,0,976,706,681,249,134,0,91,0,0,0,3,9274,0,1097,51
birch_forest,71353,1125,0,0,9167,0,931,949,903,249,274,0,0,0,0,0,11,11249,0,631,0
birch_forest,70194,1338,0,0,11306,0,1409,701,1060,227,656,0,0,0,0,0,8,9404,0,547,0
birch_forest,66193,729,0,0,13260,0,1186,887,908,224,664,0,0,0,0,0,6,10672,0,882,0
birch_forest,65630,1555,0,0,12935,0,1023,1317,702,248,473,0,193,0,0,0,9,10887,0,1137,0
birch_forest,65163,1653,0,0,13878,0,1213,1056,1292,251,395,0,0,0,0,0,7,10285,0,1557,0
birch_forest,63958,1000,42,0,15093,0,1154,1056,1310,249,724,0,0,0,0,0,20,10969,0,901,61
birch_forest,64496,1229,0,0,13810,0,1398,1035,867,239,371,0,0,0,22,0,12,10023,0,1649,1668
birch_forest,61677,1258,0,0,13842,0,1128,1195,1472,252,1118,0,0,0,0,0,12,13554,0,1285,58
birch_forest,62251,845,0,0,15014,0,876,1223,1342,250,678,0,0,0,0,0,4,13177,0,1133,0
birch_forest,66395,986,0,0,11545,0,1147,1444,936,252,473,0,0,0,0,0,20,11958,0,1715,32
birch_forest,70278,1016,0,0,8998,2,1269,1235,782,250,292,0,0,0,0,0,16,11792,0,905,0
birch_forest,67917,837,0,0,12251,0,834,1338,986,250,217,0,0,0,0,0,8,11060,0,455,638
birch_forest,69088,1436,0,0,9978,0,1608,1151,633,250,304,0,0,0,0,0,12,11540,0,794,0
birch_forest,69188,1185,0,112,10615,0,1026,990,863,251,279,0,0,0,0,0,10,11574,0,718,0
birch_forest,65859,1505,0,35,13456,0,568,1209,984,246,679,0,0,0,0,0,16,11302,0,806,0
birch_forest,70014,354,0,291,13810,0,1083,969,762,250,376,0,0,69,0,0,12,7526,0,1246,0
birch_forest,68645,1196,0,46,13249,0,822,1008,1021,131,446,0,0,225,143,0,17,7613,0,1219,1360
river,66675,623,0,358,13997,0,1049,749,1361,2,534,0,0,73,181,23,36,7855,28,908,2745
old_growth_birch_forest,65957,1291,0,639,13580,0,1075,967,1042,41,207,0,0,142,431,2,20,9475,6,1424,644
dark_forest,64735,1326,0,307,13948,0,929,838,971,241,425,0,16,56,0,0,30,10909,0,1491,34
dark_forest,65386,688,0,73,14349,0,1283,700,1093,243,607,0,36,17,0,0,8,10642,0,1213,94
dark_forest,65439,1015,0,499,14870,1,731,490,901,246,257,0,0,231,0,0,57,10609,0,1000,0
old_growth_pine_taiga,64489,1470,0,851,12743,0,1158,1132,786,43,731,0,5,16,0,0,16,10323,0,2630,10
old_growth_pine_taiga,63251,1574,0,307,13990,0,1449,1615,1112,0,539,0,207,22,0,0,15,10973,0,1255,20
old_growth_pine_taiga,62686,1439,0,572,13300,0,1009,1404,1037,0,702,0,424,0,0,0,8,12258,0,1206,275
old_growth_pine_taiga,62506,1307,0,327,14542,0,1538,866,1734,58,503,0,122,0,0,0,6,12185,0,861,0
old_growth_pine_taiga,62624,941,109,597,13025,0,1341,603,1085,32,689,0,255,0,0,0,6,12874,0,1545,0
old_growth_pine_taiga,63155,961,0,581,13950,0,888,747,811,112,712,0,508,25,0,0,6,12786,0,1098,0
old_growth_pine_taiga,63607,1403,0,363,13114,0,879,1019,844,140,619,0,62,207,0,0,34,12322,0,1631,0
old_growth_pine_taiga,66403,470,0,854,12084,0,985,989,837,0,493,0,0,311,0,0,18,10693,0,1654,45
old_growth_pine_taiga,70511,607,0,158,9583,0,1226,955,776,45,190,0,0,330,0,0,8,10839,0,971,66
taiga,72601,474,0,209,8135,0,940,1087,709,249,216,0,0,418,0,0,1,10669,0,889,12
taiga,69079,1363,0,260,10612,0,1080,985,947,250,742,0,0,211,0,0,19,10269,0,703,140
taiga,66609,1231,0,225,13288,0,984,912,1276,178,566,0,0,221,120,0,42,9881,0,1034,373
taiga,68149,900,0,104,12353,0,1146,829,1060,137,356,0,54,137,324,0,0,10205,0,840,488
taiga,66297,991,149,0,13567,0,1404,892,990,249,418,0,24,0,0,0,3,10154,0,1492,0
taiga,65463,1042,0,0,14866,0,813,1099,667,250,466,0,0,0,0,0,3,11235,0,837,4
taiga,66827,650,0,0,13292,0,1111,1058,1012,249,600,0,0,0,0,0,1,10692,0,1289,0
taiga,63214,1464,0,0,14689,0,948,686,1682,251,596,0,0,0,0,0,0,12093,0,1213,0
taiga,64224,640,58,0,13786,0,861,1010,645,250,439,0,0,0,0,0,1,13479,0,1360,0
forest,73726,609,0,0,7227,0,1072,660,687,251,348,0,1,0,0,0,6,10457,0,1094,373
forest,73906,878,16,0,7653,2,460,944,1078,246,381,0,2,0,0,0,7,10246,0,127,975
forest,68102,1205,9,0,9936,1,1277,1134,1014,252,583,0,3,0,0,0,9,11470,0,1021,709
forest,62845,1387,0,0,13517,6,1028,832,2091,255,570,0,1,0,0,0,9,13415,0,1009,0
forest,64376,973,0,0,13611,0,976,580,1223,251,392,0,0,0,0,0,11,13343,0,787,106
forest,64208,952,0,0,12983,0,1188,931,1008,250,628,0,1,0,0,0,4,11600,0,1535,1174
forest,63373,1195,0,0,14098,2,1299,903,1007,250,593,0,0,0,0,0,9,10370,0,1276,2277
forest,64036,1029,0,0,14181,0,709,782,1736,268,692,0,0,0,0,0,6,10884,0,1374,925
forest,66350,944,0,0,14729,0,650,904,1104,260,341,0,0,0,1,0,8,10390,0,707,373
cold_ocean,67257,960,0,0,13626,4,728,537,701,37,263,265,0,0,95,13,0,8202,8,1169,3278
cold_ocean,66569,1002,0,0,13436,0,1143,188,480,0,570,338,0,0,0,12,0,8618,24,1437,3337
cold_ocean,66490,1370,0,2,13965,0,1292,442,1072,0,573,53,302,0,56,22,0,7797,26,672,2869
cold_ocean,68013,850,0,27,13165,0,314,788,359,0,669,156,276,0,181,23,0,7941,24,1608,2711
cold_ocean,69549,952,0,0,12906,0,295,884,330,0,487,174,72,0,138,17,0,6247,8,1327,3837
cold_ocean,66239,638,0,0,14672,0,935,161,979,0,346,44,11,0,0,24,0,7211,14,1157,4823
cold_ocean,65850,679,0,0,14756,0,724,99,1299,0,534,223,0,0,0,24,0,7562,20,1429,4045
cold_ocean,67275,549,0,0,13629,1,523,407,1067,21,829,224,40,0,0,24,0,7921,24,961,3523
cold_ocean,66939,932,0,0,13928,0,493,72,1024,0,678,0,31,0,0,21,0,7833,14,1311,3939
cold_ocean,67250,801,0,0,13714,0,479,211,631,0,673,0,185,0,0,20,0,8172,20,1054,4049
cold_ocean,66977,644,0,0,13322,0,705,191,634,0,492,0,50,0,0,22,0,8685,30,1474,4057
cold_ocean,67905,1357,0,0,12182,0,412,202,1165,2,609,108,0,0,0,24,0,7911,24,1505,3764
forest,70325,693,0,0,12316,0,866,557,1041,114,550,0,26,0,0,0,9,7698,0,828,1964
forest,66438,625,0,0,13812,0,1339,788,937,250,862,0,151,0,0,0,6,9771,0,1426,58
forest,65086,1395,0,0,14061,6,1461,1191,1227,333,550,0,19,0,0,0,6,10197,0,1220,0
forest,65661,1567,0,0,14270,0,1249,1137,577,269,660,0,6,0,0,0,5,10244,0,932,0
forest,63144,1269,0,0,15176,4,1164,1209,777,322,450,0,0,0,0,0,6,12244,0,878,0
forest,63522,961,0,0,14135,1,1045,1155,937,251,714,0,0,0,0,0,7,12536,0,1488,0
forest,64479,1542,0,0,14077,0,739,1039,1440,250,546,0,28,0,0,0,4,11149,0,1417,0
forest,65821,1368,0,0,14156,0,1069,1314,905,250,302,0,2,0,0,0,3,10558,0,888,0
forest,65887,953,0,0,14448,0,1074,1002,1057,253,325,0,0,0,0,0,17,10685,0,1173,0
forest,66697,1032,0,0,13779,1,958,1182,1064,250,249,0,0,0,0,0,8,10619,0,839,0
beach,68651,948,0,0,13957,0,625,291,1630,57,417,0,0,0,752,0,1,8183,0,1329,54
beach,69065,1048,0,0,13983,0,501,137,918,1,238,0,30,0,829,0,0,8245,0,1188,559
river,67591,1097,55,3,14575,0,1143,715,622,29,479,0,1,0,202,21,0,8516,28,1537,431
forest,65140,1132,151,5,14578,0,785,669,1039,219,198,0,70,0,28,0,9,10833,0,1423,142
forest,64974,1276,152,0,13770,0,663,689,1262,229,491,0,75,0,0,0,4,10859,0,1814,40
forest,66786,907,69,0,13675,0,746,681,930,233,910,0,176,0,0,0,5,10105,0,1289,0
forest,67056,1628,283,0,13768,0,514,795,640,219,709,0,0,0,0,0,9,9781,0,1311,7
forest,64775,1096,201,0,14839,5,1314,1089,1077,248,364,0,0,0,0,0,11,10191,0,1084,2
forest,64065,1677,0,0,15630,0,1044,1297,1094,253,398,0,0,0,0,0,6,10750,0,544,0
forest,64896,737,111,18,14956,0,953,1331,1243,231,571,0,0,0,67,0,1,10663,0,1033,25
river,65510,1334,0,11,15099,0,1387,1090,615,122,400,0,0,0,148,3,3,9867,2,1268,220
river,65193,1266,0,14,14879,0,1055,1108,949,162,437,0,1,0,17,0,3,10338,2,1274,166
beach,68738,1201,0,0,11161,0,873,666,773,85,491,0,37,0,472,0,1,10739,0,1174,504
beach,66178,1395,0,5,15132,0,896,599,521,52,283,0,10,0,380,0,6,10467,0,955,159
beach,66668,1574,0,0,14846,0,657,538,1162,112,470,0,0,0,427,0,6,9025,0,780,539
beach,67096,836,0,0,14418,0,1156,385,787,111,681,0,28,0,402,0,5,9698,0,502,829
forest,66894,829,141,0,14267,0,1076,527,822,174,246,0,66,0,239,0,6,9177,0,1216,982
forest,66112,1244,0,0,14257,8,1213,994,1142,304,500,0,157,0,0,0,7,9544,0,735,439
forest,67136,1044,0,0,11316,2,1528,1467,719,387,502,0,290,0,0,0,1,11232,0,1024,0
forest,66796,829,0,0,12603,2,1670,863,1415,257,629,0,15,0,0,0,0,11389,0,108,0
forest,67282,1147,0,0,11348,0,884,1007,1535,298,576,0,5,0,0,0,8,11599,0,831,0
forest,67007,1269,0,0,11298,3,1238,1072,1175,254,534,0,170,0,0,0,7,11178,0,1404,46
forest,66819,648,0,0,13271,0,1053,1293,1030,236,222,0,56,0,0,0,9,10994,0,708,75
forest,66655,1427,0,0,12673,0,695,1122,797,242,352,0,204,0,0,0,5,11716,0,503,2
forest,71080,1467,0,0,10786,0,1674,1041,811,253,214,0,2,0,0,0,6,8294,0,883,157
forest,76187,1184,0,0,6900,0,783,1016,905,279,359,0,32,0,0,0,9,7621,0,1358,121
forest,69759,856,0,0,9733,0,840,625,1094,251,238,0,0,0,0,0,7,10425,0,560,2321
forest,69336,839,0,0,7117,0,1109,822,716,249,238,0,78,0,0,0,5,10425,0,757,4982
forest,70134,1409,0,0,6354,0,1207,946,824,275,376,0,138,0,0,0,5,10494,0,713,3573
forest,68602,1160,0,0,9839,0,1013,1451,1043,314,457,0,1,0,0,0,13,11075,0,891,1054
forest,67583,1219,0,0,11562,0,1223,1541,1176,257,645,0,1,0,0,0,14,10911,0,322,155
forest,69175,1401,0,0,10224,0,1431,1522,925,301,425,0,0,0,0,0,6,10422,0,443,171
forest,67147,1483,0,0,10348,0,1106,1402,955,248,285,0,0,0,0,0,3,10207,0,1406,1778
forest,64282,864,63,0,13596,0,610,1243,1510,274,197,0,0,0,0,0,1,10711,0,1419,1572
forest,62678,1353,483,0,14662,0,486,416,1130,261,507,0,0,0,0,0,6,12752,0,785,823
forest,63086,1345,759,0,13703,0,1079,788,360,270,565,0,0,0,0,0,10,12347,0,1576,443
forest,62896,1268,615,0,14117,0,882,864,609,251,730,0,0,0,0,0,3,12648,0,1181,522
forest,69381,328,562,0,14031,0,649,850,681,308,125,0,1,0,0,0,4,8342,0,1359,42
forest,64915,1578,89,0,14591,0,1068,879,942,251,466,0,35,0,0,0,7,10824,0,1041,0
forest,64572,1239,60,0,14961,0,1549,1021,983,249,324,0,0,0,0,0,6,10849,0,748,0
old_growth_birch_forest,66105,1534,0,0,15039,0,715,990,1291,247,394,0,0,0,0,0,9,9069,0,922,466
old_growth_birch_forest,64575,1471,0,0,14341,0,885,1012,1474,252,421,0,0,0,0,0,9,10644,0,1516,188
old_growth_birch_forest,63059,1522,0,0,14318,0,874,1016,974,249,605,0,0,0,0,0,12,12440,0,1009,592
old_growth_birch_forest,64894,1478,0,0,12818,7,792,958,909,252,356,0,0,0,0,0,16,11214,0,491,2668
old_growth_birch_forest,65191,1667,4,0,13334,0,1040,596,1258,249,314,0,0,0,0,0,8,9999,0,1191,1781
old_growth_birch_forest,65936,1395,15,18,14377,0,637,626,776,235,525,0,0,0,0,0,10,11033,0,1045,156
old_growth_birch_forest,65978,1228,0,156,13354,0,1296,687,881,250,682,0,0,0,0,0,10,10997,0,1183,0
old_growth_birch_forest,67534,1091,0,105,13418,2,1123,535,1312,249,872,0,0,0,0,0,1,9431,0,885,149
old_growth_birch_forest,71285,1019,0,4,9696,0,540,651,657,250,590,0,0,49,0,0,11,10589,0,1401,62
old_growth_birch_forest,68943,896,0,216,10808,0,529,684,906,226,444,0,0,76,34,0,14,11811,0,964,9
dark_forest,70575,1194,0,611,10413,0,1278,472,1118,97,128,0,0,51,186,0,15,9396,0,1079,235
dark_forest,68690,852,0,620,13745,0,174,953,879,7,369,0,0,27,207,7,9,8559,20,924,1039
dark_forest,66322,1035,0,480,14187,0,1122,970,1151,0,376,0,0,0,135,13,0,7510,10,1294,2579
river,65962,1301,0,470,13377,0,1404,848,1329,0,462,0,0,0,173,15,0,7389,20,2040,2431
river,65902,845,0,683,14564,0,1000,889,971,0,486,0,0,70,262,29,10,8556,34,1054,1773
dark_forest,66124,1306,0,744,14814,0,1058,499,611,0,618,0,0,67,387,2,0,8544,6,618,1745
dark_forest,66187,871,0,1067,14249,0,535,297,819,0,640,0,0,24,47,0,0,7000,0,1130,4355
dark_forest,66065,606,0,1307,14905,0,1074,786,331,60,468,0,19,9,10,0,3,8334,0,580,1333
dark_forest,65863,815,0,1400,14327,0,665,930,668,59,328,0,40,0,141,0,2,9987,0,670,300
dark_forest,66471,1290,0,1304,13045,0,1091,754,838,23,697,0,159,13,249,0,5,9478,0,684,909
dark_forest,65773,1204,53,1309,13116,0,1337,667,1166,171,405,0,2,62,155,0,36,9313,0,1370,144
dark_forest,65048,1115,143,1354,13847,0,1087,743,1345,236,718,0,11,25,0,0,19,9204,0,1226,8
dark_forest,65528,1249,112,1592,13972,0,1038,664,834,241,218,0,0,92,0,0,20,9857,0,1066,0
dark_forest,66466,1158,65,1844,12242,0,1331,774,1423,238,414,0,0,293,0,0,46,9157,0,700,0
dark_forest,64953,1673,9,1209,14045,4,1782,1028,901,240,410,0,0,134,0,0,30,8718,0,1103,8
dark_forest,66120,1222,0,1518,12535,0,839,1048,1321,250,417,0,64,446,0,0,57,8949,0,1221,396
dark_forest,65622,1055,0,1348,13137,0,672,687,1245,203,584,0,371,75,86,0,13,9731,0,1082,916
dark_forest,66025,1206,0,1664,12711,4,632,796,820,45,464,0,702,172,124,5,14,9276,8,901,1181
river,66376,1225,0,1075,13030,4,879,850,1314,0,460,0,377,50,113,22,2,7819,44,1181,2358
river,66311,1085,71,1376,13171,0,1054,759,673,0,458,0,53,57,100,25,8,7794,34,1399,2750
dark_forest,67967,567,11,949,11449,0,907,967,1322,0,757,0,212,320,272,7,50,9309,14,754,1268
dark_forest,67373,803,139,1304,11311,0,760,895,1150,60,534,0,204,478,257,0,78,9710,0,1290,437
dark_forest,66333,1147,0,1180,12629,0,942,717,1054,122,448,0,1,420,169,0,68,9387,0,1529,437
dark_forest,70245,948,0,1218,10313,0,923,565,1048,76,205,0,0,435,219,0,34,8715,0,1456,365
dark_forest,69417,1108,0,1133,10716,0,1663,795,655,86,308,0,1,141,123,0,8,9886,0,630,297
dark_forest,66139,1592,0,1011,13543,3,1069,400,1342,0,604,0,0,18,27,20,0,6966,14,1098,3390
river,67167,1178,0,851,12118,0,918,485,394,0,857,0,0,87,263,18,3,8453,24,1318,2324
dark_forest,66980,1339,0,599,12616,0,746,840,924,66,349,0,1,32,68,0,6,9041,0,943,836
dark_forest,65796,1520,0,771,12988,0,857,937,996,231,153,0,1,305,0,0,55,10024,0,1332,192
dark_forest,64322,1343,0,589,14348,0,1481,822,970,216,62,0,0,0,0,0,8,10560,0,1643,18
old_growth_spruce_taiga,64159,1217,0,716,14682,0,1225,1037,665,33,501,0,0,0,0,0,6,11403,0,842,76
old_growth_spruce_taiga,57542,1063,39,580,14992,1,1248,1171,1064,0,817,0,0,0,0,0,3,16892,0,1034,135
old_growth_spruce_taiga,53456,867,104,468,14683,1,858,1337,650,0,604,0,0,0,0,0,6,21323,0,1214,17
old_growth_spruce_taiga,52874,1246,0,501,14917,0,1061,1318,907,0,612,0,0,39,0,0,19,21205,0,1307,57
old_growth_spruce_taiga,52305,1276,0,545,14635,0,587,1352,979,91,624,0,0,0,0,0,5,22094,0,1608,1
old_growth_spruce_taiga,51242,759,0,328,14490,0,1661,812,997,130,911,0,0,0,0,0,12,23007,0,923,0
old_growth_spruce_taiga,51315,1320,0,841,14803,0,2014,876,1601,91,649,0,0,0,0,0,7,21203,0,1103,0
old_growth_spruce_taiga,52588,1686,0,527,15460,0,1435,1333,1402,83,710,0,0,0,0,0,6,20164,0,576,0
old_growth_spruce_taiga,56951,921,0,571,15232,0,891,825,1566,16,399,0,0,0,0,0,2,18292,0,852,136
old_growth_spruce_taiga,57008,1171,0,474,14587,4,1291,1560,1211,0,465,0,0,0,0,0,2,17370,0,1332,25
old_growth_spruce_taiga,57556,1286,0,370,14813,0,832,1392,1091,0,321,0,0,2,0,0,3,16546,0,1490,418
old_growth_spruce_taiga,58344,645,0,767,13738,0,1066,1397,1131,2,606,0,0,17,0,0,8,16314,0,1582,628
old_growth_spruce_taiga,58374,760,0,513,14056,0,1318,1251,1007,0,661,0,0,0,0,0,4,16505,0,1185,599
old_growth_spruce_taiga,59301,1212,0,587,14512,0,1147,1154,1025,0,404,0,29,0,0,0,11,15824,0,1179,0
old_growth_spruce_taiga,64302,1399,0,850,12882,0,1276,1097,465,0,507,0,11,0,0,0,3,13610,0,318,0
old_growth_spruce_taiga,63670,1231,0,618,10362,4,1214,1035,1916,0,563,0,0,198,0,0,28,14401,0,1036,0
old_growth_spruce_taiga,62057,882,0,497,12325,0,1367,1304,1138,0,427,0,2,242,0,0,16,15168,0,810,8
old_growth_spruce_taiga,59682,1323,0,235,13913,0,884,1743,1141,0,526,0,43,186,0,0,79,14585,0,1233,2
old_growth_spruce_taiga,58646,1231,0,569,13523,0,1625,1489,916,2,868,0,0,0,0,0,12,15552,0,1473,0
old_growth_spruce_taiga,58304,957,0,149,13254,0,1552,1550,1074,31,483,0,0,0,0,0,7,17123,0,1280,0
old_growth_spruce_taiga,57558,1015,0,418,14206,0,1155,1490,1863,47,291,0,0,0,0,0,3,16219,0,1679,14
old_growth_spruce_taiga,58693,963,0,433,13066,0,737,1512,824,99,600,0,0,0,0,0,6,17789,0,1124,3
old_growth_spruce_taiga,60525,1005,0,418,12096,0,1500,1009,630,116,635,0,111,95,0,0,19,17110,0,554,27
old_growth_spruce_taiga,61045,1089,0,130,13268,0,1019,1016,976,57,547,0,21,35,0,0,2,14495,0,1007,887
old_growth_spruce_taiga,66239,820,0,2,10423,0,943,735,1497,124,292,0,43,2,0,0,1,11106,0,1106,820
taiga,70496,976,0,6,8484,0,814,541,1297,99,218,0,34,0,116,0,1,8871,0,1013,2086
river,71841,859,0,4,8881,0,1078,402,1338,0,587,0,0,0,72,18,0,8980,32,626,2180
river,71233,966,0,11,9778,0,1448,843,1290,29,438,0,0,0,184,0,0,8987,2,445,1126
river,69069,1248,0,37,11545,0,964,1242,1265,65,868,0,0,0,195,23,0,8484,30,594,1302
taiga,63895,1505,0,0,14422,0,808,1234,1142,175,246,0,0,0,3,16,0,11656,20,1284,394
taiga,63429,805,0,1,13853,0,762,1351,1178,234,222,0,1,0,2,0,0,13289,0,1425,45
taiga,65788,615,0,0,12578,0,903,953,1731,253,267,0,0,0,0,0,1,11296,0,923,257
taiga,59541,1265,0,0,14690,0,1414,1302,793,253,643,0,0,0,0,0,0,15892,0,714,65
taiga,60118,1053,0,0,15099,0,1038,1267,777,253,581,0,0,0,0,0,0,15043,0,1007,223
taiga,60553,1687,0,0,14503,3,1154,1204,1461,242,685,0,0,0,0,0,0,13970,0,1126,67
river,65508,1177,0,0,14177,0,1036,638,946,64,452,0,0,0,240,0,0,10263,0,1515,1160
river,65943,1175,0,22,14172,0,1224,734,245,36,874,0,1,0,79,5,2,9470,0,1196,1992
river,65275,621,0,0,14578,3,1109,938,1530,141,398,0,0,0,218,16,3,10323,20,925,710
taiga,62025,905,0,0,13563,0,1081,1126,1070,245,776,0,0,0,43,0,0,14258,0,1625,0
taiga,60160,1113,77,0,13407,0,1397,1196,613,281,755,0,19,0,0,0,0,15740,0,1542,251
taiga,61393,1347,0,0,12510,0,971,1129,1245,250,531,0,7,0,0,0,0,16054,0,1096,0
taiga,62452,971,0,0,13083,0,1258,969,958,249,598,0,32,0,0,0,0,14402,0,1703,0
taiga,61790,1073,0,0,13849,0,1241,939,898,250,427,0,0,0,0,0,0,13659,0,2138,0
taiga,63718,1158,0,0,14658,0,884,993,852,251,761,0,0,0,0,0,1,11896,0,1206,1
forest,63675,1119,0,0,14795,0,661,644,1256,250,237,0,0,0,0,0,4,12018,0,1464,6
forest,65168,1152,0,0,14166,0,1333,472,1054,170,720,0,0,0,96,0,4,10551,0,1568,76
river,66149,1193,0,7,14549,0,1027,294,1010,0,788,0,0,0,42,28,0,8723,18,1203,2190
forest,65917,1528,0,0,13934,2,1337,639,1399,137,561,0,0,0,77,22,4,9051,20,1540,561
forest,65612,1605,0,0,13933,0,864,1036,1152,249,645,0,0,0,0,0,5,9682,0,1613,127
forest,65834,775,0,0,14742,0,784,937,541,251,566,0,0,0,0,0,9,11060,0,1126,39
forest,65437,641,0,0,13857,0,652,610,785,251,409,0,0,0,0,0,4,11507,0,1444,406
forest,67401,964,0,0,14917,0,678,1028,411,252,191,0,0,0,0,0,5,8733,0,900,581
forest,68194,288,0,0,14738,0,1112,1098,816,258,300,0,0,0,0,0,8,7741,0,1007,1012
forest,67185,960,0,0,14230,0,833,1158,646,260,361,0,0,0,0,0,4,8260,0,1016,1823
forest,63923,771,0,0,14772,0,1055,1156,1158,250,378,0,0,0,0,0,1,11705,0,468,849
plains,65640,1093,0,0,13757,0,1382,1290,1593,256,295,0,0,0,0,0,18,10059,0,1011,706
plains,66095,736,0,0,14266,0,1542,987,1458,256,530,0,0,0,12,0,34,9573,0,1429,253
plains,65985,1052,0,0,14600,0,1000,959,547,215,212,0,0,0,50,0,31,9500,0,1279,1731
plains,65258,1416,0,0,15172,0,1136,756,1037,256,116,0,0,0,0,0,56,10250,0,877,767
plains,64878,1336,0,0,14942,0,1281,899,1725,256,291,0,0,0,0,0,56,10542,0,877,0
plains,66952,899,0,0,14133,0,1031,687,1001,256,675,0,0,0,0,0,52,9884,0,1437,0
plains,67792,1082,0,0,15370,0,524,830,471,283,698,0,0,0,0,0,44,9035,0,731,218
plains,67802,1105,0,0,15193,0,156,1043,512,284,483,0,1,0,0,0,55,9568,0,963,8
plains,67858,701,0,0,12974,0,1077,1228,976,256,597,0,0,0,0,0,65,10690,0,695,3
plains,71918,1232,0,0,8867,0,1054,1108,544,256,538,0,0,0,0,0,70,10618,0,574,0
plains,71753,1289,0,0,8954,0,1324,995,320,256,311,0,0,0,0,0,63,11025,0,459,2
plains,65402,1190,317,0,13847,0,902,823,1431,256,322,0,19,0,0,0,63,11930,0,485,0
plains,64953,970,489,0,14681,0,1000,995,1385,255,298,0,49,0,0,0,52,10802,0,887,0
plains,66036,1188,322,0,14296,0,1210,786,1383,256,569,0,0,0,0,0,40,9677,0,1342,0
plains,65461,1256,580,0,13804,0,1277,1093,1005,256,583,0,0,0,0,0,44,10471,0,1071,0
plains,65338,1167,64,0,14327,0,1167,1032,1052,273,549,0,0,0,0,0,51,11373,0,721,0
plains,65344,1668,0,0,13252,0,900,675,1424,256,468,0,0,0,0,0,44,12030,0,911,0
plains,66173,1326,0,0,13014,0,1459,1077,1468,256,565,0,0,0,0,0,70,10875,0,859,0
plains,65802,1270,0,0,13777,0,1665,1155,986,283,482,0,0,0,0,0,67,10745,0,882,0
plains,67217,1289,0,0,14103,0,1154,1112,1062,272,197,0,0,0,0,0,46,9924,0,624,105
plains,68030,1278,134,0,11834,5,627,1034,970,255,424,0,0,0,0,0,46,8737,0,1091,2583
plains,65690,1828,88,0,13548,0,977,858,1118,256,507,0,0,0,0,0,35,9664,0,1284,1317
plains,64574,924,208,0,13439,0,782,1002,541,256,708,0,0,0,0,0,28,13094,0,1529,0
plains,66749,1121,305,0,13025,0,1007,799,1326,259,339,0,470,0,0,0,54,10924,0,661,0
plains,67541,1043,92,0,13076,0,712,757,704,256,276,0,360,0,0,0,56,11263,0,984,27
plains,69788,697,0,2,10813,0,1058,1244,1218,210,297,0,24,0,0,0,43,9749,0,1381,592
plains,68592,1175,0,0,11399,3,1130,1110,1591,205,479,0,417,0,66,0,50,9533,0,663,717
plains,69139,1616,0,0,10884,0,1245,1242,677,210,278,0,261,0,161,0,49,9969,0,906,511
river,68675,1110,0,2,12208,0,1507,476,600,18,373,0,32,0,353,18,2,8964,32,1026,1824
river,67823,592,0,0,12634,0,1373,434,844,0,766,0,0,0,0,31,0,8892,44,1033,2796
river,70136,1832,0,8,10666,0,871,613,882,0,805,0,0,0,84,11,0,7700,12,1044,2606
plains,72962,1556,0,0,10993,0,1245,638,667,190,325,0,0,0,74,0,39,7873,0,532,48
plains,70433,640,0,0,13875,1,1068,850,1024,256,443,0,13,0,0,0,46,7522,0,1062,0
plains,70581,1463,0,0,12543,0,641,939,1090,256,524,0,209,0,0,0,44,8154,0,816,0
plains,66983,1267,0,0,12751,4,1583,1152,861,256,422,0,263,0,0,0,47,10423,0,1136,0
plains,65035,1694,0,0,14503,0,948,1288,1139,256,394,0,14,0,0,0,50,10791,0,976,1
plains,65098,1592,27,0,14324,0,1265,1083,1350,256,675,0,1,0,0,0,57,10533,0,771,25
plains,65001,1228,0,0,14630,0,1010,1118,1204,256,587,0,5,0,0,0,53,10418,0,1248,451
plains,65841,1046,0,15,13626,0,1225,505,827,118,686,0,5,0,39,0,8,11742,0,1309,49
windswept_gravelly_hills,64773,864,0,0,13658,0,1324,399,418,71,815,0,1,0,0,0,3,13871,0,798,71
windswept_gravelly_hills,63095,1153,0,0,13950,0,954,662,1119,134,581,0,0,0,0,0,7,12557,0,1452,1337
windswept_gravelly_hills,61331,984,0,0,14160,0,1037,633,902,156,995,0,0,0,0,0,4,13367,0,1276,2092
windswept_gravelly_hills,58824,1338,0,0,14539,0,1204,931,1175,217,366,0,0,0,0,0,3,15503,0,1312,1520
windswept_gravelly_hills,59710,1406,106,0,15180,0,848,910,1108,180,511,0,65,0,0,0,2,15621,0,1149,181
windswept_gravelly_hills,62607,918,0,0,13192,0,1131,952,1356,171,713,0,0,0,0,0,3,12309,0,2253,1401
windswept_gravelly_hills,61135,1350,0,0,14326,0,1020,954,1714,216,679,0,19,0,0,0,8,12856,0,918,1804
plains,65534,1579,0,0,13264,0,1163,818,677,249,389,0,534,0,0,0,20,11140,0,571,1146
swamp,68092,1346,0,9,10965,0,1187,908,1008,61,410,0,852,0,0,10,6,9315,14,1232,1421
swamp,69314,935,0,13,11607,0,369,1303,621,0,406,0,137,0,0,27,0,7902,78,640,3775
swamp,71269,715,0,18,9638,0,846,1130,889,0,168,0,203,0,0,10,0,8570,22,32,3248
swamp,66229,1128,0,10,13817,0,959,1284,676,0,420,0,42,0,0,18,0,9259,56,1065,1679
swamp,66140,702,0,13,11934,0,678,932,1220,0,507,0,114,0,0,20,0,6996,54,1089,6831
swamp,65532,950,75,13,13461,0,850,1111,1025,42,752,0,50,0,0,21,6,10467,48,1533,1298
swamp,60869,1467,67,0,14712,1,880,1322,920,276,333,0,78,0,0,0,24,14784,0,976,74
swamp,60660,1471,0,0,14385,2,601,837,935,256,874,0,0,0,0,0,25,14745,0,701,242
swamp,61256,1109,0,0,14885,0,1913,568,454,156,132,0,85,0,308,0,21,14271,0,1324,281
beach,65717,1186,0,0,13409,0,1208,201,826,15,777,0,0,0,724,0,0,12151,2,512,77
river,68484,1058,0,22,12678,0,1156,707,1043,0,563,0,2,0,417,0,0,9101,0,989,743
river,68956,760,0,0,12794,0,1329,932,1105,23,378,0,47,0,549,0,0,8746,0,996,375
beach,67084,1461,40,0,13408,0,865,705,1214,91,424,0,0,0,506,0,2,9851,0,1085,0
swamp,66323,1151,0,0,14411,1,727,1036,1295,169,398,0,30,0,59,15,10,10411,0,820,51
swamp,67073,946,0,13,12499,0,922,1295,697,56,472,0,128,0,0,20,6,11090,0,1464,248
swamp,66506,1869,0,29,13036,0,620,1347,1038,0,328,0,177,0,0,30,0,10356,68,1232,433
swamp,67399,1383,0,18,13827,0,458,1099,999,0,268,0,60,0,34,32,0,9556,88,886,1009
river,74078,869,0,1,8379,1,855,1162,1289,0,248,0,0,0,163,26,0,8736,48,192,1217
river,77705,780,0,7,5842,0,503,781,1050,0,468,0,69,0,325,13,0,8038,24,12,1722
forest,74025,1072,0,19,8533,0,820,1031,784,0,236,0,219,0,155,0,0,8734,0,712,958
forest,71346,907,0,2,9981,0,830,1266,1186,16,337,0,401,0,215,0,1,9764,0,537,465
forest,70395,1310,0,0,9301,0,1439,818,690,51,610,0,159,0,199,0,2,9151,0,1312,1472
river,70528,1169,0,0,10539,0,764,685,1405,0,539,0,24,0,341,25,0,7843,34,435,2908
river,67793,519,79,6,12425,0,702,436,706,0,726,0,138,0,23,26,0,7705,24,560,5304
windswept_savanna,66547,907,0,3,12793,0,1025,735,814,0,371,0,50,0,191,0,0,6982,0,1550,4401
forest,68839,1241,23,25,10278,0,1415,1029,659,52,508,0,358,0,154,0,1,9172,0,1037,1309
forest,68169,1282,0,24,12318,0,818,1035,949,85,350,0,17,0,148,0,0,8515,0,626,2769
forest,68266,715,0,0,11867,0,1145,864,850,249,518,0,1,0,3,0,13,8954,0,949,2412
forest,69979,1568,0,0,12728,0,1052,602,895,250,254,0,0,0,0,0,3,8091,0,1311,25
forest,72576,617,0,0,12634,0,916,521,1124,251,536,0,1,0,0,0,7,6580,0,1052,1
forest,73849,392,9,0,14013,0,86,573,584,256,387,0,0,0,0,0,6,5626,0,946,34
forest,73152,331,45,0,14483,0,1174,507,686,217,180,0,0,0,14,0,3,4761,0,1125,216
forest,66139,1139,282,0,14308,0,1285,609,1032,198,247,0,0,0,111,0,7,9918,0,1100,33
forest,65054,1397,774,27,13586,0,981,723,1026,241,400,0,0,0,0,0,7,10432,0,1366,425
forest,65233,1440,214,0,12429,3,880,896,1054,251,530,0,12,0,0,0,7,10376,0,1424,151
forest,65283,1182,152,0,14063,0,1227,1111,745,233,435,0,0,0,20,0,7,10256,0,1223,331
forest,65920,1056,44,0,14896,0,733,654,834,110,490,0,0,0,284,1,7,11022,0,612,183
forest,65872,1123,3,1,14685,0,1614,575,941,65,697,0,0,0,103,10,9,9150,8,1313,906
forest,66177,1397,0,8,14329,0,1112,671,1069,2,418,0,0,0,183,5,1,9223,2,1436,1033
forest,67469,525,0,23,14966,4,723,603,407,0,451,0,0,0,165,15,0,9297,26,1040,1511
forest,68814,1190,0,22,12466,0,543,447,1076,69,599,0,0,0,192,0,3,9130,0,1281,1144
forest,65179,1434,0,0,14509,0,1134,471,1156,201,757,0,0,0,253,0,3,10741,0,686,236
forest,64701,1054,0,0,15105,0,1051,900,824,249,528,0,0,0,0,0,2,11248,0,958,0
forest,66074,744,0,0,14454,0,1066,960,1011,247,430,0,0,0,0,0,3,9917,0,1630,30
forest,67464,736,0,0,14429,0,1049,1109,912,238,294,0,0,0,0,0,1,8548,0,1341,184
forest,66665,1008,0,0,13748,3,1047,1397,829,249,332,0,0,0,0,0,6,9296,0,1336,0
birch_forest,65971,1208,0,0,14488,0,1036,1278,703,246,491,0,0,0,0,0,12,10112,0,819,0
birch_forest,66666,1533,0,0,13536,0,1094,1230,1031,249,624,0,0,0,4,0,9,9282,0,1416,0
birch_forest,66293,1219,0,0,14006,6,396,1137,1255,221,467,0,0,0,125,0,10,10522,0,1119,84
birch_forest,65441,673,0,0,14388,0,1293,984,879,251,551,0,0,0,0,0,12,10517,0,1593,57
birch_forest,65119,1273,0,0,13857,0,1417,674,1085,250,385,0,0,0,0,0,13,10594,0,2029,8
birch_forest,65808,837,0,0,14500,0,1309,1069,1282,132,344,0,0,0,134,0,4,10212,0,1050,126
birch_forest,65458,1466,0,0,14969,0,1023,1297,815,107,445,0,0,0,155,0,5,10295,0,687,249
birch_forest,64566,1752,0,0,14612,0,1442,1433,804,251,172,0,48,0,0,0,15,10157,0,1482,0
birch_forest,64972,1155,0,0,14504,0,1257,1096,944,251,190,0,248,0,0,0,18,10356,0,1631,21
birch_forest,64506,1286,0,114,14009,0,1054,962,762,249,670,0,267,0,0,0,14,11019,0,1615,0
birch_forest,65367,1094,0,83,13535,0,1181,952,1258,253,649,0,238,0,0,0,14,11098,0,1031,0
birch_forest,64772,790,0,169,14420,0,1098,1221,1093,255,726,0,82,23,0,0,7,11214,0,919,3
birch_forest,63878,1047,0,330,14541,0,1458,1114,784,250,318,0,53,30,0,0,13,12111,0,849,8
birch_forest,64939,791,0,269,14621,0,1199,909,900,287,675,0,1,277,0,0,60,10691,0,949,13
birch_forest,65573,903,0,385,14374,0,651,808,1107,247,148,0,56,397,0,0,88,10735,0,1091,11
birch_forest,64761,1161,0,412,14187,0,901,1119,1193,251,491,0,1,0,0,0,9,10805,0,1320,24
birch_forest,66986,976,0,332,13862,8,912,1135,1171,247,389,0,1,0,0,0,8,8868,0,1665,0
dark_forest,69679,531,52,900,14289,0,836,994,641,245,301,0,16,1,0,0,8,7278,0,785,0
dark_forest,67664,1349,4,380,13734,0,911,876,1241,245,624,0,5,134,0,0,5,8835,0,480,31
dark_forest,68824,1034,0,594,13534,0,704,817,972,230,587,0,191,257,0,0,39,7625,0,872,65
dark_forest,66472,839,0,1049,14245,0,915,628,454,246,374,0,0,267,0,0,31,9262,0,949,16
dark_forest,64961,1435,0,507,13239,0,747,1107,1131,243,247,0,0,52,0,0,8,10162,0,1357,32
dark_forest,67704,1344,0,554,7996,0,950,1303,606,243,452,0,0,155,0,0,14,9981,0,999,541
river,66790,1027,0,649,10459,0,999,1216,833,166,227,0,0,26,42,6,8,8453,10,1197,1951
river,66668,1184,0,227,11347,0,1431,972,1242,73,663,0,0,0,177,10,0,9450,16,831,860
dark_forest,64281,996,0,1060,11397,0,1029,941,942,243,390,0,0,0,0,0,4,12184,0,819,0
dark_forest,64209,1055,0,976,11878,0,1584,1209,1615,238,462,0,0,0,0,0,6,10521,0,753,1
dark_forest,63908,1083,0,501,14128,0,842,1196,1212,243,709,0,0,0,0,0,7,10025,0,1631,689
dark_forest,64537,554,147,316,14987,0,939,910,991,240,785,0,64,0,4,0,2,8773,0,1177,2017
dark_forest,65691,1221,0,335,14359,0,1009,922,1168,45,461,0,0,0,203,1,7,9213,0,1409,999
river,66270,869,0,509,13906,0,1135,784,1059,0,420,0,0,0,380,10,0,8994,16,1029,1832
dark_forest,65547,1204,0,784,14689,0,723,753,1324,58,544,0,0,0,319,0,0,9570,0,868,422
dark_forest,64902,1552,0,532,14265,0,1851,1247,969,229,482,0,0,0,36,0,8,9047,0,1247,5
birch_forest,65101,1146,0,589,13994,0,1227,868,911,246,452,0,0,23,0,0,27,10603,0,1015,0
birch_forest,65032,1277,0,253,14216,0,1424,767,709,249,470,0,0,37,0,0,26,10862,0,1395,0
birch_forest,64733,1393,0,81,14851,0,1032,678,898,262,522,0,0,0,0,0,10,11359,0,925,0
birch_forest,63818,885,0,120,15027,0,1170,1142,1254,248,362,0,0,0,0,0,14,11211,0,1348,0
birch_forest,63212,1246,0,82,14847,0,824,968,906,249,833,0,0,0,0,0,8,12159,0,1255,0
birch_forest,63776,1074,0,0,14016,0,1063,848,1843,248,635,0,0,0,0,0,12,11236,0,1782,0
birch_forest,63906,990,285,0,14585,0,588,902,844,248,377,0,0,0,0,0,12,12516,0,1280,0
birch_forest,63570,1228,300,0,14574,0,1389,593,1287,248,495,0,1,0,0,0,10,11847,0,1138,0
birch_forest,63203,1060,296,0,14520,0,1247,941,885,248,425,0,2,0,0,0,21,12064,0,1571,0
birch_forest,65752,807,68,0,12921,0,1466,1163,1026,247,536,0,0,0,0,0,6,11396,0,524,0
birch_forest,69633,883,0,0,9356,0,786,1225,882,247,573,0,188,0,0,0,13,12316,0,543,0
birch_forest,66588,1470,0,0,13519,0,1345,1277,734,250,402,0,0,0,0,0,12,10612,0,586,0
birch_forest,65414,934,0,0,11484,0,398,1318,854,251,213,0,0,0,0,0,14,12225,0,1383,0
birch_forest,64040,1161,0,0,14845,2,1032,1107,762,252,606,0,0,0,0,0,12,11925,0,1075,0
birch_forest,65174,632,32,0,14430,0,967,859,1592,253,107,0,10,0,0,0,8,11177,0,1718,0
birch_forest,67242,1552,86,13,13213,0,708,710,916,105,477,0,0,0,52,0,1,9634,0,1528,829
birch_forest,67989,739,78,0,13755,0,1273,572,458,116,420,0,43,0,77,0,6,9064,0,1216,1220
birch_forest,66557,819,0,13,14222,0,1010,466,759,33,730,0,0,0,91,0,0,8673,0,1124,2428
ocean,65994,765,0,0,14432,0,748,359,1055,0,759,135,6,0,3,7,0,5808,2,1490,5630
birch_forest,65871,46,0,0,14347,0,250,206,1126,0,965,31,100,0,0,0,0,5990,0,1547,6793
birch_forest,65837,936,0,0,13499,0,550,671,942,88,403,0,0,0,220,0,5,8502,0,732,4644
birch_forest,65090,1186,0,3,12873,0,1361,807,1164,214,462,0,125,0,46,0,6,10502,0,1151,1804
birch_forest,64522,1586,0,0,13521,0,725,840,1611,252,669,0,1020,0,0,0,4,10638,0,1042,467
birch_forest,69058,624,0,0,14439,0,937,683,868,251,600,0,284,0,0,0,5,8212,0,677,232
birch_forest,78478,540,0,0,8909,0,259,480,407,250,405,0,13,0,0,0,5,6633,0,466,151
forest,75713,448,0,0,5939,0,641,1029,736,248,296,0,0,0,0,0,1,10133,0,1349,0
forest,73766,1145,0,0,7826,0,773,842,1086,251,627,0,0,0,0,0,11,10019,0,224,0
forest,71888,2162,0,0,8240,0,843,1155,495,250,520,0,0,0,0,0,8,10049,0,1148,0
forest,67346,839,0,0,11489,0,1311,1057,718,253,254,0,4,0,0,0,3,12494,0,1077,0
forest,64907,1190,0,0,12548,0,1040,754,975,250,463,0,0,0,0,0,7,12869,0,1580,0
forest,63920,1261,142,0,13209,0,1294,811,1410,249,212,0,0,0,0,0,7,12462,0,1462,0
birch_forest,62351,1181,0,0,13989,0,1247,719,1156,253,710,0,0,0,8,0,4,11578,0,1222,2508
birch_forest,61500,1726,0,0,14294,0,1557,894,1067,250,634,0,0,0,0,0,10,13468,0,1307,0
birch_forest,61262,702,0,0,13858,0,2004,1355,912,248,772,0,0,0,0,0,8,13848,0,1682,0
birch_forest,63811,1024,0,0,12795,2,794,1192,926,256,470,0,0,0,0,0,13,14030,0,1066,529
birch_forest,67003,1577,0,0,11650,0,1157,959,1499,250,322,0,0,0,0,0,12,11132,0,641,601
birch_forest,67673,512,0,0,11263,1,1292,1180,664,253,481,0,0,0,0,0,11,12000,0,707,948
birch_forest,67996,959,0,0,11130,0,997,833,612,249,628,0,0,0,0,0,18,12317,0,940,0
birch_forest,66127,1244,0,0,13066,0,877,753,813,252,263,0,0,0,0,0,10,12215,0,1278,0
birch_forest,65459,1212,0,0,13881,0,1405,1061,1118,249,478,0,1,0,0,0,11,10906,0,896,0
birch_forest,65982,607,0,298,13737,0,1417,1066,907,256,378,0,41,0,0,0,5,11152,0,937,27
birch_forest,67124,853,0,73,12731,0,1324,1126,673,248,479,0,1,69,0,0,11,10319,0,832,576
birch_forest,65889,1343,0,39,14370,0,1149,859,1386,45,522,0,0,110,194,20,35,7879,32,930,1660
old_growth_birch_forest,65983,1093,0,506,13806,0,737,962,1278,1,491,0,1,1,194,25,1,9535,18,1129,1483
old_growth_birch_forest,66214,664,0,541,14213,0,1383,1032,1302,105,478,0,0,18,62,0,15,9082,0,1164,716
old_growth_birch_forest,65682,1798,0,490,13995,0,846,751,1014,219,656,0,0,17,6,0,17,9865,0,1131,31
old_growth_pine_taiga,64965,914,0,446,14681,0,1791,491,765,175,673,0,0,1,0,0,8,10448,0,1256,0
old_growth_pine_taiga,65004,1042,0,309,14050,0,1084,1065,1693,16,436,0,133,83,0,0,28,10176,0,1092,107
old_growth_pine_taiga,62926,1237,0,667,14125,0,1332,1077,726,0,321,0,129,38,0,0,9,12116,0,1517,26
old_growth_pine_taiga,61113,1127,0,1101,14674,0,977,1394,722,0,211,0,4,87,0,0,4,13728,0,837,518
old_growth_pine_taiga,61149,1133,0,596,13635,0,841,996,951,85,678,0,181,54,0,0,8,14647,0,1549,29
old_growth_pine_taiga,62130,685,94,541,14834,0,1685,574,766,93,420,0,48,25,0,0,13,13232,0,861,0
old_growth_pine_taiga,63487,1280,0,502,14428,3,755,620,885,158,532,0,4,22,0,0,9,12046,0,805,27
old_growth_pine_taiga,63292,863,76,1439,13541,0,916,704,1030,225,503,0,159,129,0,0,23,12533,0,1164,74
old_growth_pine_taiga,65901,1663,0,788,12948,0,1354,626,601,146,451,0,0,456,0,0,47,9754,0,1039,309
old_growth_pine_taiga,68147,1134,0,381,11529,0,1762,833,425,196,176,0,0,436,0,0,52,9715,0,1543,28
taiga,68064,1387,0,291,11754,0,831,1137,1232,245,393,0,0,230,0,0,14,10042,0,1152,0
taiga,66884,1182,0,74,12599,0,1103,1116,810,248,513,0,1,394,0,0,1,10778,0,784,0
taiga,66740,1610,0,318,11963,0,1094,1066,1339,254,606,0,0,68,0,0,1,10043,0,1593,51
taiga,67318,826,0,257,13113,0,1146,975,844,246,417,0,126,0,2,0,5,10445,0,1070,47
taiga,65690,1168,0,0,14776,0,1475,1059,1221,250,328,0,107,0,0,0,1,9725,0,924,0
taiga,64962,1155,0,0,14534,5,1224,1030,1623,263,539,0,12,0,0,0,1,10381,0,966,0
taiga,67769,977,0,0,14221,0,527,1024,601,249,367,0,0,0,0,0,0,9389,0,1416,0
taiga,65315,560,0,0,15412,0,740,709,713,250,742,0,1,0,0,0,0,12040,0,279,0
taiga,70138,822,0,0,14330,0,1201,727,505,252,381,0,36,0,0,0,5,7947,0,403,0
forest,71315,648,0,0,11262,0,1200,611,673,237,346,0,1,0,0,0,5,9753,0,551,0
forest,69126,1037,117,0,9863,0,372,868,1044,253,487,0,165,0,0,0,4,13015,0,487,26
forest,63185,1065,70,0,10362,0,1080,1555,1398,260,412,0,61,0,0,0,3,17003,0,379,70
forest,60134,787,0,0,12429,0,2244,1326,591,304,400,0,2,0,0,0,6,17205,0,1335,119
forest,62519,866,0,0,12920,0,1249,1020,1018,251,468,0,0,0,0,0,5,14930,0,1521,12
forest,61926,896,0,0,14823,0,720,1241,1315,250,549,0,1,0,0,0,2,13638,0,958,247
forest,64603,1007,0,0,12917,0,750,1104,1044,251,498,0,0,0,0,0,7,12772,0,1117,503
forest,62463,1850,0,0,14584,0,1297,1049,766,251,471,0,0,0,0,0,6,11841,0,1140,816
forest,69448,599,0,0,13718,0,302,611,660,143,293,0,0,0,58,0,9,6389,0,1537,3059
forest,69392,898,0,0,12737,0,1001,463,628,11,472,50,1,0,50,15,0,7687,4,946,2838
cold_ocean,66587,1263,0,0,13411,3,903,152,1083,0,569,229,15,0,0,15,0,8196,20,1602,3150
cold_ocean,67432,527,0,0,13335,0,779,248,697,3,572,127,263,0,9,23,0,8916,18,1148,3076
cold_ocean,69321,625,0,0,14176,0,188,374,492,0,526,209,283,0,22,23,0,6612,6,970,3387
cold_ocean,71011,383,0,0,12990,3,1027,419,333,0,277,235,56,0,93,18,0,5511,24,1392,3469
cold_ocean,68115,1217,0,4,14035,0,1189,507,839,0,660,195,0,0,237,17,0,7050,12,783,2303
cold_ocean,66937,1167,0,0,14010,0,616,416,683,0,720,292,0,0,122,12,0,8368,12,1109,2734
cold_ocean,68398,1222,0,0,10434,2,738,257,846,7,761,284,0,0,0,20,0,7723,18,966,3405
cold_ocean,67618,1062,0,0,13510,0,298,182,798,0,667,0,32,0,0,12,0,7974,8,866,4175
cold_ocean,67443,606,0,0,13262,2,691,357,1327,0,486,0,296,0,0,11,0,7098,20,1124,4607
cold_ocean,67364,1323,0,0,12796,0,787,272,929,0,431,0,256,0,0,23,0,6722,10,1134,5221
cold_ocean,69553,1123,0,0,11324,0,1060,199,581,0,557,242,203,0,0,15,0,6801,12,1372,4229
forest,71385,674,0,0,10457,0,771,610,604,66,537,0,333,0,6,0,6,8742,0,1213,1518
forest,66172,1009,0,0,12454,0,1119,620,1150,251,793,0,278,0,0,0,3,10757,0,776,10
forest,65806,1016,0,0,13463,0,1010,1095,758,254,711,0,10,0,0,0,2,10680,0,754,0
forest,64981,1246,0,0,14872,0,1161,1372,957,310,552,0,2,0,0,0,6,9878,0,1224,0
forest,64517,1123,0,0,13891,2,1280,1489,667,293,827,0,1,0,0,0,10,11579,0,852,0
forest,64426,1368,0,0,14763,0,1333,1264,1111,278,578,0,0,0,0,0,6,10412,0,1102,0
forest,64962,916,0,0,14888,0,1341,1252,1099,370,452,0,1,0,0,0,8,10247,0,1060,0
forest,66989,996,0,0,12997,1,493,963,1343,319,604,0,0,0,0,0,5,10177,0,1840,0
forest,66229,968,0,0,13514,1,774,1236,647,354,321,0,0,0,0,0,6,11004,0,1534,0
forest,68743,777,0,0,13448,0,1454,1170,994,322,443,0,0,0,23,0,8,8320,0,1002,10
beach,67600,915,0,0,13694,0,686,516,1083,85,536,0,6,0,861,0,0,9302,0,1068,176
beach,65351,1384,0,0,14711,0,950,340,819,49,501,0,7,0,895,0,5,8556,0,1078,1991
river,66123,619,0,6,14677,1,765,781,947,48,788,0,0,0,160,24,1,8770,36,1120,2328
forest,66118,808,0,11,14533,0,1338,653,987,130,385,0,0,0,80,0,4,9992,0,1423,486
forest,66733,789,0,0,14463,0,1169,931,866,244,440,0,0,0,0,0,7,9813,0,931,271
forest,67385,1055,0,0,14332,0,1182,755,1147,249,399,0,22,0,0,0,5,8906,0,1173,112
forest,64935,923,0,0,14614,0,1145,814,1069,249,863,0,228,0,0,0,3,11003,0,791,1
forest,68067,1205,0,0,13850,0,927,813,650,252,181,0,458,0,0,0,7,8934,0,1279,0
forest,68564,416,72,0,14552,0,723,920,925,331,87,0,33,0,0,0,3,9087,0,952,0
forest,66925,1083,164,0,14617,5,489,973,1005,248,458,0,0,0,0,0,7,9384,0,1166,9
forest,64331,860,0,0,13929,0,1266,1160,1118,252,595,0,1,0,0,0,1,11682,0,1629,25
forest,63190,864,20,0,15199,2,521,1390,919,253,332,0,0,0,0,0,9,13098,0,804,0
forest,64206,1385,0,0,14529,0,1479,1148,988,267,484,0,0,0,0,0,3,10435,0,1336,450
river,68658,908,0,17,12494,4,1283,1397,928,56,55,0,102,0,81,20,1,9419,38,567,1030
forest,68891,769,0,5,11875,0,874,981,1200,68,764,0,190,0,233,14,3,9618,18,1017,534
forest,66046,949,0,23,14442,0,672,865,907,28,875,0,0,0,126,0,2,10188,0,1259,563
forest,66643,695,0,0,13610,0,311,705,696,226,478,0,0,0,0,0,6,11024,0,1055,923
forest,67496,732,0,0,12770,0,1205,931,915,249,221,0,138,0,0,0,7,8531,0,1125,2371
forest,67303,884,0,0,12330,0,902,642,856,197,96,0,250,0,0,0,1,10663,0,1554,1006
forest,66873,688,0,0,12958,0,1356,854,1364,253,720,0,209,0,0,0,6,10316,0,828,129
forest,64920,1549,0,0,13329,0,1208,1306,711,283,499,0,4,0,0,0,8,11384,0,1383,80
forest,67318,1195,0,0,11896,0,1138,768,1125,248,421,0,0,0,0,0,4,11865,0,930,0
forest,65705,959,0,0,12640,0,761,1166,1194,249,296,0,1,0,0,0,4,11975,0,1577,0
forest,64945,1292,0,0,13484,0,569,1364,1068,288,547,0,0,0,0,0,2,11308,0,1840,52
forest,65926,964,0,0,13043,0,1124,1465,647,251,659,0,0,0,0,0,6,10848,0,1299,381
forest,70427,915,0,0,9850,0,882,1098,939,263,467,0,203,0,0,0,4,9644,0,1099,986
forest,75688,1006,0,0,7059,0,1225,1171,694,252,626,0,247,0,0,0,9,7806,0,600,380
forest,77311,922,0,0,5593,0,1236,795,1107,252,303,0,346,0,0,0,3,8032,0,376,422
forest,67281,1281,0,0,10191,0,772,565,958,249,324,0,889,0,0,0,4,11347,0,751,1813
forest,65863,1078,0,0,12257,0,1094,1173,1160,251,562,0,108,0,0,0,8,11302,0,810,566
forest,65573,946,144,0,12330,4,1279,1383,1228,273,154,0,0,0,0,0,3,11703,0,743,600
forest,64844,1228,0,0,13923,0,1250,1534,601,260,389,0,0,0,0,0,5,11756,0,676,116
forest,63590,1210,0,0,14248,0,1036,1270,1115,253,925,0,0,0,0,0,8,11327,0,1679,136
forest,64342,1176,0,0,14125,0,1246,1421,1586,255,331,0,0,0,0,0,4,10723,0,1239,306
forest,64676,834,0,0,13013,0,792,1300,1145,255,653,0,0,0,0,0,4,11488,0,1955,408
forest,63743,1213,0,0,14199,0,1394,1252,707,254,508,0,1,0,0,0,11,11149,0,1986,157
forest,62564,1188,161,0,14316,0,991,715,1317,250,887,0,0,0,0,0,3,11762,0,1375,772
forest,61035,823,234,0,13863,0,789,458,1569,250,655,0,0,0,0,0,9,13272,0,2300,1111
forest,60086,1202,153,0,15066,0,979,535,938,253,661,0,1,0,0,0,7,14750,0,526,1534
forest,65568,560,184,0,14637,0,381,636,614,262,459,0,0,0,0,0,4,11225,0,991,1249
forest,65363,1652,0,0,13265,0,966,1020,697,249,165,0,0,0,0,0,2,11552,0,1546,11
forest,64999,1166,0,0,12919,0,1257,1065,1041,250,353,0,0,0,0,0,3,11920,0,1453,118
forest,65950,1126,0,0,14453,0,601,1120,1149,271,590,0,0,0,7,0,3,9711,0,1094,859
old_growth_birch_forest,65529,1163,0,0,15413,0,574,771,897,240,426,0,0,0,57,0,5,10687,0,456,669
old_growth_birch_forest,64013,1182,0,0,14324,0,1307,649,1080,204,849,0,0,0,0,0,6,12204,0,695,134
old_growth_birch_forest,64942,1397,0,0,13014,0,1111,798,1286,248,559,0,0,0,0,0,11,11619,0,1180,399
old_growth_birch_forest,64465,1047,0,0,14674,0,1066,1005,673,257,345,0,0,0,0,0,9,11692,0,969,594
old_growth_birch_forest,65665,1099,0,0,13975,0,811,788,1460,249,497,0,0,0,0,0,11,11468,0,807,0
old_growth_birch_forest,66719,1099,0,108,13202,0,1225,763,828,249,636,0,0,0,0,0,13,11236,0,651,0
old_growth_birch_forest,68191,753,0,84,11983,2,1097,904,971,248,494,0,0,0,0,0,3,11277,0,664,0
old_growth_birch_forest,70641,991,0,304,9202,0,1238,928,613,249,319,0,1,0,0,0,13,10657,0,1530,1
old_growth_birch_forest,70602,1076,0,634,9180,2,770,507,1771,169,197,0,0,106,118,0,8,9881,0,1389,122
dark_forest,68998,581,0,509,12510,9,770,467,662,27,465,0,0,219,24,0,34,8070,0,1554,1949
dark_forest,66214,548,0,563,13469,0,614,358,365,0,840,0,0,10,16,9,0,7275,14,1545,5349
river,66035,937,0,552,14375,0,251,100,327,0,534,0,0,0,0,34,0,4958,26,1578,7545
river,65918,1276,99,747,13814,0,1024,158,1054,0,399,0,0,15,31,23,2,7096,18,1114,4268
dark_forest,66039,878,39,738,13938,0,852,633,832,0,557,0,0,68,94,4,20,9458,8,961,2033
dark_forest,65659,1023,0,1325,13115,0,829,558,577,47,536,0,0,17,56,0,0,9484,0,1512,2194
dark_forest,66846,1132,0,794,13464,0,432,502,1298,131,485,0,0,175,115,0,6,8461,0,1090,1749
dark_forest,66165,1266,0,1117,13930,0,1141,430,950,229,526,0,10,70,28,0,21,9484,0,939,112
dark_forest,65787,974,0,1526,13622,0,1159,887,1354,239,693,0,118,20,13,0,11,8807,0,1111,5
dark_forest,67775,1112,0,1074,12395,0,1389,1021,1047,247,668,0,1,164,2,0,6,8598,0,1023,96
dark_forest,66480,834,0,945,13536,2,441,433,963,217,964,0,1,94,0,0,6,10338,0,1213,35
dark_forest,65186,1249,326,1172,13652,0,982,365,758,246,531,0,130,125,0,0,25,10487,0,1246,0
dark_forest,65061,1008,0,1413,14172,1,494,623,1622,247,473,0,0,101,0,0,17,9974,0,1353,0
dark_forest,66520,1168,0,1682,12558,0,1249,900,923,234,200,0,0,393,0,0,46,8759,0,1687,23
dark_forest,65807,1006,0,1410,13078,0,1059,1217,988,233,509,0,0,150,21,0,13,9476,0,1370,21
dark_forest,66025,615,0,1231,13236,0,941,596,1109,100,727,0,0,112,235,0,10,8885,0,1320,1343
river,66144,648,0,1115,13944,0,1603,491,991,41,518,0,28,0,187,18,0,8200,16,816,1737
river,66446,1051,148,1257,12781,0,853,354,597,0,487,0,178,0,41,9,0,8758,6,1691,2338
river,65933,620,0,1124,13577,0,1066,712,1437,0,737,0,0,93,147,30,13,8811,44,1129,1724
dark_forest,66673,808,0,1239,12741,0,971,508,1251,79,318,0,13,382,148,0,78,9556,0,959,877
dark_forest,67266,1482,0,1771,12328,0,748,1065,1236,15,706,0,70,430,166,0,86,8063,0,634,931
dark_forest,67976,807,0,1317,10593,0,908,1280,955,168,493,0,255,532,30,0,105,9838,0,1077,84
dark_forest,66557,1078,0,1419,11957,0,652,915,737,241,477,0,15,286,0,0,23,9839,0,1515,355
dark_forest,66116,913,0,1497,13238,0,931,669,1109,224,220,0,1,200,0,0,17,8714,0,1410,939
dark_forest,71929,832,0,931,8857,3,831,774,842,147,219,0,76,310,69,0,12,9888,0,561,168
dark_forest,66483,1019,0,1197,13232,0,577,763,1254,27,450,0,52,66,220,0,25,8720,0,1619,1279
dark_forest,66877,737,0,1314,13479,0,1141,867,1024,2,426,0,72,170,179,0,41,8121,0,1001,1615
river,66779,766,0,563,14483,0,741,660,684,0,351,0,0,151,332,16,43,8790,18,795,1753
dark_forest,67651,1413,0,681,10972,0,653,772,976,174,298,0,0,339,193,3,60,9981,0,926,168
old_growth_spruce_taiga,64769,597,0,480,13118,0,954,818,1078,136,651,0,0,28,0,0,1,11844,0,892,19
old_growth_spruce_taiga,64368,1341,0,357,14380,0,1018,772,812,0,1327,0,0,107,0,0,59,10579,0,1075,1
old_growth_spruce_taiga,60142,1065,0,719,14944,0,1344,1178,922,0,466,0,1,93,0,0,14,14617,0,1183,8
old_growth_spruce_taiga,56527,654,0,697,14605,0,1528,1212,1083,0,687,0,20,18,0,0,9,17670,0,1054,64
old_growth_spruce_taiga,53868,879,209,547,13744,0,1247,1178,581,0,878,0,17,0,0,0,7,21236,0,1487,1
old_growth_spruce_taiga,52811,1452,0,613,14908,0,1261,1166,632,1,410,0,1,0,0,0,3,21219,0,1189,0
old_growth_spruce_taiga,52931,1488,0,531,14575,0,728,1147,1455,167,907,0,6,0,0,0,0,20972,0,1336,0
old_growth_spruce_taiga,53000,1244,0,825,14146,0,886,965,934,173,483,0,0,0,0,0,6,21996,0,1492,34
old_growth_spruce_taiga,54707,943,0,412,14423,5,903,715,943,192,971,0,0,0,0,0,3,20697,0,1133,630
old_growth_spruce_taiga,56684,856,0,524,13326,1,1238,1310,748,13,625,0,0,0,0,0,6,18629,0,1654,161
old_growth_spruce_taiga,57944,1074,0,279,15060,1,1125,1295,529,0,356,0,0,0,0,0,7,17429,0,901,314
old_growth_spruce_taiga,59621,1234,0,535,14282,0,949,1178,991,32,575,0,0,57,0,0,9,14436,0,1091,1518
old_growth_spruce_taiga,58968,971,0,446,14633,0,1112,736,998,179,485,0,0,157,0,0,41,15803,0,964,681
old_growth_spruce_taiga,58364,1292,0,363,13846,0,1158,1220,882,144,618,0,0,0,0,0,6,15610,0,1666,1265
old_growth_spruce_taiga,60310,754,0,681,14454,0,1248,866,525,133,386,0,29,0,0,0,6,15846,0,1392,78
old_growth_spruce_taiga,65055,1087,0,404,12688,0,1146,1019,1172,18,498,0,5,0,0,0,6,11698,0,1450,331
old_growth_spruce_taiga,65941,879,0,667,13421,0,1510,629,1143,0,631,0,13,47,155,1,1,9279,2,1342,1380
old_growth_spruce_taiga,65967,1455,0,615,13529,0,788,934,1166,41,816,0,0,74,10,1,2,10097,4,992,319
old_growth_spruce_taiga,65634,871,0,459,11449,0,1167,1163,825,121,438,0,0,166,0,0,30,13305,0,1010,0
old_growth_spruce_taiga,61157,542,0,868,14070,0,1454,1067,921,19,386,0,0,284,0,0,50,14200,0,606,35
old_growth_spruce_taiga,60368,616,0,478,14991,0,1344,1609,801,12,615,0,74,342,0,0,36,14248,0,606,10
old_growth_spruce_taiga,58778,1230,0,695,14132,0,515,1360,1149,12,687,0,0,81,0,0,8,15891,0,1046,42
old_growth_spruce_taiga,57362,970,0,431,13896,0,1024,1186,964,0,781,0,0,0,0,0,10,17527,0,1427,0
old_growth_spruce_taiga,57159,1515,0,898,14424,0,1521,1191,1501,0,362,0,1,30,0,0,20,16168,0,525,18
old_growth_spruce_taiga,57631,966,0,476,13735,0,838,1050,1275,5,448,0,0,0,0,0,6,17980,0,1049,3
old_growth_spruce_taiga,59436,1132,0,362,13160,0,992,971,680,0,449,0,0,61,0,0,22,16898,0,1202,23
old_growth_spruce_taiga,64376,1081,0,738,9819,2,1172,1093,1547,0,345,0,46,108,11,0,15,12195,0,1060,294
old_growth_spruce_taiga,67701,1262,0,173,10448,0,968,537,1647,22,610,0,1,1,91,21,0,7861,24,940,2565
river,69132,976,0,6,10434,0,1449,431,896,1,508,0,0,0,30,21,0,6617,32,438,4172
old_growth_pine_taiga,70564,1068,0,0,8386,0,1491,556,965,63,671,0,0,0,260,4,1,9499,6,628,699
old_growth_pine_taiga,68980,1362,0,0,9358,2,966,865,1793,144,497,0,0,0,185,0,5,9851,0,987,314
old_growth_pine_taiga,67514,849,0,2,10536,0,1113,924,1396,111,404,0,0,0,25,0,3,12432,2,1189,48
taiga,65350,1636,0,0,13720,0,905,984,799,137,258,0,0,0,89,7,3,11128,12,1297,370
river,66026,959,0,0,14049,0,1175,810,623,78,865,0,0,0,133,21,1,9791,8,1112,1279
river,68197,1378,0,0,11808,4,923,598,706,70,323,0,0,0,56,12,3,8760,6,1251,1807
taiga,65369,772,0,0,12745,0,1158,1160,942,267,319,0,0,0,1,0,0,11351,0,1417,295
taiga,64222,880,0,0,14528,0,1068,1075,1039,228,327,0,0,0,0,1,0,10766,0,1617,218
taiga,64581,814,0,0,14680,4,1184,1044,1808,202,633,0,0,0,0,4,1,11096,2,643,164
river,63812,1749,0,13,14728,0,1332,894,968,217,629,0,0,0,45,0,0,11164,0,995,408
taiga,62625,727,0,19,14587,0,1148,1030,1570,197,527,0,0,0,38,0,0,12690,0,1485,253
taiga,61949,1368,0,0,14363,0,1197,1496,1320,246,149,0,0,0,56,0,2,13382,0,1200,26
taiga,59556,1060,0,0,14895,0,1090,1483,1026,259,615,0,0,0,0,0,1,15429,0,1019,59
taiga,59317,1016,0,0,14259,0,1077,1041,851,257,938,0,0,0,0,0,1,15786,0,1120,542
taiga,60991,994,0,0,13648,0,1214,1153,507,231,962,0,0,0,0,0,3,14946,0,1136,106
taiga,60918,812,0,0,14061,0,1655,1015,1557,251,679,0,1,0,0,0,1,14013,0,1418,6
taiga,62099,961,0,0,14676,0,1004,1194,882,248,717,0,0,0,0,0,3,12787,0,1449,5
taiga,63706,1035,0,0,13297,0,1330,1072,526,250,763,0,0,0,0,0,5,12417,0,1697,6
taiga,65291,1381,0,0,14435,0,1094,766,384,247,629,0,0,0,0,0,3,10958,0,1265,0
forest,65798,1498,0,27,14374,0,735,718,720,232,543,0,0,0,0,0,4,10418,0,1509,77
river,66322,1397,0,1,13997,0,1434,297,572,8,747,0,1,0,162,25,0,8804,22,1705,1635
forest,65675,681,0,0,14676,0,876,724,848,89,449,0,0,0,138,5,9,10905,4,899,843
forest,65559,1165,0,0,14856,0,692,1063,912,249,272,0,0,0,0,0,7,10747,0,842,114
forest,67356,951,0,0,14871,0,1036,781,1221,250,271,0,182,0,0,0,4,8756,0,963,1
forest,67047,483,0,0,14073,0,914,835,507,245,402,0,0,0,0,0,13,9372,0,1544,47
forest,67878,818,0,0,13503,3,768,1029,1476,251,177,0,231,0,0,0,14,7801,0,1452,391
forest,68750,457,0,0,13228,0,1037,1260,618,254,375,0,36,0,0,0,4,8307,0,919,845
forest,68899,518,0,0,12871,0,692,1013,135,284,463,0,1,0,0,0,3,7408,0,1841,2390
forest,68240,800,0,0,12793,0,1180,1351,1218,275,437,0,2,0,0,0,9,7935,0,1042,893
forest,63027,1565,0,0,13709,0,1693,1160,1355,273,594,0,0,0,0,0,10,11316,0,1324,530
plains,64187,1513,0,0,13290,1,496,942,873,255,603,0,11,0,0,0,35,12596,0,1740,403
plains,64147,850,109,0,13876,0,1142,1212,968,256,196,0,76,0,0,0,44,12317,0,1722,28
plains,64706,539,0,0,14940,0,1170,930,1278,246,371,0,0,0,0,0,59,11623,0,1071,158
plains,64885,1202,0,0,14823,0,751,726,1115,256,239,0,0,0,0,0,53,11340,0,1528,158
plains,68043,1566,0,0,14929,0,1460,798,525,232,261,0,0,0,0,0,37,7463,0,1262,602
plains,72338,465,0,0,14292,0,175,488,989,251,484,0,0,0,0,0,38,4582,0,1162,1973
plains,67806,623,0,0,14567,0,454,761,819,256,177,0,0,0,0,0,49,8410,0,1406,1770
plains,67873,1282,0,0,12376,0,601,887,709,256,562,0,0,0,0,0,69,10029,0,1030,1145
plains,68803,939,0,0,11034,0,1046,1044,736,255,172,0,0,0,0,0,52,12257,0,785,0
plains,66234,1013,0,0,12588,3,1617,1343,1339,256,576,0,3,0,0,0,68,10489,0,1540,0
plains,65645,1123,44,0,13634,0,725,1284,1227,256,86,0,35,0,0,0,33,11629,0,1339,0
plains,65621,941,282,0,14624,0,1682,1061,1070,256,184,0,64,0,0,0,22,10189,0,1056,0
plains,66452,926,102,0,14006,0,1281,1224,1068,259,389,0,0,0,0,0,14,9672,0,1693,0
plains,69227,1026,214,0,11185,0,668,1636,1581,267,452,0,1,0,0,0,65,9481,0,1177,2
plains,69558,1044,5,0,10521,0,1092,1202,595,268,340,0,3,0,0,0,57,11243,0,1244,0
plains,70791,952,0,0,10928,0,820,929,486,244,620,0,0,0,0,0,47,10386,0,1025,0
plains,66758,955,0,0,13237,0,1183,881,1126,265,540,0,0,0,0,0,53,10982,0,1248,0
plains,66308,1358,0,0,13287,0,822,976,1232,278,644,0,1,0,0,0,52,10666,0,1520,0
plains,65572,974,0,0,13906,1,1204,914,1356,256,762,0,0,0,0,0,59,10945,0,1241,0
plains,66025,817,112,0,13885,0,1162,1251,959,256,363,0,0,0,0,0,75,10602,0,1280,324
plains,66936,1294,147,0,11917,0,1463,1229,1042,256,514,0,0,0,0,0,74,10489,0,943,878
plains,65801,814,0,0,13830,0,984,1343,1563,315,766,0,0,0,0,0,59,10832,0,829,19
plains,65269,1445,42,0,14084,0,1016,1267,1280,256,307,0,42,0,0,0,65,10432,0,1569,0
plains,66186,1367,0,0,13441,0,841,931,1113,256,1153,0,118,0,0,0,57,10366,0,1021,277
plains,67626,890,0,0,11911,0,1549,1088,831,150,467,0,0,0,0,0,31,10690,0,1212,207
plains,64705,1085,0,0,13727,0,1123,992,1012,229,778,0,31,0,0,0,59,11916,0,1274,0
plains,66529,1385,0,0,13151,9,1361,739,1641,256,405,0,261,0,0,0,50,10299,0,1026,14
plains,68518,1248,0,0,12577,0,653,700,899,91,292,0,51,0,206,7,16,10311,2,894,660
river,71589,922,0,18,9970,0,749,466,388,0,293,0,110,0,95,22,0,7534,42,889,4159
river,71258,431,0,2,10962,0,445,489,343,0,554,0,3,0,61,0,0,6487,0,913,5331
plains,76194,274,0,0,10199,0,233,617,772,195,539,0,88,0,105,0,58,5130,0,1363,1537
plains,77531,763,0,0,12040,2,171,831,662,256,256,0,28,0,0,0,65,3234,0,1421,53
plains,74956,530,0,0,11783,0,551,948,326,256,214,0,472,0,0,0,72,5758,0,1437,0
plains,72243,1374,0,0,10433,3,831,1092,1234,256,544,0,499,0,0,0,59,7719,0,976,0
plains,66912,881,0,0,12693,0,1263,993,1245,256,244,0,25,0,0,0,44,10967,0,1705,0
plains,64557,1336,115,0,14042,8,1298,1039,809,256,808,0,0,0,0,0,45,11598,0,1097,0
plains,64120,893,0,0,13763,0,932,866,1040,202,995,0,0,0,0,0,51,12933,0,1373,18
windswept_gravelly_hills,64799,1206,0,0,13887,0,925,384,826,10,1675,0,1,0,0,0,0,12003,0,1316,0
windswept_gravelly_hills,64759,1188,0,0,13408,0,1025,475,554,6,990,0,0,0,0,0,0,13410,0,1235,1
windswept_gravelly_hills,63283,1565,0,0,14435,0,826,939,721,141,583,0,0,0,0,0,3,12999,0,1235,238
windswept_gravelly_hills,61755,1410,0,0,13997,0,624,1170,634,248,483,0,0,0,0,0,4,14798,0,1690,209
windswept_gravelly_hills,57066,1334,0,0,14010,0,1075,892,879,107,847,0,1,0,0,0,2,17640,0,1225,1814
windswept_gravelly_hills,58093,1485,0,0,14120,0,1206,367,1379,9,1419,0,0,0,0,0,0,16409,0,1218,1267
windswept_gravelly_hills,62549,1002,0,0,13373,0,1112,508,1567,87,528,0,0,0,0,0,0,14133,0,555,1546
windswept_gravelly_hills,62373,1155,0,0,11552,0,900,770,923,132,869,0,74,0,0,0,5,17109,0,284,918
swamp,65648,793,0,0,12906,0,1019,994,1306,255,358,0,115,0,0,0,12,11724,0,1400,388
swamp,67873,1009,0,0,12491,0,1086,1023,1058,62,271,0,0,0,0,15,5,9998,18,1436,607
swamp,67573,847,0,8,12315,0,928,1371,1580,0,349,0,0,0,0,14,0,8437,36,1672,2094
swamp,66149,991,0,14,15076,0,1115,1071,1089,0,568,0,0,0,0,13,0,8989,42,806,1227
swamp,67866,759,0,13,13382,0,831,1012,844,0,296,0,0,0,0,23,0,7395,60,848,3877
swamp,71249,998,0,23,9363,0,962,865,588,0,355,0,7,0,0,21,0,5608,60,1045,6152
swamp,67905,802,0,17,12065,0,590,973,680,0,266,0,438,0,0,20,0,6194,42,1200,5872
swamp,65515,1325,0,40,11133,0,900,905,713,0,312,0,41,0,0,18,0,7547,60,1065,7416
swamp,65809,1353,48,14,13547,0,606,1030,1024,0,225,0,18,0,0,26,0,10046,82,1398,1926
swamp,64329,1174,100,2,14772,0,1306,1265,1177,122,350,0,67,0,0,15,7,10465,46,1570,404
swamp,63271,1000,0,18,14525,0,1392,1050,964,179,359,0,0,0,0,10,12,12271,30,1436,344
swamp,60841,1043,0,0,14962,0,1228,881,1251,187,395,0,18,0,213,0,15,14976,0,808,0
river,64406,1353,0,0,15039,0,1075,523,812,152,329,0,4,0,312,0,1,11710,2,1173,2
beach,68821,832,0,22,12867,0,1171,427,525,53,544,0,0,0,436,1,0,10262,0,751,140
beach,70178,545,0,0,10316,0,1035,385,1023,13,297,0,17,0,716,0,0,10734,0,1592,57
swamp,68243,1525,104,0,11949,0,977,1099,1014,243,471,0,71,0,57,0,22,9969,0,760,0
swamp,67708,1069,0,0,12727,0,906,819,1449,254,438,0,89,0,0,0,32,10676,0,633,0
swamp,67688,1001,0,13,13487,0,1372,754,542,148,309,0,133,0,0,4,18,10715,0,497,102
swamp,65807,1064,0,18,14851,0,1679,939,1634,85,298,0,37,0,0,6,12,9203,0,1029,175
swamp,67887,1247,0,18,13305,0,1569,852,1003,16,656,0,0,0,0,13,3,9696,22,325,372
swamp,74728,1334,0,19,7200,0,860,728,1006,0,517,0,87,0,68,5,0,9385,8,345,922
forest,75544,897,0,13,7316,0,1442,669,458,0,318,0,44,0,292,0,0,8022,0,489,1795
forest,68761,905,0,19,12246,0,1417,641,872,0,446,0,510,0,210,0,0,8743,0,1549,895
forest,70736,1186,0,17,10272,0,731,1239,1405,65,332,0,135,0,106,0,0,8738,0,1082,898
forest,69138,1396,0,20,11178,0,902,948,805,23,345,0,200,0,101,0,0,8157,0,799,3044
forest,67855,769,0,7,11419,0,1202,735,512,0,662,0,66,0,118,0,0,7874,0,1683,4200
river,66632,1045,0,7,13080,0,668,611,1295,0,470,0,95,0,113,19,0,7838,38,1564,3635
windswept_savanna,66596,606,149,1,13894,0,878,393,665,0,576,0,194,0,78,0,0,7479,0,1074,4625
forest,66660,1000,77,25,13082,0,1295,290,492,5,888,0,332,0,145,0,0,8936,0,1184,2692
forest,66917,998,0,12,10297,0,1366,624,75,204,353,0,844,0,133,0,0,8503,0,1189,5202
forest,66832,969,0,0,12181,0,841,481,421,252,400,0,62,0,0,0,8,9595,0,818,3744
forest,69203,905,0,0,13355,0,1152,712,772,250,591,0,1,0,0,0,6,7575,0,876,1216
forest,73159,449,0,0,12968,0,738,979,137,250,197,0,17,0,0,0,10,6246,0,984,598
forest,72805,11,0,0,13361,0,615,954,370,250,253,0,0,0,0,0,6,6155,0,1374,522
forest,74369,75,56,0,15093,0,905,625,828,178,199,0,0,0,0,0,2,3847,0,640,145
forest,67943,1099,107,0,14455,0,1270,1059,1060,233,498,0,0,0,0,0,3,7758,0,1178,0
forest,64445,881,361,0,14202,0,1211,671,969,251,622,0,0,0,0,0,8,11480,0,1105,248
forest,65699,1215,13,0,14032,0,910,1022,944,289,221,0,0,0,0,0,2,10836,0,1287,63
forest,65204,931,34,0,14059,0,724,1182,1197,246,461,0,0,0,3,0,4,11308,0,1278,0
forest,66045,946,0,0,14145,3,1667,512,1088,107,670,0,1,0,190,0,0,9904,0,1329,272
forest,65754,1425,0,0,14727,0,866,330,1290,198,338,0,0,0,58,0,7,10306,0,1298,137
forest,66327,1499,0,0,14270,0,545,570,931,189,500,0,0,0,72,0,6,10155,0,1216,518
forest,66418,727,0,16,14607,0,809,1011,1121,144,212,0,0,0,94,1,3,10545,4,926,328
forest,67715,1164,0,0,12641,3,784,1209,684,161,382,0,0,0,24,0,3,9338,0,1719,908
forest,65828,1622,0,5,15009,0,1265,715,729,112,772,0,0,0,148,9,4,9475,6,890,479
forest,65586,1321,0,35,14411,0,736,956,1172,121,479,0,0,0,0,9,1,10213,10,1364,577
forest,65564,1219,0,0,14496,0,913,820,1169,110,417,0,0,0,152,0,4,9905,0,1163,648
forest,68527,462,123,0,13408,0,1101,950,850,97,388,0,0,0,353,0,11,8530,0,1208,784
birch_forest,66603,997,27,0,14408,0,1376,1139,1259,87,295,0,0,0,265,0,10,8574,0,1458,430
birch_forest,65692,1280,0,0,14485,4,884,1290,1415,238,574,0,0,0,0,0,15,9430,0,1392,57
birch_forest,66120,995,0,0,14159,4,950,1120,992,250,497,0,0,0,0,0,7,10385,0,1054,48
birch_forest,65857,954,0,0,13908,0,1140,855,663,232,617,0,0,0,91,0,7,10348,0,1307,576
birch_forest,64413,1347,0,0,14449,0,835,547,888,249,759,0,0,0,0,0,3,11745,0,1034,286
birch_forest,65232,728,0,0,14438,0,987,675,1132,239,565,0,0,0,26,0,12,11352,0,1385,56
river,65425,795,0,0,14969,0,974,727,999,185,608,0,0,0,108,0,1,10583,0,955,350
birch_forest,65559,1333,0,0,14564,0,985,899,1219,146,198,0,0,0,227,4,6,9897,8,1317,490
birch_forest,65352,765,0,0,15068,3,1481,1431,666,203,205,0,62,0,112,0,15,11012,0,561,84
birch_forest,65212,973,0,0,14340,0,1031,1183,1450,251,641,0,56,0,0,0,11,10010,0,1416,278
birch_forest,64932,1417,0,20,13887,0,928,973,1315,248,534,0,109,0,0,0,6,10806,0,1311,33
birch_forest,71797,986,0,0,9547,1,911,1142,881,247,304,0,238,51,0,0,8,9502,0,952,79
birch_forest,69152,999,0,93,11897,0,800,769,812,249,477,0,59,188,0,0,9,10456,0,760,0
birch_forest,66859,1437,0,165,12340,1,948,696,904,248,657,0,187,314,0,0,27,10889,0,950,0
birch_forest,66425,1378,0,214,13386,0,1081,809,947,255,235,0,97,424,0,0,39,10716,0,499,24
birch_forest,66817,607,0,244,13015,2,946,1102,703,291,730,0,50,341,0,0,41,10710,0,1195,1
birch_forest,64735,1015,0,448,14600,0,1355,987,786,249,505,0,3,0,0,0,3,11098,0,937,0
birch_forest,65476,780,0,248,13819,0,1233,1302,1220,249,522,0,0,0,0,0,15,10905,0,999,0
birch_forest,68322,1294,127,342,13880,0,811,1047,445,248,275,0,46,0,0,0,11,9329,0,683,1
dark_forest,73616,1024,0,791,13727,0,539,305,545,95,513,0,1,156,0,0,17,4401,0,1285,22
dark_forest,68459,1057,0,663,13828,0,802,298,1092,216,392,0,0,51,0,0,26,7885,0,1164,700
dark_forest,65939,1116,27,894,14177,0,954,644,863,239,711,0,0,102,0,0,17,9201,0,981,33
dark_forest,65418,984,9,420,11376,0,578,798,1624,246,627,0,0,84,0,0,8,10351,0,1001,0
dark_forest,68607,1434,0,226,6426,0,980,949,875,242,199,0,0,127,0,0,9,9488,0,1006,17
dark_forest,65930,1134,0,393,13016,0,929,837,462,178,389,0,0,11,96,8,7,8698,6,908,2616
river,65453,1409,0,572,13935,0,560,745,1352,73,738,0,0,0,88,12,4,8815,20,937,2253
dark_forest,63388,1398,0,613,13849,0,1738,1215,511,240,233,0,0,17,0,0,5,9448,0,1763,1712
dark_forest,65917,1253,0,274,12003,0,662,1201,1142,247,234,0,0,150,0,0,9,10067,0,609,2702
dark_forest,64643,1191,0,442,14895,0,988,1072,528,233,289,0,0,3,0,0,5,9275,0,1153,1499
dark_forest,65324,1156,0,336,14133,0,893,1369,897,175,314,0,0,0,98,8,8,10198,2,1497,312
river,66095,1383,0,726,13997,0,1283,1047,989,0,285,0,0,0,120,13,0,8647,32,936,1679
dark_forest,66044,1206,0,279,13464,0,1236,922,1007,105,590,0,0,0,253,6,5,9807,8,1458,367
dark_forest,65411,1070,0,915,13553,0,836,1168,807,238,512,0,0,18,23,0,8,10622,0,1229,104
birch_forest,66572,1177,137,310,14964,0,1158,1156,1186,251,381,0,0,1,0,0,10,8505,0,911,0
birch_forest,66158,902,0,158,13521,1,972,1077,1157,251,532,0,0,0,0,0,15,10239,0,1476,0
birch_forest,64315,860,0,20,15112,0,1326,636,1337,251,303,0,0,0,0,0,4,11655,0,981,0
birch_forest,64892,1273,0,190,14106,0,1321,1055,1288,249,300,0,0,33,0,0,32,10848,0,1072,0
birch_forest,65510,1409,0,281,12998,0,1050,1266,991,250,271,0,0,40,0,0,26,11088,0,1497,7
birch_forest,63323,1310,0,233,14251,0,1504,1071,1054,250,518,0,0,0,0,0,4,11555,0,1611,0
birch_forest,63932,1365,0,0,13779,0,907,890,707,249,879,0,0,0,0,0,14,12338,0,1662,0
birch_forest,63935,1189,276,0,13660,0,1052,570,1300,249,858,0,0,0,0,0,10,12525,0,937,0
birch_forest,63404,1144,179,0,15311,5,967,986,1204,250,559,0,0,0,0,0,13,12204,0,474,0
birch_forest,63273,1494,45,0,14974,0,1505,1176,1180,249,645,0,0,0,0,0,7,11192,0,974,0
birch_forest,67512,1362,0,0,11407,0,763,1408,1352,248,594,0,0,0,0,0,15,11290,0,763,0
birch_forest,72737,951,0,0,6108,0,1071,1596,756,250,348,0,74,0,0,0,20,11876,0,1059,0
birch_forest,66992,1200,0,0,12646,0,1091,1306,673,249,176,0,0,0,0,0,14,11062,0,1268,1
birch_forest,65805,1615,0,0,14060,0,1316,1378,1507,249,390,0,0,0,0,0,18,9228,0,1264,0
birch_forest,68608,999,110,0,13229,0,776,1394,635,252,270,0,0,0,2,0,11,9408,0,1194,36
birch_forest,64911,1290,0,0,14263,0,1313,1341,990,250,596,0,0,0,0,0,11,10327,0,1299,0
birch_forest,65988,937,0,0,15312,0,1187,1138,745,251,361,0,0,0,0,0,11,9932,0,983,0
birch_forest,66739,1490,0,0,14718,0,1259,1032,1067,250,378,0,0,0,0,0,8,8559,0,1299,0
birch_forest,66686,977,0,12,14828,0,749,876,1071,161,516,0,0,0,0,0,7,9640,0,1057,418
birch_forest,68007,1139,0,1,14340,0,1343,854,724,157,436,0,5,0,0,0,5,8030,0,1628,120
birch_forest,65797,1122,0,0,14683,0,957,620,1801,204,484,0,0,0,7,0,5,9834,0,1112,179
birch_forest,66079,734,0,0,14545,0,857,469,929,2,613,0,0,0,33,0,0,8029,0,1046,3957
birch_forest,66226,340,0,0,14456,4,637,112,187,0,624,10,28,0,0,0,0,6213,0,1147,7238
forest,65909,1302,0,20,14275,0,1191,613,633,136,787,0,98,0,82,0,8,10418,0,615,934
forest,66116,1038,0,0,13067,0,1117,865,1199,247,438,0,133,0,0,0,5,10360,0,1180,1014
forest,63370,1709,0,0,14434,0,947,956,1285,250,694,0,61,0,0,0,3,12022,0,664,283
forest,64110,1154,0,0,13724,0,1105,1010,1350,250,461,0,11,0,0,0,7,12527,0,721,171
forest,71054,587,0,0,9421,0,759,667,1079,252,365,0,0,0,0,0,5,11633,0,912,0
forest,75845,1290,0,0,5393,0,1210,1167,644,249,319,0,0,0,0,0,2,10510,0,47,0
forest,76612,958,0,0,4539,0,1287,944,932,251,89,0,0,0,0,0,9,10942,0,57,0
forest,76584,1339,0,0,4728,0,654,1040,768,248,287,0,0,0,0,0,6,10904,0,92,0
forest,74333,1172,0,0,4944,0,736,1032,1371,248,327,0,6,0,0,0,6,12219,0,93,0
forest,74959,1120,0,0,4943,0,895,829,1233,250,333,0,0,0,0,0,6,11701,0,258,43
forest,75213,450,0,0,5065,0,1158,929,771,252,255,0,24,0,0,0,5,12370,0,264,70
forest,68399,1029,78,0,10466,0,1250,604,936,244,525,0,132,0,0,0,3,9258,0,1123,2536
forest,63656,1223,0,0,14247,0,887,772,1047,247,266,0,4,0,0,0,6,12876,0,1320,0
forest,63112,884,0,0,14199,9,1191,1063,1003,251,403,0,0,0,0,0,7,13503,0,1130,12
birch_forest,65537,702,0,0,11708,0,1043,1281,759,249,416,0,0,0,0,0,7,13946,0,1021,50
birch_forest,66994,962,0,0,11046,0,732,1106,1472,250,210,0,0,0,0,0,10,12130,0,1216,550
birch_forest,62906,1188,0,0,13713,0,546,1193,1133,250,756,0,0,0,0,0,11,12870,0,1311,911
birch_forest,63153,1201,0,0,13951,0,1080,859,1498,252,622,0,0,0,0,0,10,12971,0,1183,105
birch_forest,63910,1914,0,0,14367,0,905,826,761,248,398,0,0,0,0,0,10,11793,0,1371,127
birch_forest,67722,1090,0,0,13448,1,760,957,953,251,232,0,0,0,0,0,15,10547,0,899,0
birch_forest,68423,1809,10,74,11988,1,1315,978,523,310,429,0,4,0,0,0,19,9625,0,1418,8
birch_forest,67326,1070,0,0,12635,0,1003,1207,480,238,584,0,19,0,0,0,10,10337,0,1273,641
birch_forest,66786,256,0,86,14322,0,1154,1045,1298,39,193,0,0,0,205,0,2,8767,0,1358,1702
river,66340,1286,0,263,14948,0,1209,1063,914,0,370,0,0,4,190,29,3,7695,46,946,1902
old_growth_birch_forest,70585,536,0,533,13454,0,825,741,229,0,513,0,0,62,303,0,24,6561,0,1007,1841
old_growth_birch_forest,65512,967,150,428,13416,2,783,929,2030,168,374,0,35,26,37,0,9,9495,0,1513,771
taiga,64862,1011,0,115,14194,0,742,917,860,106,457,0,33,0,0,0,0,11842,0,1222,24
old_growth_pine_taiga,64187,1139,0,235,14455,0,703,1021,1172,0,458,0,4,0,0,0,5,11274,0,1798,0
old_growth_pine_taiga,63009,1128,0,148,14139,0,1073,1347,1358,0,500,0,0,3,0,0,9,12087,0,1702,0
old_growth_pine_taiga,59417,870,3,251,14862,4,1301,1346,1341,0,743,0,1,7,0,0,2,15479,0,905,211
old_growth_pine_taiga,61148,981,7,781,13921,0,602,1192,807,0,803,0,52,19,0,0,5,14706,0,1613,191
old_growth_pine_taiga,63432,1095,0,637,14193,0,761,1065,609,19,570,0,215,0,0,0,8,12734,0,898,150
old_growth_pine_taiga,63180,1235,0,322,15133,0,1667,772,596,103,501,0,0,0,0,0,6,11997,0,956,109
old_growth_pine_taiga,62626,1818,77,540,13548,0,809,866,1249,153,770,0,94,66,0,0,18,11923,0,1718,355
old_growth_pine_taiga,66505,997,0,770,12487,0,959,435,1226,246,381,0,94,409,0,0,38,10804,0,1123,137
taiga,67775,847,0,744,12321,0,1030,679,1085,246,330,0,2,396,0,0,51,9629,0,898,556
taiga,68206,1005,0,365,11797,0,1264,1027,199,249,502,0,6,447,0,0,54,9580,0,777,1135
taiga,68182,1091,0,80,11356,0,1001,1221,474,249,498,0,0,403,0,0,8,9426,0,1239,1326
taiga,66650,603,0,223,12685,2,733,980,1132,302,560,0,0,218,0,0,18,11010,0,1439,2
taiga,66343,1233,0,261,13498,0,915,1167,1288,352,387,0,33,3,0,0,1,10614,0,673,15
taiga,66925,1019,0,0,13652,0,856,1113,990,248,560,0,0,0,0,0,0,10201,0,1356,0
taiga,65318,1224,0,0,14471,1,916,1055,1306,247,483,0,15,0,0,0,2,10780,0,795,0
taiga,64579,1016,0,0,13531,0,1141,1105,1221,250,506,0,0,0,0,0,1,11730,0,1031,0
taiga,64592,1754,0,0,14491,0,1115,728,952,251,461,0,94,0,0,0,3,11494,0,843,0
taiga,64896,1708,0,0,14107,0,1327,904,992,247,528,0,227,0,0,0,1,10984,0,831,2
forest,64867,1443,0,0,13241,0,1508,724,863,239,703,0,0,0,0,0,3,11798,0,1256,0
forest,66294,998,0,0,11377,0,991,925,1467,230,543,0,82,0,0,0,4,13002,0,782,69
forest,65049,976,0,0,11294,2,969,1185,1402,292,381,0,1,0,0,0,5,14033,0,966,198
forest,62977,802,0,0,13730,0,762,1152,1155,299,339,0,1,0,0,0,9,13913,0,1506,37
forest,63520,1149,0,0,12687,2,1471,1180,1028,250,154,0,0,0,0,0,3,13669,0,1368,3
forest,61935,1633,0,0,13673,0,999,1307,1655,249,636,0,0,0,0,0,11,12428,0,1275,0
forest,63501,1835,0,0,11602,0,854,1102,1162,250,295,0,0,0,0,0,3,12869,0,1324,0
forest,62846,1067,0,0,13451,0,881,1284,1056,257,362,0,0,0,0,0,11,13510,0,817,57
forest,70646,317,0,0,14110,0,286,803,206,171,506,0,0,0,0,0,6,4352,0,1218,4518
forest,68853,679,0,0,13149,0,724,692,809,73,249,0,0,0,91,0,4,8307,0,990,2442
forest,67890,1006,0,6,12693,0,1020,578,1517,7,454,103,0,0,69,1,0,7961,2,910,2931
cold_ocean,67335,861,0,0,14277,0,428,253,1203,0,615,0,51,0,0,15,0,6401,12,1013,4789
cold_ocean,68953,472,0,0,14390,0,623,208,718,0,500,0,2,0,9,18,0,5246,10,1268,4897
cold_ocean,70701,290,0,0,13470,0,741,148,330,0,563,0,0,0,1,20,0,6643,16,691,3616
cold_ocean,69407,1080,0,0,13502,0,552,150,845,4,1077,0,0,0,31,31,0,5421,32,1271,3951
cold_ocean,66420,375,0,0,15173,0,616,302,989,0,514,122,0,0,108,13,0,7083,6,930,4597
cold_ocean,66248,1207,0,0,14308,0,1197,283,901,0,684,195,0,0,4,7,0,6520,12,1541,4068
cold_ocean,66664,605,0,0,14535,0,1119,197,804,0,692,0,0,0,0,31,0,7434,24,991,4129
cold_ocean,67911,611,0,0,13029,2,965,206,1016,0,731,0,357,0,0,10,0,6634,4,824,4958
cold_ocean,67439,668,0,0,13435,0,1211,258,831,0,386,0,675,0,0,17,0,6553,16,616,5194
cold_ocean,73226,694,0,0,8952,0,551,336,532,22,661,0,269,0,0,19,0,5319,14,937,5794
forest,71710,905,0,6,10981,0,722,158,1106,11,678,0,474,0,142,1,1,6376,2,1107,2793
forest,66443,1167,0,1,12872,0,1431,553,946,244,393,0,37,0,14,0,10,9563,0,2224,543
forest,65076,1495,0,0,14052,0,1095,1168,1055,251,604,0,0,0,0,0,1,9876,0,1699,194
forest,64575,996,0,0,14094,0,1790,1454,1076,265,575,0,5,0,0,0,1,10092,0,1531,0
forest,66285,1231,0,0,13005,0,1039,1041,1660,241,514,0,108,0,0,0,2,10129,0,1330,0
forest,64947,1183,0,0,13660,2,1225,1146,953,280,447,0,1,0,0,0,4,11605,0,1104,0
forest,66332,727,0,0,13021,2,1304,782,1163,260,419,0,1,0,0,0,9,11497,0,1313,0
forest,66508,1189,0,0,15108,1,959,886,982,235,412,0,0,0,0,0,7,9160,0,1209,0
forest,67123,1321,0,0,14281,2,631,721,678,221,693,0,0,0,0,0,7,9981,0,1077,0
forest,68270,1424,0,0,11788,0,1179,995,1074,250,320,0,0,0,0,0,4,10399,0,941,0
forest,67827,974,0,0,9253,0,1650,806,1457,241,360,0,9,0,39,0,5,10500,0,1031,116
forest,65830,1125,0,0,14549,3,1250,720,1236,148,5,0,1,0,371,0,5,8893,0,1235,1037
river,65888,1005,0,13,15204,0,756,805,1371,65,508,0,6,0,234,21,3,8043,12,981,2156
forest,66574,1108,0,11,13817,0,1364,672,905,35,414,0,0,0,214,0,2,9332,2,1789,1029
forest,66876,909,0,0,14696,0,1004,1176,897,244,337,0,0,0,0,0,7,9316,0,1069,6
forest,66131,1571,0,0,13310,0,1443,1118,1029,252,286,0,0,0,0,0,10,10183,0,1295,24
forest,66162,1255,0,0,14286,0,669,832,1032,249,612,0,0,0,0,0,2,10019,0,1395,0
forest,67428,1168,0,0,14461,0,398,836,564,251,636,0,24,0,0,0,8,9652,0,1281,0
forest,67052,618,0,0,13965,2,787,767,742,249,312,0,0,0,0,0,10,10292,0,1832,0
forest,67326,1258,0,0,14096,0,738,926,854,250,421,0,0,0,0,0,9,9049,0,1793,0
forest,68705,816,0,0,13233,0,335,1051,979,251,715,0,0,0,0,0,9,8490,0,1849,0
forest,68731,643,103,0,13513,0,346,922,1120,255,568,0,0,0,0,0,4,8952,0,1477,0
forest,66355,887,62,0,14016,0,1015,723,849,252,281,0,0,0,0,0,4,11296,0,961,51
forest,63477,678,0,0,13702,1,1014,1174,1456,249,801,0,0,0,0,0,2,12785,0,1195,21
forest,65589,1047,0,0,12808,0,659,1063,1202,251,422,0,37,0,0,0,1,11758,0,1540,236
forest,69246,988,0,0,10438,0,1343,1163,872,221,99,0,201,0,1,0,3,10726,0,1285,136
river,66413,1099,0,6,14140,3,1234,1280,889,17,210,0,39,0,191,13,1,8667,14,1319,1478
forest,66947,1490,0,1,13141,0,1060,819,631,5,685,0,0,0,194,12,0,9767,4,1238,1135
forest,68895,878,0,10,12769,0,1106,744,659,151,482,0,0,0,143,0,1,10178,0,159,538
forest,66343,1516,0,0,13564,0,899,698,876,246,144,0,0,0,0,0,5,10999,0,856,562
forest,65880,848,0,0,14298,0,1729,1037,1148,248,208,0,0,0,0,0,4,9501,0,1423,157
forest,65357,976,0,0,13567,2,1377,1087,892,247,443,0,172,0,0,0,3,10685,0,1578,201
forest,64705,818,0,0,13717,0,897,1133,1141,250,739,0,2,0,0,0,5,12524,0,750,30
forest,65187,1057,0,0,13693,0,1286,1017,873,250,596,0,0,0,0,0,5,11596,0,1085,61
forest,66589,877,0,0,12496,1,1025,1175,1088,244,672,0,0,0,0,0,5,11571,0,978,0
forest,65278,1388,0,0,11754,1,841,1258,778,249,59,0,0,0,0,0,2,12254,0,2100,333
forest,67768,1007,0,0,10903,0,882,1534,1059,250,412,0,27,0,0,0,5,10332,0,1426,1004
forest,74392,1026,0,0,7301,0,539,893,1237,254,263,0,144,0,0,0,3,8409,0,982,1348
forest,77289,1199,0,0,4058,0,792,773,415,250,106,0,523,0,0,0,3,7215,0,213,4037
forest,81073,686,0,0,2263,0,205,1113,376,248,291,0,300,0,0,0,5,8172,0,5,1858
forest,68501,782,0,0,10642,0,640,876,1447,249,225,0,417,0,0,0,9,9742,0,1070,1774
forest,64154,995,0,0,13222,0,1525,1185,840,249,718,0,50,0,0,0,4,11388,0,1472,637
forest,64409,1387,0,0,12990,0,1294,1197,540,252,450,0,0,0,0,0,8,12083,0,1843,215
forest,64260,1131,0,0,13074,0,982,905,1168,249,711,0,1,0,0,0,10,11628,0,2242,8
forest,64037,1378,0,0,14630,0,962,935,928,249,554,0,0,0,0,0,2,11427,0,959,375
forest,63488,1266,0,0,14673,0,914,919,1430,252,379,0,0,0,0,0,9,11717,0,1485,34
forest,63129,1140,0,0,14783,0,1291,1246,903,247,528,0,0,0,0,0,14,11776,0,1040,72
forest,64044,1591,0,0,13947,0,733,1311,1180,253,332,0,0,0,0,0,11,10759,0,1514,902
forest,63133,1560,20,0,14457,0,1087,877,992,266,211,0,0,0,0,0,12,12013,0,1163,823
forest,61743,894,205,0,13598,0,1071,1049,1130,367,552,0,0,0,0,0,4,13733,0,1653,524
forest,61538,968,111,0,13899,0,1108,1002,704,251,885,0,0,0,0,0,7,13554,0,1216,1301
forest,65539,1046,179,0,13912,0,835,983,1207,251,259,0,1,0,0,0,4,9487,0,1312,1009
forest,68230,1233,85,0,14452,0,688,1114,1013,249,439,0,0,0,0,0,3,8110,0,989,20
forest,64829,800,56,0,14083,0,1227,1121,1075,251,460,0,0,0,0,0,7,11220,0,1516,15
forest,66531,974,0,0,14478,0,1058,700,769,262,618,0,1,0,5,0,6,9968,0,1193,258
forest,67344,1053,0,0,13942,0,354,653,987,224,378,0,0,0,11,0,3,10061,0,1460,451
old_growth_birch_forest,66518,569,0,0,14954,0,1383,774,861,231,401,0,0,0,0,0,12,10568,0,580,145
old_growth_birch_forest,66792,868,0,0,14307,0,1256,905,1160,245,892,0,30,0,0,0,5,9121,0,1208,35
old_growth_birch_forest,67189,1017,0,0,14338,0,1301,767,1101,253,294,0,33,0,0,0,13,10038,0,602,27
old_growth_birch_forest,66993,1130,0,0,12234,0,1478,835,1361,249,578,0,0,0,0,0,5,11098,0,738,0
old_growth_birch_forest,66189,1505,0,106,12288,0,1370,827,871,248,725,0,1,0,0,0,8,11044,0,1502,0
old_growth_birch_forest,66527,1652,0,135,13065,4,1066,1038,945,249,243,0,0,0,0,0,2,10452,0,1326,0
old_growth_birch_forest,69988,1175,0,118,9621,0,1222,1386,857,251,392,0,0,0,0,0,12,10922,0,761,0
old_growth_birch_forest,68979,855,0,449,10798,0,1116,1096,1147,224,350,0,2,89,3,0,10,10300,0,1239,178
dark_forest,67831,517,0,325,13027,0,1329,362,719,24,650,0,0,201,53,0,25,6905,0,1565,3598
river,67117,1380,0,741,13205,0,919,312,732,0,567,0,0,107,10,2,0,6825,0,791,4477
river,66859,893,0,622,13072,0,738,49,577,0,861,0,1,15,0,20,5,5639,24,1127,6748
dark_forest,66652,710,0,1140,13970,0,1045,492,103,116,301,0,0,130,2,2,24,7399,2,1048,3464
dark_forest,64533,632,0,316,15098,0,702,794,862,209,448,0,0,0,0,0,7,10733,0,859,1146
dark_forest,64660,1150,0,891,13697,0,1024,842,1248,237,551,0,0,81,0,0,11,9410,0,1491,977
dark_forest,66041,1140,0,1005,13824,0,983,552,927,239,660,0,0,218,0,0,5,8050,0,937,1451
dark_forest,65609,1015,0,870,13071,0,957,489,550,236,712,0,0,215,0,0,4,9469,0,1789,1011
dark_forest,65700,749,0,1105,13589,2,979,938,348,244,516,0,0,10,0,0,8,10741,0,1588,0
dark_forest,65127,801,0,766,13459,0,1038,789,911,245,905,0,1,72,0,0,21,11075,0,1209,0
dark_forest,65697,864,0,1747,13134,0,1366,668,1034,246,563,0,0,223,0,0,30,10082,0,756,1
dark_forest,65705,1042,17,1670,12698,0,1394,729,878,242,332,0,0,110,0,0,20,10173,0,1628,0
dark_forest,65927,1100,154,1395,13933,0,1382,933,888,245,136,0,0,169,0,0,48,9039,0,948,15
dark_forest,66730,1189,0,2311,12568,0,948,1209,1052,236,492,0,0,251,11,0,16,7937,0,1036,214
dark_forest,68660,992,0,1620,11905,0,292,489,540,141,640,0,0,675,372,0,58,8073,0,1292,870
dark_forest,66475,775,0,1576,13026,0,571,679,660,0,424,0,0,48,205,21,0,8132,12,677,3945
river,65855,792,0,1558,13722,0,1207,336,1098,0,547,0,0,0,72,39,0,6486,72,863,4501
river,66823,588,0,1468,11977,0,678,247,532,0,558,0,103,274,7,10,13,8774,28,1023,4117
dark_forest,68059,1466,0,1822,10300,0,1032,707,535,0,718,0,246,539,305,8,56,8945,12,940,1404
dark_forest,66818,968,0,1426,11182,0,1311,783,726,45,566,0,139,243,274,0,57,10293,0,1091,377
dark_forest,65717,714,0,999,13421,2,1383,1167,1244,211,466,0,64,69,36,0,33,9515,0,1237,185
dark_forest,68581,1033,0,1200,11354,0,980,1270,866,209,524,0,51,636,0,0,64,8466,0,1165,41
dark_forest,67812,585,0,1777,11945,0,1652,1098,1039,240,508,0,0,399,0,0,72,8076,0,687,152
dark_forest,66616,852,0,1331,13734,0,1587,892,604,239,312,0,0,403,0,0,82,8257,0,1056,182
dark_forest,68601,809,70,1483,12280,0,851,1039,934,255,685,0,26,235,0,0,35,8209,0,814,102
dark_forest,65756,1279,78,1043,14657,0,1110,1093,729,241,477,0,109,121,3,0,22,9142,0,507,7
dark_forest,65274,1310,0,763,14392,0,1078,1044,1336,203,675,0,12,18,18,0,22,8809,0,1397,288
river,66713,1503,0,921,13553,3,875,803,1547,16,768,0,77,110,158,13,5,7414,16,467,1593
dark_forest,67888,871,0,875,10737,0,961,903,1362,173,490,0,0,386,0,11,72,9048,10,754,796
old_growth_spruce_taiga,64415,1902,0,783,14165,0,1353,1017,912,51,305,0,0,116,0,0,39,10140,0,1027,48
old_growth_spruce_taiga,64894,1120,0,635,13421,0,1152,1086,1200,0,409,0,37,419,0,0,83,10114,0,1554,145
old_growth_spruce_taiga,61218,1334,0,852,14566,0,1058,1513,707,0,643,0,0,81,0,0,34,13764,0,825,8
old_growth_spruce_taiga,57679,1429,0,470,14562,2,1103,1430,1538,0,537,0,0,3,0,0,6,16887,0,871,1
old_growth_spruce_taiga,55049,1516,0,632,14722,0,1110,1271,892,0,665,0,6,0,0,0,10,18184,0,1066,0
old_growth_spruce_taiga,54525,949,0,833,14694,5,1403,973,990,0,625,0,0,0,0,0,4,19909,0,1081,0
old_growth_spruce_taiga,53822,1271,0,194,14168,0,1501,1011,1022,18,878,0,0,0,0,0,4,20646,0,1592,0
old_growth_spruce_taiga,54796,2385,0,507,14916,0,749,1272,1006,161,776,0,0,0,0,0,8,18791,0,974,0
old_growth_spruce_taiga,56073,1590,0,644,15093,2,750,826,889,91,591,0,0,0,0,0,8,18183,0,1123,0
old_growth_spruce_taiga,58633,979,0,637,13915,0,1133,904,873,213,803,0,0,0,0,0,6,17134,0,1468,5
old_growth_spruce_taiga,58256,600,0,968,15388,3,1030,896,1818,18,403,0,0,0,0,0,9,15365,0,886,73
old_growth_spruce_taiga,59472,1311,0,669,13974,0,1252,866,1170,34,576,0,0,0,0,0,5,15270,0,1131,5
old_growth_spruce_taiga,59133,1556,0,372,13752,0,1509,1047,1251,79,704,0,8,0,0,0,12,14360,0,1570,324
old_growth_spruce_taiga,58711,1429,0,613,15154,10,541,1142,1039,155,139,0,0,5,0,0,10,14718,0,799,1662
old_growth_spruce_taiga,60646,1780,55,711,14510,0,524,1048,804,48,468,0,75,29,0,0,21,13782,0,1397,543
old_growth_spruce_taiga,64276,1329,132,771,13350,0,1595,1002,1173,11,493,0,6,0,111,0,1,10354,0,1051,851
old_growth_spruce_taiga,66157,734,68,787,13962,0,672,511,979,0,551,0,15,69,85,0,7,9432,0,869,2255
river,66238,1342,0,469,13591,0,624,220,887,0,672,0,0,156,0,24,0,7027,24,1202,4801
river,66293,791,0,572,14137,0,887,142,322,0,461,0,0,86,42,32,5,8218,40,1009,4162
old_growth_spruce_taiga,65552,1013,0,566,14280,0,678,579,991,145,556,0,0,0,107,11,1,11062,12,673,658
old_growth_spruce_taiga,64947,1169,0,568,12494,0,490,814,845,159,514,0,0,0,0,0,14,13311,0,1065,0
old_growth_spruce_taiga,61764,851,0,499,14302,1,937,740,1117,229,599,0,0,51,0,0,8,14474,0,1231,0
old_growth_spruce_taiga,60641,948,0,534,14138,0,1117,753,1017,242,588,0,0,315,0,0,18,14678,0,1449,0
old_growth_spruce_taiga,58565,785,0,336,14859,0,1441,824,1246,125,660,0,0,14,0,0,7,16245,0,962,22
old_growth_spruce_taiga,56450,1176,0,192,14923,0,1037,952,962,66,975,0,0,33,0,0,22,18064,0,953,1
old_growth_spruce_taiga,56603,1373,0,579,14176,0,1174,782,1337,74,733,0,0,69,0,0,13,18216,0,591,4
old_growth_spruce_taiga,58602,1026,0,381,13329,0,757,948,1560,102,412,0,0,114,0,0,38,17254,0,1270,6
old_growth_spruce_taiga,60049,1012,0,548,13796,5,1008,858,1481,11,667,0,0,6,0,0,1,15158,0,1187,0
old_growth_spruce_taiga,64019,636,0,369,12243,0,1439,742,1511,96,479,0,0,4,2,0,3,11443,0,967,564
river,67852,1692,0,121,10725,0,1031,316,1004,0,464,0,8,34,9,18,5,6582,10,691,4090
river,68280,1284,0,28,9235,8,901,722,1401,49,613,0,29,174,91,15,2,7976,20,716,2879
old_growth_pine_taiga,66107,618,0,0,8058,0,1159,868,1136,191,453,0,0,0,0,0,2,14442,0,923,0
old_growth_pine_taiga,64150,1186,246,0,9653,0,790,741,1631,246,656,0,83,0,0,0,4,14966,0,937,0
old_growth_pine_taiga,64024,935,0,0,11881,0,1469,774,1129,232,233,0,0,0,0,0,4,14190,0,852,280
old_growth_pine_taiga,62739,1089,0,0,12442,0,1288,568,1140,284,413,0,1,0,0,0,6,13266,0,1798,564
old_growth_pine_taiga,60104,1334,0,0,14187,0,1044,716,815,248,443,0,0,0,0,0,4,15990,0,1359,164
taiga,63416,1464,0,12,15126,0,1072,689,1503,209,330,0,0,0,13,9,1,11199,4,767,838
river,68481,972,0,6,11386,5,776,580,1251,83,294,0,0,0,228,22,1,9960,38,973,1318
river,65761,1141,0,0,12664,2,581,1119,1170,214,303,0,146,0,4,5,3,11115,6,950,965
taiga,62508,828,0,0,14111,0,1198,1264,1231,326,676,0,3,0,0,0,1,12406,0,1652,726
taiga,59861,1304,181,0,14258,0,812,1375,1402,452,704,0,71,0,0,0,0,15256,0,1194,0
taiga,58869,740,0,0,14593,5,1237,1237,1321,249,276,0,0,0,0,0,1,15563,0,1101,0
taiga,58844,937,96,0,14642,0,1075,1110,1000,250,381,0,0,0,0,0,2,16941,0,1118,0
taiga,57942,1330,54,0,15336,0,892,1546,514,248,552,0,0,0,0,0,0,17159,0,721,0
taiga,61405,1369,0,0,15061,0,609,938,737,232,363,0,0,0,0,0,1,13462,0,351,174
taiga,60071,1280,0,0,14506,1,1633,1305,837,199,818,0,0,0,0,0,2,14491,0,797,1
taiga,60530,1333,0,0,14632,0,859,1440,659,213,539,0,2,0,0,0,0,15208,0,1100,0
taiga,61883,411,0,0,15078,0,870,1223,606,211,360,0,64,0,0,0,1,14510,0,1210,0
taiga,63209,871,0,0,14901,0,709,1053,1616,244,225,0,0,0,0,0,1,12047,0,1190,4
taiga,64765,1290,0,0,14349,0,1019,802,1287,251,208,0,0,0,0,0,0,11309,0,1452,0
taiga,66598,1004,0,5,13796,0,1016,757,1084,156,645,0,0,0,11,0,3,9879,0,1512,191
river,66884,1135,0,0,13570,0,1168,442,1306,0,614,0,0,0,176,39,0,8310,28,1490,2099
forest,66134,918,0,0,14510,0,1259,922,631,134,430,0,0,0,75,12,1,9579,16,1487,736
forest,65878,1305,0,0,14294,0,611,976,627,250,292,0,0,0,0,0,8,10527,0,1790,0
forest,67643,1208,0,0,14662,0,779,1089,921,249,557,0,0,0,0,0,8,8690,0,846,2
forest,66416,1029,0,0,15021,0,1184,1218,802,226,411,0,0,0,0,0,1,8721,0,1356,13
forest,66010,782,82,0,13967,0,748,1252,633,253,170,0,241,0,0,0,10,9971,0,965,72
forest,65156,1167,19,0,14090,0,820,1201,794,249,250,0,452,0,0,0,0,10521,0,742,339
forest,65712,1082,112,0,13875,0,785,978,491,249,384,0,0,0,0,0,4,10847,0,794,577
forest,65667,1338,110,0,13963,0,929,1121,1067,253,518,0,0,0,0,0,6,10088,0,855,511
forest,63851,1332,38,0,14357,0,908,1210,1208,260,428,0,1,0,0,0,7,11486,0,1300,86
plains,62394,1047,0,0,14832,0,1301,1124,801,255,923,0,0,0,0,0,42,12855,0,1245,60
plains,63181,1305,0,0,13774,0,1257,906,895,255,983,0,0,0,0,0,37,12622,0,1759,0
plains,66015,1064,0,0,14499,4,1159,906,1388,290,524,0,0,0,0,0,42,9925,0,920,262
plains,67084,1131,0,0,14725,0,761,620,769,220,326,0,0,0,0,0,24,8834,0,1211,1425
plains,66942,449,0,0,15701,0,1314,394,654,74,293,0,0,0,13,0,13,7711,0,770,2761
plains,67924,795,0,0,14360,0,623,234,467,29,624,0,0,0,29,0,4,6800,0,858,4303
plains,66264,1656,0,0,14087,0,1206,416,724,218,362,0,0,0,69,0,49,9769,0,1270,1063
plains,65603,1535,0,0,15241,0,1561,507,894,248,607,0,0,0,4,0,54,10069,0,759,45
plains,65485,1406,0,0,14515,0,882,1157,1397,185,421,0,0,0,35,5,25,10166,10,1297,124
plains,65561,1451,0,0,14381,3,1464,1073,767,250,465,0,44,0,9,1,37,10794,0,835,3
plains,66616,921,0,0,13150,8,1243,1101,759,150,556,0,98,0,178,0,18,10708,2,1517,72
plains,66032,1279,139,0,14629,0,1444,1008,657,245,260,0,0,0,0,0,14,10749,0,459,14
plains,67223,931,0,0,13654,0,1097,1291,629,227,512,0,1,0,0,0,16,10005,0,1650,1
plains,71057,642,0,0,12292,1,1218,1129,902,256,390,0,0,0,0,0,30,6994,0,909,1
plains,68024,696,0,0,12334,0,926,1142,1042,256,499,0,1,0,0,0,44,9672,0,1321,0
plains,72422,462,0,0,14415,0,499,243,983,57,570,0,0,0,0,0,5,5691,0,1303,0
plains,70208,1479,0,0,13460,0,823,548,484,109,235,0,0,0,0,0,13,7671,0,752,0
plains,68224,1080,0,0,11493,0,979,707,1045,260,551,0,0,0,0,0,58,11163,0,962,0
plains,68172,767,0,0,11785,0,845,969,832,289,469,0,0,0,0,0,54,10786,0,1080,0
plains,67209,1633,0,0,11723,0,940,1470,1333,256,220,0,1,0,0,0,67,10057,0,669,0
plains,67531,618,0,0,12009,0,1050,1252,1093,256,545,0,37,0,0,0,60,10454,0,791,54
plains,69916,1218,0,0,12483,0,837,1221,932,292,462,0,0,0,0,0,72,8909,0,892,1
plains,67408,1059,0,0,14083,0,1206,1204,817,275,344,0,40,0,0,0,50,9425,0,1203,6
plains,66550,1049,0,0,13942,0,1258,1177,651,276,590,0,59,0,0,0,48,10599,0,844,110
plains,67814,1113,0,0,12591,0,736,1075,1194,218,522,0,15,0,0,0,55,11201,0,446,71
plains,65268,892,151,0,13639,0,994,1002,1256,163,395,0,0,0,0,0,45,11499,0,1171,300
plains,66186,1401,0,0,12637,0,1227,778,1052,179,468,0,98,0,48,1,32,11752,0,1093,65
river,66815,1454,0,31,13253,0,922,914,1249,62,420,0,66,0,238,12,9,8977,14,1638,1067
river,69385,591,0,0,11637,0,967,615,347,53,496,0,0,0,295,3,3,5834,0,931,6077
plains,73310,414,0,32,10477,0,163,694,578,151,315,0,0,0,37,0,27,4541,0,1175,5396
plains,80002,112,0,0,10640,0,654,581,646,195,186,0,0,0,48,0,42,2576,0,1222,414
plains,75750,872,0,0,12469,0,389,629,530,266,127,0,56,0,0,0,54,5176,0,925,0
plains,71140,693,0,0,12325,0,1244,1026,944,286,189,0,240,0,0,0,61,8279,0,768,0
plains,68447,1249,0,0,12651,0,1722,1119,892,264,193,0,286,0,0,0,27,9176,0,1112,0
plains,67044,725,8,0,13863,2,1239,774,651,256,241,0,207,0,0,0,68,11385,0,700,0
plains,64935,1341,32,0,14340,0,445,980,1234,211,919,0,0,0,0,0,29,11781,0,790,0
windswept_gravelly_hills,63694,1174,0,0,14122,0,863,546,1020,101,931,0,0,0,0,0,2,13793,0,820,0
windswept_gravelly_hills,65325,1399,0,0,13097,0,1134,360,1165,0,1478,0,0,0,0,0,0,11619,0,1568,0
windswept_gravelly_hills,62914,1053,0,0,14163,0,891,622,756,50,1298,0,0,0,0,0,3,13943,0,1225,1
windswept_gravelly_hills,60786,847,0,0,15052,0,1163,576,1154,51,732,0,0,0,0,0,2,15375,0,1075,102
windswept_gravelly_hills,60424,1218,188,0,15188,0,1371,767,1186,99,927,0,100,0,0,0,4,14655,0,706,99
windswept_gravelly_hills,59606,1313,0,0,14155,0,1160,642,834,64,1424,0,34,0,0,0,0,15535,0,1502,801
windswept_gravelly_hills,57673,1105,0,0,14571,8,749,449,1142,8,737,0,0,0,0,0,0,17009,0,1574,1848
windswept_gravelly_hills,63109,879,0,0,15004,0,1156,785,1081,198,322,0,0,0,0,0,1,10528,0,1426,2490
swamp,62560,1101,0,0,13659,0,605,1046,1042,249,567,0,0,0,0,0,14,12942,0,1394,1692
swamp,67028,979,0,0,13147,0,995,1021,1082,176,230,0,0,0,0,0,23,10912,0,365,920
swamp,68729,2049,0,8,11544,0,1484,1236,722,4,319,0,1,0,0,9,2,8961,56,1214,501
swamp,68564,600,0,32,12629,0,1279,1562,1278,0,402,0,0,0,0,9,0,8955,42,797,1056
swamp,67284,1300,0,18,13385,9,952,959,1118,0,645,0,0,0,0,23,0,9320,86,1287,758
swamp,67362,1410,0,23,13835,0,583,1037,833,0,399,0,0,0,0,18,0,9530,20,1035,684
swamp,66766,1544,0,39,13650,0,809,1002,949,0,812,0,38,0,0,21,0,8965,78,1312,1045
swamp,66377,1522,0,31,14804,0,892,760,547,8,297,0,0,0,0,19,2,5719,20,987,5037
swamp,70230,977,0,8,9525,0,543,906,516,0,535,0,0,0,0,31,0,3481,90,1596,8951
swamp,67684,799,0,13,10102,0,836,1126,865,0,470,0,96,0,0,15,0,3625,44,1081,10411
swamp,65763,1155,0,28,11751,0,568,1356,1364,0,355,0,0,0,0,11,0,9173,30,682,4693
swamp,67314,686,0,16,10940,5,1113,1502,377,0,406,0,58,0,0,18,0,8129,92,785,5666
swamp,66871,750,0,0,12088,0,838,1250,954,146,727,0,88,0,0,3,9,8723,4,1298,3280
swamp,65500,1149,0,0,13253,0,1159,1122,926,243,172,0,29,0,0,3,10,11721,0,1360,216
swamp,63873,1065,0,0,15888,0,1060,929,1132,255,549,0,0,0,0,0,28,11760,0,245,25
swamp,64037,1070,0,0,14308,1,1316,725,1285,254,456,0,21,0,0,0,27,11687,0,1712,0
swamp,66118,739,0,0,13431,8,1254,705,998,217,393,0,1,0,116,0,25,11188,0,666,0
swamp,73033,782,0,15,9281,0,962,778,716,148,301,0,0,0,134,3,13,8655,8,1304,91
swamp,69912,1248,137,0,9262,1,797,1083,625,245,400,0,416,0,0,0,26,11253,0,1314,65
swamp,68352,1673,0,20,12280,0,858,1156,610,74,594,0,89,0,0,7,8,9964,16,911,449
swamp,66954,1499,0,6,12463,0,1037,938,925,63,422,0,0,0,0,9,7,10797,0,1449,208
swamp,66536,526,0,34,13035,0,598,876,1423,123,393,0,0,0,0,5,17,11098,0,1097,127
swamp,68091,1476,0,11,11253,0,1616,757,988,62,371,0,10,0,0,11,15,9738,26,576,287
swamp,73725,1057,0,13,7301,0,1248,726,1175,0,319,0,0,0,0,12,0,8426,32,1006,2110
forest,72689,91,0,5,9189,0,1163,523,1309,0,439,0,0,0,92,6,0,8394,18,437,2910
forest,67380,882,0,22,12870,0,756,558,803,0,605,0,231,0,473,0,0,9442,0,1433,1458
beach,69436,1322,0,26,11738,0,1374,417,674,0,272,0,185,0,529,0,0,7975,0,898,2031
beach,67451,904,0,11,12966,0,1394,448,1078,0,405,0,10,0,686,0,0,9053,0,1315,1228
forest,66113,749,0,5,14418,0,557,429,866,0,657,0,107,0,327,0,0,10072,0,946,1895
forest,65915,1098,0,1,14422,0,1346,612,1026,0,421,0,136,0,336,1,0,8544,2,1337,1821
river,66659,463,0,0,14538,0,1455,615,927,0,397,0,71,0,145,2,0,8539,14,775,2566
windswept_savanna,65812,682,0,0,14892,0,958,128,1488,0,670,0,0,0,12,0,0,7720,0,1453,3334
forest,65907,1000,0,12,14222,0,612,627,1439,16,420,0,119,0,167,0,0,9335,0,1308,1958
forest,66274,815,0,21,13293,0,1461,801,423,120,572,0,3,0,41,0,0,10560,0,917,1596
forest,67377,412,0,0,11987,0,340,900,575,189,485,0,1,0,84,0,2,8027,0,1497,4888
forest,67443,720,0,0,12655,0,310,1020,261,255,274,0,4,0,0,0,11,6206,0,1819,5763
forest,69249,471,0,0,14395,0,582,1576,768,255,383,0,0,0,0,0,11,6772,0,1222,1020
forest,69589,1140,0,0,14740,0,488,1192,681,242,493,0,1,0,0,0,5,6142,0,1356,649
forest,64918,991,0,0,15486,0,1013,1230,662,269,262,0,2,0,0,0,5,11565,0,335,7
forest,63905,1563,76,0,13488,0,1312,1260,1635,251,237,0,0,0,0,0,9,11399,0,1560,0
forest,64025,1103,97,0,14221,0,1477,1473,887,278,397,0,0,0,0,0,1,11649,0,963,25
forest,64297,1282,0,0,14358,0,770,1188,994,245,732,0,0,0,0,0,7,11406,0,1259,5
forest,63994,1476,0,0,14863,2,1265,872,977,248,681,0,0,0,17,0,3,11041,0,1263,0
forest,64745,848,0,0,15027,0,670,911,1188,251,521,0,0,0,0,0,5,11272,0,1244,0
forest,64801,1529,0,0,14886,0,1030,1236,645,250,364,0,0,0,0,0,8,10472,0,1296,0
forest,66221,1394,0,0,14402,2,1792,1112,1090,251,550,0,0,0,0,0,12,8561,0,792,0
forest,68219,989,0,0,12148,0,879,1103,1276,218,236,0,0,0,0,0,6,9939,0,633,763
forest,65664,1148,0,0,14708,0,1337,836,898,181,378,0,0,0,0,0,4,9861,0,689,1118
forest,66481,1063,0,0,13917,0,980,917,806,153,339,0,0,0,50,0,6,10460,4,1324,482
forest,67794,1135,0,12,13288,3,959,976,1353,86,631,0,0,0,32,0,2,9046,0,961,834
river,68388,770,0,0,13267,0,1016,827,582,0,240,0,0,0,280,22,0,9414,42,677,1530
birch_forest,68431,995,0,10,13148,0,1020,1116,1022,0,579,0,0,0,271,3,0,8742,4,525,954
birch_forest,67321,774,0,16,14578,3,719,1431,591,28,475,0,0,0,30,4,1,8524,2,1145,949
birch_forest,66168,1019,0,8,14270,0,1480,1191,1826,70,133,0,2,0,267,0,2,8847,0,902,767
birch_forest,65836,1202,0,0,14686,0,905,1053,1043,200,340,0,0,0,76,0,10,9697,0,1119,164
river,65809,945,0,0,14892,0,1378,830,956,124,548,0,20,0,98,2,5,9840,0,733,733
river,65946,1772,0,0,14728,0,689,716,1324,21,678,0,0,0,259,25,0,9013,28,1232,774
river,65903,1014,0,0,14951,0,1000,739,590,51,377,0,50,0,239,11,2,10024,12,1192,952
river,65825,682,0,0,13406,0,605,713,1305,3,197,0,0,0,374,21,0,9100,36,1896,2702
river,65794,803,0,6,14379,0,1158,687,1095,1,376,0,0,0,332,0,0,8025,0,1140,3303
birch_forest,66035,1196,0,18,14177,1,1070,785,1022,99,338,0,15,0,366,0,2,8847,0,1418,1579
birch_forest,67604,770,0,92,11975,0,629,701,1447,221,581,0,283,0,3,0,7,9893,0,1608,927
birch_forest,72530,935,0,0,11310,0,204,1114,596,247,334,0,111,0,3,0,10,6833,0,1008,1747
birch_forest,79044,773,0,15,6768,0,715,580,242,248,377,0,158,58,0,0,15,6712,0,771,350
birch_forest,67558,835,0,92,12287,2,364,730,1392,250,438,0,125,56,0,0,32,11511,0,1116,1
birch_forest,67171,1540,0,465,12468,0,624,911,1001,262,774,0,128,214,0,0,27,10235,0,929,18
birch_forest,68323,1516,0,479,12468,0,846,866,1269,314,289,0,1,352,0,0,54,8984,0,1024,45
birch_forest,67352,971,0,197,13645,0,945,1236,869,264,394,0,1,108,0,0,15,9913,0,805,16
birch_forest,68108,1294,0,242,13229,0,1151,1180,978,252,452,0,0,37,0,0,9,8853,0,1133,0
birch_forest,70440,898,0,475,14401,0,1058,646,1240,174,460,0,1,0,0,0,7,6397,0,844,0
birch_forest,72907,364,0,477,14034,0,635,444,1012,106,307,0,1,90,0,0,8,5402,0,1320,10
birch_forest,69022,942,67,236,13492,0,826,603,988,237,479,0,0,19,0,0,20,8538,0,1166,9
dark_forest,66885,1348,300,103,14241,0,477,596,836,246,206,0,0,242,0,0,38,9860,0,481,520
dark_forest,65543,1313,281,293,13479,0,1483,644,1420,242,412,0,0,1,0,0,8,8537,0,1047,627
dark_forest,68502,1008,37,690,9800,0,1161,1190,1286,245,361,0,0,32,6,0,23,8740,0,360,355
river,65871,824,0,283,14046,0,983,682,582,92,407,0,17,16,359,9,10,7827,8,1592,3041
river,65704,661,0,393,14323,0,685,796,957,111,627,0,0,25,211,0,4,7941,0,1170,3334
dark_forest,67692,356,0,299,12192,0,476,930,615,201,404,0,0,217,75,0,4,8811,0,1078,3350
dark_forest,68966,1069,0,276,10588,0,630,992,1271,213,106,0,0,377,0,0,13,7511,0,446,3804
dark_forest,65962,1193,0,666,13645,0,618,1070,1313,241,395,0,0,199,0,0,23,9371,0,814,821
dark_forest,65759,498,129,456,13582,3,1902,969,829,83,533,0,42,33,85,14,9,9313,10,1570,1177
birch_forest,65924,1573,0,199,14722,0,529,826,1341,12,679,0,0,0,315,0,0,8649,6,778,1564
dark_forest,66874,1114,0,850,14016,0,831,1160,1142,220,240,0,0,87,3,0,17,8733,0,1082,177
birch_forest,69820,1214,0,556,13407,0,747,1230,798,251,527,0,0,327,0,0,75,6637,0,1028,170
birch_forest,75140,688,9,405,14446,0,409,963,230,251,127,0,0,134,0,0,71,3203,0,803,36
birch_forest,74357,354,0,654,11962,0,265,904,688,250,283,0,0,45,0,0,34,4187,0,1000,75
birch_forest,70876,542,0,445,12164,0,1042,1118,963,249,452,0,1,39,0,0,33,7383,0,1476,37
birch_forest,70641,808,0,302,10338,0,1251,832,934,251,479,0,0,52,0,0,32,9487,0,1366,47
birch_forest,70747,736,0,470,9688,0,1757,1265,1141,265,299,0,0,100,0,0,36,9380,0,745,82
birch_forest,67155,1260,0,118,11134,0,1024,1220,924,333,331,0,0,217,0,0,12,12040,0,1075,1
birch_forest,63964,700,0,116,13171,0,995,941,1760,253,703,0,0,0,0,0,16,12500,0,1518,0
birch_forest,63976,1815,8,0,14646,0,723,1192,725,249,666,0,1,0,0,0,16,12147,0,594,2
birch_forest,64115,1225,50,0,13784,0,707,1143,1492,251,439,0,0,0,0,0,17,12172,0,1332,0
birch_forest,63667,986,0,0,14203,0,1301,1443,896,251,367,0,0,0,0,0,15,12130,0,1460,0
birch_forest,66422,1186,0,0,12064,0,1290,1332,872,250,581,0,0,0,0,0,8,11743,0,1124,0
birch_forest,67887,839,0,0,11543,0,1525,1563,783,250,408,0,0,0,0,0,5,11170,0,848,0
birch_forest,66922,1075,0,0,13961,0,1099,1376,1433,251,521,0,0,0,0,0,5,9041,0,1091,0
birch_forest,68994,1212,0,8,13532,0,673,1112,958,227,126,0,0,0,52,0,12,8832,0,604,10
birch_forest,66633,952,33,5,13910,0,1389,1115,955,154,477,0,0,0,46,0,7,9203,0,1613,498
birch_forest,65991,936,0,54,14460,0,924,918,1204,47,726,0,0,0,150,0,4,9596,0,1115,958
birch_forest,66262,1068,0,0,14237,0,983,918,830,228,248,0,0,0,57,0,5,10279,0,1426,212
birch_forest,67413,888,141,0,12914,0,923,864,947,249,458,0,1,0,0,0,10,10383,0,1294,9
birch_forest,66578,1387,0,0,14343,4,1154,888,1026,250,575,0,0,0,0,0,19,9246,0,1370,0
birch_forest,68270,846,0,0,14869,3,1206,429,895,215,696,0,0,0,0,0,4,9027,0,612,0
birch_forest,66980,855,0,0,15197,0,275,865,709,244,667,0,0,0,0,0,8,9802,0,1220,0
birch_forest,67245,848,0,0,15237,0,1388,564,1435,250,547,0,0,0,0,0,13,8564,0,710,0
birch_forest,64996,942,0,0,15354,0,615,541,989,250,337,0,0,0,0,0,16,11842,0,769,0
birch_forest,67288,1265,0,17,13804,0,1192,802,792,187,597,0,0,0,0,0,7,9005,0,1397,484
forest,66249,672,0,0,13783,0,901,379,1116,24,494,0,0,0,20,0,2,6676,0,1498,5379
forest,66031,693,0,15,14340,0,1501,243,1200,10,662,0,0,0,8,0,0,8115,0,1421,2965
forest,66920,711,0,0,13403,0,1113,410,1266,94,646,0,0,0,155,0,6,9919,0,1081,1252
forest,64406,1418,0,0,14467,0,862,936,1797,226,443,0,0,0,14,0,2,10619,0,1026,92
forest,61641,1481,0,0,12320,0,1233,1192,1267,252,527,0,0,0,0,0,3,14110,0,1811,9
forest,65087,995,0,0,10487,0,1363,1116,1268,252,467,0,0,0,0,0,5,15135,0,399,0
forest,73880,1275,0,0,4497,0,1084,1164,947,252,341,0,0,0,0,0,3,12961,0,374,0
forest,76029,1146,0,0,3873,0,1456,990,852,252,258,0,0,0,0,0,8,11839,0,179,0
forest,77028,1077,0,0,3025,0,932,1046,1504,252,204,0,0,0,0,0,6,11063,0,630,0
forest,76997,416,0,0,3093,3,908,762,1058,249,178,0,74,0,0,0,9,12675,0,267,0
forest,77698,1129,0,0,2317,0,450,677,540,252,317,0,205,0,0,0,1,12689,0,400,49
forest,78267,875,0,0,1311,0,747,934,1344,238,294,0,680,0,0,0,4,11953,0,38,115
forest,74458,861,91,0,4955,0,618,1016,1278,240,168,0,1014,0,0,0,3,10336,0,94,1537
forest,67828,1262,0,0,10284,0,657,767,664,250,346,0,251,0,0,0,10,13409,0,791,6
forest,66108,1099,0,0,11360,0,1338,859,1237,251,569,0,0,0,0,0,5,12410,0,1522,0
forest,67675,1736,0,0,10720,0,790,1004,963,250,456,0,0,0,0,0,4,11918,0,1141,69
forest,65136,723,0,0,12379,1,1030,1082,1482,249,430,0,0,0,0,0,5,13215,0,598,249
birch_forest,61396,1073,0,0,15142,0,1195,773,1234,251,613,0,0,0,0,0,9,13304,0,484,1216
birch_forest,64307,1145,0,0,13848,0,1131,796,822,270,342,0,0,0,0,0,12,12315,0,1654,403
birch_forest,65838,857,0,0,13733,0,1231,529,958,260,87,0,32,0,0,0,14,11890,0,1017,346
birch_forest,67759,961,31,0,12873,0,1282,691,651,251,441,0,10,0,0,0,6,10722,0,1157,52
birch_forest,68053,785,212,0,11888,0,1048,968,994,249,659,0,99,0,0,0,13,10506,0,1244,0
birch_forest,67375,1309,0,0,12849,1,1008,969,1609,251,384,0,0,0,0,0,6,10068,0,986,0
birch_forest,66084,953,0,0,14777,0,1073,1283,1188,122,333,0,0,0,192,0,5,9278,0,1083,649
old_growth_birch_forest,66629,1057,0,45,14507,0,749,898,800,70,661,0,1,80,292,0,2,9397,0,1226,671
old_growth_birch_forest,68447,1158,0,512,13626,0,656,862,1244,65,478,0,0,45,115,0,21,7953,0,1075,788
taiga,67717,1208,0,144,14479,0,1394,840,636,88,423,0,160,7,58,0,2,8107,0,1079,814
taiga,65749,1611,0,311,13301,0,1559,712,1209,237,538,0,0,0,0,0,0,9631,0,1805,57
taiga,63033,1057,0,519,14267,2,1345,983,1194,132,745,0,0,0,0,0,6,11553,0,1326,0
taiga,62697,1332,0,570,13553,6,1473,1118,1193,136,626,0,0,0,0,0,3,12251,0,1780,1
old_growth_pine_taiga,60935,965,69,356,14670,0,1258,1208,961,6,763,0,27,0,0,0,10,14278,0,1086,85
old_growth_pine_taiga,61245,741,187,616,15130,0,1250,1354,1617,0,836,0,219,0,0,0,7,12493,0,757,10
old_growth_pine_taiga,63977,1384,0,350,14710,2,1023,735,888,0,567,0,21,4,0,0,6,11672,0,1025,108
old_growth_pine_taiga,65066,1237,0,545,14224,0,1041,741,1847,59,393,0,0,46,0,0,5,10318,0,1225,121
taiga,65068,1154,0,490,13023,0,1062,981,308,182,447,0,0,350,0,0,35,12083,0,1536,3
taiga,65826,386,0,421,13324,0,873,723,803,97,285,50,0,238,166,17,57,10009,4,843,2670
taiga,66901,1063,0,473,12354,0,1113,331,1304,16,488,6,575,20,18,3,3,6887,0,722,4396
taiga,69913,1276,0,657,9948,3,580,410,939,47,378,0,517,23,12,8,0,8020,2,334,4109
taiga,68352,1143,0,45,10795,0,1105,724,910,221,417,0,0,164,3,1,0,9701,2,1023,2254
taiga,68383,1252,0,229,11207,0,936,926,614,249,631,0,0,43,0,0,1,11334,0,850,65
taiga,67575,1331,0,173,12650,0,729,934,1213,251,641,0,0,11,0,0,6,10182,0,986,90
taiga,68197,1197,0,0,12806,0,1081,1123,678,249,202,0,0,0,0,0,0,9733,0,1369,91
taiga,65229,1428,0,0,14474,2,1040,947,1562,253,459,0,0,0,0,0,3,10490,0,785,173
taiga,65481,1320,0,0,13805,0,1565,822,1221,247,649,0,0,0,0,0,0,10278,0,1255,0
taiga,67018,1293,0,0,13768,0,393,467,1025,251,445,0,326,0,0,0,1,10394,0,1484,0
forest,65207,1077,0,0,12859,0,973,709,1050,250,156,0,20,0,0,0,13,12469,0,1742,0
forest,67648,820,0,0,12287,4,1142,879,1451,229,506,0,0,0,0,0,4,10279,0,1277,6
forest,68523,1072,0,0,10688,0,1240,950,1251,220,460,0,0,0,0,0,4,10204,0,1735,527
forest,64259,1934,0,0,13181,0,1263,994,903,251,394,0,0,0,0,0,8,11840,0,1706,28
forest,62832,1405,0,0,15263,1,552,1049,1318,244,333,0,0,0,0,0,2,12843,0,714,20
forest,63698,986,0,0,14027,1,864,1302,1246,259,745,0,0,0,0,0,7,12350,0,1209,3
forest,63527,1328,0,0,13439,0,1509,1060,1008,281,592,0,0,0,0,0,4,11635,0,1226,0
forest,65348,1636,0,0,10326,0,609,1102,710,251,543,0,0,0,0,0,5,12741,0,696,0
forest,63049,749,0,0,12477,1,1115,1363,1378,287,424,0,0,0,0,0,6,13374,0,783,0
forest,65051,1557,188,0,13423,0,793,1263,1169,252,591,0,152,0,0,0,8,10676,0,1005,520
forest,67682,958,16,0,13003,0,774,715,1116,111,349,0,330,0,22,0,1,7085,0,746,4207
forest,68600,1007,0,22,12059,2,1101,850,1494,0,378,0,15,0,277,2,0,7148,4,1288,2934
cold_ocean,68612,365,0,0,12274,0,1125,396,991,0,493,0,4,0,80,28,0,7106,26,1336,4456
cold_ocean,69236,607,0,0,13175,0,615,263,605,0,451,0,0,0,0,6,0,6041,10,1678,4540
cold_ocean,70286,606,0,0,13128,0,668,244,908,0,494,0,30,0,0,22,0,5554,24,1573,3733
cold_ocean,70305,723,0,0,13879,0,849,366,1106,2,751,0,57,0,0,14,0,4611,22,1106,3522
cold_ocean,68368,406,0,0,14136,0,906,275,1086,1,782,0,0,0,0,31,0,6163,18,1393,3692
cold_ocean,66336,1063,0,0,14716,0,1109,189,737,0,561,119,0,0,20,8,0,7443,20,1423,3463
cold_ocean,66535,943,0,0,14692,0,949,180,919,0,653,74,0,0,0,29,0,6981,28,1187,3728
cold_ocean,66740,1008,0,0,13829,0,650,264,1157,0,464,0,7,0,1,20,0,7025,6,1485,4525
cold_ocean,67868,1312,0,0,12369,0,843,529,575,52,521,0,31,0,13,18,0,5384,10,1638,5961
cold_ocean,76434,1015,0,0,6771,0,566,248,154,4,401,0,46,0,0,26,0,3602,12,1288,6764
plains,67853,651,0,0,13731,0,628,232,753,0,883,0,55,0,0,21,0,6938,10,1107,4399
plains,66306,1255,0,18,13986,0,1104,593,740,145,478,0,53,0,0,0,15,9464,0,1841,1040
plains,66357,1151,0,0,14893,0,958,1223,907,309,761,0,0,0,0,0,9,9448,0,627,265
forest,65170,1554,0,0,14210,0,1106,1141,1116,250,353,0,0,0,0,0,16,9839,0,1841,0
forest,66761,556,0,0,13182,0,1109,1335,1233,251,362,0,1,0,0,0,4,10784,0,995,0
forest,64937,1372,0,0,12949,6,781,1501,888,350,508,0,0,0,0,0,6,12440,0,877,0
forest,64407,1285,0,0,13643,0,1349,777,884,259,657,0,1,0,0,0,8,12364,0,1063,0
forest,65169,905,0,0,14502,0,1174,454,941,270,666,0,0,0,0,0,6,11516,0,1207,0
forest,65524,885,0,0,13704,0,1128,602,846,250,271,0,0,0,0,0,10,11908,0,1346,0
forest,72755,1062,0,0,7534,0,1402,619,1181,252,234,0,0,0,0,0,5,10362,0,1159,273
forest,65468,1373,0,0,13648,0,1403,641,1185,228,263,0,0,0,6,0,2,9894,0,1573,941
forest,66027,1237,0,0,14871,0,1190,739,948,234,550,0,0,0,59,0,7,9258,0,775,581
river,66345,843,0,33,15389,4,1138,463,1044,33,604,0,55,0,197,19,0,9026,40,571,1357
river,66093,696,0,23,14892,0,884,950,735,0,537,0,0,0,318,19,0,8922,28,1450,1645
forest,67981,611,0,7,13115,0,1197,1267,1474,137,340,0,1,0,107,5,4,7601,4,1081,262
forest,67087,1100,0,5,14280,0,1398,1147,702,250,535,0,1,0,0,0,6,8910,0,881,110
forest,68508,992,0,0,13279,0,1105,1147,457,251,529,0,0,0,0,0,4,8628,0,1678,60
forest,65748,1329,0,0,13908,0,773,988,1098,248,814,0,0,0,0,0,6,10094,0,1382,91
forest,64571,1538,0,0,13818,0,1611,711,970,250,513,0,0,0,0,0,4,11030,0,1466,0
forest,64079,1106,0,0,14882,0,855,773,1038,251,431,0,15,0,0,0,3,12063,0,841,0
forest,65694,1260,0,0,15097,0,1384,521,557,249,600,0,0,0,0,0,5,10153,0,951,0
forest,67299,1308,0,0,14592,0,1324,810,798,252,50,0,10,0,0,0,2,9049,0,1194,0
forest,67305,564,0,0,13803,0,1085,909,799,257,524,0,0,0,0,0,5,9090,0,2163,0
forest,67739,523,0,0,12875,0,1278,740,218,259,429,0,20,0,0,0,6,10347,0,2006,0
forest,67397,895,0,0,12897,0,1123,623,1187,252,84,0,45,0,0,0,7,10872,0,1318,7
forest,67364,1282,0,0,10949,0,1041,605,638,253,293,0,0,0,0,0,4,12491,0,1697,147
forest,69520,1380,0,0,10230,0,902,891,998,250,148,0,0,0,0,0,5,10750,0,1270,296
forest,67582,1480,0,0,12321,1,1173,1091,600,252,311,0,0,0,0,0,5,10508,0,1197,176
forest,65796,761,0,0,14254,5,1124,1092,1771,91,451,0,0,0,199,8,2,8753,12,911,1806
forest,66174,1303,0,3,13470,0,863,1050,731,0,324,0,0,0,238,16,0,9562,14,1480,1951
forest,68352,1132,0,0,11454,0,1047,873,769,0,460,0,0,0,310,0,0,10279,0,818,1714
forest,66446,770,0,0,14419,0,1015,794,845,20,448,0,0,0,346,0,0,10046,0,1299,644
forest,66234,1098,0,0,13787,0,830,910,1484,242,623,0,0,0,9,0,4,10296,0,1046,90
forest,66022,1345,4,0,13642,0,1075,1148,731,250,505,0,0,0,0,0,4,10636,0,1242,37
forest,63825,1600,0,0,13686,0,1204,1143,939,250,558,0,0,0,0,0,7,11819,0,1548,61
forest,63481,325,0,0,14380,0,1432,1175,1626,249,253,0,0,0,0,0,8,12174,0,1229,90
forest,66895,1079,0,0,12373,5,703,902,813,246,627,0,1,0,0,0,1,11751,0,861,291
forest,64255,1221,0,0,13444,0,1167,1136,697,240,248,0,0,0,0,0,8,12517,0,1212,478
forest,65574,1064,0,0,11712,0,980,1284,885,257,519,0,0,0,0,0,4,12581,0,1254,695
forest,76176,827,0,0,5821,0,1344,610,790,254,217,0,396,0,0,0,4,8429,0,605,1332
forest,80281,539,148,0,4360,0,692,682,230,249,277,0,219,0,0,0,3,7650,0,586,641
forest,75545,801,0,0,4200,0,130,770,266,243,185,0,1,0,0,0,10,9358,0,442,4739
forest,65012,483,0,0,13126,0,500,1176,1186,249,477,0,12,0,0,0,6,10418,0,640,3394
forest,63817,1206,0,0,13423,0,1072,1083,1178,250,326,0,145,0,0,0,5,10503,0,1615,1996
forest,64010,1853,0,0,14044,0,790,1082,753,243,390,0,0,0,6,0,0,11662,0,1343,370
forest,65168,1047,0,0,13250,0,1252,906,931,186,489,0,0,0,58,0,3,10512,0,1580,1014
forest,63968,666,0,0,13190,0,1799,643,1237,249,450,0,0,0,0,0,1,12033,0,1417,605
forest,63247,1124,0,0,14751,0,1310,877,922,250,87,0,0,0,0,0,7,11557,0,1579,938
forest,64453,1410,0,0,13463,0,727,998,1438,251,483,0,1,0,0,0,6,10741,0,2198,420
forest,65683,978,0,0,14478,1,1512,1199,686,252,557,0,1,0,0,0,1,9484,0,879,1063
forest,65279,1376,0,0,14351,2,1109,1055,625,251,416,0,0,0,0,0,5,10440,0,1357,397
forest,64042,1347,112,0,13116,0,711,1045,881,264,466,0,0,0,0,0,7,12675,0,1781,423
forest,63481,1137,104,0,12403,0,1018,1134,1270,253,243,0,0,0,0,0,6,13334,0,1557,544
forest,63010,1029,44,0,14836,0,1241,1146,1383,270,375,0,0,0,0,0,7,12258,0,810,84
forest,67062,1328,46,0,14820,0,1015,762,907,262,465,0,0,0,0,0,12,9117,0,967,1
forest,67410,1242,26,0,15663,0,384,734,958,249,187,0,0,0,0,0,4,9054,0,746,0
forest,65921,992,0,0,14733,0,1290,898,1372,251,506,0,0,0,0,0,5,9216,0,1254,0
forest,66144,1280,0,0,14491,0,832,800,1371,251,280,0,0,0,0,0,4,9802,0,1633,1
old_growth_birch_forest,67540,895,0,0,14455,0,1332,934,722,270,274,0,0,0,0,0,12,9183,0,1208,0
old_growth_birch_forest,66483,1069,0,0,13498,0,807,1076,1156,246,374,0,147,0,0,0,13,10255,0,1589,0
old_growth_birch_forest,68120,1288,0,0,12455,0,746,947,926,235,248,0,29,0,0,0,15,10983,0,915,0
old_growth_birch_forest,64867,968,0,0,14188,0,1643,974,1640,248,314,0,0,0,0,0,4,10749,0,1140,0
old_growth_birch_forest,64053,1029,0,0,15289,0,1410,1205,1094,253,309,0,0,0,0,0,8,11308,0,968,0
old_growth_birch_forest,66392,1045,0,124,13631,0,750,1380,879,252,677,0,0,0,0,0,5,10660,0,874,0
old_growth_birch_forest,72178,846,0,301,7567,4,1002,1072,1012,251,406,0,1,0,0,0,30,11252,0,978,0
old_growth_birch_forest,72667,857,0,140,8037,0,1166,621,1310,162,491,0,0,102,3,0,8,9135,0,316,1789
river,71583,1545,0,354,9939,0,810,361,1058,0,461,0,0,275,128,12,21,6440,16,457,3675
river,69888,880,0,704,9994,0,866,277,736,0,834,0,1,406,108,25,22,7116,26,992,4253
dark_forest,67743,1222,0,925,12070,0,731,703,831,22,437,0,0,122,30,0,30,7447,0,782,3927
dark_forest,66302,1317,0,1267,12844,4,844,778,781,237,571,0,0,73,0,0,19,9023,0,1255,1082
dark_forest,65113,1113,0,1055,12964,0,620,921,1420,242,658,0,0,126,0,0,14,10797,0,821,480
dark_forest,64412,973,0,835,15010,0,840,1152,1730,240,278,0,0,4,0,0,6,9756,0,810,309
dark_forest,65850,1211,0,918,14388,0,1110,820,1267,242,429,0,0,154,0,0,31,7803,0,1003,1259
dark_forest,65577,938,0,803,14569,0,1112,684,789,238,492,0,0,98,0,0,39,9510,0,524,904
dark_forest,65181,1033,0,904,14213,0,1453,1240,415,238,462,0,0,28,0,0,16,9531,0,1019,84
dark_forest,64422,1039,0,971,13406,0,1190,956,1254,231,528,0,0,27,0,0,8,9900,0,1478,315
dark_forest,65432,2097,0,1072,13017,0,959,726,1383,197,236,0,277,95,0,0,11,8826,0,1109,701
dark_forest,66716,1258,0,1425,11946,0,935,939,706,244,286,0,449,453,0,0,80,10180,0,644,88
dark_forest,66499,353,0,1768,12898,0,861,561,951,247,201,0,85,206,0,0,55,10285,0,1353,86
dark_forest,66278,567,0,1520,12440,0,1128,1021,974,238,565,0,0,433,0,0,72,9376,0,1117,302
dark_forest,67484,844,0,1619,12075,0,1160,1015,765,118,370,0,0,461,85,0,68,8281,0,1060,1197
river,66549,1415,98,1298,12233,0,568,387,777,0,309,0,0,167,106,19,7,7936,36,1241,3867
river,66506,656,0,1334,12892,0,1280,334,969,0,769,0,62,133,63,24,10,7507,30,698,3957
dark_forest,68841,860,0,1994,9467,0,1481,409,1142,0,571,0,204,314,287,1,23,7601,0,908,2973
dark_forest,68704,534,0,1393,10729,0,1298,908,513,0,622,0,107,491,202,0,58,8701,0,746,2105
dark_forest,66545,971,0,808,13605,0,1054,835,998,132,368,0,3,144,204,0,64,8900,0,1591,612
dark_forest,66879,1030,0,1194,13314,0,797,838,1218,244,371,0,0,313,0,0,55,9196,0,678,221
dark_forest,66919,806,0,1613,11368,0,667,1033,800,244,410,0,1,561,0,0,68,10461,0,1302,37
dark_forest,70055,1497,0,1840,9239,0,784,706,1005,243,375,0,0,853,0,0,98,8135,0,1009,93
dark_forest,67275,1031,0,1360,12425,0,707,685,1027,242,692,0,86,602,0,0,79,9231,0,791,50
dark_forest,66759,645,0,1316,13578,0,933,1091,961,239,287,0,0,482,0,0,119,8398,0,1327,13
dark_forest,64782,428,0,1325,14306,0,584,1023,700,245,673,0,27,78,0,0,3,11306,0,794,46
dark_forest,65100,1180,0,1605,13781,0,1383,1118,801,244,510,0,55,162,0,0,22,9710,0,886,39
dark_forest,68171,839,0,1299,10584,0,1265,857,975,107,484,0,137,381,61,7,43,9555,8,1030,726
river,67040,1282,0,988,12888,0,1535,889,1540,24,383,0,75,228,249,2,27,7911,4,514,1401
old_growth_spruce_taiga,65418,410,0,488,13514,0,679,1517,1385,20,548,0,53,25,0,0,16,8738,0,1905,1435
old_growth_spruce_taiga,64786,863,0,726,14053,0,596,1344,1795,0,386,0,0,93,0,0,43,9438,0,895,1518
old_growth_spruce_taiga,63644,1240,0,720,13223,0,1053,1080,935,0,381,0,0,3,0,0,8,12554,0,1289,25
old_growth_spruce_taiga,59768,1001,0,785,13033,5,1430,1236,1037,0,583,0,0,21,0,0,2,15594,0,963,0
old_growth_spruce_taiga,56194,1298,0,723,14649,0,1112,1446,1146,0,1026,0,0,0,0,0,12,17216,0,917,0
old_growth_spruce_taiga,55056,1344,0,608,14704,0,834,1076,937,16,563,0,0,0,0,0,8,19306,0,1538,0
old_growth_spruce_taiga,55992,1177,0,779,13896,0,501,1224,1116,103,726,0,0,0,0,0,3,19281,0,1689,0
old_growth_spruce_taiga,56397,1521,0,691,14887,0,941,1251,1625,4,362,0,0,0,0,0,10,17082,0,1532,0
old_growth_spruce_taiga,57141,1185,0,1079,14660,0,1044,663,1552,17,525,0,0,0,0,0,5,16818,0,1139,0
old_growth_spruce_taiga,59259,1111,0,556,15110,0,1478,659,866,122,686,0,0,0,0,0,4,15352,0,977,0
old_growth_spruce_taiga,58715,979,0,887,14260,0,1505,1112,1049,7,621,0,0,0,0,0,6,14544,0,1518,0
old_growth_spruce_taiga,59914,1084,86,641,15109,2,1366,1296,1472,13,360,0,31,0,0,0,5,13813,0,960,101
old_growth_spruce_taiga,58099,1151,102,742,14579,4,966,1083,1086,33,134,0,50,0,0,0,7,16091,0,1319,101
old_growth_spruce_taiga,57822,960,0,770,14303,0,791,1243,837,8,718,0,0,0,0,0,4,15616,0,1724,1568
old_growth_spruce_taiga,59119,1163,115,617,14788,0,909,1129,1199,0,555,0,0,0,0,0,2,14279,0,869,1667
old_growth_spruce_taiga,64767,922,135,365,13815,3,902,573,846,5,894,0,6,0,37,1,1,9545,4,1077,3113
river,65853,1164,185,874,13060,0,799,235,1035,0,832,0,0,62,0,19,11,6752,34,848,5381
river,66062,1163,33,929,13116,0,725,462,1406,0,719,0,0,60,30,10,4,6645,28,893,4910
river,66443,944,38,671,12386,0,584,354,530,0,543,0,0,219,188,3,19,5713,2,464,8025
river,66394,505,90,742,13338,0,452,111,542,0,737,0,0,65,0,16,6,7752,32,1151,5231
river,65816,1035,0,576,13970,0,1470,223,898,0,477,0,0,10,51,26,0,8633,36,1205,2711
old_growth_spruce_taiga,68346,1343,0,670,10957,0,1242,628,1221,0,532,0,0,203,117,1,2,9475,0,760,1145
old_growth_spruce_taiga,71175,799,0,947,8262,0,898,768,938,139,193,0,255,178,42,0,2,11631,0,507,272
old_growth_spruce_taiga,62913,1406,0,706,13840,0,701,422,806,257,564,0,67,25,0,0,5,13775,0,1256,1
old_growth_spruce_taiga,60399,804,0,616,13583,0,1445,1017,992,236,546,0,0,256,0,0,24,15182,0,1466,0
old_growth_spruce_taiga,57705,1577,0,815,14321,0,1494,1193,1245,76,411,0,0,0,0,0,11,16463,0,1026,0
old_growth_spruce_taiga,55638,502,0,643,14874,0,1359,1084,1189,90,727,0,0,24,0,0,16,19062,0,934,0
old_growth_spruce_taiga,57411,1599,0,760,12877,0,1154,864,894,118,703,0,180,102,0,0,26,17798,0,1423,6
old_growth_spruce_taiga,59646,1546,0,537,12192,0,1009,968,1017,70,515,0,254,285,0,0,42,17221,0,649,4
old_growth_spruce_taiga,61656,817,0,610,12590,6,552,1011,1293,20,678,0,0,130,0,0,30,13887,0,745,38
old_growth_spruce_taiga,67263,1360,0,761,9683,0,750,885,1066,114,521,0,32,85,0,0,38,9844,0,1548,919
river,69436,1396,0,441,8494,0,455,152,503,0,399,0,12,223,3,28,35,6557,36,516,5647
old_growth_pine_taiga,69049,1318,0,385,7988,0,931,1339,1414,12,319,0,0,139,122,13,13,8715,28,112,2170
old_growth_pine_taiga,64385,1594,0,156,6332,0,1505,1297,1329,64,126,0,0,55,0,0,5,16148,0,440,11
old_growth_pine_taiga,63674,1259,0,0,7347,0,1333,713,1262,136,407,0,0,3,0,0,3,16914,0,531,445
old_growth_pine_taiga,59978,741,0,0,9643,0,1173,694,1709,60,561,0,0,0,0,0,8,16785,0,493,1262
old_growth_pine_taiga,62285,430,0,0,10691,0,260,423,1698,190,615,0,0,0,0,0,12,13494,0,823,3262
old_growth_pine_taiga,59140,803,0,0,14643,0,1198,469,1781,183,281,0,0,0,0,0,6,16101,0,862,356
old_growth_pine_taiga,57934,1134,0,0,14590,0,1013,992,1368,160,528,0,0,0,0,0,2,16935,0,1317,251
taiga,61221,938,0,0,12431,0,1237,1008,1686,182,731,0,33,0,0,0,2,15153,0,1669,0
taiga,61882,558,0,0,9988,0,1010,1119,1866,221,540,0,0,0,0,0,1,16952,0,1306,90
taiga,59561,1002,0,0,13470,0,1585,1339,1530,368,991,0,0,0,0,0,1,14721,0,871,1147
taiga,59065,1276,6,0,13356,0,810,1486,1234,260,486,0,0,0,0,0,1,16782,0,1630,82
taiga,58199,957,0,0,14463,0,1455,1193,1104,250,638,0,0,0,0,0,0,17301,0,911,0
taiga,59070,1163,0,0,14036,5,1560,1104,928,248,323,0,0,0,0,0,0,16474,0,1334,50
taiga,57340,1765,0,0,13522,0,1174,1034,739,246,451,0,0,0,0,0,3,18441,0,1963,1
meadow,57677,1622,0,0,14918,0,581,831,638,237,1192,0,0,0,0,0,14,17504,0,792,164
taiga,57285,981,152,0,12827,2,947,1345,1063,166,769,0,46,0,0,0,3,19056,0,1252,2
taiga,58972,1024,0,0,13498,0,743,1459,991,200,673,0,464,0,0,0,0,17303,0,1023,1
taiga,62427,737,0,0,14562,0,695,1419,853,212,575,0,168,0,0,0,1,13831,0,1097,7
taiga,63468,952,0,0,14449,5,1160,1315,1061,240,452,0,0,0,0,0,0,12450,0,681,6
taiga,64459,966,0,0,14421,4,884,691,1420,250,593,0,0,0,0,0,1,12218,0,583,33
taiga,67999,1372,43,19,13601,2,811,406,600,127,491,0,1,0,0,0,0,9994,4,803,605
river,69058,1050,96,17,12150,0,1135,318,1100,23,682,0,0,0,50,21,0,7956,36,1169,2261
forest,65118,999,0,0,14680,0,835,1105,685,226,572,0,0,0,0,0,3,11143,0,1019,410
forest,65102,793,0,0,13435,0,1296,1394,1465,249,491,0,0,0,0,0,9,9528,0,2323,412
forest,66296,1294,0,0,15028,0,1263,1167,1115,250,491,0,0,0,0,0,9,8123,0,1030,677
forest,65447,1091,96,0,14659,0,1106,1159,1055,251,510,0,0,0,0,0,4,9937,0,1239,114
forest,63578,1246,286,0,14829,6,905,1939,297,367,184,0,74,0,0,0,7,10832,0,1182,278
forest,62091,484,0,0,14645,0,1113,1751,161,251,226,0,276,0,0,0,3,13983,0,948,89
forest,62747,973,0,0,13411,0,1286,1054,1152,250,639,0,5,0,0,0,3,12783,0,1720,2
forest,63508,853,0,0,14216,0,1049,1172,1005,275,395,0,0,0,0,0,6,12139,0,1639,66
forest,64273,899,0,0,15451,0,650,1111,1021,311,268,0,0,0,0,0,14,11978,0,693,0
forest,63362,1216,0,0,15149,0,887,1217,1270,276,613,0,150,0,0,0,11,11545,0,880,0
plains,63496,1138,0,0,13301,0,940,1442,951,256,510,0,3,0,0,0,30,12701,0,1946,191
plains,64784,967,0,0,14176,0,701,814,924,256,237,0,0,0,0,0,74,10482,0,1617,2062
plains,65183,1291,0,0,14434,0,1466,604,499,256,318,0,0,0,0,0,68,10258,0,1475,1191
plains,65964,787,0,0,14600,0,1094,421,1057,253,171,0,0,0,0,0,56,10635,0,1251,841
plains,66837,1445,0,0,13714,0,711,420,978,233,371,0,0,0,2,0,62,10093,0,1297,796
river,66124,1023,0,3,14115,0,1887,680,1043,18,332,0,0,0,197,23,2,9119,36,1371,1140
river,65783,1708,0,9,14345,0,901,719,823,36,293,0,0,0,249,23,2,9871,20,1117,1238
river,66005,1321,0,9,14797,0,508,860,1044,0,243,0,40,0,101,24,0,9231,42,1383,1592
river,66232,1194,0,0,14321,0,1125,656,1233,99,455,0,27,0,198,11,2,10061,22,1146,383
river,66360,1561,0,0,13779,0,594,653,1559,148,486,0,0,0,141,4,15,10374,2,1231,120
plains,64839,1071,0,0,12742,0,1142,1164,1735,256,528,0,0,0,0,0,23,11648,0,1896,0
plains,64859,1208,0,0,13711,0,947,1361,1085,256,325,0,0,0,0,0,30,12081,0,1071,2
plains,67496,1138,0,0,10899,0,1577,1423,828,256,212,0,0,0,0,0,20,10343,0,873,0
plains,73385,1069,0,0,10983,0,485,1168,404,157,150,0,0,0,0,0,24,6369,0,519,0
plains,77850,669,0,0,10698,0,723,42,992,1,448,0,0,0,0,0,0,3309,0,398,60
plains,74747,902,0,0,9614,3,578,171,959,6,88,0,0,0,0,0,4,6013,0,1223,0
plains,70815,668,0,0,10301,0,841,701,1000,226,395,0,0,0,0,0,20,8431,0,578,440
plains,67310,1097,0,0,9881,3,828,1011,859,256,471,0,0,0,0,0,57,11473,0,571,526
plains,69504,1695,0,0,10083,0,981,921,888,256,403,0,0,0,0,0,66,10580,0,17,0
plains,68556,1295,0,0,10638,0,1191,1020,1076,273,536,0,0,0,0,0,48,10122,0,588,0
plains,68813,519,0,0,12584,0,767,1068,1358,267,146,0,0,0,0,0,44,10299,0,1282,0
plains,69703,778,0,0,13654,2,997,998,951,206,553,0,9,0,0,0,33,8108,0,765,3
plains,71282,1522,0,0,9698,0,699,958,1123,229,320,0,0,0,0,0,46,10301,0,768,2
plains,72152,1270,95,0,8478,0,1394,906,648,180,463,0,6,0,0,0,33,11145,0,221,17
plains,69979,1078,27,0,10773,0,790,1014,957,148,548,0,77,0,2,0,37,10269,0,1241,50
river,68617,978,0,0,12044,0,1170,716,1088,31,379,0,1,0,324,25,9,7965,26,758,3091
river,67568,1002,0,13,11486,0,1395,945,1019,58,706,0,45,0,127,13,1,8795,10,1385,1868
plains,70548,1134,0,11,11426,0,411,464,553,56,379,0,134,0,377,0,13,8167,0,638,2968
plains,77212,560,0,0,8901,0,87,746,150,253,212,0,19,0,0,0,66,4394,0,890,3871
plains,78256,535,0,0,10216,0,440,498,738,242,219,0,178,0,0,0,57,3108,0,840,1988
plains,72648,916,0,0,11410,0,1215,688,1321,256,293,0,4,0,0,0,63,7305,0,1128,0
plains,67040,1106,0,0,13211,0,1119,595,1379,256,807,0,88,0,0,0,68,9992,0,1484,0
plains,66987,1034,0,0,12824,0,927,956,1516,256,256,0,3,0,0,0,30,11277,0,1132,0
plains,68542,1106,11,0,13388,0,785,851,961,252,382,0,102,0,0,0,43,9533,0,1163,0
windswept_gravelly_hills,64955,848,56,0,13484,0,1238,533,961,87,846,0,0,0,0,0,19,12222,0,1738,0
windswept_gravelly_hills,65925,867,0,0,13186,0,1020,376,982,16,1285,0,1,0,0,0,1,12371,0,1066,1
windswept_gravelly_hills,70079,1181,0,0,11992,0,1158,549,582,76,923,0,0,0,0,0,1,9619,0,972,0
windswept_gravelly_hills,64925,1293,0,0,13573,0,1007,387,1349,55,1294,0,0,0,0,0,0,12475,0,639,23
windswept_gravelly_hills,59770,1056,0,0,13790,5,1477,675,796,89,819,0,112,0,0,0,0,17296,0,1055,36
windswept_gravelly_hills,60168,977,0,0,13343,0,901,964,1181,125,838,0,12,0,0,0,0,17685,0,796,1
windswept_gravelly_hills,60372,1879,0,0,14450,0,778,677,1571,16,1443,0,0,0,0,0,0,14456,0,1417,0
windswept_gravelly_hills,61277,1007,0,0,14970,0,1200,346,1146,0,1934,0,0,0,0,0,0,14027,0,854,187
windswept_gravelly_hills,64302,774,0,0,14764,0,1000,207,620,41,1781,0,0,0,18,0,0,10427,2,1334,1642
swamp,64271,810,0,0,14072,0,1223,962,1104,210,591,0,69,0,13,3,25,9025,2,1710,2713
swamp,67268,993,0,10,12558,0,1207,1432,1505,55,762,0,1,0,0,10,1,9195,38,938,1004
swamp,67724,1034,168,12,12234,0,1232,1403,888,0,112,0,121,0,0,12,0,9276,50,562,794
swamp,67400,1727,1,24,11791,0,1356,1514,1116,0,780,0,0,0,0,20,0,8038,66,1216,925
swamp,67247,980,0,20,13169,0,918,939,1169,0,633,0,0,0,0,20,0,9715,52,845,715
swamp,67658,483,0,15,11376,0,929,908,352,5,489,0,37,0,0,27,1,8878,0,1350,258
swamp,66394,916,0,4,12480,0,1626,469,839,69,686,0,0,0,0,5,6,9889,0,971,313
swamp,68191,400,0,14,11640,0,1032,909,1522,4,309,0,101,0,0,24,0,9340,20,500,1119
swamp,69912,623,0,45,9896,0,414,942,748,30,506,0,473,0,0,7,2,8995,0,1097,1911
swamp,65599,653,0,9,14164,0,1024,902,542,0,662,0,0,0,0,19,0,6226,2,1294,5619
swamp,65518,683,0,13,14116,0,793,1057,501,1,797,0,0,0,0,21,0,5281,12,1243,7011
swamp,65778,792,0,35,14717,0,1060,1230,589,0,433,0,0,0,0,24,0,8338,58,1104,3024
swamp,65824,841,0,16,14112,0,671,1183,1043,0,398,0,0,0,0,17,0,9287,50,1764,1828
swamp,66509,845,0,42,13936,0,765,1164,531,1,296,0,0,0,0,22,0,7176,74,1228,4540
swamp,65819,1647,0,0,13621,0,951,1331,348,183,515,0,0,0,0,3,22,8767,2,1203,2577
swamp,65703,1277,0,0,13573,0,1045,978,1077,255,421,0,0,0,0,0,22,11044,0,690,653
swamp,63662,926,0,0,14721,0,871,1097,1502,254,529,0,15,0,0,0,36,11643,0,1406,10
swamp,64410,1130,8,0,13676,0,1419,673,1205,254,706,0,17,0,0,0,41,11591,0,1418,0
swamp,75458,1485,0,0,8007,0,1,863,828,254,295,0,9,0,0,0,24,7568,0,1114,0
swamp,78123,1184,0,0,8292,0,485,948,352,247,234,0,0,0,0,3,30,6799,2,201,75
swamp,70669,631,0,0,10923,0,661,642,400,175,310,0,209,0,0,0,22,8372,10,622,3047
swamp,67256,451,0,9,13584,0,853,415,546,3,693,0,0,0,0,32,0,9153,88,993,2810
swamp,66790,733,0,22,13919,3,1115,750,1377,0,523,0,0,0,0,20,0,9833,56,768,855
swamp,68000,796,0,6,12571,0,1224,1172,292,8,400,0,0,0,0,15,3,10594,46,1144,683
swamp,67062,1614,0,29,13169,1,1576,1026,906,0,783,0,49,0,0,34,0,8753,64,887,1023
swamp,67073,784,0,1,13595,0,745,306,858,0,604,0,0,0,0,20,0,8365,66,1412,3468
beach,67451,958,0,0,13498,0,1083,264,1165,0,833,0,0,0,63,1,0,7098,4,893,3869
beach,67054,1035,0,16,13770,0,1053,473,1297,0,524,0,0,0,369,2,0,8429,0,540,2282
beach,66415,752,157,0,12533,0,1202,501,1220,0,871,0,202,0,121,0,0,7615,0,1393,4104
beach,66227,1116,0,2,14135,0,1371,244,461,0,462,0,56,0,705,0,0,8551,0,1384,2116
beach,65849,1329,0,0,13793,0,1078,460,967,0,574,0,47,0,884,0,0,8120,0,1840,2108
river,65885,650,0,0,14131,0,1113,698,1492,0,674,0,129,0,458,16,0,8268,36,1280,2352
windswept_savanna,65871,1363,0,0,13966,5,821,404,601,0,306,0,0,0,207,22,0,9359,20,823,3424
windswept_savanna,65815,1074,0,0,15320,0,1365,86,441,0,822,0,0,0,0,0,0,7936,0,1000,3291
windswept_savanna,65932,1052,0,2,14980,0,1148,378,455,0,649,0,0,0,47,0,0,9017,0,1212,2372
forest,65913,846,0,8,14460,0,924,640,665,0,517,0,7,0,163,0,0,9755,0,1107,2034
forest,66366,1003,0,13,12928,0,1142,575,1153,29,437,0,0,0,207,0,3,9937,0,404,1088
forest,65145,1197,0,0,13334,0,602,1162,900,235,539,0,135,0,0,0,4,9793,0,1699,1932
forest,64744,1040,0,0,13061,0,794,1510,966,262,513,0,38,0,0,0,5,10342,0,1007,1798
forest,64349,1145,0,0,14133,0,986,1292,1018,250,611,0,0,0,0,0,3,10967,0,1536,354
forest,65119,1163,0,0,14703,0,1027,1009,739,249,303,0,0,0,0,0,6,10877,0,858,425
forest,63145,821,0,0,14181,0,1472,1104,470,240,715,0,0,0,0,0,8,13137,0,1085,84
forest,62258,1650,0,0,14527,0,1211,1379,961,250,520,0,0,0,0,0,9,12342,0,1307,241
forest,63155,1249,0,0,15074,0,996,876,1514,250,366,0,0,0,0,0,13,11889,0,1056,7
forest,63813,1287,0,0,14022,0,951,748,1192,248,671,0,0,0,0,0,10,11503,0,1947,0
forest,64623,865,0,0,15152,0,1090,948,736,251,632,0,0,0,0,0,5,11451,0,817,1
forest,64890,682,0,0,14180,0,1026,831,1695,249,453,0,0,0,0,0,3,11150,0,1324,5
forest,68935,1248,0,0,11299,0,658,1116,775,262,301,0,0,0,0,0,2,9928,0,1196,36
forest,69459,1758,0,0,10733,0,555,1022,740,249,342,0,0,0,0,0,9,9828,0,1104,796
forest,69207,1123,0,0,10709,0,1694,1189,599,226,698,0,0,0,0,0,0,10604,0,211,374
forest,65943,822,0,0,13392,1,1366,918,1449,250,491,0,0,0,0,0,5,11132,0,702,48
forest,66872,1018,0,0,13692,0,933,884,1135,249,434,0,0,0,0,0,5,10568,0,903,0
river,67483,1120,0,18,13432,0,1130,753,1229,89,404,0,1,0,175,17,1,8885,22,1616,673
river,67984,1208,0,56,13503,0,1124,1003,973,47,599,0,0,0,102,12,0,8409,12,646,1247
old_growth_birch_forest,66361,954,0,14,15149,2,903,807,815,27,501,0,0,0,339,9,1,9345,14,1181,680
old_growth_birch_forest,66121,840,0,0,14982,0,1064,863,934,80,465,0,41,0,375,15,4,9321,18,1040,663
river,67108,1176,0,0,13550,0,901,764,1114,0,247,0,13,0,411,14,0,7361,14,1409,2679
old_growth_birch_forest,67091,1064,0,0,13023,0,1309,672,838,117,273,0,15,0,113,0,2,9661,0,971,1642
old_growth_birch_forest,65810,1112,0,0,15055,0,1159,742,1140,243,277,0,66,0,18,0,10,10354,0,454,553
old_growth_birch_forest,65353,1080,0,0,14454,0,1483,1090,1172,223,722,0,66,0,35,0,15,9693,0,991,420
river,65905,1437,0,44,14095,0,1072,847,815,74,562,0,187,0,24,23,0,8929,14,1055,1966
river,66019,789,0,11,14604,0,433,355,668,0,527,0,91,0,93,25,0,7551,36,1052,4918
river,67101,555,0,20,12995,0,569,486,377,1,449,0,54,0,347,12,1,4940,8,1147,8247
birch_forest,70811,313,0,28,10082,0,809,593,249,67,136,0,239,118,117,0,6,5053,0,1398,7088
birch_forest,76487,846,0,39,9781,1,411,309,5,110,229,0,149,198,215,0,2,5090,0,1099,2121
birch_forest,77175,389,0,0,10585,0,486,432,485,250,552,0,85,91,0,0,7,5472,0,901,9
birch_forest,71723,628,0,0,9460,0,869,625,1277,250,514,0,91,231,0,0,29,9842,0,1230,0
birch_forest,67428,874,0,268,13069,0,1015,1103,559,246,506,0,78,135,0,0,17,10614,0,633,0
birch_forest,72792,636,0,348,12318,0,274,795,635,250,409,0,20,102,0,0,43,7391,0,829,0
birch_forest,73856,753,0,157,12737,3,561,1212,648,239,251,0,11,84,0,0,42,5239,0,975,0
birch_forest,71554,343,0,164,13264,0,924,1169,1284,245,298,0,1,99,0,0,10,6515,0,1050,1
birch_forest,69599,1439,0,357,13299,0,1626,1020,1171,249,527,0,18,1,0,0,8,6470,0,995,0
birch_forest,70177,1004,82,86,11936,0,1089,998,580,254,447,0,0,13,0,0,15,7739,0,1985,20
birch_forest,69510,824,247,24,11563,0,1072,647,1038,250,177,0,0,24,0,0,35,7899,0,591,1158
birch_forest,67750,742,482,98,12572,0,657,652,1147,250,262,0,0,17,0,0,19,8627,0,1343,1867
birch_forest,70009,524,376,504,12101,0,785,913,995,227,369,0,0,78,0,0,37,6500,0,934,1153
dark_forest,70037,587,45,848,10100,0,969,950,1160,81,413,0,0,101,61,3,48,4621,2,1259,3341
river,67318,489,0,555,12658,0,627,889,781,0,588,0,0,19,404,27,7,6399,26,1103,4835
dark_forest,68592,960,0,363,11341,0,925,930,768,205,751,0,1,42,17,0,22,5473,0,845,5518
dark_forest,69810,876,0,259,10458,0,700,538,956,248,299,0,0,67,0,0,12,6596,0,1339,4178
dark_forest,73794,620,0,77,6840,1,522,646,814,237,246,0,1,276,0,0,6,6206,0,554,5418
dark_forest,70718,717,0,453,9136,0,1191,707,964,242,376,0,0,338,0,0,12,6198,0,1360,4072
dark_forest,66563,469,33,593,12405,0,934,601,1209,192,631,0,7,252,0,1,24,9327,2,1395,1853
river,65924,510,0,574,13814,0,1268,683,924,3,645,0,0,32,277,29,13,7222,16,1123,4079
birch_forest,68525,1462,0,501,13284,0,1383,855,853,44,563,0,0,84,170,0,44,7066,0,1446,760
birch_forest,76481,627,0,721,11621,0,55,877,630,241,74,0,0,65,0,0,51,4278,0,1113,54
birch_forest,78658,104,0,481,12689,0,197,707,22,247,303,0,0,96,0,0,52,2182,0,1057,64
birch_forest,76271,383,0,270,14263,0,15,730,748,248,381,0,0,132,0,0,73,2384,0,1076,11
birch_forest,78532,170,0,452,10266,0,42,916,28,251,366,0,0,115,0,0,70,4538,0,1136,21
birch_forest,75407,1238,0,436,8746,0,593,815,481,249,129,0,0,114,0,0,59,7296,0,1036,88
birch_forest,70973,1078,0,346,9448,0,980,732,1066,253,379,0,1,191,0,0,30,10811,0,502,78
birch_forest,67766,829,0,10,10664,0,1461,1049,838,285,457,0,0,195,0,0,7,12545,0,561,0
birch_forest,63878,1318,0,0,12959,0,1348,1268,1125,267,514,0,1,0,0,0,9,12810,0,1169,0
birch_forest,61933,1614,0,0,14815,0,1035,1281,1356,250,451,0,0,0,0,0,8,12674,0,1258,0
birch_forest,62905,950,0,0,13925,0,1192,1476,1287,248,486,0,0,0,0,0,9,12990,0,1216,0
birch_forest,63353,1002,0,0,15329,9,1582,1494,824,250,584,0,0,0,0,0,17,11331,0,854,0
birch_forest,63581,1272,0,0,14763,0,1274,1522,1593,249,401,0,0,0,0,0,10,10985,0,1066,0
birch_forest,65605,1814,29,0,14413,0,1182,864,1115,252,300,0,0,0,0,0,8,10197,0,1044,0
birch_forest,68415,793,0,0,11642,0,1375,899,807,248,616,0,0,0,0,0,12,10244,0,1609,86
birch_forest,66801,1046,0,12,13835,0,755,821,1225,236,318,0,0,0,36,0,10,10209,0,1472,11
birch_forest,65487,1404,209,11,15349,0,1290,1136,712,238,309,0,8,0,16,0,17,9375,0,951,116
birch_forest,65974,772,0,0,15347,0,1110,953,639,130,729,0,0,0,193,0,3,10288,0,434,435
birch_forest,65783,1386,0,14,14561,0,1300,760,1278,60,502,0,0,0,79,8,1,8628,12,1521,1218
birch_forest,65361,1570,0,21,14937,0,1090,575,1023,168,411,0,0,0,0,0,11,10232,0,819,696
birch_forest,65377,743,0,0,15111,0,1228,388,1163,198,495,0,0,0,1,0,10,10252,0,1217,682
birch_forest,68372,782,0,0,13011,0,1574,454,688,251,396,0,0,0,0,0,11,10227,0,936,142
birch_forest,66415,1181,0,0,14415,4,1526,778,946,250,565,0,0,0,0,0,21,9381,0,1238,14
birch_forest,67989,738,0,0,13920,0,921,464,672,173,515,0,0,0,0,0,11,9870,0,1675,0
birch_forest,68667,1366,0,0,13764,0,743,821,587,180,513,0,1,0,0,0,4,8545,0,1635,0
birch_forest,67222,1325,0,0,14280,1,1248,967,962,250,357,0,45,0,0,0,12,9366,0,841,0
birch_forest,65028,1368,0,0,15083,0,798,708,1143,248,177,0,100,0,0,0,10,11333,0,557,0
forest,68840,1156,0,0,12535,0,1222,889,1086,250,182,0,0,0,0,0,7,7598,0,1565,0
forest,66247,1120,104,0,14368,0,820,360,830,46,546,0,14,0,0,0,2,8360,0,1001,2741
forest,66209,805,0,3,14852,0,891,27,927,0,643,0,139,0,15,0,0,8745,0,468,3425
forest,66741,1239,0,32,13543,0,1220,413,1074,0,272,0,143,0,130,0,0,9262,0,1125,1901
forest,65254,892,0,0,13762,0,823,965,1176,173,305,0,0,0,36,0,4,11222,0,1523,511
forest,64309,1426,0,0,13802,0,792,1379,826,251,745,0,1,0,0,0,3,11934,0,707,0
forest,67777,1077,0,0,10279,0,899,1318,1231,252,650,0,0,0,0,0,3,12463,0,782,0
forest,70256,620,0,0,5260,0,745,1363,1615,252,769,0,1,0,0,0,9,15632,0,206,0
forest,75257,702,0,0,4159,3,1032,834,1221,252,142,0,0,0,0,0,8,13290,0,9,0
forest,76852,671,0,0,3509,0,929,536,922,250,221,0,97,0,0,0,6,12212,0,428,1
forest,74086,540,0,0,3383,0,907,779,1166,250,567,0,563,0,0,0,3,14092,0,265,95
forest,74155,653,0,0,2917,0,1424,821,1154,238,437,0,186,0,0,0,4,14365,0,137,0
forest,74981,987,0,0,3649,0,1336,569,423,211,487,0,489,0,0,0,5,12651,0,554,454
forest,71531,1650,0,0,6863,2,2011,1299,906,251,282,0,620,0,0,0,8,10769,0,367,67
forest,66611,1492,0,0,11138,2,975,1178,1104,249,551,0,131,0,0,0,5,11792,0,1055,16
forest,64182,1525,61,0,13426,0,1118,1223,603,251,554,0,0,0,0,0,8,12119,0,1482,0
forest,66044,796,4,0,11982,0,1415,1132,1066,251,390,0,0,0,0,0,4,12399,0,923,218
forest,63414,974,0,0,14217,0,1385,914,1383,250,435,0,0,0,0,0,5,12077,0,1555,57
forest,62079,1576,0,0,14082,1,753,973,1089,250,553,0,0,0,0,0,7,13499,0,1187,447
birch_forest,63399,1274,0,0,14570,0,1197,718,855,250,525,0,0,0,0,0,7,12941,0,860,113
birch_forest,65249,980,0,0,13511,0,1318,665,513,251,478,0,2,0,0,0,16,12422,0,1322,110
birch_forest,68373,1396,0,0,11712,0,840,900,666,250,547,0,26,0,0,0,11,11246,0,878,1
birch_forest,66169,1365,0,0,12930,0,1380,1267,638,251,464,0,6,0,0,0,1,11232,0,1202,0
birch_forest,66820,824,0,0,12156,0,968,962,1174,247,522,0,1,0,0,0,15,11500,0,1446,0
birch_forest,65866,686,0,11,15173,0,935,1043,1014,142,568,0,1,0,1,0,4,10297,0,781,463
river,65919,647,0,103,15098,0,1336,1207,773,38,588,0,0,0,364,0,4,9140,0,881,965
old_growth_birch_forest,66040,933,0,116,14045,0,1053,909,624,195,376,0,0,0,164,0,19,10733,0,1575,39
taiga,67543,1614,0,0,14812,0,912,915,1193,187,478,0,0,0,0,0,1,8518,0,907,20
taiga,68116,1066,0,191,13516,0,718,712,1007,218,603,0,0,0,0,0,2,9204,0,1602,0
taiga,67570,1554,0,107,12278,0,1755,1226,471,266,714,0,0,0,0,0,2,10027,0,957,0
taiga,63049,1095,8,562,14069,8,1486,1488,1421,265,437,0,0,0,0,0,2,11947,0,1044,5
taiga,63214,1078,0,221,13670,0,797,1406,1764,243,662,0,0,108,0,0,3,12198,0,1295,7
taiga,62772,843,0,129,13901,0,715,1285,1208,221,712,0,2,134,0,0,6,13332,0,1363,0
taiga,65548,1165,0,635,13662,0,900,1253,648,190,579,0,0,221,0,0,23,10675,0,1321,0
taiga,65944,533,0,473,13403,5,982,910,848,230,297,0,0,189,0,0,2,11084,0,1511,299
taiga,65580,1139,0,507,13162,1,410,956,1701,242,393,0,0,314,0,0,42,11122,0,1203,108
cold_ocean,66912,701,0,202,13086,0,825,469,1592,2,856,221,0,241,36,4,70,7620,0,956,3255
cold_ocean,67178,1109,0,208,12184,2,1036,164,812,0,623,44,986,149,0,11,12,7393,10,963,4012
cold_ocean,68646,1078,0,226,10382,0,1186,155,814,0,466,0,1739,15,0,15,0,7266,16,902,4399
taiga,70085,927,0,8,10732,0,1056,637,978,124,386,0,232,2,121,1,1,8899,4,626,2158
taiga,70327,1089,0,0,9117,0,1108,998,892,258,244,0,0,99,0,0,35,10450,0,1644,451
taiga,68891,1609,0,98,10069,1,1107,1099,488,257,356,0,0,0,0,0,1,11304,0,1220,201
taiga,67446,1273,0,0,10788,0,2000,1134,1401,249,704,0,0,0,0,0,0,10941,0,848,10
taiga,66812,1244,0,0,12173,0,1262,887,1337,249,440,0,0,0,0,0,3,11517,0,508,305
taiga,65599,1078,0,0,13603,5,762,723,1595,250,463,0,0,0,0,0,3,10646,0,1535,384
taiga,66453,1239,0,0,15109,0,906,495,1091,251,421,0,14,0,0,0,2,9419,0,1042,291
forest,70918,766,0,0,13725,0,980,777,1004,251,524,0,25,0,0,0,7,6348,0,772,529
forest,72719,598,159,1,12570,0,120,796,1130,224,292,0,0,0,0,0,6,6102,0,809,1155
forest,69918,797,0,0,12429,0,900,784,714,247,574,0,1,0,0,0,8,9097,0,955,222
forest,65043,1338,0,0,13975,0,1278,1206,942,251,425,0,0,0,0,0,11,11423,0,811,0
forest,64463,566,0,0,14261,4,1538,1457,1312,264,508,0,0,0,0,0,9,10866,0,1431,0
forest,63803,1282,0,0,14291,0,1637,1231,1244,329,418,0,0,0,0,0,6,11281,0,1242,0
forest,64104,1441,0,0,12428,0,615,1046,1435,312,321,0,0,0,0,0,12,11960,0,957,0
forest,67421,1167,0,0,7502,0,709,898,650,251,566,0,0,0,0,0,7,12807,0,582,60
forest,63231,902,0,0,13345,0,1808,1195,879,251,805,0,0,0,0,0,10,12007,0,1164,2
forest,63282,1037,20,0,12742,0,1358,1279,1227,251,338,0,0,0,0,0,6,13380,0,1418,259
forest,66466,1011,78,0,13083,0,895,1084,927,246,576,0,17,0,0,0,18,10302,0,1058,1128
plains,70649,245,70,0,11724,0,357,278,515,44,342,0,134,0,55,0,3,4533,0,1129,7223
cold_ocean,70078,1106,18,0,13016,0,423,99,772,4,836,0,51,0,59,24,0,5204,26,1105,4426
cold_ocean,70056,781,67,0,13357,0,1173,57,659,0,371,0,16,0,101,15,0,5884,22,1254,3330
cold_ocean,69456,780,77,0,13200,0,550,304,1741,0,483,0,6,0,20,24,0,5262,16,1066,4200
cold_ocean,70907,905,0,0,14179,0,627,344,582,2,609,0,0,0,0,21,0,4479,26,1381,3204
cold_ocean,69733,1220,0,2,13021,3,877,389,543,0,591,0,118,0,165,22,0,5581,16,1370,3674
cold_ocean,68352,1210,0,1,14282,0,816,536,861,87,410,143,43,0,14,25,0,6390,6,1151,2562
cold_ocean,67885,774,0,0,11302,0,907,594,533,38,977,277,0,0,0,21,0,7275,22,1273,3423
cold_ocean,66800,622,0,0,12919,0,1454,268,1013,0,555,185,1,0,0,14,0,7645,8,1752,3807
cold_ocean,71934,735,0,0,10064,0,628,67,644,0,393,153,0,0,3,29,0,5744,32,851,5878
cold_ocean,73871,746,0,0,9293,0,697,433,688,0,737,189,0,0,0,18,0,5473,22,709,4395
cold_ocean,66668,178,0,0,14290,0,964,260,342,0,946,62,0,0,0,17,0,6563,16,1601,5325
plains,67364,360,0,6,13410,0,1108,504,670,97,446,0,82,0,15,0,16,8968,0,1232,2201
plains,66520,1175,0,0,13539,0,902,601,1114,258,460,0,13,0,0,0,49,10343,0,1387,702
plains,66986,903,0,0,14279,0,1140,1336,1097,257,556,0,0,0,0,0,29,9127,0,1284,53
forest,67875,942,0,0,14490,0,851,1287,626,251,261,0,0,0,0,0,2,8964,0,1186,0
forest,66119,1022,58,0,13462,0,1022,1229,861,254,226,0,26,0,0,0,2,10157,0,2195,0
forest,67635,768,62,0,12496,0,1659,851,674,258,492,0,34,0,0,0,11,10779,0,1047,0
forest,65809,1473,0,0,13712,0,995,518,1117,252,214,0,0,0,0,0,8,11499,0,1049,0
forest,64941,1471,0,0,13790,0,518,475,1896,250,498,0,0,0,0,0,6,11077,0,1177,167
forest,66711,826,0,0,14354,0,1330,472,1402,252,703,0,0,0,0,0,4,9214,0,1192,167
forest,67465,1082,0,0,14082,0,973,612,700,255,570,0,0,0,0,0,3,8338,0,1157,1312
forest,66234,1333,0,0,14192,0,672,642,1063,267,554,0,0,0,4,0,6,9177,0,1654,837
forest,65977,1167,0,29,14037,0,1374,643,1584,44,584,0,0,0,222,0,4,9527,0,1546,351
river,65997,1369,0,1,15044,0,624,659,1166,0,538,0,0,0,267,3,0,8954,2,904,1573
forest,66400,1620,0,8,15115,0,567,1102,873,54,387,0,0,0,206,0,0,8588,0,1148,974
forest,67771,954,0,0,14332,9,1002,1247,1085,250,393,0,0,0,0,0,8,9016,0,567,143
forest,66059,869,0,0,14422,0,479,1277,609,236,492,0,16,0,0,0,3,9286,0,647,1913
forest,65899,895,0,0,13963,0,1547,792,957,248,376,0,2,0,0,0,7,10062,0,1383,447
forest,64528,1208,0,0,13663,0,1163,905,730,217,538,0,0,0,4,0,1,11251,0,1751,513
forest,63653,1163,0,0,14692,0,990,987,729,249,623,0,0,0,0,0,4,12328,0,1055,162
forest,64485,1262,0,0,14035,0,1046,954,859,251,324,0,0,0,0,0,5,12208,0,1233,0
forest,62500,958,0,0,14768,0,798,676,968,273,498,0,20,0,0,0,10,13604,0,1298,56
forest,64621,1103,0,0,13507,0,1188,821,814,250,635,0,16,0,0,0,4,11542,0,2021,56
forest,68125,1116,0,0,12061,0,889,371,980,248,314,0,39,0,0,0,3,8784,0,2890,14
forest,67514,965,0,0,12779,0,861,1057,525,358,420,0,50,0,0,0,2,9393,0,1839,0
forest,66938,1316,0,0,13418,1,924,1043,694,328,430,0,98,0,0,0,9,10115,0,1288,0
forest,68283,777,0,0,13007,0,873,713,819,251,249,0,117,0,0,0,8,10076,0,1478,3
forest,68624,811,0,0,10551,0,875,436,411,250,456,0,0,0,0,0,7,12546,0,1039,582
forest,67874,1102,0,0,10870,0,638,1074,1274,252,463,0,0,0,0,0,14,11000,0,888,1315
forest,65380,1139,0,0,12026,0,1117,1121,1463,249,473,0,0,0,0,0,7,10093,0,1313,2105
forest,65940,911,0,0,12448,0,1033,1245,1187,38,413,0,0,0,299,3,4,9597,6,1413,2505
river,66424,1192,0,19,13379,0,1076,743,853,0,776,0,0,0,191,5,0,8608,6,1465,2416
forest,68031,801,0,19,11042,0,1899,654,1018,101,357,0,0,0,94,0,1,10172,0,1914,940
forest,65439,1122,0,0,14668,0,1647,845,1450,137,534,0,0,0,230,0,1,9409,0,1095,360
forest,66185,1581,0,0,14015,0,908,952,1022,245,594,0,0,0,15,0,3,9724,0,1096,420
forest,64792,1233,183,0,14300,0,1192,1044,924,251,175,0,1,0,0,0,5,10652,0,1644,179
forest,66495,1028,27,0,14003,0,1014,965,799,250,419,0,0,0,0,0,6,10058,0,856,0
forest,68043,261,0,0,13073,0,739,1013,849,250,368,0,0,0,0,0,13,7934,0,1356,784
forest,69032,599,0,0,11504,0,1020,1016,809,253,551,0,0,0,0,0,7,10438,0,366,1342
forest,66862,725,0,0,12432,0,1064,1175,1310,251,292,0,0,0,0,0,9,10810,0,971,419
forest,65749,1410,0,0,12112,0,924,744,744,252,412,0,0,0,0,0,3,12388,0,1740,119
forest,70683,1387,0,0,7566,0,1442,483,898,249,104,0,479,0,0,0,3,10412,0,1256,1607
forest,74091,926,0,0,6692,0,450,590,723,244,262,0,15,0,0,0,4,10389,0,784,1498
forest,69633,822,0,0,7214,0,1011,806,579,253,602,0,0,0,0,0,3,10992,0,857,4026
forest,65720,295,0,0,12648,0,1070,709,608,244,90,0,9,0,0,0,4,9796,0,814,4603
forest,63941,791,0,0,13793,0,756,459,1007,235,238,0,48,0,0,0,2,10106,0,1187,4306
forest,63083,1286,0,0,13871,0,216,678,480,249,298,0,88,0,0,0,13,12824,0,1289,2374
forest,62196,780,0,0,13925,0,845,836,1211,256,552,0,26,0,0,0,13,14289,0,776,921
forest,62742,1019,0,0,14264,0,1501,541,769,251,622,0,0,0,0,0,15,13666,0,1085,72
forest,63760,1435,0,0,14861,0,1045,705,985,249,655,0,0,0,0,0,1,12004,0,818,19
forest,64665,1085,0,0,14378,0,1345,774,842,248,257,0,0,0,0,0,6,11236,0,1685,29
forest,64280,1030,0,0,14393,0,870,1080,1241,251,357,0,0,0,0,0,3,11668,0,1230,238
forest,65964,1154,0,0,13824,0,939,1433,1025,320,881,0,0,0,0,0,4,9411,0,1681,43
forest,65575,798,0,0,14344,0,1616,1099,1051,250,402,0,0,0,0,0,7,10538,0,1067,1
forest,65578,858,52,0,12401,0,602,1176,1242,250,342,0,0,0,0,0,4,11660,0,1179,106
forest,67423,1092,0,0,12319,0,969,867,1082,249,401,0,0,0,0,0,8,10233,0,995,913
forest,66570,990,0,0,14548,0,1328,939,721,251,658,0,0,0,0,0,5,9711,0,918,0
forest,66926,1703,0,0,14689,0,844,673,1091,250,318,0,0,0,0,0,5,8581,0,1556,1
forest,67437,592,0,0,14754,2,904,618,1234,250,263,0,1,0,0,0,1,9279,0,1244,0
forest,66372,1518,0,0,13936,0,948,1044,1230,250,335,0,0,0,0,0,1,9732,0,1188,0
forest,67379,1235,0,0,14464,0,507,1302,898,249,567,0,0,0,0,0,10,9183,0,820,1
old_growth_birch_forest,66764,922,0,0,13859,0,996,1303,845,251,415,0,283,0,0,0,20,10152,0,955,1
old_growth_birch_forest,67521,1157,0,0,12595,0,1062,1038,993,249,393,0,117,0,0,0,7,10638,0,1029,1
old_growth_birch_forest,65583,1456,0,0,13466,0,1704,1225,588,249,364,0,44,0,0,0,7,10614,0,1376,0
old_growth_birch_forest,64441,1692,0,0,14502,0,1013,1522,1066,249,343,0,0,0,0,0,24,10529,0,1045,0
old_growth_birch_forest,67117,701,0,49,10751,0,1467,1407,1303,248,617,0,0,0,0,0,14,10012,0,1124,0
old_growth_birch_forest,73184,1561,0,416,7906,0,1273,1164,1335,251,190,0,1,83,0,0,15,8752,0,760,24
old_growth_birch_forest,77386,670,0,1101,6107,0,974,661,500,141,221,0,0,318,80,7,19,6462,8,517,1919
old_growth_birch_forest,71344,905,0,64,10500,0,1065,622,929,0,448,0,1,275,224,28,6,6773,44,348,3591
river,70968,1063,94,176,10901,1,426,458,676,0,319,0,0,252,290,28,1,5033,40,541,5713
dark_forest,69873,738,0,797,10917,0,683,480,1019,38,372,0,0,350,313,0,3,5877,0,1201,4332
dark_forest,64920,1071,0,902,13248,0,766,923,1317,236,762,0,0,80,0,0,16,9941,0,966,1048
dark_forest,64322,1240,0,892,12561,0,934,1279,972,238,439,0,0,37,0,0,26,10958,0,1610,430
dark_forest,64178,887,0,1004,13078,0,992,915,916,248,408,0,0,4,0,0,9,12000,0,1191,688
dark_forest,64105,971,0,1131,14235,0,1237,820,1292,247,364,0,0,0,0,0,8,11025,0,968,17
dark_forest,64624,1344,0,1539,13833,0,870,539,670,244,809,0,0,41,0,0,20,10053,0,1298,421
dark_forest,65619,1071,0,968,13784,0,1184,728,1205,242,588,0,0,134,0,0,36,9522,0,660,5
dark_forest,66012,1209,43,986,13985,0,922,853,959,219,658,0,0,0,0,0,5,9087,0,901,176
dark_forest,65673,1213,61,783,13074,0,1108,1061,1263,233,540,0,326,91,0,0,17,9463,0,1099,57
dark_forest,65920,1037,0,765,13106,0,1096,1137,1462,237,271,0,48,94,0,0,27,9797,0,1127,0
dark_forest,66435,1008,0,1740,12913,0,1261,795,1220,232,257,0,0,459,0,0,45,8772,0,714,80
dark_forest,65901,1114,0,1537,12358,0,1169,799,987,234,664,0,0,244,0,0,25,9706,0,1075,169
dark_forest,65620,1300,0,907,14168,0,1221,750,1182,114,642,0,0,2,123,0,6,8268,0,1154,1235
river,66489,576,0,1000,13513,0,551,303,906,0,540,0,1,127,137,23,20,7271,18,1352,4295
river,67356,898,0,1985,12324,0,760,451,657,0,604,0,0,125,129,4,22,8224,0,827,2865
dark_forest,66786,1036,0,1135,14301,1,998,598,1174,0,266,0,0,85,362,0,28,8831,0,493,996
dark_forest,68512,716,0,1802,12331,0,500,898,753,31,400,0,0,242,116,0,54,8781,0,697,1077
dark_forest,67570,992,0,1074,12960,0,792,809,922,222,508,0,0,383,33,0,105,8232,0,919,734
dark_forest,67726,756,0,1857,11452,0,1393,1071,761,243,419,0,0,636,0,0,107,8663,0,820,192
dark_forest,66129,1680,0,1382,11869,0,502,850,1539,241,835,0,242,154,0,0,18,9644,0,1302,24
dark_forest,66984,644,0,2239,11073,0,569,584,1415,253,550,0,663,293,0,0,28,10145,0,778,7
dark_forest,66898,1611,0,1429,12124,0,743,842,886,301,410,0,150,400,0,0,64,9438,0,1111,33
dark_forest,67139,1048,0,1203,12150,0,948,796,825,269,461,0,0,557,0,0,67,10034,0,649,17
dark_forest,65683,1245,0,1225,12148,0,705,940,723,240,549,0,0,332,0,0,48,11394,0,874,19
dark_forest,66495,1216,0,1305,12243,5,1135,1312,864,265,307,0,1,536,0,0,103,9511,0,1048,3
dark_forest,67283,1644,0,901,12307,0,1201,577,630,174,321,0,7,382,103,3,72,9910,4,783,172
river,66816,687,0,1141,13332,0,744,731,686,9,814,0,143,113,167,24,13,9181,20,836,1442
old_growth_spruce_taiga,66214,1070,0,1054,13243,0,524,782,974,11,591,0,0,74,67,3,3,7992,0,1144,2546
old_growth_spruce_taiga,65081,922,0,1048,13263,0,759,1290,1007,0,346,0,0,1,0,0,8,9323,0,1859,1453
old_growth_spruce_taiga,62772,1217,0,521,14125,4,878,1306,1632,7,498,0,0,31,0,0,13,12057,0,1268,0
old_growth_spruce_taiga,60453,1524,0,575,13099,0,1130,968,1366,108,604,0,43,51,0,0,29,14720,0,887,0
old_growth_spruce_taiga,58237,971,0,672,14092,0,1555,1239,1058,6,502,0,20,0,0,0,9,16612,0,1258,1
old_growth_spruce_taiga,56126,1268,0,766,15116,5,865,1073,427,0,790,0,0,0,0,0,8,18659,0,866,0
old_growth_spruce_taiga,56886,735,0,464,13845,4,1873,1449,1088,69,529,0,0,0,0,0,7,18331,0,1067,0
old_growth_spruce_taiga,57255,1078,0,725,14543,2,1169,1176,1171,0,498,0,38,0,0,0,9,16856,0,1202,0
old_growth_spruce_taiga,58455,1060,0,862,14710,0,671,1394,833,0,626,0,4,162,0,0,28,16227,0,978,0
old_growth_spruce_taiga,59120,1199,0,871,15297,0,1001,929,1758,46,383,0,0,0,0,0,3,15020,0,732,30
old_growth_spruce_taiga,59909,1395,0,859,13101,0,1180,1276,1073,0,669,0,0,0,0,0,8,15035,0,1807,47
old_growth_spruce_taiga,59317,2409,0,590,15197,0,989,1180,1160,0,284,0,0,0,0,0,4,14228,0,792,0
old_growth_spruce_taiga,57817,1082,0,925,15419,0,642,1227,799,0,576,0,0,0,0,0,5,16725,0,732,0
old_growth_spruce_taiga,57352,1152,56,752,14609,0,1235,1433,791,0,406,0,0,0,0,0,10,15417,0,1223,1826
old_growth_spruce_taiga,60765,1185,302,768,14331,0,576,1105,1243,0,597,0,0,0,0,0,4,13997,0,1353,498
river,65697,830,146,584,13895,0,727,527,492,5,608,0,151,0,14,24,0,6796,30,1378,5288
river,65792,944,1111,896,12853,0,774,245,1008,0,693,0,303,0,0,8,0,6535,10,931,5205
old_growth_pine_taiga,65856,1027,286,743,13034,0,725,519,794,0,419,0,102,0,180,10,0,6635,12,1380,5394
old_growth_pine_taiga,65281,1648,623,592,12564,0,801,608,475,37,326,0,0,132,205,0,10,9640,0,1707,1990
old_growth_pine_taiga,66018,1278,365,724,13875,0,1063,958,485,0,127,0,0,218,9,0,25,10179,0,869,528
river,66295,1024,96,755,13733,0,741,811,703,0,480,0,1,20,279,10,2,8962,12,759,1966
river,66575,279,121,529,12905,0,602,162,820,0,782,0,1,270,42,16,40,5810,18,818,7410
river,65879,1131,0,561,14046,0,998,553,1350,0,447,0,0,9,64,24,2,8431,34,1545,2070
old_growth_spruce_taiga,68151,672,108,360,12026,0,1120,389,926,0,855,0,42,97,173,0,0,8771,0,1349,1945
old_growth_spruce_taiga,74040,1293,40,716,5901,0,944,814,1084,138,308,0,47,362,50,0,1,10219,0,341,395
old_growth_spruce_taiga,64825,1370,0,354,13215,0,1426,855,920,300,816,0,0,61,0,0,4,11486,0,1064,17
old_growth_spruce_taiga,61914,1080,0,687,14338,0,1066,1089,1171,81,574,0,36,25,0,0,12,13376,0,1216,2
old_growth_spruce_taiga,58004,1220,0,317,14926,6,1049,1230,903,0,403,0,0,4,0,0,8,17128,0,1185,0
old_growth_spruce_taiga,56600,1107,0,373,13639,0,1017,1144,1711,0,871,0,0,106,0,0,14,17638,0,1385,3
old_growth_spruce_taiga,56094,1901,0,799,13719,0,1408,1359,1583,0,324,0,234,7,0,0,6,16111,0,871,0
old_growth_spruce_taiga,61136,1071,0,568,12198,0,677,1340,610,0,665,0,1,141,0,0,6,16652,0,978,2
old_growth_spruce_taiga,64423,1057,0,608,11275,0,355,1099,397,0,716,0,0,327,0,0,4,13523,0,1485,213
old_growth_spruce_taiga,69486,967,31,421,10331,0,902,986,181,0,438,0,16,242,0,0,52,9608,0,861,1009
river,70595,763,0,1034,9776,0,492,638,689,0,372,0,17,216,43,0,17,5851,2,83,5612
old_growth_pine_taiga,69239,845,0,673,8471,0,1212,1723,1068,2,318,0,34,218,33,0,60,9762,0,691,1164
old_growth_pine_taiga,65332,711,0,375,8334,0,503,1729,873,0,233,0,430,220,0,0,31,14693,0,654,639
old_growth_pine_taiga,62264,900,0,384,8921,0,740,969,863,90,522,0,92,3,0,0,4,17313,0,1468,10
old_growth_pine_taiga,59017,1239,0,174,11579,0,689,747,1360,132,417,0,30,0,0,0,2,17917,0,1439,83
old_growth_pine_taiga,60701,1352,0,0,11407,0,824,784,891,36,394,0,4,0,0,0,7,15040,0,1610,940
old_growth_pine_taiga,58630,941,0,0,13785,3,1179,743,1175,82,531,0,1,0,0,0,6,16576,0,940,912
old_growth_pine_taiga,58516,1120,0,0,13687,0,1276,895,1104,131,605,0,27,0,0,0,6,16988,0,1736,180
old_growth_pine_taiga,58424,1156,0,0,13007,0,1347,1329,1434,0,735,0,0,0,0,0,5,17065,0,1139,0
old_growth_pine_taiga,58331,1541,0,0,12357,1,840,1106,1348,5,660,0,0,0,0,0,9,18342,0,720,0
taiga,57675,1289,0,0,13778,0,944,826,706,166,816,0,12,0,0,0,3,18563,0,1216,46
taiga,55859,1027,0,0,14456,0,824,1450,1309,303,624,0,0,0,0,0,5,19190,0,1553,47
meadow,52669,1383,0,0,14292,0,594,1491,1414,256,728,0,66,0,0,0,7,22211,0,1286,367
meadow,56574,1397,0,0,13594,0,684,1140,590,253,936,0,79,0,0,0,10,20368,0,654,212
meadow,51055,1058,0,0,14732,0,1102,1319,1421,232,717,0,0,0,0,0,19,23373,0,1227,104
meadow,53138,1459,0,0,14881,0,1252,1007,1477,240,910,0,0,0,0,0,12,21241,0,942,0
meadow,55567,1248,0,0,14074,0,1614,984,1553,208,594,0,0,0,0,0,13,19511,0,1268,0
taiga,58417,968,0,0,13939,0,831,1067,671,180,809,0,0,0,0,0,0,17956,0,1356,1
taiga,62817,744,0,0,14980,0,1047,1174,1310,187,302,0,0,0,0,0,10,12723,0,1286,1
taiga,64768,1376,0,0,14058,0,1210,1126,748,198,365,0,0,0,0,0,1,11101,0,1695,4
taiga,66909,1296,0,1,14174,0,1116,510,689,233,437,0,0,0,0,0,2,9433,0,1654,246
river,68250,604,0,0,14230,0,952,418,563,42,836,0,0,0,60,29,0,8013,24,1447,1350
taiga,67318,519,0,0,13027,0,1078,866,1054,91,282,0,0,0,73,1,1,8955,0,1927,869
taiga,63634,1521,0,0,13514,0,1054,1042,1601,250,585,0,0,0,0,0,3,11283,0,1104,29
forest,64346,1526,0,0,13381,0,1181,1251,934,252,291,0,0,0,0,0,7,11268,0,1058,247
forest,64749,851,0,0,14627,0,1042,1074,965,248,352,0,0,0,0,0,7,10289,0,1397,779
forest,65990,597,110,0,14056,0,1035,1098,1203,289,467,0,0,0,0,0,3,10210,0,1219,225
forest,62623,918,0,0,14898,0,682,1606,547,465,524,0,0,0,0,0,4,12280,0,1200,27
forest,61933,795,0,0,14348,0,1335,1272,318,344,386,0,78,0,0,0,4,13307,0,1119,7
forest,62104,500,0,0,14711,2,607,1253,1409,316,732,0,107,0,0,0,4,13216,0,1049,11
forest,62125,916,0,0,14120,3,945,1241,1007,392,648,0,0,0,0,0,3,13542,0,1550,0
forest,63142,1232,0,0,14768,0,948,949,833,265,256,0,6,0,0,0,8,12826,0,1189,1
forest,63628,1203,0,0,14609,4,1287,1435,913,249,305,0,119,0,0,0,5,11960,0,840,1
forest,64707,1465,0,0,13330,0,1792,1338,791,251,348,0,1,0,0,0,14,10685,0,1664,159
plains,68766,686,0,0,12978,0,1173,1070,1025,256,388,0,1,0,0,0,43,9233,0,1163,383
plains,68754,990,0,0,12500,0,861,705,932,256,482,0,0,0,0,0,62,10143,0,906,424
plains,67381,899,0,0,13178,1,1101,261,994,135,343,0,1,0,2,0,31,11191,0,1357,306
plains,67627,1268,0,19,12975,0,1230,593,1136,73,504,0,1,0,190,4,15,9657,0,1171,290
river,67812,1582,0,0,13722,0,638,1094,1274,3,521,0,0,0,183,28,1,7515,56,712,1780
river,66462,1187,0,15,13804,0,1025,989,803,0,499,0,0,0,297,30,0,8806,24,1281,1880
river,66256,1067,0,0,14457,0,1594,848,699,0,345,0,23,0,205,13,0,9751,26,995,877
river,67669,1323,0,10,12986,0,654,693,1536,11,446,0,1,0,144,31,0,9164,32,1182,1123
river,67984,634,0,0,11905,0,869,592,1124,82,655,0,0,0,217,14,4,11494,16,1333,219
plains,65260,1647,84,0,13711,0,972,1037,1160,256,492,0,0,0,0,0,54,11581,0,769,0
plains,63869,1394,23,0,14924,0,1087,771,801,256,750,0,0,0,0,0,47,12459,0,737,0
plains,66551,827,0,0,12723,2,1420,958,1353,256,359,0,0,0,0,0,19,10538,0,1187,0
plains,74594,489,0,0,12243,0,929,228,349,62,278,0,36,0,0,0,1,6269,0,934,0
plains,75687,542,0,0,12939,2,1139,159,391,0,256,0,50,0,0,0,4,3713,0,1033,0
plains,76624,148,0,0,10771,0,560,179,765,5,132,0,0,0,0,0,0,4714,0,855,0
plains,68562,1074,0,0,10644,0,979,752,1023,190,320,0,0,0,0,0,41,9500,0,1313,0
plains,67181,1224,0,0,10020,0,1187,1025,739,256,556,0,24,4,0,0,55,11457,0,752,0
plains,66687,1505,0,0,13026,0,950,936,1108,256,426,0,30,0,0,0,68,10394,0,649,0
plains,70826,1176,53,0,10089,0,795,1033,1224,334,265,0,0,0,0,0,63,9838,0,623,0
plains,69892,1026,75,0,10277,0,1454,901,612,256,297,0,9,0,0,0,45,11063,0,1139,1
plains,71089,1288,0,0,9955,0,1342,852,726,251,423,0,0,0,0,0,57,9858,0,673,0
plains,71524,1415,0,0,9139,0,608,874,977,256,307,0,0,0,0,0,52,10634,0,974,396
plains,74029,1282,237,0,6803,0,906,906,1495,211,385,0,0,0,0,0,30,9359,0,759,641
plains,72913,1376,275,0,7855,0,842,983,920,143,292,0,1,0,46,7,18,10158,0,959,145
river,71276,927,19,12,9583,0,1274,1148,946,91,387,0,0,0,75,10,6,7973,4,1006,2173
river,69527,480,0,1,9005,0,950,1209,612,91,458,0,13,0,67,6,4,7955,4,1038,3680
plains,74036,200,0,6,9893,2,614,619,623,215,407,0,98,0,0,0,47,7563,0,460,1983
plains,80856,171,0,0,6914,0,730,525,373,228,229,0,281,0,0,0,69,4210,0,764,1931
plains,82607,110,0,0,7920,0,67,371,737,256,302,0,95,0,0,0,55,3127,0,280,1409
plains,76835,1237,0,0,8754,0,459,871,681,256,293,0,251,0,0,0,64,7253,0,319,0
plains,69609,1314,0,0,12127,0,549,877,615,256,272,0,211,0,0,0,70,10122,0,1103,0
plains,66043,1098,0,0,13744,0,1037,729,1090,256,492,0,0,0,0,0,38,11771,0,814,0
plains,69063,686,0,0,13607,0,1333,935,1131,253,87,0,2,0,0,0,42,9151,0,815,1
windswept_gravelly_hills,66037,966,142,0,10839,0,1183,1018,850,174,906,0,101,0,0,0,10,13425,0,1368,1
windswept_gravelly_hills,65077,972,0,0,13590,0,1283,354,1607,7,1036,0,0,0,0,0,0,12010,0,1070,1
windswept_gravelly_hills,71247,1160,0,0,12942,4,417,278,993,0,757,0,1,0,0,0,0,8201,0,1120,1
windswept_gravelly_hills,63957,1003,0,0,13926,1,1405,298,1138,0,1234,0,1,0,0,0,0,13380,0,694,0
windswept_gravelly_hills,60083,982,0,0,13858,0,1128,327,1110,0,1569,0,0,0,0,0,0,16329,0,1631,0
windswept_gravelly_hills,58869,1423,0,0,13877,0,1010,749,1044,62,1386,0,0,0,0,0,0,17390,0,1114,19
windswept_gravelly_hills,58774,1187,0,0,14926,2,1220,1009,1827,212,706,0,33,0,0,0,5,15979,0,1035,0
windswept_gravelly_hills,62519,1099,0,0,14061,0,1162,798,1597,90,1024,0,0,0,0,0,5,13281,0,1452,0
plains,66351,1740,0,0,13653,6,852,1067,1211,84,585,0,4,0,95,0,21,9793,0,1261,438
swamp,66166,1112,0,11,14570,6,784,1081,581,0,663,0,14,0,69,22,0,8807,42,880,2264
swamp,67742,1226,0,17,12608,2,1262,1259,1430,0,453,0,18,0,0,25,0,8608,92,1359,1117
swamp,68225,707,21,16,9737,0,1314,1571,1019,0,377,0,13,0,0,24,0,9694,66,737,766
swamp,68167,1018,82,19,10310,0,1481,1513,962,7,428,0,0,0,0,16,2,8688,36,1346,461
swamp,67071,1170,0,12,12349,0,1191,1091,441,85,666,0,0,0,0,11,8,10103,2,1030,169
swamp,67406,1197,0,43,11058,0,1096,801,1197,59,356,0,105,0,0,7,10,9411,0,960,715
swamp,66117,1770,0,14,11796,0,1353,936,921,82,404,0,0,0,0,11,12,9167,0,449,1052
swamp,67021,858,0,0,11089,0,1061,772,1106,199,551,0,0,0,0,3,30,11114,0,261,53
swamp,67120,1148,0,0,11659,0,1071,922,1062,124,575,0,0,0,0,6,13,10142,0,425,130
swamp,67110,1352,0,18,10967,0,1022,887,1269,133,274,0,0,0,0,6,14,9728,2,926,389
swamp,68271,764,0,14,11748,0,1164,919,773,136,300,0,0,0,4,12,21,7104,0,686,2612
swamp,67441,156,0,4,15118,0,781,1164,920,115,289,0,0,0,0,7,21,6575,0,996,3218
swamp,66051,609,0,12,15155,0,486,1433,589,5,211,0,0,0,0,25,0,7285,68,1358,3769
swamp,65988,1216,0,23,15072,8,1342,1731,1282,0,365,0,0,0,0,8,0,7868,28,858,1427
swamp,67017,950,0,6,13184,0,620,574,1357,0,348,0,0,0,0,22,0,7273,56,1306,4295
swamp,65787,1221,0,14,13485,0,1370,1225,785,136,270,0,0,0,0,0,17,10223,0,1162,721
swamp,63639,1087,18,0,14799,0,1087,1288,1742,253,493,0,0,0,0,0,26,11166,0,1165,2
swamp,63243,1330,0,0,13987,3,584,905,1036,254,563,0,0,0,0,0,25,12782,0,1958,18
swamp,65825,1153,108,0,13436,0,1513,1057,531,255,522,0,0,0,0,0,37,10230,0,1934,24
swamp,67123,1629,319,0,11667,0,745,1253,1013,235,709,0,0,0,0,4,26,10713,0,1407,16
swamp,78170,840,54,4,8084,0,626,1097,937,186,184,0,52,0,0,10,32,6015,0,769,59
swamp,79102,714,0,0,7071,0,573,798,836,254,93,0,0,0,0,0,33,5890,0,1396,0
swamp,70657,915,52,0,11253,1,886,524,1028,243,537,0,0,0,0,2,22,9095,0,1261,103
swamp,65499,758,0,0,14229,0,999,619,1077,173,730,0,0,0,0,9,29,11458,24,760,258
swamp,66365,1308,0,0,12798,0,813,829,1270,198,230,0,0,0,0,10,15,11011,14,1309,88
swamp,68327,1610,0,9,12481,0,1168,958,651,186,446,0,96,0,0,6,25,10428,2,564,77
swamp,67118,936,0,9,12674,1,901,1231,968,10,380,0,197,0,0,13,1,10424,30,1494,570
beach,65922,1144,0,0,15189,0,776,449,554,0,387,0,0,0,400,31,0,7099,94,1165,3519
beach,66497,982,0,0,13602,0,885,74,454,0,595,0,0,0,415,4,0,7398,2,1414,4380
ocean,67001,474,0,4,13513,0,1238,691,1164,0,407,0,1,0,196,36,0,8940,26,1205,2339
ocean,66617,731,0,4,12810,0,726,148,1484,0,826,0,83,0,6,21,0,8602,10,1415,3709
ocean,66331,526,0,0,13693,0,1139,243,878,0,923,0,54,0,3,28,0,7260,28,1473,4480
beach,65912,267,0,0,13637,0,1019,239,817,0,689,0,229,0,9,21,0,7317,30,1413,5499
river,65794,1190,0,0,12242,0,336,302,1205,0,622,0,0,0,184,29,0,7655,32,874,6773
windswept_savanna,65815,495,0,2,12434,0,1872,347,476,0,555,0,0,0,91,4,0,6936,16,599,7587
windswept_savanna,65803,1074,0,31,14449,0,885,378,690,0,692,0,13,0,30,0,0,8519,0,1101,3530
windswept_savanna,65824,1725,0,0,14613,0,934,474,1300,0,428,0,181,0,121,0,0,8198,0,1609,1762
windswept_savanna,66049,657,0,3,14887,0,727,828,727,0,238,0,51,0,256,0,0,10074,0,1135,1254
forest,65857,1137,0,9,13921,0,1158,503,1110,32,789,0,0,0,299,0,3,9273,0,1485,844
forest,65998,1292,0,2,13897,0,1320,952,641,148,380,0,0,0,67,0,3,9620,0,1052,519
forest,64545,1556,0,0,14148,0,685,1128,1350,219,344,0,0,0,3,0,2,10760,0,1191,65
forest,64550,1538,0,0,14387,0,1480,1187,936,201,363,0,0,0,30,0,7,10773,0,1080,166
forest,64237,961,0,0,12284,0,461,1210,650,250,680,0,2,0,0,0,14,10950,0,1306,1482
forest,63334,1262,0,0,14439,0,1279,1046,892,243,577,0,69,0,0,0,6,10804,0,1136,1262
forest,61546,1055,0,0,14220,0,987,1103,1052,249,759,0,0,0,0,0,7,13407,0,1740,38
forest,62724,1597,0,0,14636,0,573,1000,1148,252,411,0,0,0,0,0,7,12834,0,1331,0
forest,63976,1050,0,0,14518,7,1618,709,1424,248,479,0,0,0,0,0,10,11607,0,931,8
forest,64718,1404,0,0,15304,0,1534,880,790,251,721,0,0,0,0,0,6,10338,0,644,142
forest,64879,1309,0,0,14093,0,830,1194,1140,252,511,0,0,0,0,0,8,11044,0,589,142
forest,65725,856,0,0,11969,0,926,1085,535,249,685,0,0,0,0,0,9,10866,0,1138,312
forest,66288,982,0,0,12847,0,702,1072,941,258,260,0,0,0,0,0,3,12035,0,994,104
forest,67623,666,0,0,10632,1,812,973,1558,265,707,0,0,0,0,0,8,11661,0,1535,297
forest,66210,1331,0,0,12651,0,1294,893,1055,261,492,0,1,0,0,0,12,10998,0,1004,362
old_growth_birch_forest,65892,1081,0,0,14376,0,1166,836,754,249,561,0,0,0,0,0,15,10288,0,1116,173
old_growth_birch_forest,65981,1381,0,0,14377,0,1189,660,800,250,264,0,0,0,0,0,9,10463,0,1188,0
old_growth_birch_forest,67196,718,0,0,12362,3,1225,807,918,249,453,0,87,0,0,0,13,11452,0,1128,0
old_growth_birch_forest,66002,1757,0,0,14113,0,827,792,703,248,585,0,0,0,0,0,8,10541,0,1009,0
old_growth_birch_forest,66514,900,0,0,14995,2,875,813,1132,253,383,0,0,0,0,0,12,9434,0,1234,1
old_growth_birch_forest,67570,720,0,0,14033,0,831,582,399,101,433,0,0,0,193,5,3,9033,0,1493,807
old_growth_birch_forest,66591,1122,0,0,14250,0,853,957,881,246,432,0,0,0,0,0,15,9875,0,1349,162
old_growth_birch_forest,66903,1254,0,0,13351,0,919,1151,1379,249,318,0,0,0,0,0,6,9447,0,1303,208
old_growth_birch_forest,65334,1064,0,0,14883,0,874,1140,915,250,349,0,13,0,0,0,8,10083,0,1008,383
river,65653,1163,0,0,14651,0,673,728,979,121,624,0,212,0,42,8,7,9849,2,746,1530
river,66274,831,0,0,14058,0,760,28,774,0,678,0,86,0,14,15,0,8608,20,1680,3401
river,67747,1062,0,11,12957,0,1135,388,996,2,386,0,45,0,305,20,0,5861,32,611,5786
birch_forest,67575,450,0,25,12348,0,278,691,142,123,76,0,127,0,23,0,2,4934,0,770,9595
birch_forest,70925,140,0,0,12051,0,378,197,218,41,249,0,23,173,127,0,1,7114,0,921,4633
birch_forest,71111,1010,0,0,12891,0,228,378,664,250,523,0,0,54,0,0,11,8612,0,1003,122
birch_forest,68924,1129,0,0,13605,0,1289,727,1306,250,725,0,26,3,0,0,7,7902,0,984,0
birch_forest,68722,948,0,0,13069,3,1215,1075,970,252,751,0,0,16,0,0,12,8706,0,1133,0
birch_forest,77595,257,0,0,10773,0,128,896,210,261,216,0,1,1,0,0,15,5573,0,1084,1
birch_forest,70161,939,0,137,13642,0,1030,780,616,251,593,0,13,0,0,0,9,7440,0,1227,1
birch_forest,69399,1120,0,196,14090,0,649,1427,900,249,218,0,0,0,0,0,11,7644,0,919,0
birch_forest,69478,1150,188,228,12642,0,1188,1116,386,250,162,0,77,0,0,0,10,9273,0,695,0
birch_forest,69387,638,177,0,11929,0,802,773,1163,248,518,0,0,2,0,0,14,10018,0,996,20
birch_forest,70749,710,270,93,11515,4,925,1017,1326,250,470,0,0,0,0,0,13,7716,0,940,719
birch_forest,71646,957,429,147,11173,0,730,830,831,249,185,0,0,0,0,0,22,6963,0,781,1809
birch_forest,71743,664,533,710,10262,0,841,686,426,232,855,0,0,45,0,0,33,5459,0,995,2245
birch_forest,70233,473,419,282,9412,0,565,881,569,0,598,0,0,46,162,6,24,6484,14,1014,3924
river,67428,628,183,180,12011,0,651,639,1473,0,486,0,0,1,136,12,1,6502,14,1570,4638
old_growth_birch_forest,70163,516,0,537,12362,0,1128,621,708,148,391,0,0,62,103,0,40,6811,0,1249,2142
old_growth_birch_forest,70198,396,0,643,13306,0,576,677,568,252,570,0,1,87,0,0,60,6417,0,607,2562
old_growth_birch_forest,78668,495,0,119,6778,0,280,318,490,252,359,0,0,64,0,0,39,6653,0,779,1747
old_growth_birch_forest,74183,282,0,414,8795,0,723,418,701,246,135,0,0,259,0,0,20,7261,0,1205,2104
old_growth_birch_forest,67717,1083,0,792,12604,0,362,572,1009,252,288,0,0,379,0,1,40,8698,0,1149,1688
river,65581,1081,0,576,14459,0,817,839,1049,112,506,0,0,43,53,8,16,10006,16,811,928
birch_forest,67211,850,0,576,14030,0,829,1070,855,207,549,0,0,62,0,0,37,8222,0,1111,1209
birch_forest,75342,191,0,879,14661,0,238,831,179,236,235,0,0,53,0,0,34,3147,0,764,119
birch_forest,77069,642,0,308,13980,0,323,725,2,250,336,0,0,177,0,0,108,1298,0,1625,0
birch_forest,76140,316,0,441,14013,0,44,812,111,293,565,0,0,124,0,0,42,2882,0,1047,35
birch_forest,74138,94,0,315,14461,0,428,604,237,253,320,0,0,138,0,0,72,5351,0,440,16
birch_forest,70648,632,0,536,11646,0,1009,566,253,252,324,0,0,39,0,0,36,9746,0,1195,0
birch_forest,68399,1341,0,33,9657,0,1343,596,469,247,321,0,0,57,0,0,38,13115,0,1071,0
birch_forest,68597,899,0,47,9348,0,782,1098,1180,242,592,0,0,0,0,0,17,13406,0,524,0
birch_forest,65842,1414,0,0,11193,0,1311,1195,1280,272,299,0,0,0,0,0,17,12862,0,977,0
birch_forest,62368,1376,98,0,13929,1,918,1271,928,251,438,0,46,0,0,0,11,13826,0,1329,0
birch_forest,62146,922,106,0,15405,3,1137,1417,1237,250,508,0,79,0,0,0,8,12898,0,680,0
birch_forest,63258,1804,0,0,14821,0,900,1300,1206,263,925,0,0,0,0,0,5,11037,0,1247,0
birch_forest,64930,938,225,0,14269,1,740,953,892,275,490,0,99,0,0,0,10,11858,0,991,0
birch_forest,70656,718,110,0,11634,0,1093,417,867,161,234,0,0,0,0,0,7,9857,0,1193,0
birch_forest,69297,501,0,0,13644,0,523,465,1043,219,487,0,1,0,0,0,9,8561,0,974,1067
birch_forest,67966,1137,0,0,13939,0,859,917,913,249,474,0,1,0,0,0,17,8299,0,1129,776
birch_forest,66914,1097,0,0,13377,0,1308,1050,1073,248,505,0,1,0,0,0,7,9197,0,1459,449
birch_forest,65775,1248,0,0,14804,0,1205,1195,1206,251,426,0,0,0,0,0,12,9889,0,794,0
birch_forest,65753,694,0,10,14658,0,1084,862,1161,96,1000,0,0,0,112,4,7,9540,6,1385,800
river,65814,1001,0,19,14554,0,906,810,1337,27,569,0,0,0,330,15,0,8495,14,1560,1706
river,65787,1326,0,0,15577,0,962,803,1003,2,405,0,0,0,378,31,1,8873,32,649,1346
river,65580,1246,0,0,14446,0,1239,818,1265,131,518,0,0,0,4,17,7,10213,18,776,769
birch_forest,65386,1243,0,0,14315,2,841,451,405,219,235,0,0,0,11,0,6,11728,0,1717,238
birch_forest,67981,1257,0,0,12544,0,1421,725,905,248,308,0,1,0,0,0,12,10249,0,1104,21
birch_forest,66213,979,0,0,14341,0,1133,1091,977,250,396,0,0,0,0,0,16,10051,0,1289,23
birch_forest,67338,768,0,30,14014,0,1389,668,837,180,360,0,0,0,84,0,9,9838,0,1156,207
birch_forest,68111,1202,0,0,13650,0,868,791,1065,197,455,0,316,0,42,0,6,8670,0,1406,136
birch_forest,68146,605,0,0,13722,0,981,963,1290,247,488,0,206,0,26,0,9,8941,0,1280,1
forest,69497,1243,0,0,13456,0,932,874,839,210,323,0,109,0,136,0,5,8137,0,1033,8
forest,68573,528,0,11,13701,0,1008,741,739,112,424,0,0,0,166,0,6,8845,0,1436,337
forest,66209,943,0,0,13870,0,1085,449,700,26,609,0,1,0,202,0,0,9551,0,1202,2332
forest,66559,910,0,0,13469,0,685,99,612,0,430,0,62,0,8,0,0,8408,0,1188,4766
forest,66156,605,0,0,13895,0,873,145,745,37,690,0,159,0,0,0,0,7990,0,1206,4713
forest,66706,1630,0,21,14627,0,1040,695,831,28,348,0,14,0,71,0,0,8615,0,828,1675
forest,64669,808,0,0,14871,0,1075,1271,860,231,506,0,0,0,0,0,2,11221,0,1089,209
forest,65659,1981,0,0,12549,0,1114,1212,1479,250,311,0,0,0,0,0,7,11628,0,590,59
forest,69036,1241,0,0,5639,0,1081,1074,1225,256,394,0,0,0,0,0,3,15462,0,1111,0
forest,73441,762,0,0,4293,0,892,913,832,251,172,0,0,0,0,0,5,14512,0,472,182
forest,72824,1641,0,0,5423,0,459,597,879,252,560,0,3,0,0,0,4,14092,0,62,13
forest,70968,1342,0,0,5079,0,911,784,1155,252,481,0,694,0,0,0,3,14479,0,613,0
forest,71148,1193,0,0,5984,0,1474,593,1024,209,354,0,1229,0,0,0,5,13408,0,314,1
forest,70374,1012,0,0,7309,1,706,920,793,237,268,0,825,0,0,0,3,13143,0,1193,1
forest,68540,1314,226,0,10186,0,1180,1051,868,248,118,0,18,0,0,0,8,11661,0,818,0
forest,66976,1033,0,0,12477,0,750,1196,1319,250,279,0,9,0,0,0,4,11630,0,770,0
forest,64650,1675,78,0,13592,0,870,1189,1161,249,699,0,0,0,0,0,6,10921,0,1512,0
forest,66448,744,0,0,11628,0,1535,1021,830,250,197,0,0,0,0,0,6,11916,0,1183,543
forest,64696,933,0,0,14145,0,1451,671,840,235,515,0,0,0,0,0,5,10722,0,1726,525
forest,63110,1057,0,0,14483,4,1548,985,1150,250,611,0,0,0,0,0,8,11865,0,1374,59
forest,63224,884,0,0,14611,0,878,896,1349,250,447,0,0,0,0,0,10,12734,0,1525,0
forest,63768,1069,0,0,13811,0,1281,943,1245,250,677,0,0,0,0,0,7,12256,0,1422,0
birch_forest,64468,1330,0,0,13573,0,946,1295,763,249,433,0,0,0,0,0,15,12218,0,1368,0
birch_forest,65162,952,0,0,14274,0,786,1117,690,250,300,0,0,0,0,0,9,11830,0,1454,0
birch_forest,67844,1418,0,0,11740,0,1132,1221,1497,255,414,0,0,0,0,0,20,9872,0,1242,97
birch_forest,65737,976,0,0,14307,0,1059,1072,1326,183,582,0,0,0,11,0,9,9966,0,1482,135
old_growth_birch_forest,65856,1542,0,0,13976,3,1247,1005,1454,96,617,0,153,0,65,0,5,9074,0,1115,790
taiga,66662,1208,275,0,13607,0,1310,1154,1355,248,294,0,149,0,0,0,9,8947,0,1354,1
taiga,65678,1127,488,0,13793,0,1116,1237,994,249,629,0,0,0,0,0,2,9700,0,1463,0
taiga,68258,630,506,0,13131,0,815,882,1159,254,508,0,0,0,0,0,2,9378,0,1181,29
taiga,67347,1404,171,103,12937,0,946,1138,665,206,596,0,0,0,0,0,2,8833,0,1480,1032
taiga,65139,743,115,19,14011,1,1301,1234,939,297,507,0,1,0,0,0,1,11054,0,917,514
taiga,63534,1289,0,217,13805,0,881,1004,1102,250,372,0,0,238,0,0,1,12344,0,1582,1
taiga,62645,980,0,304,14817,0,1316,698,1079,245,210,0,0,78,0,0,1,12633,0,894,0
taiga,65137,1011,0,330,14624,0,1397,1021,1291,166,555,0,0,71,104,0,28,9730,0,1174,265
taiga,65770,1072,0,464,13618,0,818,286,1187,9,828,0,0,20,18,0,8,9047,0,1307,2658
cold_ocean,65969,1268,0,265,14523,0,1309,750,905,52,323,0,0,24,137,17,1,9243,12,1027,1250
cold_ocean,67501,1277,0,134,12393,0,865,604,1187,0,627,195,1,163,212,17,49,8236,10,1238,2382
cold_ocean,67761,1151,0,304,10706,0,839,571,1032,0,571,36,51,236,109,20,31,8401,14,1484,3845
cold_ocean,68983,1223,158,388,10632,0,1080,6,762,0,557,0,1565,17,0,13,0,8182,2,320,3320
taiga,69677,999,50,28,10523,0,629,708,867,112,538,0,637,1,182,0,1,9278,0,652,2061
taiga,72472,1278,253,256,7974,0,622,828,1380,239,225,0,84,29,45,0,16,9720,0,1410,23
taiga,71811,611,0,380,9166,0,1041,837,801,161,382,0,0,0,226,0,0,10348,0,930,290
taiga,68614,1009,0,0,11240,0,1223,1341,759,225,672,0,0,0,0,0,0,10570,0,880,493
taiga,67654,1318,0,0,11328,0,1390,869,1303,251,509,0,0,0,0,0,1,10972,0,606,459
taiga,67932,957,0,0,12565,0,1121,1048,1016,250,130,0,0,0,0,0,2,10884,0,658,153
taiga,70436,566,60,0,13469,0,1029,804,868,252,299,0,0,0,0,0,1,7049,0,1141,571
forest,73025,49,83,0,11672,0,681,867,403,250,387,0,0,0,0,0,7,5711,0,1239,2273
forest,72385,253,0,0,12024,0,303,1054,154,250,271,0,0,0,0,0,0,5171,0,800,4133
forest,72256,798,0,0,10680,0,394,916,681,250,406,0,40,0,0,0,9,8742,0,1327,331
forest,68052,980,0,0,10922,0,1750,1236,921,249,608,0,0,0,0,0,3,10781,0,1133,0
forest,65764,1497,0,0,13230,2,538,1016,1116,251,606,0,3,0,0,0,8,11697,0,787,102
forest,64047,1323,0,0,13522,8,1127,890,1304,249,493,0,1,0,0,0,12,12351,0,1087,0
forest,64690,856,0,0,10492,0,962,826,1714,275,323,0,0,0,0,0,6,12359,0,840,0
forest,66212,854,0,0,8576,0,878,596,1414,275,626,0,0,0,0,0,3,11726,0,238,0
forest,64956,996,0,0,12760,0,1235,641,893,206,576,0,0,0,0,0,1,11593,0,807,0
forest,63054,1169,0,0,14803,0,789,935,1199,246,288,0,0,0,0,0,7,13038,0,1083,55
plains,64972,1273,0,0,13533,0,885,954,930,256,275,0,28,0,0,0,39,11071,0,1114,1663
plains,67753,1003,74,10,14169,0,713,1001,1096,140,248,0,0,0,0,0,15,6979,0,545,3114
plains,69593,441,20,0,13346,0,1014,254,297,1,686,0,0,0,15,11,0,3547,6,1080,6671
cold_ocean,70387,144,0,0,15079,0,281,323,737,1,370,138,0,0,200,23,0,5759,14,917,2865
cold_ocean,68820,588,0,0,15004,0,491,142,1010,0,559,256,0,0,52,11,0,5193,10,863,4253
cold_ocean,69285,103,0,14,14003,0,720,332,144,2,692,0,0,0,24,20,0,4893,14,1263,5786
cold_ocean,73035,776,0,0,12349,0,768,456,14,3,481,0,341,0,7,15,0,4026,10,1254,3807
cold_ocean,71615,541,0,22,12761,0,930,1065,834,17,255,190,461,0,169,19,0,4683,12,1132,2577
cold_ocean,70377,1081,0,0,12967,0,821,152,1434,0,574,294,0,0,14,19,0,5519,14,805,3167
cold_ocean,70738,929,0,0,10860,0,949,305,746,0,367,278,0,0,0,11,0,7520,14,828,3649
cold_ocean,72539,589,0,0,8334,0,521,21,718,0,515,294,0,0,0,28,0,7778,26,1626,4224
cold_ocean,66410,577,0,0,14673,0,864,207,610,0,766,302,0,0,0,20,0,7485,20,1449,3760
cold_ocean,66017,699,0,0,14865,0,763,268,1002,0,818,0,0,0,0,16,0,6376,20,1119,5284
plains,66778,1484,0,6,14037,0,700,323,711,51,554,0,103,0,125,0,7,8614,0,1044,2634
plains,66999,979,0,0,13999,0,1242,981,974,256,172,0,46,0,0,0,34,8745,0,1128,1546
plains,65829,1183,0,0,14903,0,950,971,1301,256,534,0,0,0,0,0,28,10227,0,929,27
forest,66592,1110,0,0,14170,0,1266,1147,1198,249,721,0,0,0,0,0,19,9121,0,1071,0
forest,67075,1003,0,0,13262,0,956,926,1092,249,671,0,0,0,0,0,6,10081,0,1369,0
forest,66974,1221,0,0,12885,2,1185,1056,591,249,697,0,0,0,0,0,10,10846,0,985,0
forest,66563,1221,0,0,13369,0,1045,741,550,249,376,0,0,0,0,0,0,11197,0,1224,0
forest,66178,801,0,0,14548,4,784,846,644,251,468,0,1,0,0,0,16,10705,0,1188,307
forest,65174,1256,0,0,15086,0,579,677,1210,251,344,0,0,0,0,0,0,10454,0,878,701
forest,65843,1512,0,0,13716,0,1045,1012,939,254,582,0,0,0,0,0,8,9114,0,1415,1268
forest,65939,1319,0,0,14589,2,591,995,1827,230,575,0,0,0,60,0,4,9164,0,875,457
forest,65958,1333,0,17,14512,0,1019,885,1242,113,503,0,0,0,151,0,7,9804,0,1109,201
forest,65910,989,0,12,15073,0,1039,590,783,74,447,0,0,0,261,0,0,10382,0,798,581
river,66546,1345,0,1,14337,0,1128,696,1297,17,365,0,25,0,213,0,0,8566,0,1178,1367
forest,66284,1272,0,8,13599,2,1209,955,719,201,417,0,0,0,36,1,4,9926,2,1461,494
forest,67857,1398,0,0,13257,0,604,936,1637,249,231,0,8,0,0,0,3,8538,0,1195,672
forest,66722,694,0,0,13638,0,1042,682,1196,190,449,0,40,0,25,0,6,10183,0,1427,485
forest,65879,600,0,0,14537,0,1431,867,1349,203,772,0,40,0,34,0,7,9421,0,1041,536
forest,65416,1016,0,0,14808,0,579,881,1098,143,344,0,0,0,162,0,0,10355,0,903,1274
forest,64734,1482,0,0,14127,0,1148,655,1111,194,546,0,0,0,82,0,1,10452,0,1340,804
forest,63101,1478,0,0,15469,0,1189,808,915,239,326,0,0,0,0,0,0,12072,0,907,143
forest,62248,1017,0,0,14013,0,1023,460,948,251,707,0,0,0,0,0,1,14531,0,1166,50
forest,61600,1370,0,0,14529,0,1104,616,1336,250,476,0,67,0,0,0,4,13919,0,1218,50
forest,64806,1400,0,0,14093,1,898,676,1148,252,655,0,7,0,0,0,4,11379,0,981,405
forest,68584,1085,0,0,12265,0,838,806,742,249,426,0,59,0,0,0,4,8140,0,1902,1051
forest,66872,714,0,0,12319,0,951,1059,756,305,452,0,8,0,0,0,5,9902,0,1570,599
forest,65371,907,0,0,13464,2,865,979,1600,252,462,0,93,0,0,0,3,10677,0,1677,277
forest,65425,980,0,0,14325,0,333,710,984,249,494,0,12,0,0,0,0,11458,0,1163,403
forest,68535,1269,0,0,11866,0,1091,512,1323,252,513,0,0,0,0,0,4,10158,0,1213,0
forest,68122,1401,0,0,10761,0,631,1040,934,252,647,0,0,0,0,0,5,11725,0,1074,67
forest,66857,1091,0,0,11325,0,1130,1337,1104,242,418,0,1,0,18,0,2,10663,0,1626,217
river,66648,1502,0,13,12945,0,818,1308,713,27,215,0,0,0,319,0,0,9129,0,1685,1479
river,69165,1034,0,5,11082,1,1089,1174,965,34,268,0,0,0,197,17,1,9903,12,727,1306
forest,65504,830,0,0,12433,0,884,861,1371,249,148,0,0,0,3,0,2,12823,0,1467,106
forest,64715,1564,0,0,14480,0,1103,1205,941,251,405,0,0,0,0,0,9,10559,0,1283,30
forest,65847,889,0,0,14679,0,1488,1030,1878,249,592,0,0,0,0,0,3,8967,0,861,0
forest,65131,829,0,0,14407,0,1028,815,707,253,288,0,0,0,0,0,8,11615,0,1221,77
forest,69558,1120,0,0,13899,0,400,873,527,282,362,0,0,0,0,0,6,8458,0,789,292
forest,70497,603,0,0,11922,0,460,899,871,251,507,0,1,0,0,0,6,9458,0,1089,128
forest,69704,517,0,0,11119,0,79,908,836,254,405,0,0,0,0,0,12,11014,0,1195,920
forest,65444,1107,0,0,10611,0,1020,860,565,270,536,0,0,0,0,0,5,13057,0,581,2878
forest,64586,914,0,0,10864,0,457,810,987,338,633,0,0,0,0,0,6,16195,0,679,167
forest,69253,837,0,0,7912,0,1778,462,1502,266,416,0,553,0,0,0,3,12546,0,1059,171
forest,72548,1274,0,0,6452,0,1068,662,1159,250,146,0,0,0,0,0,3,12175,0,1025,7
forest,68666,1277,0,0,11208,0,687,432,892,261,446,0,1,0,0,0,7,10431,0,490,1937
forest,66853,447,0,0,11656,0,959,630,371,246,290,0,113,0,0,0,4,7795,0,1079,6299
forest,65283,1232,0,0,12184,0,550,726,515,249,338,0,224,0,0,0,2,10037,0,1070,4357
forest,66310,577,0,0,10448,0,927,715,883,253,278,0,318,0,0,0,9,11303,0,566,4293
forest,64416,1007,0,0,13447,0,926,583,1017,252,253,0,0,0,0,0,7,11098,0,1120,2594
forest,64508,1255,0,0,13928,4,1192,724,1276,236,593,0,0,0,0,0,8,11625,0,1138,324
forest,64176,1046,0,0,14549,0,979,692,1258,251,463,0,1,0,0,0,8,11771,0,1357,182
forest,64157,1335,0,0,14550,0,1119,607,1384,251,517,0,0,0,0,0,5,11038,0,1514,42
forest,65202,1716,0,0,14250,0,1489,816,607,251,646,0,1,0,0,0,8,10580,0,1136,30
forest,66676,757,0,0,14742,0,1017,921,1261,252,617,0,9,0,0,0,10,8843,0,1376,296
forest,65659,1784,0,0,14673,0,1016,1296,839,294,613,0,5,0,0,0,5,9594,0,880,217
forest,66226,1029,0,0,12662,3,703,1012,561,376,429,0,0,0,0,0,13,11432,0,1334,144
forest,69824,892,0,0,12954,0,487,780,698,259,419,0,0,0,0,0,8,9500,0,846,101
forest,67615,1021,0,0,13174,0,1256,910,933,247,330,0,0,0,0,0,3,10123,0,1145,0
forest,65880,922,0,0,14750,0,761,1179,1460,249,381,0,0,0,0,0,8,9934,0,715,0
forest,66682,1417,0,0,13987,1,1292,1050,1031,249,176,0,0,0,0,0,5,9081,0,1367,1
forest,69363,837,33,0,13458,0,1154,867,870,249,389,0,0,0,0,0,11,8013,0,1388,0
forest,67767,1375,0,0,13274,0,681,1087,1120,252,441,0,1,0,0,0,9,9463,0,1118,0
old_growth_birch_forest,67443,1208,0,0,13029,0,720,1275,1232,250,364,0,21,0,0,0,9,10148,0,998,0
old_growth_birch_forest,68439,1237,0,0,12140,0,1499,1068,1215,257,355,0,77,0,0,0,16,9160,0,1419,0
old_growth_birch_forest,65905,1581,0,0,13555,0,754,1487,1116,267,543,0,169,0,0,0,11,10358,0,1152,0
old_growth_birch_forest,65043,1013,0,0,14659,8,1271,1353,1329,252,684,0,363,0,0,0,13,10302,0,518,0
old_growth_birch_forest,69491,950,0,132,10557,1,1355,1363,1400,251,495,0,99,0,0,0,5,9283,0,1439,1
old_growth_birch_forest,71900,905,43,427,10171,0,1246,814,604,250,299,0,42,70,0,0,14,9069,0,915,40
old_growth_birch_forest,75809,140,0,522,8641,0,438,637,722,98,379,0,1,327,270,15,23,6246,14,871,1893
river,75556,336,0,325,8191,0,152,775,621,10,459,0,0,304,118,28,5,3987,38,1187,5037
dark_forest,75652,892,183,231,7560,0,553,869,413,47,89,0,0,283,196,0,5,5159,0,899,3121
dark_forest,72668,953,0,469,10588,0,699,796,742,183,272,0,1,299,65,0,20,6974,0,1044,801
dark_forest,65964,1384,17,897,13203,0,1181,906,398,240,596,0,0,81,0,0,11,10051,0,1108,408
dark_forest,64172,757,0,1222,13587,1,1184,1172,1007,242,504,0,0,24,0,0,12,11106,0,1274,72
dark_forest,64667,1105,0,1407,12954,0,1188,1249,1363,240,305,0,0,81,0,0,40,10301,0,978,325
dark_forest,64163,1045,0,887,14120,0,810,982,1139,238,467,0,0,0,0,0,5,11034,0,1156,203
dark_forest,65436,1074,0,1245,13599,0,674,666,921,239,404,0,0,56,0,0,33,10162,0,1509,288
dark_forest,67174,898,0,1067,13127,0,1078,514,1017,245,426,0,0,501,0,0,104,8834,0,1237,29
dark_forest,66882,757,24,1558,12952,10,1238,657,931,244,338,0,0,462,0,0,128,8579,0,1386,46
dark_forest,65465,1349,36,1061,13613,0,696,1126,930,239,343,0,12,0,0,0,8,10227,0,1140,48
dark_forest,66275,1377,0,745,12713,2,434,1092,1516,236,605,0,1,0,0,0,13,10205,0,1019,2
dark_forest,66782,1120,0,943,12362,4,1155,754,1351,240,591,0,1,155,0,0,3,9880,0,941,2
dark_forest,66438,1252,0,1152,13120,0,748,847,1074,240,616,0,26,243,0,0,26,9297,0,970,163
dark_forest,64571,1040,0,1555,14106,5,1279,607,1322,237,413,0,0,48,21,0,32,9974,0,1017,154
river,66154,851,0,1476,13465,0,1093,1015,1301,69,263,0,0,112,125,11,42,8206,20,1475,1161
dark_forest,67238,898,0,1737,12263,0,1404,796,1110,30,441,0,0,117,116,0,32,7815,0,1348,1645
dark_forest,65845,625,31,790,14770,0,1018,910,1298,49,88,0,0,14,235,0,4,9912,0,916,350
dark_forest,68161,1019,83,1432,12555,0,810,1175,1319,215,463,0,0,641,0,0,146,7444,0,320,337
dark_forest,68546,941,0,1860,11428,0,903,1044,1389,241,230,0,0,419,0,0,93,7184,0,1358,587
dark_forest,68103,1653,31,1643,10900,5,779,1112,1062,321,412,0,22,557,0,0,125,8221,0,1169,60
dark_forest,67272,1279,0,1490,11436,0,1370,918,752,242,308,0,127,558,0,0,107,8910,0,1426,9
dark_forest,66419,853,0,1833,12886,0,1309,1094,908,243,417,0,1,516,0,0,78,9021,0,672,15
dark_forest,65149,945,0,1267,14804,0,1287,924,1286,242,117,0,0,78,0,0,9,10231,0,39,0
dark_forest,67673,983,0,1004,13770,0,1509,929,801,250,725,0,8,263,0,0,47,7748,0,851,0
dark_forest,64580,1259,0,1320,13629,0,789,645,994,239,572,0,65,21,0,0,12,10857,0,1400,0
dark_forest,65668,1227,0,1434,13183,0,565,977,1613,246,685,0,0,295,0,0,36,9624,0,823,34
dark_forest,65702,1245,0,1234,12069,0,1112,830,1396,246,492,0,23,270,0,0,42,10295,0,1436,0
dark_forest,65699,644,0,1424,13698,0,1142,920,799,103,581,0,88,77,115,6,10,9500,16,827,819
old_growth_spruce_taiga,66009,1367,0,853,14027,0,1399,688,759,0,608,0,0,5,148,17,0,6395,34,953,3949
old_growth_spruce_taiga,64495,452,0,1562,13614,0,1263,1223,803,0,767,0,47,173,0,0,11,10133,0,1360,745
old_growth_spruce_taiga,61409,1820,0,1187,14124,0,897,1086,857,56,597,0,0,36,0,0,19,12541,0,1291,0
old_growth_spruce_taiga,62235,1623,0,988,13118,0,1153,641,828,231,707,0,1,167,0,0,73,13474,0,1350,0
old_growth_spruce_taiga,58719,1299,0,741,13880,0,1173,1132,1207,43,314,0,0,44,0,0,25,16251,0,923,1
old_growth_spruce_taiga,57177,1350,0,731,14154,0,1726,903,1173,109,520,0,0,0,0,0,9,17198,0,1412,0
old_growth_spruce_taiga,56759,1785,0,1166,13989,1,687,1017,1159,39,661,0,0,0,0,0,11,16466,0,1462,0
old_growth_spruce_taiga,57616,1496,0,474,15009,0,1160,1180,924,3,582,0,10,0,0,0,8,16948,0,851,0
old_growth_spruce_taiga,58873,942,0,742,14606,0,479,820,737,120,241,0,0,214,0,0,32,16691,0,1477,0
old_growth_spruce_taiga,59480,1148,58,593,14169,0,824,828,1335,139,366,0,0,0,0,0,6,16037,0,1232,0
old_growth_spruce_taiga,59833,1092,43,975,13497,0,1482,1161,672,16,561,0,0,0,0,0,6,15649,0,1113,101
old_growth_spruce_taiga,58941,1145,0,1039,14734,0,719,1231,1094,0,509,0,25,0,0,0,8,15313,0,1241,93
old_growth_spruce_taiga,56944,888,0,896,13880,0,1302,1588,1159,0,601,0,2,0,0,0,2,16561,0,1820,0
old_growth_spruce_taiga,59401,512,59,1115,13873,0,1087,1585,854,0,581,0,3,0,0,0,6,13255,0,1487,2669
old_growth_spruce_taiga,63136,1063,417,736,13161,0,1349,1034,1176,31,753,0,208,0,0,0,2,11716,0,1476,567
river,65852,915,130,849,13749,0,784,276,841,1,744,0,0,0,3,9,0,6402,14,1108,5484
river,65898,752,246,756,13525,2,914,64,328,0,642,0,63,0,0,20,0,7008,40,1281,5635
old_growth_pine_taiga,66193,665,432,668,13682,0,580,427,649,29,448,0,27,64,101,7,16,7739,12,1113,4185
old_growth_pine_taiga,63648,515,994,1023,13023,0,901,782,807,164,218,0,0,178,0,0,18,10057,0,819,3363
old_growth_pine_taiga,63100,1143,466,423,13999,0,802,743,490,34,608,0,1,157,0,0,30,9848,0,933,3732
old_growth_pine_taiga,63319,986,105,852,14179,0,1563,867,1241,53,941,0,0,6,0,0,6,10605,0,900,365
river,65934,977,0,966,14108,0,980,420,932,0,465,0,42,0,41,17,1,8807,20,797,2610
river,66332,1451,0,740,13621,0,1255,110,583,0,761,0,0,0,13,18,0,7172,36,1103,3847
river,66028,682,110,827,13225,0,209,245,805,0,670,0,0,81,6,10,13,8848,14,1338,4088
old_growth_spruce_taiga,66435,1055,0,753,12402,0,791,551,1388,65,448,0,0,147,0,16,13,8791,12,1572,2153
old_growth_spruce_taiga,72198,911,0,564,8069,0,1782,473,536,89,450,0,0,215,26,0,8,9797,0,718,630
old_growth_spruce_taiga,73545,1133,0,211,4931,0,1321,782,1384,154,354,0,0,317,0,0,1,11464,0,434,116
old_growth_spruce_taiga,65421,1520,0,222,12257,1,961,892,712,159,479,0,2,201,0,0,32,11634,0,934,835
old_growth_spruce_taiga,65261,1654,0,700,14658,0,1300,1111,717,0,540,0,73,61,0,0,31,9275,0,1089,0
old_growth_spruce_taiga,60880,893,0,1274,14679,0,872,1157,945,0,204,0,115,17,0,0,9,14182,0,1219,22
old_growth_spruce_taiga,56729,993,38,1289,13049,0,1161,1298,646,0,804,0,0,134,0,0,20,17743,0,1573,11
old_growth_spruce_taiga,56798,1063,62,601,13168,0,1213,1594,1104,0,388,0,14,15,0,0,12,18271,0,1147,0
old_growth_spruce_taiga,62966,1012,0,607,7404,0,1416,1271,1601,0,590,0,200,0,0,0,4,17585,0,215,15
old_growth_spruce_taiga,68120,1055,112,815,6671,0,602,969,377,54,377,0,104,139,0,0,33,15586,0,483,389
old_growth_spruce_taiga,73584,752,139,966,7344,0,400,904,389,138,330,0,9,414,0,0,71,9565,0,333,1356
river,76709,394,135,117,5329,0,868,324,524,13,376,0,285,411,37,23,7,4136,34,707,6755
old_growth_pine_taiga,76522,805,0,488,4906,0,602,904,897,4,224,0,586,494,125,17,25,8320,22,223,1719
old_growth_pine_taiga,71418,1233,0,785,5224,0,299,1159,1067,0,485,0,761,111,73,0,30,12657,2,1226,216
old_growth_pine_taiga,65240,1514,0,601,7163,0,1156,1007,1150,137,485,0,355,7,0,0,4,16601,0,697,0
old_growth_pine_taiga,60406,677,0,430,11778,0,859,804,1354,163,429,0,28,0,0,0,6,17853,0,1394,26
old_growth_pine_taiga,64922,1195,0,0,10102,0,343,647,1017,212,665,0,194,6,0,0,7,14201,0,553,3
old_growth_pine_taiga,63780,380,0,0,11786,0,1189,498,439,203,590,0,0,0,0,0,10,14928,0,1163,10
old_growth_pine_taiga,60572,792,0,0,14077,3,1499,1291,353,17,539,0,0,0,0,0,12,15530,0,539,37
old_growth_pine_taiga,59729,1400,0,0,12463,1,791,1594,1299,0,305,0,0,0,0,0,10,17203,0,609,501
old_growth_pine_taiga,59199,2237,0,0,11171,0,1144,1036,1406,11,514,0,120,0,0,0,4,18230,0,787,218
old_growth_pine_taiga,57293,1150,0,0,13596,0,856,1317,1482,0,499,0,210,0,0,0,4,17901,0,1630,61
old_growth_pine_taiga,50671,879,0,0,14089,6,1828,1641,1109,121,832,0,8,0,0,0,16,22988,0,1123,19
meadow,49720,1551,0,0,15335,0,1655,1312,1187,274,702,0,4,0,0,0,34,23402,0,872,290
meadow,52815,1124,0,0,11502,0,1403,1459,1211,256,771,0,49,0,0,0,30,24135,0,1683,36
meadow,53065,837,0,0,12907,0,1054,1507,944,300,472,0,1,0,0,0,33,23595,0,1330,1
meadow,54392,835,0,0,13866,0,1005,1116,401,223,492,0,0,0,0,0,13,22380,0,1385,1
meadow,55919,1139,0,0,14777,0,825,1400,857,162,792,0,0,0,0,0,29,19722,0,953,0
taiga,60678,646,0,0,15090,0,461,1004,586,243,868,0,0,0,0,0,9,15506,0,1159,1
taiga,63760,1648,0,0,14670,0,751,1007,1470,197,345,0,2,0,0,0,2,10918,0,1311,13
taiga,66119,1179,0,0,14448,0,1401,984,512,228,459,0,0,0,42,0,1,9895,0,1642,11
river,68267,295,0,14,14355,9,753,774,1452,41,383,0,0,0,108,0,2,8244,0,1161,1277
taiga,67946,1105,0,7,13981,0,868,380,576,4,512,0,0,0,319,14,0,9343,40,1021,914
taiga,66938,1223,0,0,12920,0,984,774,1349,147,446,0,0,0,96,0,0,9612,0,1361,164
taiga,64494,1544,0,0,12811,0,1179,1284,734,249,499,0,0,0,0,0,1,11297,0,2116,226
forest,64580,1085,0,0,13811,0,1376,994,645,259,669,0,0,0,0,0,7,11573,0,1365,312
forest,64128,1282,0,0,14250,0,1334,1146,914,260,823,0,0,0,0,0,3,11597,0,932,96
forest,65516,1357,139,0,14002,0,923,1255,503,248,516,0,0,0,0,0,4,10302,0,744,13
forest,63476,828,18,0,14082,0,1363,1141,1281,312,473,0,0,0,0,0,6,12188,0,1237,6
forest,61883,932,189,0,14164,0,903,792,424,248,587,0,2,0,0,0,5,14080,0,1285,49
forest,62723,700,147,0,13776,0,1113,668,1253,252,322,0,63,0,0,0,7,13631,0,1265,37
forest,62655,987,24,0,13299,0,1468,844,1107,291,768,0,286,0,0,0,4,13538,0,1274,1
forest,64487,1668,0,0,13019,0,978,618,1158,248,547,0,71,0,0,0,7,12576,0,975,0
forest,64826,914,0,0,13915,0,585,1162,1678,251,157,0,0,0,0,0,2,11348,0,1459,34
forest,67803,1364,0,0,13669,0,627,1291,1570,251,444,0,109,0,0,0,10,8454,0,937,41
plains,68100,600,0,0,13410,0,779,905,1014,256,132,0,11,0,0,0,46,10202,0,1219,363
plains,66739,796,0,0,14662,0,1055,780,1530,243,360,0,0,0,36,0,59,9923,0,670,237
plains,66733,1412,0,10,14263,0,1082,701,734,71,609,0,0,0,102,0,20,10074,0,963,407
plains,68188,1095,0,3,12889,0,816,610,862,8,711,0,0,0,342,4,1,9838,4,1044,770
river,69388,875,0,11,11677,0,1017,820,447,0,599,0,0,0,199,12,0,8833,22,1182,2074
river,68825,896,0,50,12182,0,502,942,1236,0,404,0,0,0,221,28,0,9264,40,902,1688
river,66235,1775,0,18,14066,0,736,480,1019,0,613,0,0,0,279,15,0,8897,18,1878,1140
river,69647,1036,33,10,11118,0,1190,406,1214,0,501,0,0,0,370,35,0,9140,32,1023,1482
river,69374,1299,130,0,10564,0,1049,266,1017,58,551,0,1,0,221,16,1,11026,12,1098,390
plains,65066,1153,208,0,13607,0,1083,966,965,256,360,0,0,0,0,0,48,12112,0,1182,0
plains,64193,1401,43,0,14649,0,1226,643,1369,258,311,0,58,0,0,0,40,12212,0,616,9
plains,67417,1530,15,0,13439,0,1506,579,1423,267,239,0,7,0,0,0,32,9731,0,818,0
plains,74887,1129,37,0,9684,0,836,374,1246,94,310,0,0,0,0,0,9,8042,0,472,0
plains,71958,1185,93,0,12971,0,542,116,520,19,492,0,3,0,0,0,0,7097,0,980,1
plains,74713,767,73,0,10223,0,954,645,963,145,334,0,0,0,0,0,28,5581,0,996,0
plains,66883,1447,92,0,11642,2,1408,889,1451,256,391,0,0,0,0,0,60,9847,0,550,0
plains,67883,1302,111,0,9895,0,1423,693,982,256,438,0,1,0,0,0,53,10720,0,934,12
plains,66717,1573,0,0,14108,0,847,723,653,256,293,0,0,0,0,0,44,10680,0,907,1
plains,72608,1382,135,0,8719,0,1694,942,1444,257,289,0,0,0,0,0,48,9129,0,449,1
plains,69011,780,282,0,11424,0,1541,951,1135,256,396,0,42,0,0,0,54,10183,0,998,1
plains,66678,755,0,0,13091,0,856,587,1424,250,361,0,61,0,0,0,33,12207,0,909,1
plains,67108,1256,313,0,12474,0,1491,791,1253,248,466,0,0,0,0,0,64,10824,0,782,15
plains,70977,1508,519,0,8857,0,741,674,854,200,320,0,0,0,10,2,42,10545,0,945,822
river,73861,846,151,13,7505,0,773,1000,1139,32,260,0,56,0,147,23,1,9571,24,932,776
plains,73775,899,149,0,7219,0,879,741,829,119,308,0,1,0,269,7,18,9140,0,1189,1114
plains,72534,1150,0,0,8131,0,775,981,1139,156,405,0,161,0,12,0,35,9271,0,684,1540
plains,73260,1173,0,0,8716,2,879,1263,709,256,416,0,161,0,0,0,65,7815,0,467,2132
plains,81266,986,0,0,6762,0,668,680,493,243,147,0,181,0,0,0,49,4405,0,722,755
plains,86114,562,0,0,6365,0,16,531,266,256,193,0,451,0,0,0,56,2435,0,177,0
plains,81374,41,0,0,5977,0,38,617,543,250,360,0,533,0,0,0,55,6740,0,684,0
plains,75065,990,0,0,6975,0,853,654,532,256,286,0,296,0,0,0,32,10465,0,349,0
plains,70045,928,0,0,10396,0,739,1166,1238,252,391,0,65,0,0,0,37,11424,0,412,0
windswept_gravelly_hills,69413,953,0,0,10213,0,1075,830,928,249,257,0,0,0,0,0,4,11983,0,1142,0
windswept_gravelly_hills,63997,1411,26,0,12387,0,1395,1025,662,228,616,0,10,0,0,0,2,14004,0,1305,0
windswept_gravelly_hills,63872,1294,0,0,14057,0,743,433,871,99,1023,0,2,0,0,0,6,13408,0,1132,4
windswept_gravelly_hills,62953,1216,115,0,13596,2,1009,451,1085,67,1026,0,0,0,0,0,2,14070,0,1215,0
windswept_gravelly_hills,62768,828,28,0,14395,0,1351,718,1280,107,1040,0,0,0,0,0,0,13236,0,813,429
windswept_gravelly_hills,62311,1426,0,0,14254,0,1337,576,1229,54,1287,0,0,0,0,0,0,13295,0,1162,64
windswept_gravelly_hills,59418,1118,0,0,14030,0,1092,501,1041,2,1588,0,0,0,0,0,0,16619,0,1451,12
windswept_gravelly_hills,58522,1529,0,0,14356,0,1477,1045,1048,162,616,0,0,0,0,0,2,16934,0,1095,34
plains,64159,1218,0,0,15121,0,918,1146,1133,203,381,0,0,0,0,0,30,12057,0,666,137
plains,66570,978,0,21,13852,0,944,1026,955,45,465,0,20,0,289,0,7,9977,0,1403,644
swamp,66446,1668,0,8,14325,0,655,1207,1104,0,593,0,0,0,5,9,0,9097,34,789,1244
swamp,67764,1109,117,9,13814,0,810,1083,993,0,535,0,37,0,0,25,0,8597,74,480,1580
swamp,67730,1725,26,17,10675,0,638,1369,873,0,269,0,0,0,0,15,0,8882,36,1317,680
swamp,67747,1125,0,9,10041,0,670,1348,1153,85,403,0,0,0,0,7,15,9526,0,1311,298
swamp,68886,1231,30,0,9993,0,1071,983,739,124,281,0,14,0,0,13,17,10567,0,285,583
swamp,68552,1495,0,9,9761,1,1059,928,1205,12,420,0,0,0,0,16,0,8676,10,1307,852
swamp,67359,1303,0,0,9946,0,976,738,945,188,369,0,28,0,0,6,26,10602,0,399,232
swamp,65958,1190,0,0,11274,0,1257,949,849,256,208,0,0,0,0,0,28,10611,0,411,296
swamp,66765,1253,90,0,11233,0,653,1124,998,245,150,0,0,0,0,2,23,11975,4,461,132
swamp,66765,1098,0,0,11498,0,1326,1175,1343,205,515,0,0,0,0,1,15,9951,4,561,53
swamp,67307,1437,0,0,10456,2,1628,1074,1097,238,611,0,0,0,0,4,25,9168,0,1003,54
swamp,65838,860,0,0,13577,0,1620,1064,1440,253,395,0,0,0,0,0,32,9751,0,1496,519
swamp,68218,989,0,3,14535,0,590,974,607,239,247,0,0,0,0,1,31,6779,0,1339,2215
swamp,69253,859,0,0,14093,0,548,1067,905,157,697,0,0,0,0,7,20,6407,16,1482,1546
swamp,67647,1182,0,17,14510,0,1258,1577,1111,1,126,0,0,0,0,22,0,6875,60,1356,1214
swamp,66076,710,0,0,15608,0,920,1341,1194,0,809,0,0,0,0,12,0,7982,48,602,1887
swamp,65996,1560,0,0,14160,0,796,866,913,22,451,0,0,0,0,26,4,8964,40,1237,1445
swamp,65668,833,0,0,13625,2,1238,1231,799,248,487,0,0,0,0,0,28,11519,0,502,7
swamp,63804,1594,124,0,14324,0,1025,1135,1142,255,552,0,0,0,0,0,23,11567,0,1316,0
swamp,64233,914,101,0,13740,0,1082,1115,1113,255,611,0,0,0,0,0,31,11157,0,1337,0
swamp,66822,908,270,0,13344,0,1591,1321,894,250,16,0,0,0,0,0,24,9185,0,1711,5
swamp,68066,848,297,13,12023,0,1380,1218,930,161,403,0,1,0,0,7,18,10104,0,960,86
swamp,76966,403,401,13,7013,0,709,990,401,162,474,0,103,0,0,4,10,7695,0,1075,89
swamp,79110,439,327,0,6365,0,1074,879,686,254,319,0,388,0,0,0,35,6134,0,504,2
swamp,71339,959,411,0,10407,0,554,688,318,254,393,0,39,0,0,0,29,10016,0,1161,44
swamp,65432,1075,201,0,14086,0,1401,655,692,254,773,0,0,0,0,0,29,11143,0,908,9
swamp,65555,1480,0,0,14041,0,980,611,1288,255,545,0,0,0,0,0,29,10773,0,1465,0
swamp,66812,973,0,0,12653,0,1137,847,1357,255,494,0,36,0,0,0,29,11065,0,1277,0
swamp,66481,987,0,19,12661,0,594,827,1677,185,558,0,949,0,0,7,18,10386,0,738,828
beach,66678,786,0,7,13974,0,874,343,1393,33,483,0,1,0,747,8,5,7745,8,1207,2345
ocean,66118,477,0,0,15125,0,893,968,814,0,629,142,0,0,297,35,0,5916,14,152,5620
ocean,66042,834,0,0,14607,0,1601,415,1082,0,193,292,0,0,242,30,0,8211,24,1139,2456
ocean,67447,691,0,0,13593,1,963,346,792,0,448,207,239,0,0,14,0,7688,6,965,3773
ocean,66710,775,0,0,13677,0,587,235,1397,0,762,0,532,0,0,28,0,7656,18,736,4047
ocean,66867,219,0,0,13679,0,907,380,1170,0,460,0,339,0,14,24,0,8146,32,992,3932
ocean,65931,962,0,0,13883,0,859,225,346,0,357,0,66,0,0,24,0,8071,14,331,6155
river,65793,659,0,0,13252,0,1014,348,652,0,573,0,0,0,115,12,0,6379,12,1025,7405
ocean,66552,600,0,2,13794,6,565,166,1229,0,387,0,69,0,3,26,0,6964,14,842,6050
windswept_savanna,67005,940,0,0,13744,0,806,480,838,0,472,0,343,0,109,0,0,10429,0,1022,995
windswept_savanna,67219,1462,0,0,13454,0,1108,953,1259,0,419,0,0,0,230,0,0,9671,0,687,759
windswept_savanna,66463,1380,0,26,13691,4,811,1080,988,0,502,0,0,0,137,0,0,9702,0,1210,1228
windswept_savanna,65938,1042,0,5,14565,0,1252,831,961,0,464,0,0,0,152,0,0,8868,0,1091,1294
windswept_savanna,65801,926,0,5,14623,0,694,637,935,0,574,0,0,0,151,0,0,10105,0,1191,1496
forest,65945,836,0,18,14967,0,806,595,1012,0,660,0,1,0,295,0,0,9607,0,981,1485
forest,65453,952,0,7,14903,0,848,1004,1417,100,645,0,2,0,0,0,3,9110,0,882,1573
forest,63431,671,149,0,14358,0,1063,786,1453,240,337,0,39,0,0,0,2,11487,0,1270,1236
forest,62538,1046,56,0,14014,0,1245,1357,1006,286,46,0,0,0,0,0,5,12575,0,1045,477
forest,63136,1072,0,0,14409,0,1307,1260,782,297,550,0,0,0,0,0,3,12687,0,1205,127
forest,63761,553,0,0,15257,3,957,862,1412,249,459,0,0,0,0,0,5,11960,0,996,122
forest,62682,1365,0,0,15350,0,1192,1059,916,251,328,0,0,0,0,0,5,12553,0,841,146
forest,62318,1272,0,0,14401,0,710,1147,1051,251,547,0,0,0,0,0,5,13806,0,966,202
forest,64767,1542,0,0,14013,0,1291,1389,1327,252,678,0,1,0,0,0,3,11000,0,539,23
forest,63683,1524,0,0,13525,0,756,1065,1398,251,320,0,0,0,0,0,2,12634,0,1248,168
forest,63827,1171,0,0,12212,0,1165,1157,1055,251,625,0,0,0,0,0,5,13843,0,1461,4
old_growth_birch_forest,63643,1391,0,0,13528,0,1023,776,942,251,645,0,0,0,0,0,7,13285,0,1167,0
old_growth_birch_forest,65461,634,0,0,13484,0,1380,742,1107,251,234,0,0,0,0,0,15,12054,0,1333,47
old_growth_birch_forest,65623,1295,0,0,13669,0,965,1016,1455,250,140,0,0,0,0,0,13,11041,0,1143,0
old_growth_birch_forest,66010,1041,0,0,13523,0,1134,763,1118,249,272,0,35,0,0,0,14,11649,0,850,0
old_growth_birch_forest,66780,1125,0,0,13889,0,678,591,1027,249,608,0,4,0,0,0,8,10381,0,1350,0
old_growth_birch_forest,66390,1116,0,0,14606,2,847,811,972,250,461,0,0,0,0,0,20,9705,0,1515,0
old_growth_birch_forest,66802,1275,0,0,14913,0,1060,820,1085,249,587,0,0,0,0,0,7,8800,0,1136,3
old_growth_birch_forest,65897,1141,0,0,14105,0,1041,1217,1439,251,619,0,0,0,0,0,19,9463,0,1463,0
old_growth_birch_forest,65866,1224,0,0,14965,0,1482,1166,1126,247,357,0,0,0,0,0,16,9075,0,918,0
old_growth_birch_forest,65741,987,0,0,14429,0,1349,1172,677,252,407,0,0,0,0,0,13,10147,0,1310,78
old_growth_birch_forest,65644,1169,0,0,14737,4,1035,807,1122,110,376,0,0,0,181,0,5,10566,0,650,507
old_growth_birch_forest,65954,738,0,4,14326,7,1606,325,802,0,630,0,0,0,282,10,0,10127,32,1198,965
river,66319,623,0,35,13999,0,1273,898,394,0,244,0,44,0,197,27,0,8656,56,1129,3324
river,66146,1420,0,17,13301,0,1020,742,528,4,306,0,1522,0,237,0,0,6662,0,793,4554
birch_forest,67933,1047,0,0,14059,9,836,561,926,95,289,0,13,0,221,0,10,8190,0,1092,1593
birch_forest,67142,800,0,0,13889,0,954,526,949,249,175,0,18,0,0,0,19,10864,0,1150,0
birch_forest,66615,1247,0,0,14054,1,860,886,1065,249,584,0,0,3,0,0,12,10065,0,1047,1
birch_forest,70616,733,0,0,14481,0,601,927,733,249,422,0,1,10,0,0,12,7490,0,646,0
birch_forest,79493,310,0,2,11286,0,187,781,766,254,147,0,49,0,0,0,8,3064,0,622,0
birch_forest,68520,862,0,95,13877,0,508,932,1085,246,346,0,325,0,0,0,9,9001,0,1141,0
birch_forest,67937,478,0,0,13430,0,1338,1287,1248,250,550,0,100,0,0,0,8,9054,0,1094,15
birch_forest,67615,933,16,182,12743,0,926,930,1107,248,683,0,5,0,0,0,12,9937,0,1387,23
birch_forest,67099,1468,26,344,13238,0,1104,756,1569,250,335,0,26,0,0,0,16,8964,0,1221,233
birch_forest,69499,1064,133,59,11011,0,1157,790,1015,250,480,0,276,0,0,0,11,8384,0,1291,1329
birch_forest,76388,1189,276,229,9044,0,638,526,114,248,188,0,10,0,0,0,16,6287,0,951,821
birch_forest,73368,931,196,283,10920,0,586,488,806,173,77,0,0,60,160,0,12,4803,0,735,3475
river,71998,1101,265,95,9757,0,711,731,1303,0,319,0,0,12,275,21,0,6157,12,1192,3098
river,70796,543,0,28,11267,0,930,854,760,21,319,0,80,27,180,31,10,7999,28,909,2419
old_growth_birch_forest,69925,558,0,538,12434,0,200,1011,788,231,383,0,146,171,2,5,56,8464,0,1400,479
old_growth_birch_forest,72589,732,0,712,11218,0,613,626,725,251,345,0,52,38,0,0,33,6621,0,1076,1218
old_growth_birch_forest,78228,527,0,30,7576,0,26,542,289,250,354,0,0,2,0,0,25,7638,0,548,779
old_growth_birch_forest,75175,445,0,37,9387,0,1078,328,461,251,365,0,0,53,0,0,47,7663,0,474,1066
old_growth_birch_forest,70581,610,0,624,11559,0,541,547,1165,254,321,0,0,51,1,0,38,9135,0,1283,147
river,66194,1372,0,48,13911,0,808,623,853,78,584,0,0,34,82,18,17,8585,14,1731,1952
birch_forest,69780,748,0,476,14372,0,570,1083,164,244,408,0,0,117,0,0,75,7082,0,1200,505
birch_forest,73983,30,0,663,13396,0,260,849,99,252,635,0,0,48,0,0,27,3822,0,1212,1659
birch_forest,75067,219,0,123,14592,0,167,815,114,272,497,0,3,111,0,0,55,3382,0,1157,364
birch_forest,72846,680,0,242,13419,0,413,965,553,248,402,0,112,100,0,0,55,5162,0,1664,0
birch_forest,67826,1184,0,250,14342,0,771,946,582,250,398,0,0,15,0,0,13,9040,0,1203,0
birch_forest,64276,1342,13,23,13901,0,947,958,733,253,706,0,5,0,0,0,9,12464,0,1336,0
birch_forest,66873,1651,0,89,11150,0,978,773,874,250,802,0,0,0,0,0,11,12527,0,942,1
birch_forest,66847,1789,0,121,9854,0,1576,1095,1057,251,361,0,22,0,0,0,8,13526,0,269,0
birch_forest,66327,1291,0,0,9867,0,1589,1522,1260,269,456,0,15,0,0,0,12,12794,0,1391,0
birch_forest,63648,998,26,0,14612,1,1194,1344,780,281,276,0,14,0,0,0,10,12646,0,1062,0
birch_forest,62008,1468,21,0,15010,0,1006,1337,1128,248,716,0,10,0,0,0,12,13072,0,663,0
birch_forest,62827,735,0,0,14153,0,1676,904,977,247,629,0,0,0,0,0,16,13092,0,1352,9
birch_forest,67016,1624,16,0,13698,0,1333,852,1322,188,681,0,57,0,0,0,4,9183,0,680,208
birch_forest,69271,1044,0,0,10616,0,714,576,1454,246,511,0,1,0,0,0,8,11064,0,1283,137
birch_forest,70974,919,0,0,13259,0,923,549,1009,299,327,0,0,0,0,0,8,7582,0,998,0
birch_forest,70687,503,0,0,12639,1,1411,682,1115,273,589,0,0,0,0,0,7,7907,0,879,213
birch_forest,68655,1209,0,0,11687,0,1120,1247,732,249,517,0,0,0,0,0,9,9742,0,881,759
birch_forest,67064,1306,0,0,12472,0,1217,1138,738,249,626,0,0,0,0,0,20,11031,0,839,0
river,68422,1079,0,9,11851,0,1252,875,1135,197,374,0,16,0,109,6,4,10374,6,912,208
river,68381,1094,0,17,12601,0,892,1114,988,0,105,0,0,0,268,21,0,9042,36,1430,1221
old_growth_birch_forest,68328,1585,0,11,12821,0,948,952,892,136,472,0,0,0,153,22,12,9693,10,753,259
old_growth_birch_forest,65301,883,0,0,14489,0,897,896,1028,247,306,0,0,0,0,0,16,11390,0,1071,365
old_growth_birch_forest,65609,1697,0,0,14880,0,1203,864,666,87,517,0,0,0,174,10,2,9661,18,1289,320
river,65950,1359,0,16,14326,0,221,675,762,0,606,0,0,0,139,13,0,10086,18,1651,1384
river,65869,935,0,10,14351,0,1280,459,1485,37,819,0,0,0,135,0,0,9402,0,1122,1232
birch_forest,67893,1003,0,0,12739,0,1283,731,811,233,450,0,74,0,1,0,14,10908,0,697,39
birch_forest,67680,1606,0,0,12878,2,1088,711,932,248,419,0,62,0,0,0,8,10057,0,1259,25
birch_forest,66118,825,0,0,14236,0,1044,692,1448,191,455,0,486,0,181,0,10,10013,0,1144,21
birch_forest,69057,758,0,9,13470,0,1360,1054,972,89,514,0,268,0,92,0,0,7916,0,929,637
birch_forest,69339,624,0,28,12958,0,1073,951,679,192,561,0,0,0,183,0,8,8533,0,1694,18
beach,70860,1121,0,0,13625,0,1108,304,254,3,380,0,0,0,809,0,0,7027,0,929,250
forest,66718,768,0,0,13771,0,879,688,845,0,466,0,1,0,459,0,0,9690,0,1689,966
forest,66438,648,0,21,14780,0,1137,303,763,0,816,0,0,0,72,0,0,8615,0,585,3080
forest,66991,905,0,0,13451,0,911,247,267,0,681,0,42,0,0,0,0,7400,0,1314,5097
forest,66053,1252,0,8,14180,0,700,843,1317,34,513,0,38,0,243,0,0,8405,0,1644,1940
forest,65823,1612,0,27,14796,0,818,1266,876,42,838,0,1,0,100,0,5,8971,0,869,1012
forest,65396,943,0,0,13864,0,1893,1104,1379,228,362,0,46,0,0,0,5,10263,0,1158,215
forest,67438,1145,0,0,11198,0,746,1290,1021,252,472,0,1,0,0,0,5,12024,0,1134,0
forest,69566,1195,0,0,8053,0,974,1284,1109,329,549,0,0,0,0,0,6,12687,0,700,398
forest,71606,1182,0,0,7001,0,933,1074,778,313,369,0,52,0,0,0,3,12056,0,671,711
forest,70042,1224,0,0,8342,0,1090,896,1188,251,298,0,0,0,0,0,4,12251,0,400,690
forest,70205,1076,0,0,8094,0,1060,511,1049,251,400,0,0,0,0,0,5,12574,0,1543,17
forest,70206,1121,0,0,9124,0,1019,1076,1039,252,716,0,167,0,0,0,5,10895,0,1200,0
forest,68391,1586,0,0,10654,0,970,821,1037,242,404,0,178,0,0,0,3,11552,0,994,0
forest,67514,978,21,0,12168,4,1542,1098,1591,247,334,0,0,0,0,0,7,10278,0,947,0
forest,66543,727,0,0,13396,0,1072,1063,748,250,409,0,1,0,0,0,6,11045,0,1169,0
forest,68451,1273,0,0,11528,0,927,906,1203,248,263,0,0,0,0,0,5,11041,0,730,0
forest,66317,1235,0,0,12581,0,1078,942,1296,248,514,0,2,0,0,0,10,11128,0,1168,1
forest,64370,1076,0,0,14823,3,811,903,1161,251,436,0,0,0,0,0,4,11894,0,1021,0
forest,64001,1545,0,0,15139,0,1090,990,543,249,324,0,0,0,0,0,6,11456,0,1272,0
forest,62770,1224,0,0,15363,0,807,1084,883,249,599,0,0,0,0,0,3,12673,0,951,0
forest,62631,1289,0,0,15065,0,1454,938,1268,251,510,0,0,0,0,0,4,12358,0,891,0
birch_forest,64454,986,0,0,14553,0,1261,1027,1390,253,564,0,0,0,0,0,16,11457,0,1013,0
birch_forest,65824,883,0,0,13693,0,1211,1075,1383,248,455,0,0,0,0,0,10,10483,0,1331,0
birch_forest,68569,1403,0,0,11796,0,1299,1150,939,232,528,0,1,0,24,0,7,9661,0,980,187
river,67295,928,0,0,13769,0,1266,552,604,26,613,0,0,0,293,17,1,9614,30,1163,932
old_growth_birch_forest,66238,897,102,0,12863,0,1392,539,758,204,458,0,0,0,2,0,4,11537,0,1917,163
taiga,65603,1346,401,0,13348,0,910,869,971,250,422,0,0,0,0,0,5,11693,0,921,41
taiga,66638,962,962,0,13808,0,1428,1092,832,281,279,0,1,0,0,0,0,8910,0,1145,13
taiga,68630,1105,906,0,11968,0,516,967,255,253,641,0,0,0,0,0,1,8765,0,1025,1249
taiga,68985,538,417,0,11926,0,666,989,886,250,358,0,0,38,0,0,2,8195,0,975,2285
taiga,63802,899,215,118,14834,0,977,1002,1272,251,311,0,0,13,0,0,0,10221,0,995,1839
taiga,62817,1208,8,36,14048,0,1524,1340,709,249,591,0,0,0,0,0,1,12773,0,1376,71
taiga,62814,1416,0,85,14447,5,1213,852,1053,250,434,0,0,0,0,0,1,12554,0,1407,1
taiga,65176,745,0,566,13830,0,1251,754,385,167,557,0,0,25,45,0,14,11750,0,1262,430
cold_ocean,65884,1618,0,82,14689,0,1400,441,535,3,497,0,0,29,86,6,13,8364,6,1451,2076
cold_ocean,65792,1366,0,283,14588,4,952,353,739,0,614,0,0,0,317,27,0,9828,24,887,1361
cold_ocean,66114,702,0,137,13845,0,1409,553,915,0,486,58,7,49,170,15,17,8511,24,1518,2608
cold_ocean,66398,793,0,70,14247,0,1277,430,675,0,510,60,0,25,53,9,6,8600,10,1059,2673
cold_ocean,67442,1071,148,303,12207,0,753,391,725,0,371,0,801,0,0,33,0,8348,24,1045,3156
taiga,68295,1247,210,1,11408,0,941,481,922,11,565,0,1337,0,79,1,1,6336,0,816,4515
taiga,71285,798,296,17,9801,0,967,787,772,107,629,2,0,0,143,10,4,9052,8,375,2002
taiga,71363,899,0,19,10596,1,797,876,717,0,595,15,0,0,187,0,0,9180,0,182,1832
taiga,69958,1358,0,1,10885,6,684,1050,1016,18,652,32,0,0,310,12,0,8707,18,1077,1412
taiga,69711,1603,0,0,10410,0,1096,1171,570,74,865,12,33,0,135,9,0,9361,12,1069,1113
taiga,70628,1270,0,11,11389,0,613,1178,938,154,490,0,53,0,89,5,2,8995,2,695,268
taiga,69200,947,0,0,13647,0,509,972,577,248,694,0,0,0,0,0,2,9055,0,521,194
forest,72438,298,0,0,12618,0,561,813,185,251,407,0,0,0,0,0,3,7263,0,1179,822
forest,71907,986,0,0,12031,0,552,1004,384,252,397,0,0,0,0,0,10,6918,0,904,1519
forest,72742,691,0,0,11173,0,499,1181,890,250,509,0,344,0,0,0,0,6947,0,1119,367
forest,69122,1110,0,0,11329,0,588,1175,522,249,485,0,67,0,0,0,6,8773,0,1162,216
forest,66779,1052,0,0,10329,0,1073,1115,1137,256,198,0,150,0,0,0,6,11320,0,1021,56
forest,67640,844,0,0,10315,0,966,883,935,208,390,0,0,0,0,0,3,10776,0,1310,593
forest,65063,1725,0,0,11156,0,1557,869,696,254,488,0,0,0,0,0,3,11027,0,804,85
forest,67468,754,0,0,7313,0,1056,575,857,265,164,0,0,0,0,0,9,11681,0,152,630
forest,64511,1226,0,0,13936,4,756,832,1134,196,928,0,0,0,0,0,26,11354,0,1079,1
plains,63444,1466,0,0,13975,0,1588,667,837,256,509,0,0,0,0,0,58,12870,0,1282,47
plains,64238,1115,0,0,14568,0,1013,724,1307,244,415,0,0,0,0,0,29,12351,0,1062,54
plains,66489,814,44,0,13930,0,826,597,1143,96,835,0,0,0,49,2,13,10036,0,1133,1206
cold_ocean,66938,1077,142,2,13355,0,301,505,347,0,550,0,0,0,9,33,0,9298,16,881,2732
cold_ocean,68208,589,170,21,13837,0,991,660,463,6,303,126,0,0,192,18,0,7383,6,1929,2143
cold_ocean,69195,306,192,0,14913,0,895,242,335,4,458,293,0,0,3,12,0,5807,6,1165,3339
cold_ocean,69814,322,109,0,15021,0,743,169,467,2,449,0,0,0,42,34,0,5243,20,1208,3617
cold_ocean,70323,728,286,0,13816,0,190,155,243,2,523,0,170,0,162,21,0,5570,14,1719,3236
cold_ocean,71824,389,139,24,13362,0,564,903,806,0,563,44,116,0,398,24,0,4120,24,1614,2300
cold_ocean,70999,609,0,0,13579,0,1137,419,454,20,498,123,0,0,102,24,0,5245,18,944,3021
cold_ocean,69643,997,0,0,12756,0,876,108,685,0,539,183,0,0,4,31,0,6857,30,1133,3297
cold_ocean,66026,842,0,0,14112,0,1091,39,481,0,839,427,0,0,0,11,0,8045,14,1495,3653
cold_ocean,65947,870,0,0,14050,0,715,225,1320,0,811,264,0,0,0,20,0,7460,6,1226,4302
cold_ocean,65997,1181,0,0,15267,0,426,128,810,0,501,0,0,0,0,1,0,6711,0,799,5416
plains,66870,779,0,2,14657,0,1479,585,791,3,388,0,0,0,136,0,1,7637,0,1129,2710
plains,66855,1418,0,0,13109,0,1276,1218,689,233,580,0,0,0,0,0,36,9842,0,1720,184
plains,65662,1635,0,0,13894,0,970,1200,1146,256,245,0,0,0,0,0,28,11153,0,991,0
plains,66703,1186,0,0,14111,0,925,1238,1339,254,471,0,0,0,0,0,58,9292,0,1481,0
forest,66248,1010,68,0,14155,0,1174,1250,839,250,624,0,0,0,0,0,6,9460,0,1106,401
forest,66021,1448,0,0,14676,0,415,865,628,250,255,0,0,0,0,0,5,10839,0,1145,162
forest,65506,468,0,0,13983,0,1250,853,1337,250,541,0,1,0,0,0,8,10946,0,1220,0
forest,64636,1052,0,0,13812,0,1225,739,1195,248,475,0,0,0,0,0,6,11761,0,1327,1
forest,69003,1342,0,0,11472,0,1278,1235,820,260,180,0,0,0,0,0,4,10114,0,721,381
forest,68708,706,0,0,12179,0,356,1037,1079,249,352,0,0,0,0,0,4,10052,0,842,969
forest,67325,1156,0,0,12926,0,1195,855,757,249,448,0,0,0,0,0,9,9568,0,1580,502
forest,67242,702,0,0,12964,0,818,867,1473,248,496,0,14,0,0,0,5,10392,0,1147,95
forest,66879,1290,0,0,13996,0,887,982,1114,160,218,0,210,0,0,0,1,10564,0,415,93
forest,67387,1350,0,3,13166,0,1082,998,1926,0,303,0,0,0,254,0,0,8356,0,1332,965
river,66270,1043,0,20,14392,0,1400,882,1194,20,477,0,0,0,125,30,0,8367,16,1355,1613
forest,66222,911,72,0,13937,0,1244,718,1303,142,416,0,0,0,172,4,2,9750,4,886,941
forest,66884,1551,15,0,14092,0,1252,614,1295,195,507,0,193,0,0,0,8,8732,0,1076,356
forest,66934,1306,0,0,14652,0,576,528,1039,88,537,0,46,0,180,0,3,9521,0,535,1126
forest,66014,869,0,1,14353,0,1142,587,664,0,880,0,0,0,287,0,0,8827,0,1608,1987
forest,66269,1200,0,0,12545,1,964,795,962,37,739,0,0,0,233,0,1,10105,0,1695,458
forest,66155,829,0,2,14607,0,571,885,1170,17,459,0,0,0,303,0,0,10154,0,468,705
forest,65087,1210,0,0,15206,0,1139,1025,852,250,398,0,0,0,3,0,5,10325,0,941,275
forest,61597,1326,0,0,14305,0,1424,933,1382,241,321,0,0,0,0,0,1,12950,0,1731,240
forest,56975,1193,0,0,14703,0,895,872,1544,270,727,0,0,0,0,0,6,18579,0,1061,0
forest,58432,1266,0,0,13506,0,1066,818,1528,280,546,0,72,0,0,0,6,17724,0,1497,21
forest,62826,1323,0,0,12930,1,499,684,1221,254,574,0,334,0,0,0,3,14919,0,1050,129
forest,61845,1241,0,0,14606,0,1240,916,923,305,824,0,64,0,0,0,2,13394,0,756,551
forest,64309,1490,0,0,14342,0,1535,804,811,250,511,0,0,0,0,0,6,11319,0,1047,171
forest,64620,1286,144,0,13992,0,498,904,845,250,473,0,1,0,0,0,3,11344,0,1436,431
forest,65318,866,0,0,14216,0,1341,1068,549,235,731,0,0,0,0,0,1,10850,0,1164,201
forest,64038,1161,0,0,14976,0,1187,992,713,292,171,0,0,0,0,0,2,11543,0,1220,0
forest,64380,1468,0,0,14462,0,1239,515,766,250,403,0,0,0,0,0,14,11654,0,1389,0
forest,64842,1407,0,0,13948,0,1236,735,865,249,771,0,0,0,0,0,6,10571,0,1476,0
forest,65200,750,0,0,13262,0,1148,1017,819,216,649,0,1,0,106,0,5,11024,0,2007,98
river,69177,986,0,32,11386,0,1089,1091,1406,37,276,0,0,0,265,21,1,9426,22,1088,732
forest,65537,1170,0,0,13924,0,1191,1032,1213,254,461,0,0,0,0,0,6,10240,0,1364,156
forest,65222,1895,0,0,14369,0,1242,1261,926,221,412,0,0,0,0,0,5,10037,0,959,30
forest,64798,904,61,0,13975,0,1317,1356,1213,251,514,0,0,0,0,0,5,10825,0,1448,0
forest,63941,1471,121,0,14911,0,768,1136,1020,288,396,0,0,0,0,0,8,11383,0,1296,0
forest,66053,1211,240,0,14175,0,1378,959,679,252,451,0,0,0,0,0,8,10201,0,1075,0
forest,70090,581,0,0,11683,0,712,936,1743,251,351,0,0,0,0,0,3,8948,0,1319,168
forest,70682,227,0,0,8813,0,866,725,1180,273,196,0,0,0,0,0,4,10862,0,1555,1291
forest,65481,1063,0,0,9058,0,1126,1324,1236,328,226,0,1,0,0,0,4,13864,0,1319,1621
forest,57861,906,0,0,11810,0,1182,1339,1198,326,507,0,0,0,0,0,10,20824,0,568,44
forest,63793,1247,0,0,11255,0,1251,600,1549,391,514,0,12,0,0,0,7,14882,0,875,303
forest,65821,1189,0,0,12499,0,1191,657,808,249,433,0,74,0,0,0,0,12924,0,601,123
forest,65770,873,0,0,11993,0,1082,605,887,252,512,0,0,0,0,0,4,12714,0,1374,602
forest,65879,1290,0,0,13192,0,1215,674,1123,256,624,0,0,0,0,0,3,10731,0,1102,699
forest,62536,1686,0,0,14143,0,1434,1045,1233,251,350,0,90,0,0,0,5,12261,0,997,564
forest,62532,1603,0,0,14721,0,700,1249,928,266,702,0,16,0,0,0,3,12903,0,902,249
forest,66886,847,0,0,13327,4,1444,548,1422,244,385,0,0,0,0,0,19,10007,0,1221,364
forest,68181,345,0,0,13526,0,989,593,1325,241,291,0,0,0,0,0,8,9791,0,1352,136
forest,66984,1104,0,0,14269,0,755,485,1374,161,641,0,0,0,85,0,2,9365,0,1340,227
forest,66508,1203,0,0,13756,1,951,895,1055,205,671,0,0,0,138,0,3,10300,0,1081,12
forest,66100,1360,40,0,14229,0,718,682,885,248,677,0,0,0,0,0,9,9981,0,1524,0
forest,64849,962,61,0,14933,1,840,976,945,249,277,0,116,0,0,0,8,11455,0,861,0
forest,66090,1090,0,0,14628,0,1124,1057,1202,286,541,0,29,0,0,0,7,9371,0,1174,3
forest,66732,1353,0,0,14294,0,1536,773,707,307,529,0,39,0,0,0,10,9404,0,1079,0
forest,69705,934,0,0,13157,0,1310,578,749,179,279,0,7,0,0,0,2,8613,0,1234,0
forest,71278,1176,0,0,13511,0,580,930,907,191,149,0,56,0,0,0,6,6872,0,1415,2
forest,69184,658,0,0,13251,1,788,940,933,253,659,0,1,0,0,0,6,7933,0,1008,1
forest,66939,1110,0,0,12715,0,1348,974,887,249,286,0,0,0,0,0,11,10019,0,1376,0
forest,69459,1576,174,0,13109,0,37,1147,728,250,803,0,0,0,0,0,2,8410,0,653,0
forest,68929,886,0,0,12723,0,817,1304,466,254,521,0,0,0,0,0,8,9013,0,1012,0
old_growth_birch_forest,66471,682,0,0,13626,0,1388,939,773,251,483,0,0,0,0,0,14,11190,0,1016,0
old_growth_birch_forest,65986,972,0,0,14012,0,1218,834,1091,249,402,0,0,0,0,0,14,11197,0,853,0
old_growth_birch_forest,65303,678,0,0,14106,0,1787,901,1209,250,448,0,85,0,0,0,15,10411,0,1473,0
old_growth_birch_forest,66302,1639,0,0,12565,2,1058,862,1105,250,627,0,233,0,0,0,13,10700,0,1428,0
old_growth_birch_forest,69631,904,13,3,12362,0,950,1109,391,249,478,0,1,0,0,0,9,9690,0,977,0
old_growth_birch_forest,75865,493,251,234,10407,0,218,1167,565,252,156,0,0,88,0,0,48,6594,0,484,125
old_growth_birch_forest,80854,881,44,409,7995,0,116,663,831,237,198,0,0,112,64,0,14,3519,0,276,672
river,75312,600,0,304,6660,0,167,843,262,56,203,0,225,362,75,20,19,4400,10,420,7197
dark_forest,77217,879,37,164,7619,0,674,877,418,236,16,0,103,121,0,0,33,5609,0,301,2242
dark_forest,79103,427,49,1,7585,0,626,637,210,236,408,0,0,173,0,0,19,5731,0,602,484
dark_forest,70786,750,113,389,9848,0,836,570,1115,243,268,0,1,232,0,0,27,8382,0,1445,1372
dark_forest,67385,1541,0,864,11476,0,1449,1041,1023,246,399,0,4,244,0,0,23,9617,0,744,403
dark_forest,64869,1307,0,1086,13602,0,1315,970,1404,245,591,0,8,4,0,0,17,9995,0,1157,30
dark_forest,64622,1144,0,609,14226,0,936,882,927,239,739,0,0,124,0,0,59,10259,0,1349,70
dark_forest,65242,1658,0,1683,13341,0,1023,823,945,241,492,0,0,107,0,0,19,9514,0,1226,34
dark_forest,65968,683,0,703,14229,0,719,573,1355,246,434,0,0,220,0,0,18,10333,0,995,1
dark_forest,66179,1465,0,839,12406,0,1081,666,1342,242,447,0,0,73,0,0,31,10153,0,1366,13
dark_forest,66335,1183,0,1720,12644,1,1428,787,1274,245,577,0,11,204,0,0,23,8793,0,1145,61
dark_forest,65625,840,0,930,14045,0,1043,909,1187,239,544,0,20,309,0,0,22,9876,0,577,0
dark_forest,66479,910,0,1673,11892,4,1076,1209,1048,246,358,0,79,293,0,0,25,9966,0,1026,64
dark_forest,66036,832,0,1752,13234,6,541,849,869,239,503,0,90,275,0,0,28,8818,0,942,1306
dark_forest,64444,1529,0,541,14750,0,1217,910,846,242,387,0,0,0,0,0,5,10293,0,1121,0
river,65992,1257,0,1166,13931,0,1051,799,753,21,400,0,0,33,245,15,1,9560,22,883,895
dark_forest,65466,1424,0,1168,13503,0,820,830,1437,212,396,0,0,93,84,0,6,9338,0,1157,471
dark_forest,64658,1332,8,1748,13577,5,1127,760,1245,245,381,0,0,0,0,0,3,9839,0,1389,156
dark_forest,66156,923,20,1810,12341,1,1065,825,1692,234,408,0,32,386,0,0,28,8573,0,996,473
dark_forest,69771,742,0,1987,11255,0,157,743,971,240,418,0,57,442,0,0,36,7181,0,1034,1275
dark_forest,68235,1181,128,1501,10564,0,803,1158,1051,296,333,0,77,650,0,0,109,9092,0,930,200
dark_forest,65976,1562,0,2131,11183,0,943,1072,1238,242,472,0,0,476,0,0,33,9889,0,838,27
dark_forest,64699,1370,0,1551,12541,0,999,1338,1186,243,348,0,1,223,0,0,22,10739,0,829,69
dark_forest,65137,881,0,1186,12857,0,1089,1268,1407,269,574,0,0,52,0,0,14,10015,0,1639,10
dark_forest,64649,1432,0,907,12966,0,1142,613,1300,242,578,0,1,13,0,0,9,10671,0,1776,0
dark_forest,63923,974,0,1531,14214,0,1161,710,1279,239,454,0,0,40,0,0,11,10509,0,1122,0
dark_forest,64435,964,0,1377,13584,0,1155,858,1056,240,782,0,0,0,0,0,6,10735,0,1038,4
dark_forest,64883,1051,0,1532,13925,0,939,767,772,234,542,0,15,59,0,0,37,9914,0,1181,368
dark_forest,69041,698,0,1062,13633,0,662,595,602,117,447,0,89,104,87,9,29,5829,6,1120,2857
old_growth_spruce_taiga,67345,1139,0,756,14329,0,775,547,607,14,191,0,192,238,177,23,31,7376,18,669,2542
old_growth_spruce_taiga,62899,1102,0,1136,13276,0,881,1115,849,0,507,0,93,74,0,0,32,13096,0,1190,362
old_growth_spruce_taiga,62071,477,0,966,14113,0,1323,945,1258,105,291,0,3,204,0,0,46,13201,0,1104,136
old_growth_spruce_taiga,61816,1197,0,776,13134,0,1085,827,732,242,828,0,245,115,0,0,21,14559,0,882,15
old_growth_spruce_taiga,58693,1236,0,938,14147,0,1287,850,1057,201,370,0,75,83,0,0,53,16428,0,1042,0
old_growth_spruce_taiga,57849,1518,0,632,14111,0,884,1044,1185,55,571,0,37,78,0,0,38,16743,0,1292,0
old_growth_spruce_taiga,58278,1368,0,700,13562,0,1504,1116,1501,0,835,0,5,0,0,0,10,16303,0,972,22
old_growth_spruce_taiga,58014,1067,0,1105,15270,0,870,1290,654,1,637,0,0,21,0,0,16,16465,0,913,5
old_growth_spruce_taiga,59308,854,0,787,15203,0,1228,906,1443,116,812,0,0,63,0,0,36,14392,0,1007,1
old_growth_spruce_taiga,60429,876,0,539,13937,0,944,574,1045,103,516,0,15,0,0,0,8,15718,0,1292,4
old_growth_spruce_taiga,59745,790,0,830,13481,0,874,967,1214,46,489,0,44,0,0,0,10,15987,0,1362,139
old_growth_spruce_taiga,60242,1723,0,853,12911,0,1236,1446,909,0,464,0,530,0,0,0,6,14417,0,1676,88
old_growth_spruce_taiga,59692,1495,0,465,14070,0,885,1532,1258,0,1087,0,374,0,0,0,3,14277,0,801,334
old_growth_spruce_taiga,64364,737,0,1123,14250,0,809,667,676,1,334,0,1,0,0,0,0,8345,0,1133,4640
river,65788,896,0,715,13259,0,1476,408,874,0,483,0,77,0,37,20,0,6670,12,1084,5477
river,66236,861,144,1045,13088,0,912,90,878,0,379,0,2,143,22,30,22,6790,50,970,5511
old_growth_pine_taiga,65683,1215,85,746,13376,7,878,466,771,39,639,0,9,22,30,22,5,7830,26,917,4354
old_growth_pine_taiga,63472,804,141,609,13032,0,251,666,408,149,381,0,43,177,0,0,23,9340,2,1458,6028
old_growth_pine_taiga,61758,450,481,1065,13641,0,639,688,472,200,577,0,379,176,0,0,35,9859,0,795,5552
old_growth_pine_taiga,60921,472,87,913,14318,0,1094,888,520,244,521,0,40,217,0,0,53,11839,0,937,3440
old_growth_pine_taiga,62182,981,0,469,15804,0,1212,851,1420,253,716,0,0,132,0,0,20,11083,0,216,147